videoId,title,publishedAt,viewCount,likeCount,commentCount,duration,channelId,channelName,url
I6E0DgD2r38,Peinlich Ahnungslos! Linke ENTLARVT Verstörend Unwissende AfD!,2026-03-12T17:00:26Z,519,140,46,PT3M17S,UC9YkSoqkMLb1nOYKAHov8zQ,Die Linke im Bundestag,https://www.youtube.com/watch?v=I6E0DgD2r38
IlptBt_YZd4,PROPAGANDA An Schulen! Linke vs. Bildungsministerin im Bundestag!,2026-03-12T14:00:36Z,573,163,39,PT3M,UC9YkSoqkMLb1nOYKAHov8zQ,Die Linke im Bundestag,https://www.youtube.com/watch?v=IlptBt_YZd4
JqnGG2G7FTk,KLARTEXT zur Tank-ABZOCKE: Dietmar BARTSCH bei Maischberger 🚨,2026-03-11T17:12:51Z,17145,1274,54,PT20S,UC9YkSoqkMLb1nOYKAHov8zQ,Die Linke im Bundestag,https://www.youtube.com/watch?v=JqnGG2G7FTk
Bp2nNT4gN0I,"Gleichberechtigung gibt es nicht! Heidi Reichinnek, Ines Schwerdtner und Kathi Gebel zum 8. März",2026-03-11T17:00:28Z,1674,432,116,PT3M5S,UC9YkSoqkMLb1nOYKAHov8zQ,Die Linke im Bundestag,https://www.youtube.com/watch?v=Bp2nNT4gN0I
Y-5u2GVEoZU,Er gibt dem Kanzler Nachhilfe in strategischem Denken,2026-03-11T14:00:51Z,859,171,33,PT2M56S,UC9YkSoqkMLb1nOYKAHov8zQ,Die Linke im Bundestag,https://www.youtube.com/watch?v=Y-5u2GVEoZU
NL5pjcehXms,SCHULSTREIK! 💥 Schüler*innen FORDERN: Bundeswehr RAUS aus den SCHULEN! ✊,2026-03-10T17:34:56Z,9776,1254,155,PT1M11S,UC9YkSoqkMLb1nOYKAHov8zQ,Die Linke im Bundestag,https://www.youtube.com/watch?v=NL5pjcehXms
2R-6iq3KLk0,Sie erklärt dem Bundestag Gleichberechtigung - doch sie wollen es nicht hören!,2026-03-10T17:00:10Z,8445,1321,345,PT3M38S,UC9YkSoqkMLb1nOYKAHov8zQ,Die Linke im Bundestag,https://www.youtube.com/watch?v=2R-6iq3KLk0
4oWNKOs5LiM,Bro hält Rede im Bundestag - Regierung checkt nur Bahnhof,2026-03-10T14:00:08Z,8436,746,199,PT3M5S,UC9YkSoqkMLb1nOYKAHov8zQ,Die Linke im Bundestag,https://www.youtube.com/watch?v=4oWNKOs5LiM
7U48Kci9bgs,SCHÜTZENGRABEN? Heidi REICHINNEK sagt: 𝙃𝙀𝙇𝙇 𝙉𝘼𝙃! 😮‍💨❌,2026-03-10T13:29:13Z,13761,1771,119,PT47S,UC9YkSoqkMLb1nOYKAHov8zQ,Die Linke im Bundestag,https://www.youtube.com/watch?v=7U48Kci9bgs
Ro2lxwk3W-E,"Alle AfD-Fans in den EPSTEIN-Akten! Linker DECKT AUF, was Ihre Wähler nicht wissen sollen!",2026-03-09T18:15:29Z,11606,1406,216,PT4M39S,UC9YkSoqkMLb1nOYKAHov8zQ,Die Linke im Bundestag,https://www.youtube.com/watch?v=Ro2lxwk3W-E
H8womcaPU2I,Leben als Frau vs. Leben als Mann! DARUM gibt es keine Gleichberechtigung!,2026-03-08T09:30:14Z,14821,1872,153,PT1M15S,UC9YkSoqkMLb1nOYKAHov8zQ,Die Linke im Bundestag,https://www.youtube.com/watch?v=H8womcaPU2I
1uOSt5sUJJY,Epstein-Klasse schlägt im Bundestag zu - AfD wird von Linkem rasiert,2026-03-07T14:00:02Z,9553,1292,86,PT1M8S,UC9YkSoqkMLb1nOYKAHov8zQ,Die Linke im Bundestag,https://www.youtube.com/watch?v=1uOSt5sUJJY
nvMw-TMMxsQ,Heidi Reichinnek ENTLARVT CDU-Bonzen! Merz arbeitet für Top 1 % des Landes!,2026-03-06T18:00:57Z,22182,2211,423,PT4M16S,UC9YkSoqkMLb1nOYKAHov8zQ,Die Linke im Bundestag,https://www.youtube.com/watch?v=nvMw-TMMxsQ
15HstgrTkWU,Holen wir uns den Reichtum zurück!,2026-03-06T16:08:29Z,18334,2384,186,PT1M46S,UC9YkSoqkMLb1nOYKAHov8zQ,Die Linke im Bundestag,https://www.youtube.com/watch?v=15HstgrTkWU
WFmK_h9keV4,Hysterische CDU ohne Argumente HETZT im Namen der Überreichen gegen Linken!,2026-03-06T15:30:23Z,15142,1354,249,PT5M44S,UC9YkSoqkMLb1nOYKAHov8zQ,Die Linke im Bundestag,https://www.youtube.com/watch?v=WFmK_h9keV4
13H4TaQ66CU,Unfassbare Aussagen zum Bürgergeld🤡,2026-03-06T12:51:31Z,81762,3445,383,PT39S,UC9YkSoqkMLb1nOYKAHov8zQ,Die Linke im Bundestag,https://www.youtube.com/watch?v=13H4TaQ66CU
zCUOwmRkGVM,"Faktenfreie Hetze einer Regierung, die ihre Bürger nicht mag - Geburt der neuen Grundsicherung",2026-03-05T19:21:24Z,8106,1150,63,PT56S,UC9YkSoqkMLb1nOYKAHov8zQ,Die Linke im Bundestag,https://www.youtube.com/watch?v=zCUOwmRkGVM
_mCdXCGdMcE,Was die Abschaffung des Bürgergelds WIRKLICH Bedeutet! Linker REISST Den Vorhang RUNTER!,2026-03-05T19:00:40Z,3279,470,126,PT3M11S,UC9YkSoqkMLb1nOYKAHov8zQ,Die Linke im Bundestag,https://www.youtube.com/watch?v=_mCdXCGdMcE
1_lWBVvcygk,Sozialarbeiterin RASIERT Merz Komplett! Linke Cansin Köktürk Räumt Mit LÜGEN Zum Bürgergeld Auf!,2026-03-05T17:00:05Z,14369,1606,242,PT3M25S,UC9YkSoqkMLb1nOYKAHov8zQ,Die Linke im Bundestag,https://www.youtube.com/watch?v=1_lWBVvcygk
N4UiZzmAVGQ,"Linke muss Bildungsministerin erklären, wie man Demokratie vor der AfD schützt",2026-03-05T16:12:06Z,1654,292,48,PT3M27S,UC9YkSoqkMLb1nOYKAHov8zQ,Die Linke im Bundestag,https://www.youtube.com/watch?v=N4UiZzmAVGQ
VYmPfFIB9sI,Schulstreik gegen Wehrpflicht im Bundestag!✊,2026-03-05T09:04:55Z,4620,710,145,PT43S,UC9YkSoqkMLb1nOYKAHov8zQ,Die Linke im Bundestag,https://www.youtube.com/watch?v=VYmPfFIB9sI
bJ7v7RDHdY0,Ines Schwerdtner DEMONTIERT Merz komplett! Die BESTE REDE im Bundestag zu Iran!,2026-03-04T19:48:52Z,19803,1932,337,PT4M52S,UC9YkSoqkMLb1nOYKAHov8zQ,Die Linke im Bundestag,https://www.youtube.com/watch?v=bJ7v7RDHdY0
GyeviMEaxF8,Schüler Spricht Klartext Im Bundestag!,2026-03-04T01:04:49Z,3832,435,151,PT15M52S,UC9YkSoqkMLb1nOYKAHov8zQ,Die Linke im Bundestag,https://www.youtube.com/watch?v=GyeviMEaxF8
kVBHYoHIQxA,NEIN zur WEHRPFLICHT: Wir unterstützen den SCHULSTREIK! ✊,2026-03-03T17:26:36Z,5020,704,71,PT1M7S,UC9YkSoqkMLb1nOYKAHov8zQ,Die Linke im Bundestag,https://www.youtube.com/watch?v=kVBHYoHIQxA
10OpetNrwFw,Finanz-Casino exposed von linker Abgeordneten! Bürger sollen Unternehmer-Risiken tragen!,2026-03-03T17:08:15Z,2502,315,69,PT3M24S,UC9YkSoqkMLb1nOYKAHov8zQ,Die Linke im Bundestag,https://www.youtube.com/watch?v=10OpetNrwFw
FStbt0j7-9Q,"Drei Städte, dreimal EXPLODIERENDE Mieten: Jetzt checken mit unserer MIETWUCHER-App 💥🏙️",2026-03-03T13:51:41Z,4490,250,38,PT44S,UC9YkSoqkMLb1nOYKAHov8zQ,Die Linke im Bundestag,https://www.youtube.com/watch?v=FStbt0j7-9Q
JofAaK6obVo,Überlebende sexueller Gewalt spricht im Bundestag zur Epstein-Affäre!,2026-03-02T17:00:26Z,57131,3603,722,PT5M44S,UC9YkSoqkMLb1nOYKAHov8zQ,Die Linke im Bundestag,https://www.youtube.com/watch?v=JofAaK6obVo
CV8bo9lwcoQ,Auf frischer Tat ERTAPPT! Linker Mischt Bundestag Auf!,2026-03-01T14:00:26Z,6418,633,103,PT3M7S,UC9YkSoqkMLb1nOYKAHov8zQ,Die Linke im Bundestag,https://www.youtube.com/watch?v=CV8bo9lwcoQ
oURqtT6xjoE,Innenministier Blamiert Sich! Live-Faktencheck von Linke-Abgeordnetem tut weh!,2026-02-28T17:01:17Z,3414,421,57,PT3M17S,UC9YkSoqkMLb1nOYKAHov8zQ,Die Linke im Bundestag,https://www.youtube.com/watch?v=oURqtT6xjoE
gx3pwkwlkMU,AfD-Manöver fliegt auf! Das sollst du nicht wissen!,2026-02-28T14:01:07Z,13311,1255,286,PT4M53S,UC9YkSoqkMLb1nOYKAHov8zQ,Die Linke im Bundestag,https://www.youtube.com/watch?v=gx3pwkwlkMU
xmLAzXR1Hgo,Einmal komplett durchschaut - Sie erklärt dem Bundestag das neue Heizungsgesetz,2026-02-27T17:01:40Z,6263,501,102,PT3M21S,UC9YkSoqkMLb1nOYKAHov8zQ,Die Linke im Bundestag,https://www.youtube.com/watch?v=xmLAzXR1Hgo
QM8aRtgjpEo,Die Maske FÄLLT! Linke ENTLARVT Falsche Solidarität von Deutschland!,2026-02-27T14:00:50Z,803,176,35,PT2M,UC9YkSoqkMLb1nOYKAHov8zQ,Die Linke im Bundestag,https://www.youtube.com/watch?v=QM8aRtgjpEo
-i1AoXHmZkY,NEIN zu GEAS! ❌ Schutz für Geflüchtete statt Abschreckung!,2026-02-27T10:21:42Z,6841,809,77,PT50S,UC9YkSoqkMLb1nOYKAHov8zQ,Die Linke im Bundestag,https://www.youtube.com/watch?v=-i1AoXHmZkY
BG5naMlnYvE,Lehrstunde im Bundestag - das wollten sie nicht hören,2026-02-26T17:00:30Z,2133,396,76,PT3M21S,UC9YkSoqkMLb1nOYKAHov8zQ,Die Linke im Bundestag,https://www.youtube.com/watch?v=BG5naMlnYvE
4N2LsnC0le4,Sie checkt es - AfD regiert längst mit!,2026-02-26T14:00:09Z,10266,1029,235,PT3M30S,UC9YkSoqkMLb1nOYKAHov8zQ,Die Linke im Bundestag,https://www.youtube.com/watch?v=4N2LsnC0le4
IiAXVKwat_4,"Bürger sollen Zeche zahlen! Kälte, Kita, Krieg - Die Lage Der Woche",2026-02-26T12:00:34Z,6172,769,127,PT10M23S,UC9YkSoqkMLb1nOYKAHov8zQ,Die Linke im Bundestag,https://www.youtube.com/watch?v=IiAXVKwat_4
HwHC2KoyTzs,Kritik einfach weggeklagt! SLAPP: die Einschüchterungsindustrie der Reichsten,2026-02-25T18:06:13Z,40620,3679,185,PT1M12S,UC9YkSoqkMLb1nOYKAHov8zQ,Die Linke im Bundestag,https://www.youtube.com/watch?v=HwHC2KoyTzs
5dcG5u-O39I,Korruption: AfD vs. Die Linke im Bundestag,2026-02-24T18:15:38Z,25495,1838,154,PT50S,UC9YkSoqkMLb1nOYKAHov8zQ,Die Linke im Bundestag,https://www.youtube.com/watch?v=5dcG5u-O39I
6U0bV0aSogU,Merz Blamiert Sich! Linke Mit WAHRHEIT Im Bundestag!,2026-02-24T14:00:10Z,1927,286,39,PT3M1S,UC9YkSoqkMLb1nOYKAHov8zQ,Die Linke im Bundestag,https://www.youtube.com/watch?v=6U0bV0aSogU
DB-aQa1HJuo,Er erklärt der CDU mal kurz was Konservativ bedeutet,2026-02-20T16:00:27Z,2697,410,69,PT2M9S,UC9YkSoqkMLb1nOYKAHov8zQ,Die Linke im Bundestag,https://www.youtube.com/watch?v=DB-aQa1HJuo
qh6SmYmDfDM,"🙅 Noch ne Runde Merz? Nein, danke!",2026-02-20T13:54:39Z,12590,708,89,PT12S,UC9YkSoqkMLb1nOYKAHov8zQ,Die Linke im Bundestag,https://www.youtube.com/watch?v=qh6SmYmDfDM
cci-3-sg4WU,24 jähriger spittet Facts - Bundestag eskaliert,2026-02-19T16:01:01Z,20440,1561,442,PT4M16S,UC9YkSoqkMLb1nOYKAHov8zQ,Die Linke im Bundestag,https://www.youtube.com/watch?v=cci-3-sg4WU
aXxOFQIbWB0,ERINNERN heißt VERÄNDERN: HANAU war kein Einzelfall!,2026-02-19T08:07:30Z,6782,991,44,PT1M24S,UC9YkSoqkMLb1nOYKAHov8zQ,Die Linke im Bundestag,https://www.youtube.com/watch?v=aXxOFQIbWB0
cvzAt15iJSA,Lehrstunde für AfD und ihre reichen Freunde,2026-02-18T16:01:00Z,6706,628,165,PT3M9S,UC9YkSoqkMLb1nOYKAHov8zQ,Die Linke im Bundestag,https://www.youtube.com/watch?v=cvzAt15iJSA
TgeLEGGbl0w,Die 100.000.000.000 Euro Rede,2026-02-17T16:00:45Z,5667,712,112,PT3M20S,UC9YkSoqkMLb1nOYKAHov8zQ,Die Linke im Bundestag,https://www.youtube.com/watch?v=TgeLEGGbl0w
OoOibiyLAQk,Jüngste Abgeordnete im Bundestag lässt CDU alt aussehen,2026-02-16T16:00:41Z,5571,738,131,PT3M15S,UC9YkSoqkMLb1nOYKAHov8zQ,Die Linke im Bundestag,https://www.youtube.com/watch?v=OoOibiyLAQk
yrfMJ93fcSs,Sie erklärt der Regierung mal kurz was Klimaschutz bedeutet,2026-02-15T16:01:24Z,3255,409,76,PT2M25S,UC9YkSoqkMLb1nOYKAHov8zQ,Die Linke im Bundestag,https://www.youtube.com/watch?v=yrfMJ93fcSs
De_jdNWJDOw,Bro hält Rede im Bundestag und Leute checken einfach,2026-02-14T16:00:19Z,30836,3385,471,PT2M59S,UC9YkSoqkMLb1nOYKAHov8zQ,Die Linke im Bundestag,https://www.youtube.com/watch?v=De_jdNWJDOw
VrEnAgHBSOc,POV: Du hast die Idee des Jahrhunderts 😬,2026-02-12T16:42:21Z,32445,2167,246,PT42S,UC9YkSoqkMLb1nOYKAHov8zQ,Die Linke im Bundestag,https://www.youtube.com/watch?v=VrEnAgHBSOc
FifsJZYLj8g,Wie man die AfD auseinander nimmt in 124 Sekunden,2026-02-12T16:00:31Z,7959,703,131,PT2M4S,UC9YkSoqkMLb1nOYKAHov8zQ,Die Linke im Bundestag,https://www.youtube.com/watch?v=FifsJZYLj8g
iOQdWQSE3Kc,🔥 Heidi Reichinnek vs. Philipp Amthor,2026-02-12T10:23:24Z,151546,6231,585,PT50S,UC9YkSoqkMLb1nOYKAHov8zQ,Die Linke im Bundestag,https://www.youtube.com/watch?v=iOQdWQSE3Kc
o3S0aD6Li3k,6 Milliarden bei VW aufgetaucht?!,2026-02-11T17:45:21Z,20631,966,77,PT14S,UC9YkSoqkMLb1nOYKAHov8zQ,Die Linke im Bundestag,https://www.youtube.com/watch?v=o3S0aD6Li3k
1Ym8u_u91xg,Was wählst DU? 🫵 Das bringt die VERMÖGENSTEUER! 💰,2026-02-11T10:39:52Z,47403,4792,614,PT1M14S,UC9YkSoqkMLb1nOYKAHov8zQ,Die Linke im Bundestag,https://www.youtube.com/watch?v=1Ym8u_u91xg
PFroaVhrfYA,Katze erklärt Vermögensteuer,2026-02-09T16:00:38Z,31114,2672,235,PT49S,UC9YkSoqkMLb1nOYKAHov8zQ,Die Linke im Bundestag,https://www.youtube.com/watch?v=PFroaVhrfYA
HGDjjWz8lpQ,"Merz hat KEINE AHNUNG 🤦 Friedrich Merz, Alice Weidel und Dieter Bohlen im Vermögensteuer-Faktencheck",2026-02-06T16:00:24Z,152909,9469,766,PT2M2S,UC9YkSoqkMLb1nOYKAHov8zQ,Die Linke im Bundestag,https://www.youtube.com/watch?v=HGDjjWz8lpQ
0nf8E1J5RjY,Bundestag beschließt: Deutsche Filme sollen noch schlechter werden,2026-02-04T15:45:37Z,2997,361,61,PT3M11S,UC9YkSoqkMLb1nOYKAHov8zQ,Die Linke im Bundestag,https://www.youtube.com/watch?v=0nf8E1J5RjY
w2sPZfkXi0s,Sie erklärt dem Bundestag mal kurz das Internet,2026-02-04T15:45:12Z,83719,7874,923,PT5M43S,UC9YkSoqkMLb1nOYKAHov8zQ,Die Linke im Bundestag,https://www.youtube.com/watch?v=w2sPZfkXi0s
v3oE1gMYHMw,Wir wurden ABGEMAHNT!,2026-02-03T12:11:54Z,29262,3193,237,PT1M47S,UC9YkSoqkMLb1nOYKAHov8zQ,Die Linke im Bundestag,https://www.youtube.com/watch?v=v3oE1gMYHMw
K5TZDg33iOg,Keine ZUKUNFT?! Deutsche Verkehrspolitik Setzt ARBEITER*INNEN Auf Die Straße! ❄️🚘,2026-02-02T08:07:39Z,11788,1065,75,PT1M17S,UC9YkSoqkMLb1nOYKAHov8zQ,Die Linke im Bundestag,https://www.youtube.com/watch?v=K5TZDg33iOg
kQMX2wYuNJ4,Sie erklärt dem Kanzler mal kurz seinen Job,2026-02-01T14:01:11Z,42690,4175,726,PT5M18S,UC9YkSoqkMLb1nOYKAHov8zQ,Die Linke im Bundestag,https://www.youtube.com/watch?v=kQMX2wYuNJ4
bWpv4RLswjw,Sie plündern den Staat!  Ines Schwerdtner Bekämpft Das KORRPUTE SYSTEM!,2026-02-01T13:19:07Z,66907,4601,234,PT54S,UC9YkSoqkMLb1nOYKAHov8zQ,Die Linke im Bundestag,https://www.youtube.com/watch?v=bWpv4RLswjw
wtXSwHYszIs,Agnes Conrad KNÖPFT Sich Weidel VOR! Rechtsextreme Verachtung von Arbeitern AUFGEDECKT!,2026-01-31T17:01:33Z,6292,792,237,PT3M5S,UC9YkSoqkMLb1nOYKAHov8zQ,Die Linke im Bundestag,https://www.youtube.com/watch?v=wtXSwHYszIs
bXBVCWmIuZw,Kompletter TOTALAUSFALL! Janine Wissler FERTIGT Inkompetente Lobbyministerin AB!,2026-01-30T17:00:58Z,47388,3969,606,PT4M12S,UC9YkSoqkMLb1nOYKAHov8zQ,Die Linke im Bundestag,https://www.youtube.com/watch?v=bXBVCWmIuZw
iBF2U14nun4,Arbeiter Sollen RAUSGEWORFEN WERDEN! Linker Luigi Pantisano Will Sie RETTEN!,2026-01-30T14:00:18Z,5505,627,121,PT5M52S,UC9YkSoqkMLb1nOYKAHov8zQ,Die Linke im Bundestag,https://www.youtube.com/watch?v=iBF2U14nun4
BxODfRzHYOA,Gregor Gysi vs. Philipp Amthor,2026-01-30T13:54:14Z,538063,9338,468,PT54S,UC9YkSoqkMLb1nOYKAHov8zQ,Die Linke im Bundestag,https://www.youtube.com/watch?v=BxODfRzHYOA
0fjHFRoM8XQ,Lieferando-Fahrer im Bundestag,2026-01-29T18:30:03Z,6048,683,98,PT3M20S,UC9YkSoqkMLb1nOYKAHov8zQ,Die Linke im Bundestag,https://www.youtube.com/watch?v=0fjHFRoM8XQ
H_BZCFdZZj8,Wie konnten sie das 80 Jahre lang ignorieren?,2026-01-29T17:00:28Z,1872,311,31,PT2M48S,UC9YkSoqkMLb1nOYKAHov8zQ,Die Linke im Bundestag,https://www.youtube.com/watch?v=H_BZCFdZZj8
2alKrspYRZU,Wie können sie das ignorieren?!,2026-01-29T16:50:08Z,13443,1137,83,PT1M16S,UC9YkSoqkMLb1nOYKAHov8zQ,Die Linke im Bundestag,https://www.youtube.com/watch?v=2alKrspYRZU
gHMpCIn5yGA,Merz BESCHIMPFT Bürger! Ines Schwerdtner PLATZT Der KRAGEN!,2026-01-29T14:01:11Z,163201,12121,2049,PT5M,UC9YkSoqkMLb1nOYKAHov8zQ,Die Linke im Bundestag,https://www.youtube.com/watch?v=gHMpCIn5yGA
Fdy09eOsPrM,🕯️ Die VERGESSENEN Opfer des Nationalsozialismus! Maik Brückner deckt auf,2026-01-29T12:04:21Z,4679,475,39,PT43S,UC9YkSoqkMLb1nOYKAHov8zQ,Die Linke im Bundestag,https://www.youtube.com/watch?v=Fdy09eOsPrM
4cwL9bVLkiU,Trump In Grönland STOPPEN 🍊🫷 Pellmann Lässt Sich Nicht TÄUSCHEN!,2026-01-29T10:33:05Z,12447,781,45,PT31S,UC9YkSoqkMLb1nOYKAHov8zQ,Die Linke im Bundestag,https://www.youtube.com/watch?v=4cwL9bVLkiU
pZOrTaRqlvc,Ines Schwerdtner schickt Friedrich Merz in Teilzeit,2026-01-28T19:30:44Z,74133,5164,306,PT1M16S,UC9YkSoqkMLb1nOYKAHov8zQ,Die Linke im Bundestag,https://www.youtube.com/watch?v=pZOrTaRqlvc
GcqyFdJ6lmg,"Rede, Schwester🗣️🗣️🗣️",2026-01-28T18:31:43Z,25192,2907,366,PT2M53S,UC9YkSoqkMLb1nOYKAHov8zQ,Die Linke im Bundestag,https://www.youtube.com/watch?v=GcqyFdJ6lmg
9xrAPkpyc8A,Terrorist = Partner! Linke ENTLARVT Grotesque Doppelmoral vom Deutschen Außenminister!,2026-01-28T17:44:59Z,4518,378,48,PT1M9S,UC9YkSoqkMLb1nOYKAHov8zQ,Die Linke im Bundestag,https://www.youtube.com/watch?v=9xrAPkpyc8A
pF5rs0z_suc,Abgeordneter mit Intelligenz redet im Bundestag,2026-01-28T14:01:18Z,6667,762,114,PT3M10S,UC9YkSoqkMLb1nOYKAHov8zQ,Die Linke im Bundestag,https://www.youtube.com/watch?v=pF5rs0z_suc
uBbdADQUWdI,Merz BLAMIERT SICH Erneut! Heidi Reichinnek Mit KLARER ANSAGE!,2026-01-28T01:52:27Z,16088,1614,346,PT22M24S,UC9YkSoqkMLb1nOYKAHov8zQ,Die Linke im Bundestag,https://www.youtube.com/watch?v=uBbdADQUWdI
qvAK0HPi0Ic,"Koalition will Sozialstaat ""reformieren"" 🤡",2026-01-27T17:58:39Z,12788,2345,174,PT1M39S,UC9YkSoqkMLb1nOYKAHov8zQ,Die Linke im Bundestag,https://www.youtube.com/watch?v=qvAK0HPi0Ic
15TvEUDx9iQ,Nächster ANGRIFF auf ARBEITER? Heidi Reichinnek zum Teilzeit-Vorstoß der CDU,2026-01-26T15:40:15Z,208993,6237,1026,PT54S,UC9YkSoqkMLb1nOYKAHov8zQ,Die Linke im Bundestag,https://www.youtube.com/watch?v=15TvEUDx9iQ
uVFwF1gxsuk,SO Funktioniert Das Trump-IMPERIUM! ,2026-01-23T18:25:38Z,1934,385,74,PT3M21S,UC9YkSoqkMLb1nOYKAHov8zQ,Die Linke im Bundestag,https://www.youtube.com/watch?v=uVFwF1gxsuk
paV0eiJMtv8,Linke Janine Wissler RASIERT Friedrich Merz! Wirtschaftsnachhilfe für den Kanzler!,2026-01-23T17:36:21Z,20450,2099,200,PT1M33S,UC9YkSoqkMLb1nOYKAHov8zQ,Die Linke im Bundestag,https://www.youtube.com/watch?v=paV0eiJMtv8
Y815JYKcTRA,AfD TOBT! Linker Ferat Kocak Mit UNGESCHÖNTER WAHRHEIT!,2026-01-22T18:00:44Z,4913,689,136,PT2M17S,UC9YkSoqkMLb1nOYKAHov8zQ,Die Linke im Bundestag,https://www.youtube.com/watch?v=Y815JYKcTRA
tT5BolbyRqI,"Kluge Fragen, dumme Antworten im Bundestag",2026-01-22T14:01:21Z,2132,301,78,PT7M10S,UC9YkSoqkMLb1nOYKAHov8zQ,Die Linke im Bundestag,https://www.youtube.com/watch?v=tT5BolbyRqI
3oPlCWfem6E,DEPRESSION = SANKTION? Merz Lässt Psychisch Kranke IM STICH! 😖,2026-01-21T15:55:23Z,30863,3921,388,PT1M19S,UC9YkSoqkMLb1nOYKAHov8zQ,Die Linke im Bundestag,https://www.youtube.com/watch?v=3oPlCWfem6E
RsM1JSgljP4,🤬 MERZ will euch AUSBEUTEN! Cem Ince zum Angriff auf das Arbeitszeitgesetz,2026-01-20T15:16:23Z,12347,1112,96,PT33S,UC9YkSoqkMLb1nOYKAHov8zQ,Die Linke im Bundestag,https://www.youtube.com/watch?v=RsM1JSgljP4
UXw-jo0hD4E,Aus Deutschland Ins VERDERBEN! Täglich Ein Neues Tief Der SCHEINHEILIGKEIT!,2026-01-19T16:00:45Z,8134,1151,71,PT1M5S,UC9YkSoqkMLb1nOYKAHov8zQ,Die Linke im Bundestag,https://www.youtube.com/watch?v=UXw-jo0hD4E
nfb3kRs4Mek,"🔴 Tricksen, Abzocken, Erpressen - VÖLLIG LEGAL 🤑💸 Das Sollen Mieter NICHT WISSEN!",2026-01-19T12:49:55Z,10911,1431,97,PT1M4S,UC9YkSoqkMLb1nOYKAHov8zQ,Die Linke im Bundestag,https://www.youtube.com/watch?v=nfb3kRs4Mek
kLkYfTat9ww,REVOLUTION Im Iran? Aktivisten PACKEN AUS!,2026-01-19T08:27:58Z,1874,302,30,PT1M38S,UC9YkSoqkMLb1nOYKAHov8zQ,Die Linke im Bundestag,https://www.youtube.com/watch?v=kLkYfTat9ww
_nsAICrzoT8,Kein Land FÜR BÜRGER! Linker Marcel Bauer DECKT Den Wahnsinn AUF!,2026-01-18T17:01:04Z,3248,468,87,PT3M6S,UC9YkSoqkMLb1nOYKAHov8zQ,Die Linke im Bundestag,https://www.youtube.com/watch?v=_nsAICrzoT8
q3XS3P-0D7U,Merz Ist TEIL DES PROBLEMS! Linke Desiree Becker REISST Die Maske RUNTER!,2026-01-16T17:01:33Z,2876,440,100,PT5M12S,UC9YkSoqkMLb1nOYKAHov8zQ,Die Linke im Bundestag,https://www.youtube.com/watch?v=q3XS3P-0D7U
f05HEkJ-qLA,Deutschland Moralisch AM ENDE! Linke Cansu Özdemir ENTLARVT Bodenlose HEUCHELEI! #iran,2026-01-16T14:01:11Z,5962,553,128,PT3M17S,UC9YkSoqkMLb1nOYKAHov8zQ,Die Linke im Bundestag,https://www.youtube.com/watch?v=f05HEkJ-qLA
CC3Oe2CypeA,FAKTENFREIE HETZKAMPAGNE der Union! Heidi Reichinnek spricht Klartext zur Grundsicherung,2026-01-16T09:20:34Z,66401,4145,231,PT48S,UC9YkSoqkMLb1nOYKAHov8zQ,Die Linke im Bundestag,https://www.youtube.com/watch?v=CC3Oe2CypeA
SmIsNQjSHks,Kündigung An WEIHNACHTEN! Linke Caren Lay ENTLARVT Superdreiste Praktiken!,2026-01-15T18:00:37Z,2327,348,58,PT3M18S,UC9YkSoqkMLb1nOYKAHov8zQ,Die Linke im Bundestag,https://www.youtube.com/watch?v=SmIsNQjSHks
apbgGCEGYHQ,Das ist ein ANGRIFF auf uns ALLE! Heidi Reichinnek und Cansin Köktürk rechnen mit Merz' ab!,2026-01-15T17:07:27Z,13730,1697,105,PT1M7S,UC9YkSoqkMLb1nOYKAHov8zQ,Die Linke im Bundestag,https://www.youtube.com/watch?v=apbgGCEGYHQ
rYMXxrwknCw,UNFASSBARE Hetze! Heidi Reichinnek ENTHÜLLT Wie Merz BÜRGER Manipuliert!,2026-01-15T15:05:39Z,40661,3298,637,PT4M4S,UC9YkSoqkMLb1nOYKAHov8zQ,Die Linke im Bundestag,https://www.youtube.com/watch?v=rYMXxrwknCw
o0cgFUvmypM,Wolf Im Schafspelz! Linker DURCHSCHAUT Den Schwarzen Metzger!,2026-01-15T11:01:25Z,959,209,42,PT2M35S,UC9YkSoqkMLb1nOYKAHov8zQ,Die Linke im Bundestag,https://www.youtube.com/watch?v=o0cgFUvmypM
FBNIesGm228,Heidi Reichinnek Schmiert Brote Für Milliardäre!,2026-01-14T06:30:09Z,23846,2388,269,PT50S,UC9YkSoqkMLb1nOYKAHov8zQ,Die Linke im Bundestag,https://www.youtube.com/watch?v=FBNIesGm228
yFEd0Om-Jww,🔴 Die Alten Ordnungen Sterben! Nicht Nur Im Iran!,2026-01-13T18:06:28Z,6515,815,47,PT53S,UC9YkSoqkMLb1nOYKAHov8zQ,Die Linke im Bundestag,https://www.youtube.com/watch?v=yFEd0Om-Jww
Q9RcAW6N6SM,Merz Weiter AM ABDRIFTEN! Heidi Reichinnek & Sören Pellmann Finden HARTE WORTE!,2026-01-13T15:59:08Z,4156,476,206,PT15M43S,UC9YkSoqkMLb1nOYKAHov8zQ,Die Linke im Bundestag,https://www.youtube.com/watch?v=Q9RcAW6N6SM
lLkNvdT0vuM,Pressekonferenz DIE LINKE im Bundestag | 13:45 Uhr am 13. Januar 2026,2026-01-13T13:18:38Z,3979,382,76,PT16M4S,UC9YkSoqkMLb1nOYKAHov8zQ,Die Linke im Bundestag,https://www.youtube.com/watch?v=lLkNvdT0vuM
9q81vnSDgbQ,Mit Dorothee Bär Zum MOND! Linke Anne-Mieke Bremer PLATZT Der Kragen!,2026-01-12T14:22:04Z,3344,505,146,PT3M34S,UC9YkSoqkMLb1nOYKAHov8zQ,Die Linke im Bundestag,https://www.youtube.com/watch?v=9q81vnSDgbQ
7yhpOc7WIVk,SCHONUNGLOS Abgerechnet! Linke Abgeordnete ENTLARVT Den HEUCHLER Friedrich Merz!,2026-01-11T17:00:12Z,3060,544,88,PT4M,UC9YkSoqkMLb1nOYKAHov8zQ,Die Linke im Bundestag,https://www.youtube.com/watch?v=7yhpOc7WIVk
Z531y8IyA6c,Deutschland Hat Glaubwürdigkeit VERSPIELT! Linker ENTHÜLLT Folgen Von Zusammenarbeit Mit Taliban!,2026-01-10T17:00:59Z,1437,274,51,PT3M16S,UC9YkSoqkMLb1nOYKAHov8zQ,Die Linke im Bundestag,https://www.youtube.com/watch?v=Z531y8IyA6c
h0J4jSjiEqQ,💪 Mit POWER Ins Jahr 2026! Offensiv Organisieren Wir Widerstand & Hoffnung!,2026-01-09T16:53:36Z,9863,1616,106,PT1M23S,UC9YkSoqkMLb1nOYKAHov8zQ,Die Linke im Bundestag,https://www.youtube.com/watch?v=h0J4jSjiEqQ
8h3QCfOpBx8,"Pressekonferenz zum Jahresauftakt | Heidi Reichinnek, Jan van Aken, Sören Pellmann",2026-01-09T14:44:57Z,7330,887,234,PT23M13S,UC9YkSoqkMLb1nOYKAHov8zQ,Die Linke im Bundestag,https://www.youtube.com/watch?v=8h3QCfOpBx8
_WuThfk625Q,🔴Abgeordneter Legt Finanzen KOMPLETT OFFEN! Ates Gürpinar Von Die Linke Spricht Über Seine Diät 💶,2026-01-09T08:19:45Z,25466,3699,276,PT2M55S,UC9YkSoqkMLb1nOYKAHov8zQ,Die Linke im Bundestag,https://www.youtube.com/watch?v=_WuThfk625Q
wEcQMEexBkc,RIESIGER Schaden Angerichtet! Linker Sascha Wagner Spricht KLARTEXT Zu Friedrich Merz!,2026-01-08T17:01:39Z,1941,319,61,PT3M36S,UC9YkSoqkMLb1nOYKAHov8zQ,Die Linke im Bundestag,https://www.youtube.com/watch?v=wEcQMEexBkc
IW3w3TTwFK0,KEINE CHANCE Gegen Aura Von Dietmar Bartsch! Zwischenfrage Geht NACH HINTEN LOS!,2026-01-07T17:00:25Z,4449,516,108,PT6M43S,UC9YkSoqkMLb1nOYKAHov8zQ,Die Linke im Bundestag,https://www.youtube.com/watch?v=IW3w3TTwFK0
cPaR5q2v1dQ,Wadephul Macht FASSUNGSLOS! Linke Katrin Fey ENTLARVT Kompletten IRRSINN!,2026-01-06T15:00:27Z,1529,252,42,PT2M20S,UC9YkSoqkMLb1nOYKAHov8zQ,Die Linke im Bundestag,https://www.youtube.com/watch?v=cPaR5q2v1dQ
Y8ML5VkZlTs,AfD RASTET AUS! Luke Hoss ENTHÜLLT Was Sie VERBERGEN WOLLEN!,2026-01-05T14:00:57Z,11993,998,154,PT2M32S,UC9YkSoqkMLb1nOYKAHov8zQ,Die Linke im Bundestag,https://www.youtube.com/watch?v=Y8ML5VkZlTs
0xKwEJ7KVTQ,INKOMPETENTE Merz-Truppe! Linke Mareike Hermeier SPRICHT KLARTEXT!,2026-01-04T14:00:02Z,2432,291,86,PT2M26S,UC9YkSoqkMLb1nOYKAHov8zQ,Die Linke im Bundestag,https://www.youtube.com/watch?v=0xKwEJ7KVTQ
q0HLWlbP2oI,Zurück Zum FAXGERÄT! Linker Sascha Wagner FASSUNGSLOS Über GroKo-Ignoranz!,2026-01-03T14:01:30Z,3529,412,66,PT4M11S,UC9YkSoqkMLb1nOYKAHov8zQ,Die Linke im Bundestag,https://www.youtube.com/watch?v=q0HLWlbP2oI
T6JhAKoEWqs,Millionärs-Minister MACHEN UNS ARM! Linke Sonja Lemke SPRICHT KLARTEXT!,2026-01-02T14:00:06Z,3265,442,58,PT3M34S,UC9YkSoqkMLb1nOYKAHov8zQ,Die Linke im Bundestag,https://www.youtube.com/watch?v=T6JhAKoEWqs
nLZ6dmfS-wo,🥶FRIERST Du Schon Oder HEIZT Du Noch?,2026-01-02T09:57:18Z,8391,1029,101,PT47S,UC9YkSoqkMLb1nOYKAHov8zQ,Die Linke im Bundestag,https://www.youtube.com/watch?v=nLZ6dmfS-wo
VN-inEPPCvY,Bald FUNKTIONIERT NICHTS Mehr! Linke Sahra Mirow BELEGT Gravierende Folgen Von Merz-Ideologie!,2025-12-31T14:01:01Z,4127,527,94,PT8M1S,UC9YkSoqkMLb1nOYKAHov8zQ,Die Linke im Bundestag,https://www.youtube.com/watch?v=VN-inEPPCvY
ZSDUiXnVmOc,Städte IM WÜRGEGRIFF! sPD-IRRSINN Von Linkem Christian Görke AUFGEDECKT!,2025-12-30T14:00:55Z,1716,281,48,PT3M5S,UC9YkSoqkMLb1nOYKAHov8zQ,Die Linke im Bundestag,https://www.youtube.com/watch?v=ZSDUiXnVmOc
Nyr2Ky84Q30,Auf Ein GERECHTES Neues Jahr: Die Linke Im Bundestag KÄMPFT Weiter! ✊,2025-12-30T11:13:01Z,14446,1916,132,PT1M1S,UC9YkSoqkMLb1nOYKAHov8zQ,Die Linke im Bundestag,https://www.youtube.com/watch?v=Nyr2Ky84Q30
MOKqpQ44rYA,UNFASSBARE Verdrehung! Linker David Schliesing NIMMT CDU-Fraktion AUSEINANDER!,2025-12-29T14:00:30Z,3577,396,69,PT2M6S,UC9YkSoqkMLb1nOYKAHov8zQ,Die Linke im Bundestag,https://www.youtube.com/watch?v=MOKqpQ44rYA
vzcZmVj9TPA,Sie Wollen Es VERBERGEN! Linke Isabelle Vandre DECKT Wahre AfD-Interessen AUF!,2025-12-28T14:01:37Z,2376,340,77,PT2M10S,UC9YkSoqkMLb1nOYKAHov8zQ,Die Linke im Bundestag,https://www.youtube.com/watch?v=vzcZmVj9TPA
VYC3Z4-VRhQ,Völliger Irrsinns-Vorschlag! Linker Vinzenz Glaser BLAMIERT Die AfD!,2025-12-27T14:01:00Z,6084,579,118,PT2M14S,UC9YkSoqkMLb1nOYKAHov8zQ,Die Linke im Bundestag,https://www.youtube.com/watch?v=VYC3Z4-VRhQ
LtmRJNtXDFk,Best Of Die Linke im Bundestag 2025,2025-12-27T12:35:59Z,10877,1164,156,PT1M20S,UC9YkSoqkMLb1nOYKAHov8zQ,Die Linke im Bundestag,https://www.youtube.com/watch?v=LtmRJNtXDFk
XnhWptOoBLQ,"UNTERLASSENE Hilfeleistung! Mareike Hermeier ENTLARVT Fahrlässigkeit Von CDU, sPD!",2025-12-23T14:00:56Z,1963,264,37,PT1M51S,UC9YkSoqkMLb1nOYKAHov8zQ,Die Linke im Bundestag,https://www.youtube.com/watch?v=XnhWptOoBLQ
OFj5bB_57LM,Weihnachten Mit LINKS! Gregor Gysi Wünscht Ein Stabiles Fest! ❤️💫✊,2025-12-23T08:59:20Z,24519,2776,200,PT50S,UC9YkSoqkMLb1nOYKAHov8zQ,Die Linke im Bundestag,https://www.youtube.com/watch?v=OFj5bB_57LM
kFdG39Y1bVY,NULL Ahnung Vom Leben Der Bürger! Merz GENERVT Von Linken In FRAGERUNDE!,2025-12-22T14:01:20Z,10877,649,141,PT4M6S,UC9YkSoqkMLb1nOYKAHov8zQ,Die Linke im Bundestag,https://www.youtube.com/watch?v=kFdG39Y1bVY
Drxd6l-a5vs,Musks Schoßhündchen! Heidi Reichinnekt TEILT im Bundestag AUS!,2025-12-21T14:00:18Z,24125,2760,454,PT6M5S,UC9YkSoqkMLb1nOYKAHov8zQ,Die Linke im Bundestag,https://www.youtube.com/watch?v=Drxd6l-a5vs
1PaxXWoYtrw,ERSCHRECKENDE Erkenntnisse! Anne-Mieke Bremer Sagt Was KEINER WISSEN SOLL!,2025-12-20T14:00:04Z,5279,816,145,PT5M4S,UC9YkSoqkMLb1nOYKAHov8zQ,Die Linke im Bundestag,https://www.youtube.com/watch?v=1PaxXWoYtrw
BBAHaO1u82E,HARTE Abrechnung Mit Merz! Linker Christian Görke RÄUMT AUF!,2025-12-19T17:00:31Z,2410,325,64,PT4M9S,UC9YkSoqkMLb1nOYKAHov8zQ,Die Linke im Bundestag,https://www.youtube.com/watch?v=BBAHaO1u82E
SphcbKhVql4,SO DREIST Täuscht Die GroKo! Linke Doris Achelwim ENTLARVT Augenwischerei!,2025-12-19T14:00:51Z,1042,217,31,PT2M18S,UC9YkSoqkMLb1nOYKAHov8zQ,Die Linke im Bundestag,https://www.youtube.com/watch?v=SphcbKhVql4
3BzQe4ymGqQ,Ines Schwerdtner gibt Bundestag REALITY CHECK!,2025-12-19T12:27:46Z,31275,2719,150,PT1M13S,UC9YkSoqkMLb1nOYKAHov8zQ,Die Linke im Bundestag,https://www.youtube.com/watch?v=3BzQe4ymGqQ
06OwgzNxxUg,Mareike Hermeier BLAMIERT AfD Bis Auf DIE KNOCHEN!,2025-12-18T18:30:03Z,6079,546,48,PT3M20S,UC9YkSoqkMLb1nOYKAHov8zQ,Die Linke im Bundestag,https://www.youtube.com/watch?v=06OwgzNxxUg
dYl9Sx8ce7c,Heidi Reichinnek Attackiert Merz! Die Angst Der RECHTEN Vor Europa!,2025-12-18T16:15:42Z,11030,1656,110,PT1M7S,UC9YkSoqkMLb1nOYKAHov8zQ,Die Linke im Bundestag,https://www.youtube.com/watch?v=dYl9Sx8ce7c
3YUQYJAPQTA,Merz BEGREIFT NICHTS! Ines Schwerdtner PLATZT DER KRAGEN!,2025-12-18T14:30:02Z,48504,3980,614,PT5M3S,UC9YkSoqkMLb1nOYKAHov8zQ,Die Linke im Bundestag,https://www.youtube.com/watch?v=3YUQYJAPQTA
5bpww0PgrEE,KEIN HERZ Von Merz! Linke Mandy Eißing DECKT Die Überheblichkeit AUF!,2025-12-18T13:00:08Z,1179,219,24,PT3M11S,UC9YkSoqkMLb1nOYKAHov8zQ,Die Linke im Bundestag,https://www.youtube.com/watch?v=5bpww0PgrEE
wghzgCaqbPg,🤯Horrostories Einer Abgeordneten! DAS Bedeutet Armut Im Reichen Deutschland!,2025-12-18T10:03:34Z,12238,1970,213,PT2M38S,UC9YkSoqkMLb1nOYKAHov8zQ,Die Linke im Bundestag,https://www.youtube.com/watch?v=wghzgCaqbPg
NbQCjavX1dY,🚩 AUCH DU Gehörst Zur ARBEITERKLASSE 🚩 Mechatroniker Im Bundestag FÜR DICH!,2025-12-18T06:00:16Z,9119,1220,102,PT48S,UC9YkSoqkMLb1nOYKAHov8zQ,Die Linke im Bundestag,https://www.youtube.com/watch?v=NbQCjavX1dY
vNiJ8A1OZwU,Lobby-Ministerin Schlägt Wieder zu! Linker Fabian Fahl ENTHÜLLT Extremes RISIKO!,2025-12-17T14:01:38Z,3023,394,68,PT3M13S,UC9YkSoqkMLb1nOYKAHov8zQ,Die Linke im Bundestag,https://www.youtube.com/watch?v=vNiJ8A1OZwU
5rMh_0PuSfw,So gefährlich ist die neue Grundsicherung...,2025-12-17T12:53:14Z,10458,801,71,PT28S,UC9YkSoqkMLb1nOYKAHov8zQ,Die Linke im Bundestag,https://www.youtube.com/watch?v=5rMh_0PuSfw
kN-1cMPRYJA,"Hey Chat GPT, bitte schreib mir eine wütende linke Caption über KI Nutzung!",2025-12-17T08:47:47Z,16931,1648,156,PT1M45S,UC9YkSoqkMLb1nOYKAHov8zQ,Die Linke im Bundestag,https://www.youtube.com/watch?v=kN-1cMPRYJA
FqDazqfO2m8,Pressekonferenz DIE LINKE im Bundestag | 13:45 Uhr am 16. Dezember 2025,2025-12-16T13:07:03Z,5154,505,98,PT16M26S,UC9YkSoqkMLb1nOYKAHov8zQ,Die Linke im Bundestag,https://www.youtube.com/watch?v=FqDazqfO2m8
UKi0rZbkLP4,In your 20s they will tell you...,2025-12-16T08:56:36Z,13805,948,71,PT13S,UC9YkSoqkMLb1nOYKAHov8zQ,Die Linke im Bundestag,https://www.youtube.com/watch?v=UKi0rZbkLP4
ZJQNAHPu1mU,Frauen An Den HERD! Maik Brückner ENTLARVT Rechtsextreme AfD-Agenda!,2025-12-15T17:00:56Z,2233,304,73,PT2M50S,UC9YkSoqkMLb1nOYKAHov8zQ,Die Linke im Bundestag,https://www.youtube.com/watch?v=ZJQNAHPu1mU
u1p2BdIE7f0,Gleichheit im ZWANG! Linke Desiree Becker DECKT Pistorius' Pläne AUF!,2025-12-15T14:08:57Z,983,155,54,PT2M52S,UC9YkSoqkMLb1nOYKAHov8zQ,Die Linke im Bundestag,https://www.youtube.com/watch?v=u1p2BdIE7f0
_C0t5EMyqWo,PLANLOSE AfD & CDU Kriegen LEHRSTUNDE Von Linkem Mirze Edis!,2025-12-14T14:00:55Z,2724,369,53,PT3M23S,UC9YkSoqkMLb1nOYKAHov8zQ,Die Linke im Bundestag,https://www.youtube.com/watch?v=_C0t5EMyqWo
rUQlYnRYbYA,Für Die WENIGEN! Linke Donata Vogtschmidt ERWISCHT Merz-Regierung!,2025-12-12T17:01:37Z,4629,565,57,PT6M18S,UC9YkSoqkMLb1nOYKAHov8zQ,Die Linke im Bundestag,https://www.youtube.com/watch?v=rUQlYnRYbYA
4YFMU5gff4Y,"Nur Gutes Tun, Wenn Es Passt! Linker Maik Brückner DECKT Deutschlands Heuchelei AUF!",2025-12-12T14:00:15Z,810,145,29,PT2M6S,UC9YkSoqkMLb1nOYKAHov8zQ,Die Linke im Bundestag,https://www.youtube.com/watch?v=4YFMU5gff4Y
Ta77E4bOz2s,EU Kippt Verbrenneraus! Mit Vollgas In Die Falsche Richtung!,2025-12-12T09:59:56Z,13168,1670,118,PT1M9S,UC9YkSoqkMLb1nOYKAHov8zQ,Die Linke im Bundestag,https://www.youtube.com/watch?v=Ta77E4bOz2s
2hz_Z_V6zBE,GroKo VERHÖHNT Uns! Linker Luigi Pantisano ENTLARVT Deutschland-Ticket Stuss!,2025-12-11T17:00:04Z,1445,229,36,PT2M28S,UC9YkSoqkMLb1nOYKAHov8zQ,Die Linke im Bundestag,https://www.youtube.com/watch?v=2hz_Z_V6zBE
izBWVIWVghs,Lea Reisner Spricht Aus Was Merz NICHT HÖREN Will! Man Kann Ihm NICHT TRAUEN!,2025-12-11T15:30:27Z,1315,227,33,PT2M37S,UC9YkSoqkMLb1nOYKAHov8zQ,Die Linke im Bundestag,https://www.youtube.com/watch?v=izBWVIWVghs
XwgM8wEFok4,AfD-Hinterbänkler BLAMIERT SICH! Ines Schwerdtner VERPASST Abgeordneten DENKZETTEL!,2025-12-10T19:02:44Z,55794,4443,759,PT12M28S,UC9YkSoqkMLb1nOYKAHov8zQ,Die Linke im Bundestag,https://www.youtube.com/watch?v=XwgM8wEFok4
mKzsf5sJhGg,📦Schuften Für AUSBEUTER-VEREINE! Nicht Mit Uns 🚩🚩🚩 #paket,2025-12-10T16:26:40Z,8803,1446,115,PT1M16S,UC9YkSoqkMLb1nOYKAHov8zQ,Die Linke im Bundestag,https://www.youtube.com/watch?v=mKzsf5sJhGg
VFvSDwW19R0,Realitätscheck Für Abgeordnete! Linke Evelyn Schötz DURCHBRICHT Die Bubble!,2025-12-10T15:35:51Z,2137,302,55,PT2M55S,UC9YkSoqkMLb1nOYKAHov8zQ,Die Linke im Bundestag,https://www.youtube.com/watch?v=VFvSDwW19R0
TS-NEAMXTis,SO Verspielt Merz Chancen! Linke Pflegekraft Legt Den FINGER IN DIE WUNDE!,2025-12-09T17:00:58Z,1352,167,20,PT2M22S,UC9YkSoqkMLb1nOYKAHov8zQ,Die Linke im Bundestag,https://www.youtube.com/watch?v=TS-NEAMXTis
hhxr4iQq_Gk,😮 Deutschland Moralisch AM ENDE 🔫 #sudan #links,2025-12-09T16:21:45Z,5947,858,43,PT1M1S,UC9YkSoqkMLb1nOYKAHov8zQ,Die Linke im Bundestag,https://www.youtube.com/watch?v=hhxr4iQq_Gk
84u6PHo428k,🔥Heidi Reichinnek Mit WUTREDE Gegen Das Rentenchaos Von Merz! 🤬,2025-12-09T15:25:53Z,11223,1651,86,PT1M20S,UC9YkSoqkMLb1nOYKAHov8zQ,Die Linke im Bundestag,https://www.youtube.com/watch?v=84u6PHo428k
esKs87A-2i0,Waffen Sind Pistorius' EINZIGE ANTWORT! Linke Cansu Özdemir ENTLARVT Militäreinsatz!,2025-12-09T14:05:35Z,966,122,16,PT3M24S,UC9YkSoqkMLb1nOYKAHov8zQ,Die Linke im Bundestag,https://www.youtube.com/watch?v=esKs87A-2i0
sNH_5GKGtWs,🔴 Ein Viertel UNBEZAHLT ARBEITEN! 🐣 Dieser Wichtige Beruf Wird ABGEDRÄNGT!,2025-12-09T09:04:16Z,33880,3201,198,PT1M49S,UC9YkSoqkMLb1nOYKAHov8zQ,Die Linke im Bundestag,https://www.youtube.com/watch?v=sNH_5GKGtWs
pVA-f_bppC0,🔴 70 Gute Gründe Für Die #bundeswehr 😂,2025-12-08T16:27:52Z,5478,480,69,PT50S,UC9YkSoqkMLb1nOYKAHov8zQ,Die Linke im Bundestag,https://www.youtube.com/watch?v=pVA-f_bppC0
v-Vm2z45G_M,Kriminelle Subunternehmer in der Paketbranche – Pascal Meiser rechnet im Bundestag ab!,2025-12-06T15:01:48Z,1468,260,41,PT3M16S,UC9YkSoqkMLb1nOYKAHov8zQ,Die Linke im Bundestag,https://www.youtube.com/watch?v=v-Vm2z45G_M
LoIxe_g0mxU,Klare Ansage gegen Merz’ Wehrpflicht-Pläne – Desiree Becker kontert!,2025-12-06T09:00:37Z,1987,294,106,PT5M28S,UC9YkSoqkMLb1nOYKAHov8zQ,Die Linke im Bundestag,https://www.youtube.com/watch?v=LoIxe_g0mxU
XVP7A8wJNdk,Union spielt Machtspielchen – Die Linke schützt 21 Mio. Rentner*innen!,2025-12-05T15:15:49Z,2057,277,89,PT4M43S,UC9YkSoqkMLb1nOYKAHov8zQ,Die Linke im Bundestag,https://www.youtube.com/watch?v=XVP7A8wJNdk
BmJlhPcWhus,Warum die Regierung falsch hinschaut – Dr. Arndt rechnet ab!,2025-12-05T13:00:21Z,1123,187,32,PT2M39S,UC9YkSoqkMLb1nOYKAHov8zQ,Die Linke im Bundestag,https://www.youtube.com/watch?v=BmJlhPcWhus
ku5MRRacUmQ,SO Zerstören Sie Unseren Wohlstand! Ines Schwerdtner ENTLARVT Inkompetenz Der Lobby-Regierung!,2025-12-05T09:01:15Z,3810,561,114,PT5M52S,UC9YkSoqkMLb1nOYKAHov8zQ,Die Linke im Bundestag,https://www.youtube.com/watch?v=ku5MRRacUmQ
Pt2VLA_LqMU,UNGLAUBLICH! Maren Kaminski spricht KLARTEXT,2025-12-04T17:00:46Z,947,168,25,PT3M1S,UC9YkSoqkMLb1nOYKAHov8zQ,Die Linke im Bundestag,https://www.youtube.com/watch?v=Pt2VLA_LqMU
pDhPa9XCfa8,Pressekonferenz DIE LINKE im Bundestag | 13:45 Uhr am 2. Dezember 2025,2025-12-02T13:04:00Z,4474,386,51,PT15M35S,UC9YkSoqkMLb1nOYKAHov8zQ,Die Linke im Bundestag,https://www.youtube.com/watch?v=pDhPa9XCfa8
BNOsgtQIsbg,Merz IGNORIERT Bürger! Linke Mandy Eißing OFFENBART,2025-11-30T14:00:18Z,1567,235,27,PT2M4S,UC9YkSoqkMLb1nOYKAHov8zQ,Die Linke im Bundestag,https://www.youtube.com/watch?v=BNOsgtQIsbg
66JdZRAMIHw,Fahrlässige IGNORANZ! Linker Jan Köstering ENTLARVT Arbeitsverweigerung Von Innenminister Dobrindt!,2025-11-29T17:00:16Z,1063,194,17,PT3M9S,UC9YkSoqkMLb1nOYKAHov8zQ,Die Linke im Bundestag,https://www.youtube.com/watch?v=66JdZRAMIHw
irGfJbQZiDo,Vollkommen VERANTWORTUNGSLOS! Gökay Akbulut Mit KLARTEXT Gegen Merz!,2025-11-29T14:01:20Z,1374,214,30,PT3M4S,UC9YkSoqkMLb1nOYKAHov8zQ,Die Linke im Bundestag,https://www.youtube.com/watch?v=irGfJbQZiDo
sc3ejuoPZ2w,TÄUSCHUNG Bei Pistorius! Linker Ulrich Thoden FORDERT ENTLASSUNG Von Staatssekretär!,2025-11-28T19:01:04Z,5383,256,27,PT3M54S,UC9YkSoqkMLb1nOYKAHov8zQ,Die Linke im Bundestag,https://www.youtube.com/watch?v=sc3ejuoPZ2w
iKwd83ukNnw,UNFASSBAR Verantwortungslos! Linker ERWISCHT GroKo Bei Dreister Arbeitsverweigerung!,2025-11-28T19:00:47Z,1636,267,32,PT4M8S,UC9YkSoqkMLb1nOYKAHov8zQ,Die Linke im Bundestag,https://www.youtube.com/watch?v=iKwd83ukNnw
hwFi7UkcppE,Unbezahlbares Deutschlandticket! Linker Jorrit Bosch RECHNET Mit Verkehrsminister AB!,2025-11-28T17:01:17Z,2465,309,40,PT5M6S,UC9YkSoqkMLb1nOYKAHov8zQ,Die Linke im Bundestag,https://www.youtube.com/watch?v=hwFi7UkcppE
cta9ert28vo,🔴 Heidi Reichinnek & Sören Pellmann VS. CDU & sPD aka. BlackRot,2025-11-28T15:35:30Z,19257,2029,143,PT1M7S,UC9YkSoqkMLb1nOYKAHov8zQ,Die Linke im Bundestag,https://www.youtube.com/watch?v=cta9ert28vo
9FPGj7W6xA4,Erschütternde GroKo-Pläne! Reichinnek Und Pellman KLÄREN AUF!,2025-11-28T12:43:01Z,10770,939,238,PT8M27S,UC9YkSoqkMLb1nOYKAHov8zQ,Die Linke im Bundestag,https://www.youtube.com/watch?v=9FPGj7W6xA4
Dvv_aSqhGf0,SO Schaffen Wir ALTERSARMUT Ab! Mit Gregor Gysi!,2025-11-28T12:28:54Z,25489,2328,179,PT56S,UC9YkSoqkMLb1nOYKAHov8zQ,Die Linke im Bundestag,https://www.youtube.com/watch?v=Dvv_aSqhGf0
NQyf2mVMTLQ,Merz SCHADET Europa! Linke Janina Böttger DECKT Sein Versagen AUF!,2025-11-28T10:00:45Z,919,161,16,PT2M8S,UC9YkSoqkMLb1nOYKAHov8zQ,Die Linke im Bundestag,https://www.youtube.com/watch?v=NQyf2mVMTLQ
Vq2UCtJpajw,Die Grossen SCHÜTZEN SIE! Linke Isabelle Vandre DECKT AUF Wer Uns Beklaut!,2025-11-27T19:00:39Z,2590,385,61,PT3M19S,UC9YkSoqkMLb1nOYKAHov8zQ,Die Linke im Bundestag,https://www.youtube.com/watch?v=Vq2UCtJpajw
Q7nfzrf0NkU,Das Geht NICHT GUT! Linke Maren Kaminski DECKT Schockierende Erkenntnisse AUF!,2025-11-27T17:00:45Z,2314,285,43,PT3M28S,UC9YkSoqkMLb1nOYKAHov8zQ,Die Linke im Bundestag,https://www.youtube.com/watch?v=Q7nfzrf0NkU
qaI95LgxwJo,Nur Noch REALSATIRE! Janine Wissler KONTERT Frau Reiches Arroganz Mit Wutrede!,2025-11-27T14:01:39Z,13551,1268,194,PT4M14S,UC9YkSoqkMLb1nOYKAHov8zQ,Die Linke im Bundestag,https://www.youtube.com/watch?v=qaI95LgxwJo
NHTOdTzFK3I,"""Alles wegen wohlstandsverwahrlosten Rotzgören von der CDU!"" - Heidi Reichinnek Spricht Klartext!",2025-11-27T09:54:38Z,41116,4854,431,PT1M22S,UC9YkSoqkMLb1nOYKAHov8zQ,Die Linke im Bundestag,https://www.youtube.com/watch?v=NHTOdTzFK3I
R-Qcf7cp8WA,Unglaubliche HEUCHELEI! Cansu Özdemir DECKT AUF Was AfD Und GroKo Teilen!,2025-11-27T06:00:21Z,2308,368,59,PT3M20S,UC9YkSoqkMLb1nOYKAHov8zQ,Die Linke im Bundestag,https://www.youtube.com/watch?v=R-Qcf7cp8WA
vFd-26Fl2mQ,UNFASSBARE Ignoranz Der GroKo! Fabian Fahl DECKT Die Katastrophe AUF!,2025-11-26T19:01:06Z,1189,232,33,PT3M1S,UC9YkSoqkMLb1nOYKAHov8zQ,Die Linke im Bundestag,https://www.youtube.com/watch?v=vFd-26Fl2mQ
chpjx0J7YJQ,Friedrich Merz be like,2025-11-26T17:04:29Z,17305,1383,55,PT1M6S,UC9YkSoqkMLb1nOYKAHov8zQ,Die Linke im Bundestag,https://www.youtube.com/watch?v=chpjx0J7YJQ
GbcIMznjCbE,Sie FALTET Merz Komplett ZUSAMMEN! Heidi Reichinnek Mit Einer WAHNSINNSREDE!,2025-11-26T17:00:34Z,53757,5314,788,PT11M2S,UC9YkSoqkMLb1nOYKAHov8zQ,Die Linke im Bundestag,https://www.youtube.com/watch?v=GbcIMznjCbE
TgKuqwrEAac,DEUTLICHE Worte An Merz! Sören Pellmann RECHNET Schonungslos AB!,2025-11-26T13:26:57Z,4137,431,67,PT9M21S,UC9YkSoqkMLb1nOYKAHov8zQ,Die Linke im Bundestag,https://www.youtube.com/watch?v=TgKuqwrEAac
KtUSxPysy0M,Es Gibt KEINEN Generationenkonflikt! Ines Schwerdtner vs. CDU!,2025-11-26T07:43:43Z,177667,7771,291,PT1M3S,UC9YkSoqkMLb1nOYKAHov8zQ,Die Linke im Bundestag,https://www.youtube.com/watch?v=KtUSxPysy0M
Ie2PfdGA-tw,GroKo Kann NICHT DENKEN! Mareike Hermeier Hilft Gerne!,2025-11-25T18:45:02Z,3098,447,58,PT3M4S,UC9YkSoqkMLb1nOYKAHov8zQ,Die Linke im Bundestag,https://www.youtube.com/watch?v=Ie2PfdGA-tw
YRrKk3ixeDM,Das Soll KEINER WISSEN! Ines Schwerdtner ERWISCHT FEHLBESETZTE CDU-Ministerin Reiche!,2025-11-25T17:01:00Z,72103,4603,594,PT4M28S,UC9YkSoqkMLb1nOYKAHov8zQ,Die Linke im Bundestag,https://www.youtube.com/watch?v=YRrKk3ixeDM
Bt_b5oEYLIg,Bodenlos INKOMPETENTER Kanzler Merz! Dietmar Bartsch ZERREISST CDU-SPD Koalition!,2025-11-25T14:00:17Z,41877,2124,378,PT6M28S,UC9YkSoqkMLb1nOYKAHov8zQ,Die Linke im Bundestag,https://www.youtube.com/watch?v=Bt_b5oEYLIg
_oDUj_XoWPQ,Es Geht Uns ALLE AN! Staat Und Polizei Rollen Roten Teppich Für AfD-Jugend Aus!,2025-11-24T18:09:46Z,5705,833,70,PT1M22S,UC9YkSoqkMLb1nOYKAHov8zQ,Die Linke im Bundestag,https://www.youtube.com/watch?v=_oDUj_XoWPQ
JEdXaKPrs1I,Der Staat SCHAUT WEG! Tag Zur BESEITIGUNG DER GEWALT Gegen Frauen!,2025-11-24T17:00:36Z,1869,554,116,PT2M45S,UC9YkSoqkMLb1nOYKAHov8zQ,Die Linke im Bundestag,https://www.youtube.com/watch?v=JEdXaKPrs1I
T9T58S4gHHs,Pressekonferenz DIE LINKE im Bundestag | 14:45 Uhr am 24. November,2025-11-24T14:16:57Z,5707,533,119,PT18M7S,UC9YkSoqkMLb1nOYKAHov8zQ,Die Linke im Bundestag,https://www.youtube.com/watch?v=T9T58S4gHHs
c0ftdD8lWxA,Placebo-Gesetz Von CDU! Linke Kathi Gebel DECKT Schräge Prioritäten AUF!,2025-11-23T17:01:06Z,2173,343,55,PT2M12S,UC9YkSoqkMLb1nOYKAHov8zQ,Die Linke im Bundestag,https://www.youtube.com/watch?v=c0ftdD8lWxA
xHKApUIULFU,Kanzler Für WENIGE! Linke Christin Wilnat ENTLARVT Bürgertäuschung!,2025-11-22T17:01:38Z,2443,360,49,PT2M2S,UC9YkSoqkMLb1nOYKAHov8zQ,Die Linke im Bundestag,https://www.youtube.com/watch?v=xHKApUIULFU
eNuCC3qusCI,AfD HASST Meinungsfreiheit! Clara Bünger SPRICHT Die Wahrheit AUS!,2025-11-21T17:01:12Z,4281,746,187,PT3M13S,UC9YkSoqkMLb1nOYKAHov8zQ,Die Linke im Bundestag,https://www.youtube.com/watch?v=eNuCC3qusCI
TobLguPMwKk,🔴 16-Stunden-Schicht Im Bundestag 🤯! Und Dann Auch Noch AfD & CDU Zuhören Müssen 🥴,2025-11-21T14:47:57Z,21230,1601,183,PT2M45S,UC9YkSoqkMLb1nOYKAHov8zQ,Die Linke im Bundestag,https://www.youtube.com/watch?v=TobLguPMwKk
bLVbzr-w7hI,Kita-Gipfel 2025 | Die Linke im Bundestag,2025-11-21T04:05:30Z,2264,218,22,PT1H31M25S,UC9YkSoqkMLb1nOYKAHov8zQ,Die Linke im Bundestag,https://www.youtube.com/watch?v=bLVbzr-w7hI
sgL4axSXtS4,GroKo SCHAUT WEG! Linker Cem Ince DECKT Versagen AUF!,2025-11-20T17:01:39Z,1712,301,37,PT3M13S,UC9YkSoqkMLb1nOYKAHov8zQ,Die Linke im Bundestag,https://www.youtube.com/watch?v=sgL4axSXtS4
HhzwnkaHLB4,AfD-Jugend Verhindern! Gegen Faschos Widersetzen!,2025-11-19T16:00:14Z,8058,1101,187,PT47S,UC9YkSoqkMLb1nOYKAHov8zQ,Die Linke im Bundestag,https://www.youtube.com/watch?v=HhzwnkaHLB4
uaAtSnPt5kU,Merz Gegen BÜRGER! Linke Lizzy Schubert DECKT Die Wahrheit AUF!,2025-11-18T14:01:35Z,6858,1048,136,PT5M53S,UC9YkSoqkMLb1nOYKAHov8zQ,Die Linke im Bundestag,https://www.youtube.com/watch?v=uaAtSnPt5kU
P8DXZlTGElg,Leere Symbolik Statt VERÄNDERUNG! Linke Katrin Fey ENTLARVT Sinnfreie GroKo-Pläne!,2025-11-17T18:00:23Z,1769,275,41,PT3M,UC9YkSoqkMLb1nOYKAHov8zQ,Die Linke im Bundestag,https://www.youtube.com/watch?v=P8DXZlTGElg
XPfCMELnSxU,Sie VERACHTEN Arbeiter! Linke NIMMT AfD-Reform AUSEINANDER!,2025-11-17T14:42:14Z,2278,387,81,PT2M27S,UC9YkSoqkMLb1nOYKAHov8zQ,Die Linke im Bundestag,https://www.youtube.com/watch?v=XPfCMELnSxU
P7pUBlsjkYI,POV Du Crashst Als Linke Den Bundestag Und Drängelst Dich Vor Die sPD!,2025-11-17T14:26:12Z,45283,3093,374,PT1M48S,UC9YkSoqkMLb1nOYKAHov8zQ,Die Linke im Bundestag,https://www.youtube.com/watch?v=P7pUBlsjkYI
NVaTMk9Hy3Y,Gesetze AUF BESTELLUNG! Linker Ates Gürpinar ENTLARVT Korruption Der CDU!,2025-11-16T15:00:45Z,3454,543,72,PT3M11S,UC9YkSoqkMLb1nOYKAHov8zQ,Die Linke im Bundestag,https://www.youtube.com/watch?v=NVaTMk9Hy3Y
eSuWshfyVB4,Für Fahren Ohne Fahrschein IN DEN KNAST! Rechtsstaat Bekämpft ARME MENSCHEN!,2025-11-16T12:01:14Z,9312,1142,173,PT46S,UC9YkSoqkMLb1nOYKAHov8zQ,Die Linke im Bundestag,https://www.youtube.com/watch?v=eSuWshfyVB4
Vb9nU7PWbZQ,Auf Die CDU REINGEFALLEN! Linke Agnes Conrad NIMMT Sie Wissenschaftlich AUSEINANDER!,2025-11-15T17:30:14Z,22017,2657,271,PT1M27S,UC9YkSoqkMLb1nOYKAHov8zQ,Die Linke im Bundestag,https://www.youtube.com/watch?v=Vb9nU7PWbZQ
63zHHeuskfI,Queere Menschen UNTER DRUCK! Rechtsextreme Gefährden CSDs!,2025-11-15T13:56:59Z,4439,730,83,PT1M58S,UC9YkSoqkMLb1nOYKAHov8zQ,Die Linke im Bundestag,https://www.youtube.com/watch?v=63zHHeuskfI
CHeOOnCb9v0,GroKo VERTUSCHT Ihre Pläne! Linke Sarah Vollath DECKT Die Wahrheit AUF!,2025-11-14T17:00:23Z,3006,442,70,PT3M1S,UC9YkSoqkMLb1nOYKAHov8zQ,Die Linke im Bundestag,https://www.youtube.com/watch?v=CHeOOnCb9v0
zT2aQg3Je3Y,SO DREIST Verdrehen Sie Tatsachen! Sören Pellmann Gibt CDU Deftigen Realitätscheck!,2025-11-14T14:01:48Z,2708,443,74,PT2M56S,UC9YkSoqkMLb1nOYKAHov8zQ,Die Linke im Bundestag,https://www.youtube.com/watch?v=zT2aQg3Je3Y
CNo6Xfw3Keo,"Die CDU Sollte Mit ""SPENDEN"" Heizkosten Der Bürger Bezahlen! Jan Van Aken Spricht Klartext!",2025-11-14T09:11:54Z,23408,2640,220,PT1M32S,UC9YkSoqkMLb1nOYKAHov8zQ,Die Linke im Bundestag,https://www.youtube.com/watch?v=CNo6Xfw3Keo
Hh7sba8b0Oc,Sie Können WEDER Rechnen NOCH Denken! AfD Von Janine Wissler Komplett GEDEMÜTIGT!,2025-11-13T19:00:16Z,71595,4820,945,PT6M19S,UC9YkSoqkMLb1nOYKAHov8zQ,Die Linke im Bundestag,https://www.youtube.com/watch?v=Hh7sba8b0Oc
oEhn7cB_xsg,Rechtsstaat GEGEN BÜRGER! Linker Luke Hoss REISST CDU Die Maske RUNTER!,2025-11-13T17:01:27Z,5017,807,119,PT3M14S,UC9YkSoqkMLb1nOYKAHov8zQ,Die Linke im Bundestag,https://www.youtube.com/watch?v=oEhn7cB_xsg
wBGhgHwUwsQ,Ministerin Bekommt 5000 Euro Und Gönnt Bürgern KEINEN CENT! Janine Wissler DECKT AUF!,2025-11-13T15:39:22Z,261772,5151,506,PT1M3S,UC9YkSoqkMLb1nOYKAHov8zQ,Die Linke im Bundestag,https://www.youtube.com/watch?v=wBGhgHwUwsQ
irIr3JuTbsM,Konservative Scheinlösungen Für Wohlstandsschwule! Linker Maik Brückner Durchschaut CDU!,2025-11-13T13:01:34Z,1941,326,46,PT2M39S,UC9YkSoqkMLb1nOYKAHov8zQ,Die Linke im Bundestag,https://www.youtube.com/watch?v=irIr3JuTbsM
t-4AC1s5pMI,sPD Schützt Lieber Kriminelle Als Linke Politik Zu Machen!,2025-11-13T11:08:57Z,10846,1216,140,PT45S,UC9YkSoqkMLb1nOYKAHov8zQ,Die Linke im Bundestag,https://www.youtube.com/watch?v=t-4AC1s5pMI
U9hf8tjrUuE,Linker David Schliesing ERTAPPT AfD! Auch Konservative NICHT SICHER Vor Rechtsextremisten!,2025-11-12T17:05:03Z,4129,583,67,PT3M3S,UC9YkSoqkMLb1nOYKAHov8zQ,Die Linke im Bundestag,https://www.youtube.com/watch?v=U9hf8tjrUuE
SHyLZyI4ZG8,CDU Kämpft Für Besserverdiener! Linker Spricht KLARTEXT Für Bürger!,2025-11-12T09:27:36Z,3020,424,60,PT8M26S,UC9YkSoqkMLb1nOYKAHov8zQ,Die Linke im Bundestag,https://www.youtube.com/watch?v=SHyLZyI4ZG8
5OkjP5_d9DU,Man Kann Es Sich Nicht Ausdenken! Kein Mensch Versteht Die sPD!,2025-11-11T15:55:17Z,13024,1010,117,PT28S,UC9YkSoqkMLb1nOYKAHov8zQ,Die Linke im Bundestag,https://www.youtube.com/watch?v=5OkjP5_d9DU
MnDaOxZ7glE,Pressekonferenz DIE LINKE im Bundestag | 13:45 Uhr am 11. November,2025-11-11T12:56:47Z,1277,200,30,PT10M1S,UC9YkSoqkMLb1nOYKAHov8zQ,Die Linke im Bundestag,https://www.youtube.com/watch?v=MnDaOxZ7glE
KyNua7-q36w,Sie Wollen Es NICHT HÖREN! Linke Gibt GroKo HEFTIGEN Realitätscheck!,2025-11-09T17:00:29Z,4200,700,119,PT3M14S,UC9YkSoqkMLb1nOYKAHov8zQ,Die Linke im Bundestag,https://www.youtube.com/watch?v=KyNua7-q36w
zVtyXxfjDUo,Er Bekämpft ARME Statt ARMUT! Linke DURCHSCHAUT Ignoranten Kanzler!,2025-11-08T17:01:37Z,5090,851,155,PT2M57S,UC9YkSoqkMLb1nOYKAHov8zQ,Die Linke im Bundestag,https://www.youtube.com/watch?v=zVtyXxfjDUo
7pY3IkPrR2A,Post Von FASSUNGSLOSEM Bürger! Linke ENTLARVT Schmierentheater Von CDU & SPD!,2025-11-07T18:00:08Z,1689,280,29,PT1M57S,UC9YkSoqkMLb1nOYKAHov8zQ,Die Linke im Bundestag,https://www.youtube.com/watch?v=7pY3IkPrR2A
OXvfGBLOYmo,CDU Hat ANGST Vor Opposition! Sören Pellmann ENTLARVT Die Heuchler!,2025-11-07T14:00:45Z,3296,451,79,PT5M25S,UC9YkSoqkMLb1nOYKAHov8zQ,Die Linke im Bundestag,https://www.youtube.com/watch?v=OXvfGBLOYmo
_bB2OidId5M,Gegen den Mieten-Notstand - JETZT in Deiner Stadt!,2025-11-07T09:05:13Z,1495,224,33,PT57S,UC9YkSoqkMLb1nOYKAHov8zQ,Die Linke im Bundestag,https://www.youtube.com/watch?v=_bB2OidId5M
WeFdvZcPEFs,"Das ist noch nichtmal links, was ich sage...",2025-11-07T07:53:42Z,9876,1153,104,PT1M9S,UC9YkSoqkMLb1nOYKAHov8zQ,Die Linke im Bundestag,https://www.youtube.com/watch?v=WeFdvZcPEFs
oB2RKRrtl_Y,Korrupte GroKo Hilft MIETENMAFIA! Linke Caren Lay PLATZT DER KRAGEN!,2025-11-06T17:35:10Z,3053,547,85,PT3M10S,UC9YkSoqkMLb1nOYKAHov8zQ,Die Linke im Bundestag,https://www.youtube.com/watch?v=oB2RKRrtl_Y
cP97cHCp-PQ,Linker ERWISCHT Wütende AfD! SO DREIST Betrügen Sie Die Bürger!,2025-11-06T14:01:08Z,8453,970,235,PT5M,UC9YkSoqkMLb1nOYKAHov8zQ,Die Linke im Bundestag,https://www.youtube.com/watch?v=cP97cHCp-PQ
NrVEgEKPkLE,Abstimmung HEUTE! Sind CDU & SPD Auch Gegen Illegale Mietpreise?,2025-11-06T09:14:34Z,5888,736,68,PT53S,UC9YkSoqkMLb1nOYKAHov8zQ,Die Linke im Bundestag,https://www.youtube.com/watch?v=NrVEgEKPkLE
Pr-gNjvZWfE,Heidi Reichinnek Spricht KLARTEXT! Wichtige Entscheidungen In BRASILIEN!,2025-11-05T12:33:53Z,8523,902,49,PT48S,UC9YkSoqkMLb1nOYKAHov8zQ,Die Linke im Bundestag,https://www.youtube.com/watch?v=Pr-gNjvZWfE
tXWt5H7ct_8,Bürger Um Millionen ABGEZOCKT! Wir Haben ES ZURÜCK Geholt!,2025-11-04T16:46:00Z,10450,1240,255,PT13M57S,UC9YkSoqkMLb1nOYKAHov8zQ,Die Linke im Bundestag,https://www.youtube.com/watch?v=tXWt5H7ct_8
RfBI9bf3i8Q,Pressekonferenz DIE LINKE im Bundestag | 04. November 13:45 Uhr | Mit Heidi Reichinnek und Caren Lay,2025-11-04T13:03:17Z,4202,406,65,PT18M16S,UC9YkSoqkMLb1nOYKAHov8zQ,Die Linke im Bundestag,https://www.youtube.com/watch?v=RfBI9bf3i8Q
cDykO86pHzc,Über welche Töchter redet Friedrich Merz eigentlich?!,2025-10-24T16:44:56Z,17711,1786,184,PT1M35S,UC9YkSoqkMLb1nOYKAHov8zQ,Die Linke im Bundestag,https://www.youtube.com/watch?v=cDykO86pHzc
uuOs-cHRrvo,"Friedrich Merz ""halbiert"" die AfD",2025-10-21T14:29:40Z,26319,2011,249,PT42S,UC9YkSoqkMLb1nOYKAHov8zQ,Die Linke im Bundestag,https://www.youtube.com/watch?v=uuOs-cHRrvo
5dsUZt-35gg,Nächstes Wahlversprechen Gebrochen! Linker Pascal Meiser ENTLARVT sPD-Täuschung!,2025-10-20T16:30:01Z,4937,636,145,PT6M7S,UC9YkSoqkMLb1nOYKAHov8zQ,Die Linke im Bundestag,https://www.youtube.com/watch?v=5dsUZt-35gg
Gl-3cBMnCUQ,KETTENSÄGE Gegen BÜRGER! Linke Anne-Mieke Bremer Mit KLARTEXT Gegen GroKo-Irrsinn!,2025-10-20T13:00:27Z,5115,584,112,PT4M21S,UC9YkSoqkMLb1nOYKAHov8zQ,Die Linke im Bundestag,https://www.youtube.com/watch?v=Gl-3cBMnCUQ
cu9q5vf3usA,Merz Völlig INKOMPETENT! Heidi Reichinnek ERKLÄRT Ihm Mathematik!,2025-10-19T14:30:25Z,29212,2558,463,PT3M31S,UC9YkSoqkMLb1nOYKAHov8zQ,Die Linke im Bundestag,https://www.youtube.com/watch?v=cu9q5vf3usA
nahyCHsevm4,Das Sollt Ihr Nicht Wissen! Wer Uns WIRKLICH Abzockt!,2025-10-18T10:01:22Z,17311,2099,122,PT1M14S,UC9YkSoqkMLb1nOYKAHov8zQ,Die Linke im Bundestag,https://www.youtube.com/watch?v=nahyCHsevm4
DoSx6UvD3IA,Merz Nächster ANGRIFF AUF ARBEITER! Ines Schwerdtner Reicht Es!,2025-10-17T23:00:13Z,38204,2990,146,PT54S,UC9YkSoqkMLb1nOYKAHov8zQ,Die Linke im Bundestag,https://www.youtube.com/watch?v=DoSx6UvD3IA
F-QI22lah1M,Die CDU Verrät Uns ALLE! Ines Schwerdtner ENTHÜLLT Wem Sie Dient!,2025-10-17T17:30:07Z,22191,1600,284,PT3M14S,UC9YkSoqkMLb1nOYKAHov8zQ,Die Linke im Bundestag,https://www.youtube.com/watch?v=F-QI22lah1M
ZyDUrASV_Xo,Warum Du SCHLECHTERE CHANCEN Hast Als Deine Eltern,2025-10-17T15:30:18Z,15628,2166,135,PT2M10S,UC9YkSoqkMLb1nOYKAHov8zQ,Die Linke im Bundestag,https://www.youtube.com/watch?v=ZyDUrASV_Xo
iIOprlSDzCk,SO Arbeiterfeindlich Ist Die GroKo! Linke Anne Zerr Mit ANSAGE An Bärbel Bas!,2025-10-17T14:30:41Z,3738,516,110,PT4M9S,UC9YkSoqkMLb1nOYKAHov8zQ,Die Linke im Bundestag,https://www.youtube.com/watch?v=iIOprlSDzCk
1x-hLVFOn7o,Gebrochene Versprechen Der GroKo! Linke Nicole Gohlke ENTLARVT Die Doppelmoral!,2025-10-17T12:00:11Z,2355,361,53,PT3M7S,UC9YkSoqkMLb1nOYKAHov8zQ,Die Linke im Bundestag,https://www.youtube.com/watch?v=1x-hLVFOn7o
SRfP_4fLvWc,Der GRÖSSTE SKANDAL Europas - Angeführt Von Merz!,2025-10-17T11:33:27Z,18556,1331,113,PT1M15S,UC9YkSoqkMLb1nOYKAHov8zQ,Die Linke im Bundestag,https://www.youtube.com/watch?v=SRfP_4fLvWc
pHDBwsEPJPM,Heidi Reichinnek Fordert RENTENREVOLUTION 🔥,2025-10-16T17:37:34Z,17497,1754,124,PT1M12S,UC9YkSoqkMLb1nOYKAHov8zQ,Die Linke im Bundestag,https://www.youtube.com/watch?v=pHDBwsEPJPM
mnuFKGwERiE,Merz Verträgt DIE WAHRHEIT Nicht! Sören Pellmann Spricht KLARTEXT Zum GroKo-Irrsinn!,2025-10-16T16:01:32Z,3685,462,95,PT9M5S,UC9YkSoqkMLb1nOYKAHov8zQ,Die Linke im Bundestag,https://www.youtube.com/watch?v=mnuFKGwERiE
Ih9HYsluZu4,AfD RASTET AUS! Ferat Kocak Sagt Was NIEMAND WISSEN Soll!,2025-10-16T13:19:12Z,106869,10537,2291,PT6M5S,UC9YkSoqkMLb1nOYKAHov8zQ,Die Linke im Bundestag,https://www.youtube.com/watch?v=Ih9HYsluZu4
aGBrJecjtPU,Merz RECHNET Sich Die Welt SCHÖN! Linker Evelyn Schötz PLATZT Der Kragen!,2025-10-15T17:33:28Z,3053,424,93,PT3M,UC9YkSoqkMLb1nOYKAHov8zQ,Die Linke im Bundestag,https://www.youtube.com/watch?v=aGBrJecjtPU
Zx2nthzE34s,Passt Merz In Euer Stadtbild?,2025-10-15T14:07:23Z,36432,1309,248,PT9S,UC9YkSoqkMLb1nOYKAHov8zQ,Die Linke im Bundestag,https://www.youtube.com/watch?v=Zx2nthzE34s
2gdhCaQimM4,NEIN Zur Lotto-Wehrpflicht 🛑 VERWEIGERUNG Von Kriegsdienst Muss Möglich Sein!,2025-10-15T09:26:09Z,10816,950,92,PT44S,UC9YkSoqkMLb1nOYKAHov8zQ,Die Linke im Bundestag,https://www.youtube.com/watch?v=2gdhCaQimM4
y7p6ejWNYH4,Pressekonferenz DIE LINKE im Bundestag | 13:45 Uhr am 14. Oktober,2025-10-14T23:58:48Z,1656,162,22,PT16M56S,UC9YkSoqkMLb1nOYKAHov8zQ,Die Linke im Bundestag,https://www.youtube.com/watch?v=y7p6ejWNYH4
HH0BulwvMEc,Merz CHECKT Es NICHT! Christian Görke DECKT Wahnsinn AUF!,2025-10-14T17:00:24Z,6082,640,121,PT3M2S,UC9YkSoqkMLb1nOYKAHov8zQ,Die Linke im Bundestag,https://www.youtube.com/watch?v=HH0BulwvMEc
WBIfuu8evzg,Er Kann Es NICHT! Sören Pellmann OFFENBART Das Versagen Von Kanzler Merz!,2025-10-14T15:28:10Z,2943,336,69,PT10M59S,UC9YkSoqkMLb1nOYKAHov8zQ,Die Linke im Bundestag,https://www.youtube.com/watch?v=WBIfuu8evzg
h0boYFMRppE,So VERNICHTEN Sie Die Industrie! Linker Mirze Edis ENTLARVT Inkompetenz von Merz Und GroKo!,2025-10-13T15:32:51Z,41754,2733,418,PT5M23S,UC9YkSoqkMLb1nOYKAHov8zQ,Die Linke im Bundestag,https://www.youtube.com/watch?v=h0boYFMRppE
7G3y1z1nXzM,Doro Bär Hat NULL AHNUNG Von Wissenschaft! Linke Sonja Lemke REISST Die Maske RUNTER!,2025-10-12T13:00:20Z,4721,594,93,PT2M57S,UC9YkSoqkMLb1nOYKAHov8zQ,Die Linke im Bundestag,https://www.youtube.com/watch?v=7G3y1z1nXzM
hR842hu1uPc,SO RUINIERT Die GroKo Kultur! Linker DECKT Absurde Prioritäten AUF!,2025-10-11T13:01:25Z,1573,279,43,PT3M5S,UC9YkSoqkMLb1nOYKAHov8zQ,Die Linke im Bundestag,https://www.youtube.com/watch?v=hR842hu1uPc
o2ElxGXxucc,Merz VERSPIELT Unseren WOHLSTAND! Linke Agnes Conrad ZERREISST Arbeiterfeindliche Industriepläne!,2025-10-10T18:10:27Z,10477,906,203,PT5M5S,UC9YkSoqkMLb1nOYKAHov8zQ,Die Linke im Bundestag,https://www.youtube.com/watch?v=o2ElxGXxucc
xND5gGi7WdQ,SCHAMLOSE Doppelmoral Entlarvt! Linker Luke Hoss Bringt AfD ZUM SCHÄUMEN!,2025-10-10T12:01:53Z,10180,824,150,PT3M4S,UC9YkSoqkMLb1nOYKAHov8zQ,Die Linke im Bundestag,https://www.youtube.com/watch?v=xND5gGi7WdQ
I30mi6cxbBc,Heidi Reichinnek: Milliardäre vs. Demokratie💥,2025-10-10T10:07:58Z,52732,1670,258,PT18S,UC9YkSoqkMLb1nOYKAHov8zQ,Die Linke im Bundestag,https://www.youtube.com/watch?v=I30mi6cxbBc
CR2tht-GfS8,WIDERSTAND Gegen Massenüberwachung! Chatkontrolle VORERST Abgewendet!,2025-10-10T08:22:38Z,12820,1330,75,PT45S,UC9YkSoqkMLb1nOYKAHov8zQ,Die Linke im Bundestag,https://www.youtube.com/watch?v=CR2tht-GfS8
L9OCI7tpZ7g,CHATKONTROLLE Soll Kommen! Linken Politikerin ENTLARVT Diese Groko-Pläne!,2025-10-09T16:29:55Z,5708,872,165,PT5M6S,UC9YkSoqkMLb1nOYKAHov8zQ,Die Linke im Bundestag,https://www.youtube.com/watch?v=L9OCI7tpZ7g
Y2kgvPOmylU,Ferat Kocak Bringt Die AfD ZUM KOCHEN!,2025-10-09T13:27:23Z,50908,2846,786,PT3M29S,UC9YkSoqkMLb1nOYKAHov8zQ,Die Linke im Bundestag,https://www.youtube.com/watch?v=Y2kgvPOmylU
e0ydt3RcpbU,Bewegende Rede von Jan van Aken Zum 7.Oktober! Befreit Die Geiseln Und Stoppt Das Töten!,2025-10-08T15:53:42Z,2094,342,71,PT5M7S,UC9YkSoqkMLb1nOYKAHov8zQ,Die Linke im Bundestag,https://www.youtube.com/watch?v=e0ydt3RcpbU
kUJNkYD3cfA,AfD Tobt! Linke Politikerin ENTHÜLLT Unfassbare AHNUNGSLOSIGKEIT!,2025-10-08T13:53:45Z,20633,1517,197,PT3M57S,UC9YkSoqkMLb1nOYKAHov8zQ,Die Linke im Bundestag,https://www.youtube.com/watch?v=kUJNkYD3cfA
cGZMUIQKgr4,Die AXT Am Wohlstand! GroKo Nimmt Verelendung In Kauf!,2025-10-07T18:00:12Z,9374,1040,55,PT1M2S,UC9YkSoqkMLb1nOYKAHov8zQ,Die Linke im Bundestag,https://www.youtube.com/watch?v=cGZMUIQKgr4
5E_B6TmW5R8,Mit Merz Droht MASSENVERARMUNG! Linker DECKT AUF Was Uns Blüht!,2025-10-07T16:30:02Z,6849,643,135,PT12M26S,UC9YkSoqkMLb1nOYKAHov8zQ,Die Linke im Bundestag,https://www.youtube.com/watch?v=5E_B6TmW5R8
jujdjfgqths,UNFASSBARE Pläne Gegen Bürger! Linkem PLATZT DER KRAGEN!,2025-10-07T13:01:28Z,3061,306,59,PT3M3S,UC9YkSoqkMLb1nOYKAHov8zQ,Die Linke im Bundestag,https://www.youtube.com/watch?v=jujdjfgqths
qdRrChrirSY,Pressekonferenz DIE LINKE im Bundestag | 13:45 Uhr 07 Oktober,2025-10-07T12:01:24Z,2170,216,92,PT16M57S,UC9YkSoqkMLb1nOYKAHov8zQ,Die Linke im Bundestag,https://www.youtube.com/watch?v=qdRrChrirSY
jFvd80megaE,Was Bitte - AfD-Wähler Sind Pro-Klimaschutz?! 😳🤯,2025-10-07T08:29:03Z,8591,939,56,PT56S,UC9YkSoqkMLb1nOYKAHov8zQ,Die Linke im Bundestag,https://www.youtube.com/watch?v=jFvd80megaE
dBIa2Tc-gYE,Längst Überholte Technik! Linker ENTLARVT Rückschrittliche GroKo-Pläne!,2025-10-06T17:45:03Z,4350,539,63,PT3M2S,UC9YkSoqkMLb1nOYKAHov8zQ,Die Linke im Bundestag,https://www.youtube.com/watch?v=dBIa2Tc-gYE
UQsevMhswEs,So unfähig wie Trump! Clara Bünger entlarvt die Inkompetenz der AfD!,2025-10-06T14:30:51Z,44148,3273,505,PT8M29S,UC9YkSoqkMLb1nOYKAHov8zQ,Die Linke im Bundestag,https://www.youtube.com/watch?v=UQsevMhswEs
wLMuB0STtDw,Verspätung Bei Der Bahn Wird DREIST Schöngerechnet! Heidi Reichinnek Entlarvt Die ABSURDITÄT!,2025-10-04T11:01:41Z,17455,2286,194,PT1M35S,UC9YkSoqkMLb1nOYKAHov8zQ,Die Linke im Bundestag,https://www.youtube.com/watch?v=wLMuB0STtDw
EWE4Vgb-GX0,Milliardengeschenke Auf Kosten Von ARBEITERN! Dietmar Bartsch PLATZT DER KRAGEN!,2025-10-01T16:00:31Z,76983,2641,452,PT6M10S,UC9YkSoqkMLb1nOYKAHov8zQ,Die Linke im Bundestag,https://www.youtube.com/watch?v=EWE4Vgb-GX0
ERc6M7pHlJI,Unfassbare IGNORANZ! Fahrlässigkeit Der GroKo GEFÄHRDET Cybersicherheit!,2025-10-01T13:00:36Z,3714,505,50,PT5M52S,UC9YkSoqkMLb1nOYKAHov8zQ,Die Linke im Bundestag,https://www.youtube.com/watch?v=ERc6M7pHlJI
J0doS5QJLwY,Für Diese Gruppe Zahlt Die Allgemeinheit Doch KEINER REDET DRÜBER!,2025-10-01T10:10:51Z,27704,3049,259,PT1M33S,UC9YkSoqkMLb1nOYKAHov8zQ,Die Linke im Bundestag,https://www.youtube.com/watch?v=J0doS5QJLwY
YKtnDyG-CDM,Merz In der Mangel! Linke Sprechen KLARTEXT! 🔥🚩,2025-09-30T14:23:32Z,15283,2140,145,PT1M21S,UC9YkSoqkMLb1nOYKAHov8zQ,Die Linke im Bundestag,https://www.youtube.com/watch?v=YKtnDyG-CDM
vQIg3A1WRP0,CDU Und CSU Verteidigen Deutschland... IM WELTALL?!😂😂,2025-09-27T11:01:38Z,24876,1593,172,PT33S,UC9YkSoqkMLb1nOYKAHov8zQ,Die Linke im Bundestag,https://www.youtube.com/watch?v=vQIg3A1WRP0
Zf-UdlcMXS8,Altersarmut Wird KATASTROPHAL! Linke GREIFT Merz HART AN!,2025-09-26T16:30:14Z,7899,605,124,PT2M58S,UC9YkSoqkMLb1nOYKAHov8zQ,Die Linke im Bundestag,https://www.youtube.com/watch?v=Zf-UdlcMXS8
HxvsrrdcSJ8,Merz BEKÄMPFT Die Arbeitende Klasse! LINKER Cem Ince Mit Wutrede!,2025-09-26T13:00:46Z,6657,685,128,PT3M44S,UC9YkSoqkMLb1nOYKAHov8zQ,Die Linke im Bundestag,https://www.youtube.com/watch?v=HxvsrrdcSJ8
FxtKFtCLUmk,Dobrindt Will ELEKTROSCHOCKER! Linke DECKT Brandgefährliche Pläne AUF!,2025-09-26T11:30:13Z,1612,334,85,PT3M13S,UC9YkSoqkMLb1nOYKAHov8zQ,Die Linke im Bundestag,https://www.youtube.com/watch?v=FxtKFtCLUmk
YoDDkWfD8-c,Zwei GEFÄHRLICHE Alte Männer! Trump Und Putin Setzen ALLES AUFS SPIEL!,2025-09-26T08:31:51Z,9631,760,107,PT56S,UC9YkSoqkMLb1nOYKAHov8zQ,Die Linke im Bundestag,https://www.youtube.com/watch?v=YoDDkWfD8-c
96ghn0zEEx0,Ines Schwerdtner ENTLARVT Die Doppelmoral Bei GAZA!,2025-09-26T07:41:42Z,16535,1481,137,PT36S,UC9YkSoqkMLb1nOYKAHov8zQ,Die Linke im Bundestag,https://www.youtube.com/watch?v=96ghn0zEEx0
NlXIN2I3ht8,Alleinerziehende SPRICHT KLARTEXT! Das Wollte Merz NICHT HÖREN!,2025-09-25T16:16:18Z,57317,4260,721,PT4M19S,UC9YkSoqkMLb1nOYKAHov8zQ,Die Linke im Bundestag,https://www.youtube.com/watch?v=NlXIN2I3ht8
BMwbjIdkw_A,BLAMAGE Für Merz! Ines Schwerdtner ENTLARVT Unfassbare Inkompetenz!,2025-09-25T12:01:33Z,74776,5105,895,PT6M56S,UC9YkSoqkMLb1nOYKAHov8zQ,Die Linke im Bundestag,https://www.youtube.com/watch?v=BMwbjIdkw_A
uvNS90I02yc,Drohender Wohlstandsverlust Für BÜRGER! INKOMPETENTE Ministerin Reiche BEKÄMPFT Fortschritt!,2025-09-24T17:30:17Z,2654,422,58,PT3M23S,UC9YkSoqkMLb1nOYKAHov8zQ,Die Linke im Bundestag,https://www.youtube.com/watch?v=uvNS90I02yc
VkSPV4NOk7c,Heidi Reichinnek Erlebt FREMDSCHAM Bei Diesem Bürgerfeindlichen Haushalt der Lobby-GroKo!,2025-09-24T15:42:23Z,41530,2380,179,PT32S,UC9YkSoqkMLb1nOYKAHov8zQ,Die Linke im Bundestag,https://www.youtube.com/watch?v=VkSPV4NOk7c
5DXAdj4ImMg,PEINLICHE Stümperei Von Merz! Heidi Reichinnek ENTHÜLLT GroKo-UNSINN!,2025-09-24T13:06:14Z,26114,2573,477,PT7M29S,UC9YkSoqkMLb1nOYKAHov8zQ,Die Linke im Bundestag,https://www.youtube.com/watch?v=5DXAdj4ImMg
VJlBpCwSqPo,Wohlstandsvernichtung Für Bürger Und STEUERGESCHENKE Für Die OBERSCHICHT!,2025-09-24T08:21:29Z,13289,2071,99,PT1M31S,UC9YkSoqkMLb1nOYKAHov8zQ,Die Linke im Bundestag,https://www.youtube.com/watch?v=VJlBpCwSqPo
xBgaJaoIDig,SO KURZSICHTIG Handelt Die GroKo! Linker WARNT Vor Katastrophe!,2025-09-23T18:00:59Z,1488,197,30,PT3M4S,UC9YkSoqkMLb1nOYKAHov8zQ,Die Linke im Bundestag,https://www.youtube.com/watch?v=xBgaJaoIDig
s_oihSdsD50,AfD CHANCENLOS Gegen Aura Von Mareike Hermeier! 😂😂😂,2025-09-23T17:15:06Z,39728,2892,380,PT1M28S,UC9YkSoqkMLb1nOYKAHov8zQ,Die Linke im Bundestag,https://www.youtube.com/watch?v=s_oihSdsD50
zrVlYL4pqp0,Grenzenlose INKOMPETENZ Aus AfD-Ecke! Linke Kann Nur Noch LACHEN!,2025-09-23T14:49:29Z,26867,2149,677,PT4M17S,UC9YkSoqkMLb1nOYKAHov8zQ,Die Linke im Bundestag,https://www.youtube.com/watch?v=zrVlYL4pqp0
5-SxtXZX9UA,Heidi Reichinnek: Klartext im Spitzengespräch!,2025-09-23T12:04:07Z,38848,2615,222,PT44S,UC9YkSoqkMLb1nOYKAHov8zQ,Die Linke im Bundestag,https://www.youtube.com/watch?v=5-SxtXZX9UA
wg2RJRf6fek,"""Eine Schmierenkomödie!"" Heidi Reichinnek RECHNET Mit GroKo AB!",2025-09-22T19:48:32Z,11800,1463,90,PT1M1S,UC9YkSoqkMLb1nOYKAHov8zQ,Die Linke im Bundestag,https://www.youtube.com/watch?v=wg2RJRf6fek
dh4HrJbm_HM,Janine Wissler erklärt Markus Lanz den Mindestlohn,2025-09-22T17:30:26Z,261353,2612,460,PT38S,UC9YkSoqkMLb1nOYKAHov8zQ,Die Linke im Bundestag,https://www.youtube.com/watch?v=dh4HrJbm_HM
lTqO4rmOD9g,FATALE PLÄNE Der GroKo Beim Haushalt! Heidi Reichinnek RECHNET AB!,2025-09-22T16:28:55Z,3932,549,111,PT7M30S,UC9YkSoqkMLb1nOYKAHov8zQ,Die Linke im Bundestag,https://www.youtube.com/watch?v=lTqO4rmOD9g
-lvDvj-NJNE,Pressekonferenz DIE LINKE im Bundestag | 14:45 Uhr 22. September,2025-09-22T12:56:19Z,4683,433,120,PT11M30S,UC9YkSoqkMLb1nOYKAHov8zQ,Die Linke im Bundestag,https://www.youtube.com/watch?v=-lvDvj-NJNE
Ey5YlZ9Bpvo,Kürzungen Bei ME/CFS-Betroffenen! Linke Macht DÜSTERE KONSEQUENZEN Aus!,2025-09-22T12:07:48Z,3012,385,67,PT3M39S,UC9YkSoqkMLb1nOYKAHov8zQ,Die Linke im Bundestag,https://www.youtube.com/watch?v=Ey5YlZ9Bpvo
FXS1_vBvtaA,Bundestag OHNE WÜRDE! Cansin Köktürk Konfrontiert Abgeordnete SCHONUNGSLOS!,2025-09-21T16:00:34Z,39223,2824,529,PT3M52S,UC9YkSoqkMLb1nOYKAHov8zQ,Die Linke im Bundestag,https://www.youtube.com/watch?v=FXS1_vBvtaA
TQD60I4F1Gg,Klartext im Bundestag💥,2025-09-21T15:00:50Z,14005,2126,121,PT2M4S,UC9YkSoqkMLb1nOYKAHov8zQ,Die Linke im Bundestag,https://www.youtube.com/watch?v=TQD60I4F1Gg
dVTLtez1KaY,Ines Schwerdtner mit Klartext im Bundestag🔥,2025-09-21T09:33:12Z,17575,2051,133,PT51S,UC9YkSoqkMLb1nOYKAHov8zQ,Die Linke im Bundestag,https://www.youtube.com/watch?v=dVTLtez1KaY
KaQWCzA7JZU,GroKo Nutzt ÄNGSTE Aus! Linke DECKT Heftige Steuergeldverschwendung AUF!,2025-09-20T15:04:00Z,4003,493,104,PT3M51S,UC9YkSoqkMLb1nOYKAHov8zQ,Die Linke im Bundestag,https://www.youtube.com/watch?v=KaQWCzA7JZU
DGGcBbiD9vk,Deutschland-Ticket auf 65 EURO! Linkem Luigi Pantisano PLATZT  DER KRAGEN!,2025-09-19T17:45:01Z,6187,695,152,PT4M28S,UC9YkSoqkMLb1nOYKAHov8zQ,Die Linke im Bundestag,https://www.youtube.com/watch?v=DGGcBbiD9vk
nktW0Q290nk,Massive VERSCHWENDUNG! Geld Für LOBBY Statt Für Mieter!,2025-09-19T15:24:34Z,12393,1462,83,PT30S,UC9YkSoqkMLb1nOYKAHov8zQ,Die Linke im Bundestag,https://www.youtube.com/watch?v=nktW0Q290nk
19aB8V25iQo,Merz VERHEIZT Junge Menschen! Gregor Gysi Spricht KLARTEXT!,2025-09-19T13:02:55Z,35654,2088,312,PT3M39S,UC9YkSoqkMLb1nOYKAHov8zQ,Die Linke im Bundestag,https://www.youtube.com/watch?v=19aB8V25iQo
smc-jYtseFE,Milliarden Steuern VERSCHWENDET! Linke ENTHÜLLT Inkompetenz Von Merz!,2025-09-19T10:01:41Z,5852,667,143,PT8M4S,UC9YkSoqkMLb1nOYKAHov8zQ,Die Linke im Bundestag,https://www.youtube.com/watch?v=smc-jYtseFE
VvaM4SfcdTY,ANGRIFF Auf Frauenrechte! Linke ENTLARVT AfD-Doppelmoral!,2025-09-18T18:00:25Z,3682,532,144,PT4M22S,UC9YkSoqkMLb1nOYKAHov8zQ,Die Linke im Bundestag,https://www.youtube.com/watch?v=VvaM4SfcdTY
CuEHj7spT4M,AfD Wie Eingefroren! Ines Schwerdtner Mit GNADENLOSER Abrechnung!,2025-09-18T13:59:30Z,427120,27179,3235,PT9M14S,UC9YkSoqkMLb1nOYKAHov8zQ,Die Linke im Bundestag,https://www.youtube.com/watch?v=CuEHj7spT4M
uEd8H6aRjaY,GroKo Gegen Bürger! Jan van Aken ENTHÜLLT DIE ABZOCKE!,2025-09-18T11:09:25Z,14434,1273,201,PT5M25S,UC9YkSoqkMLb1nOYKAHov8zQ,Die Linke im Bundestag,https://www.youtube.com/watch?v=uEd8H6aRjaY
91_pRhzDt_k,"Jan van Aken deckt auf: Die Steuertricks der Superreichen, unterstützt von CDU & SPD!",2025-09-18T11:04:40Z,22673,2011,171,PT1M20S,UC9YkSoqkMLb1nOYKAHov8zQ,Die Linke im Bundestag,https://www.youtube.com/watch?v=91_pRhzDt_k
YIWMc9G6260,Janine Wissler Geht Auf ATTACKE! Lobby-Ministerin Reiche Grösste FEHLBESETZUNG Der GroKo!,2025-09-17T17:45:02Z,45295,3519,419,PT4M24S,UC9YkSoqkMLb1nOYKAHov8zQ,Die Linke im Bundestag,https://www.youtube.com/watch?v=YIWMc9G6260
Hbs1N3carQg,Sogar Die CDU Checkt es! Heidi Reichinnek HATTE Mit Allem RECHT!,2025-09-17T13:37:46Z,48815,7031,1416,PT13M15S,UC9YkSoqkMLb1nOYKAHov8zQ,Die Linke im Bundestag,https://www.youtube.com/watch?v=Hbs1N3carQg
b4fLjOVoKag,Noch Mehr STEUERVERSCHWENDUNG Für Teures Gas! Linken-Politiker Spricht KLARTEXT!,2025-09-17T10:00:59Z,2598,382,63,PT4M7S,UC9YkSoqkMLb1nOYKAHov8zQ,Die Linke im Bundestag,https://www.youtube.com/watch?v=b4fLjOVoKag
oIJs6eR1MTk,"Ines Schwerdtner vs. Regierung: ""Schämen Sie sich!""",2025-09-17T07:41:38Z,21548,2581,163,PT59S,UC9YkSoqkMLb1nOYKAHov8zQ,Die Linke im Bundestag,https://www.youtube.com/watch?v=oIJs6eR1MTk
XqVerGuASPs,Wir Decken Auf: Das Hat Die Regierung Mit DEINEM GELD Vor!,2025-09-16T18:00:37Z,8187,1484,209,PT3M57S,UC9YkSoqkMLb1nOYKAHov8zQ,Die Linke im Bundestag,https://www.youtube.com/watch?v=XqVerGuASPs
qmjC3NjOlDg,Regierung TOBT! Linker ENTLARVT Die Grenzenlose IGNORANZ Von Merz!,2025-09-16T16:01:34Z,40385,2001,273,PT4M24S,UC9YkSoqkMLb1nOYKAHov8zQ,Die Linke im Bundestag,https://www.youtube.com/watch?v=qmjC3NjOlDg
TtkHJYGVRYk,Merz VERACHTET Die Bevölkerung! Ines Schwerdtner DECKT Die Flut Von LÜGEN AUF!,2025-09-16T14:03:17Z,41365,3307,594,PT4M54S,UC9YkSoqkMLb1nOYKAHov8zQ,Die Linke im Bundestag,https://www.youtube.com/watch?v=TtkHJYGVRYk
GRVILGRSag8,SKANDAL Ums Ehrenamt! Der Staat DRÜCKT SICH Vor Verantwortung!,2025-09-16T11:26:24Z,7343,1064,52,PT1M19S,UC9YkSoqkMLb1nOYKAHov8zQ,Die Linke im Bundestag,https://www.youtube.com/watch?v=GRVILGRSag8
z04SmbFp6kE,Merz Schnallt Es Nicht! Faschismus Bekämpft Man Mit LINKER WIrtschaftspolitik!,2025-09-15T18:28:32Z,12818,1479,127,PT1M7S,UC9YkSoqkMLb1nOYKAHov8zQ,Die Linke im Bundestag,https://www.youtube.com/watch?v=z04SmbFp6kE
pqfMhGSUn0M,CDU Lebt In Parallelwelt! Heidi Reichinnek Spricht KLARTEXT!,2025-09-15T15:49:31Z,17962,2402,412,PT9M16S,UC9YkSoqkMLb1nOYKAHov8zQ,Die Linke im Bundestag,https://www.youtube.com/watch?v=pqfMhGSUn0M
Q2XsEq5OT20,Pressekonferenz DIE LINKE im Bundestag | 14:45 Uhr 22. September,2025-09-15T12:59:09Z,4403,484,71,PT12M50S,UC9YkSoqkMLb1nOYKAHov8zQ,Die Linke im Bundestag,https://www.youtube.com/watch?v=Q2XsEq5OT20
eKTOWD3Xzfw,Endlich wieder Klartext!🔥,2025-09-14T13:31:22Z,15079,1286,104,PT1M26S,UC9YkSoqkMLb1nOYKAHov8zQ,Die Linke im Bundestag,https://www.youtube.com/watch?v=eKTOWD3Xzfw
VdDnJY_2BhY,"❌Wehrpflicht? Nein, danke!❌",2025-09-12T18:28:19Z,9687,903,126,PT1M,UC9YkSoqkMLb1nOYKAHov8zQ,Die Linke im Bundestag,https://www.youtube.com/watch?v=VdDnJY_2BhY
Cq9iud_waxk,Unfassbare IGNORANZ Von Merz! GroKo BEKÄMPFT Bezahlbares Leben!,2025-09-12T16:00:20Z,1838,323,61,PT2M29S,UC9YkSoqkMLb1nOYKAHov8zQ,Die Linke im Bundestag,https://www.youtube.com/watch?v=Cq9iud_waxk
GKYkBxwImy0,Ihr PLATZT Der Kragen! Merz Und CDU Verhindern Steuersenkungen!,2025-09-12T13:00:26Z,3132,473,89,PT4M28S,UC9YkSoqkMLb1nOYKAHov8zQ,Die Linke im Bundestag,https://www.youtube.com/watch?v=GKYkBxwImy0
dCr1yyaA2bg,Heidi Reichinnek vs. Jens Spahn🔥,2025-09-12T09:34:24Z,565934,16806,1271,PT54S,UC9YkSoqkMLb1nOYKAHov8zQ,Die Linke im Bundestag,https://www.youtube.com/watch?v=dCr1yyaA2bg
4yNUaF8-T_I,Janine Wissler ENTLARVT Irre Merz-Ideen! WOHLSTANDSVERLUST Für Arbeiter Droht!,2025-09-11T16:00:08Z,5153,888,180,PT3M28S,UC9YkSoqkMLb1nOYKAHov8zQ,Die Linke im Bundestag,https://www.youtube.com/watch?v=4yNUaF8-T_I
isc6Hay1JYs,PEINLICHE LÜGEN Von Der AfD! Linke ENTLARVT Die Heuchelei!,2025-09-11T13:01:25Z,19846,2046,617,PT5M33S,UC9YkSoqkMLb1nOYKAHov8zQ,Die Linke im Bundestag,https://www.youtube.com/watch?v=isc6Hay1JYs
K6Iog_ugeuk,Pressekonferenz DIE LINKE im Bundestag | 22. September 14:45,2025-09-10T08:01:24Z,3338,379,75,PT17M46S,UC9YkSoqkMLb1nOYKAHov8zQ,Die Linke im Bundestag,https://www.youtube.com/watch?v=K6Iog_ugeuk
UNLPMnxVUb4,"Wir Wollen 1000 Euro Mehr Pro Jahr Für Alle! Werden Merz, CDU & sPD blockieren?",2025-09-09T17:22:38Z,18807,1417,183,PT47S,UC9YkSoqkMLb1nOYKAHov8zQ,Die Linke im Bundestag,https://www.youtube.com/watch?v=UNLPMnxVUb4
ZbdycZ0uN00,Merz-Regierung Ist EUER GELDBEUTEL Egal! Heidi Reichinnek RECHNET AB!,2025-09-09T14:30:24Z,12895,1615,419,PT12M23S,UC9YkSoqkMLb1nOYKAHov8zQ,Die Linke im Bundestag,https://www.youtube.com/watch?v=ZbdycZ0uN00
_vp2t87Pc6w,Die Zerstörung Der Freien Medien! SO Bekämpfen Musk & Co. Die Pressefreiheit!,2025-09-09T08:48:59Z,5723,773,77,PT1M35S,UC9YkSoqkMLb1nOYKAHov8zQ,Die Linke im Bundestag,https://www.youtube.com/watch?v=_vp2t87Pc6w
3wodwQEmtTA,"Merz verspricht, den Sozialstaat zu „erhalten“? 🤨",2025-09-04T18:03:47Z,11997,1755,153,PT1M34S,UC9YkSoqkMLb1nOYKAHov8zQ,Die Linke im Bundestag,https://www.youtube.com/watch?v=3wodwQEmtTA
MH5PTKr5t8U,Wir bleiben die rote Haltelinie - Pressestatement der Klausurtagung in Gelsenkirchen,2025-09-04T18:00:32Z,8106,1203,325,PT11M15S,UC9YkSoqkMLb1nOYKAHov8zQ,Die Linke im Bundestag,https://www.youtube.com/watch?v=MH5PTKr5t8U
BRvxGydwLDA,Bürgergeld-Mythen entlarvt! 💥,2025-09-03T12:20:34Z,15682,1547,220,PT1M1S,UC9YkSoqkMLb1nOYKAHov8zQ,Die Linke im Bundestag,https://www.youtube.com/watch?v=BRvxGydwLDA
LajF2FaMt9Q,LINKER Stellt Sich Bürgern! Vom  Bundestag Auf Die Strasse!,2025-08-31T11:14:33Z,15373,990,142,PT1M27S,UC9YkSoqkMLb1nOYKAHov8zQ,Die Linke im Bundestag,https://www.youtube.com/watch?v=LajF2FaMt9Q
cxunPOZtd0Y,LIEFERANDO Zieht Arbeiter Über Den Tisch! Es Reicht Uns Allen!,2025-08-28T10:06:25Z,7073,783,60,PT1M23S,UC9YkSoqkMLb1nOYKAHov8zQ,Die Linke im Bundestag,https://www.youtube.com/watch?v=cxunPOZtd0Y
TKBF9ayL9Ig,ZDF Beunruhigt Wegen Antifaschismus! Ines Schwerdtner Bleibt STABIL!,2025-08-27T10:39:53Z,21772,1691,191,PT24S,UC9YkSoqkMLb1nOYKAHov8zQ,Die Linke im Bundestag,https://www.youtube.com/watch?v=TKBF9ayL9Ig
juicBeGFn9E,Julia Klöckner hat es schon wieder getan!🚨,2025-08-20T11:23:58Z,15281,2348,259,PT1M28S,UC9YkSoqkMLb1nOYKAHov8zQ,Die Linke im Bundestag,https://www.youtube.com/watch?v=juicBeGFn9E
IOZe0Qb_IQQ,"So Bekämpft Merz Nach 100 Tagen Arbeitende Bürger! Wohlstandsverlust für Viele, Gewinn Für Wenige!",2025-08-15T11:42:37Z,17245,2280,206,PT2M28S,UC9YkSoqkMLb1nOYKAHov8zQ,Die Linke im Bundestag,https://www.youtube.com/watch?v=IOZe0Qb_IQQ
REjX4fHc2dg,Wie Merz Mit Seiner Chaostruppe Scheitert! Man Wünscht Sich Die Ampel Zurück.,2025-08-13T05:08:00Z,19380,1894,193,PT1M43S,UC9YkSoqkMLb1nOYKAHov8zQ,Die Linke im Bundestag,https://www.youtube.com/watch?v=REjX4fHc2dg
MbxPz_REos8,Dietmar Bartsch ENTLARVT Dobrindts Pläne! Bröckelt Der Rechtsstaat?,2025-08-05T15:55:33Z,13622,1154,161,PT5M24S,UC9YkSoqkMLb1nOYKAHov8zQ,Die Linke im Bundestag,https://www.youtube.com/watch?v=MbxPz_REos8
-httiUBQxPk,Ines Schwerdtner Spricht DIE WAHRHEIT Aus! Die Ignoranz Von Merz Ist BESCHÄMEND!,2025-08-04T15:40:39Z,63615,5539,1366,PT5M8S,UC9YkSoqkMLb1nOYKAHov8zQ,Die Linke im Bundestag,https://www.youtube.com/watch?v=-httiUBQxPk
xlw4SnBMlPc,Hungersnot In GAZA! Gregor Gysi Warnte Merz-Regierung VOR MONATEN!,2025-08-01T16:54:42Z,61256,3699,1016,PT5M25S,UC9YkSoqkMLb1nOYKAHov8zQ,Die Linke im Bundestag,https://www.youtube.com/watch?v=xlw4SnBMlPc
36LYqLSs8CI,LÜGT Der Bundeskanzler Mit Vorsatz Oder Weiß Er Es Nicht Besser? Heidi Reichinnek Ordnet Ein.,2025-08-01T12:37:12Z,29303,3445,338,PT1M17S,UC9YkSoqkMLb1nOYKAHov8zQ,Die Linke im Bundestag,https://www.youtube.com/watch?v=36LYqLSs8CI
NogLMMCQ1Cc,Komplette FEHLPLANUNG! Linker Zerreisst Folgenschweren GroKo-Haushalt!,2025-07-31T16:56:01Z,4788,671,105,PT3M37S,UC9YkSoqkMLb1nOYKAHov8zQ,Die Linke im Bundestag,https://www.youtube.com/watch?v=NogLMMCQ1Cc
jybbBWyhDOw,Millionen Tote Zusätzlich Erwartet! Merz Streicht Wie Trump Hilfen Bei HIV Zusammen!,2025-07-30T15:03:42Z,5210,1177,129,PT1M24S,UC9YkSoqkMLb1nOYKAHov8zQ,Die Linke im Bundestag,https://www.youtube.com/watch?v=jybbBWyhDOw
POkiWpnsQas,SPD-Abgeordnete Greift Ines Schwerdtner An - Und Scheitert Kläglich!,2025-07-29T11:34:43Z,41750,4118,381,PT1M38S,UC9YkSoqkMLb1nOYKAHov8zQ,Die Linke im Bundestag,https://www.youtube.com/watch?v=POkiWpnsQas
oKfIRdhaY6U,Merz Und Spahn TRETEN AUF UNS ALLE! Heidi Reichinnek Fordert Kontrolle Zurück An Bürger!,2025-07-28T14:18:38Z,64904,6070,757,PT2M26S,UC9YkSoqkMLb1nOYKAHov8zQ,Die Linke im Bundestag,https://www.youtube.com/watch?v=oKfIRdhaY6U
__Z2Kv0El-Y,FREIHEIT Für Alle Schützen! Die Vielfalt Des Lebens Zelebrieren! Kommt zum CSD!,2025-07-24T16:13:16Z,3582,622,97,PT1M39S,UC9YkSoqkMLb1nOYKAHov8zQ,Die Linke im Bundestag,https://www.youtube.com/watch?v=__Z2Kv0El-Y
AF5MKqRUoPQ,Schonungslose ABRECHNUNG Mit Spahn Und Co.! Linke Tamara Mazzi Spricht KLARTEXT!,2025-07-23T16:00:30Z,5430,784,124,PT4M41S,UC9YkSoqkMLb1nOYKAHov8zQ,Die Linke im Bundestag,https://www.youtube.com/watch?v=AF5MKqRUoPQ
STGMi7ZpGZ8,SO Inkompetent Wie Andi Scheuer! LINKER RECHNET Mit Minister Ab!,2025-07-21T16:00:58Z,5884,622,120,PT4M44S,UC9YkSoqkMLb1nOYKAHov8zQ,Die Linke im Bundestag,https://www.youtube.com/watch?v=STGMi7ZpGZ8
bka6aq9AY3g,LINKE Sahra Mirow Entlarvt Dauer-Versagen! Die CDU Mit Merz Kann Es Nicht!,2025-07-20T16:01:02Z,4366,578,116,PT4M18S,UC9YkSoqkMLb1nOYKAHov8zQ,Die Linke im Bundestag,https://www.youtube.com/watch?v=bka6aq9AY3g
tkK6MtVLpXA,Caren Lay DECKT Abzocke AUF! Dieser Gruppe Gibt Die CDU Unsere Steuern!,2025-07-18T15:59:00Z,11817,1154,176,PT5M5S,UC9YkSoqkMLb1nOYKAHov8zQ,Die Linke im Bundestag,https://www.youtube.com/watch?v=tkK6MtVLpXA
sw2HoYoyd2E,Die ABSURDEN Ideen Des Merz! Die ÄRMSTEN Sollen Das Versagen Ausbaden!,2025-07-17T11:27:16Z,13043,1495,205,PT1M,UC9YkSoqkMLb1nOYKAHov8zQ,Die Linke im Bundestag,https://www.youtube.com/watch?v=sw2HoYoyd2E
gmaIIaFpC0k,LINKE Führt Merz-Pläne Vor! BÜRGER Werden Arm Gehalten!,2025-07-16T15:04:46Z,7468,856,189,PT4M17S,UC9YkSoqkMLb1nOYKAHov8zQ,Die Linke im Bundestag,https://www.youtube.com/watch?v=gmaIIaFpC0k
GgJDcGHoG2s,Finanzexperte ZERFETZT Merz-Haushalt! CDU Plant ABSURDE Steuerverschwendung!,2025-07-15T14:11:29Z,14406,1004,146,PT2M54S,UC9YkSoqkMLb1nOYKAHov8zQ,Die Linke im Bundestag,https://www.youtube.com/watch?v=GgJDcGHoG2s
zAtbn0tRTEM,Einfach ERBÄRMLICH Von Merz & Co.! Menschen Sind KEINE ZIRKUSCLOWNS!,2025-07-15T13:36:38Z,30721,3054,519,PT59S,UC9YkSoqkMLb1nOYKAHov8zQ,Die Linke im Bundestag,https://www.youtube.com/watch?v=zAtbn0tRTEM
fqBDUZABT2A,"KLARTEXT Im Bundestag! SO Stemmen LINKE Sich Gegen Merz, Weidel & Co.!",2025-07-14T13:37:05Z,51792,4215,511,PT2M10S,UC9YkSoqkMLb1nOYKAHov8zQ,Die Linke im Bundestag,https://www.youtube.com/watch?v=fqBDUZABT2A
8jmJ7cRxxzA,Jogginghose Statt PORSCHE Im VATIKAN! Ferat Kocak Bleibt Stabil!,2025-07-13T09:30:08Z,10436,1104,114,PT1M52S,UC9YkSoqkMLb1nOYKAHov8zQ,Die Linke im Bundestag,https://www.youtube.com/watch?v=8jmJ7cRxxzA
R53t_qQnLag,SO VERSAGT Die Merz-Regierung! Rettungskraft Zeigt CDU Die REALITÄT!,2025-07-12T17:00:29Z,12297,1276,162,PT2M32S,UC9YkSoqkMLb1nOYKAHov8zQ,Die Linke im Bundestag,https://www.youtube.com/watch?v=R53t_qQnLag
wcE2O56tTtE,SO Gefährdet Spahn Mit Der CDU Den Rechtsstaat!,2025-07-12T12:35:35Z,13936,1798,176,PT1M44S,UC9YkSoqkMLb1nOYKAHov8zQ,Die Linke im Bundestag,https://www.youtube.com/watch?v=wcE2O56tTtE
1XsyhT1isGY,Heidi Reichinnek Hält WUTREDE! CDU So Inkompetent Wie Trump!,2025-07-11T14:40:24Z,35270,3076,714,PT3M10S,UC9YkSoqkMLb1nOYKAHov8zQ,Die Linke im Bundestag,https://www.youtube.com/watch?v=1XsyhT1isGY
u6Wpp5-1VCo,Rechtsstaat NICHT VERHANDELBAR! Jüngster Bundestagsabgeordneter Spricht Klartext Zu Maja T.!,2025-07-11T06:18:53Z,10900,984,235,PT1M13S,UC9YkSoqkMLb1nOYKAHov8zQ,Die Linke im Bundestag,https://www.youtube.com/watch?v=u6Wpp5-1VCo
93STHG93vHA,Janine Wissler ENTHÜLLT Neue Lobby-Verstrickungen Der CDU! Schlimmer Als Gedacht!,2025-07-10T16:53:58Z,65723,5178,604,PT5M33S,UC9YkSoqkMLb1nOYKAHov8zQ,Die Linke im Bundestag,https://www.youtube.com/watch?v=93STHG93vHA
xcRcmHskY7U,LINKE Aus Jens Spahns Wahlkreis Schlägt ALARM! Umgang Mit Natur BRANDGEFÄHRLICH!,2025-07-10T13:02:57Z,5218,579,78,PT2M58S,UC9YkSoqkMLb1nOYKAHov8zQ,Die Linke im Bundestag,https://www.youtube.com/watch?v=xcRcmHskY7U
eAPpn0_5IzE,Ines Schwerdtner BLAMIERT Die AfD! Ihre Wähler Sollten Das NICHT Wissen!,2025-07-09T17:00:55Z,194967,9720,1422,PT8M18S,UC9YkSoqkMLb1nOYKAHov8zQ,Die Linke im Bundestag,https://www.youtube.com/watch?v=eAPpn0_5IzE
HjZXdziZ0i8,SO SCHLECHT Ist Der Staatshaushalt Durchdacht! Heidi Reichinnek KLÄRT AUF!,2025-07-09T16:46:56Z,15596,1849,170,PT1M26S,UC9YkSoqkMLb1nOYKAHov8zQ,Die Linke im Bundestag,https://www.youtube.com/watch?v=HjZXdziZ0i8
J1Cw5hrnoUA,Heidi Reichinnek ENTLARVT Die HEUCHELEI! Merz & Co. SPRACHLOS!,2025-07-09T12:50:19Z,121931,9115,1555,PT10M33S,UC9YkSoqkMLb1nOYKAHov8zQ,Die Linke im Bundestag,https://www.youtube.com/watch?v=J1Cw5hrnoUA
xTigO_IjEd0,LINKS LIVE Aus Dem Bundestag! 9:00 - 17:30,2025-07-09T11:13:05Z,3551,223,35,PT4H8M58S,UC9YkSoqkMLb1nOYKAHov8zQ,Die Linke im Bundestag,https://www.youtube.com/watch?v=xTigO_IjEd0
QQU6iOdVsfw,Dietmar Bartsch Spricht KLARTEXT! Merz RUINIERT Unseren Wohlstand!,2025-07-08T17:57:43Z,112507,5015,847,PT6M7S,UC9YkSoqkMLb1nOYKAHov8zQ,Die Linke im Bundestag,https://www.youtube.com/watch?v=QQU6iOdVsfw
ugQ6xScgn6w,Ines Schwerdtner DEMONTIERT CDU-Ministerin GNADENLOS! Wohlstandsvernichtung Aufgedeckt!,2025-07-08T13:40:24Z,47068,3843,530,PT4M11S,UC9YkSoqkMLb1nOYKAHov8zQ,Die Linke im Bundestag,https://www.youtube.com/watch?v=ugQ6xScgn6w
0n9z9OSEcSg,SPAHNS Maskenaffäre Aufgedeckt! SO TIEF Ist Der Sumpf Bei CDU/CSU!,2025-07-08T11:30:33Z,9792,1221,98,PT1M21S,UC9YkSoqkMLb1nOYKAHov8zQ,Die Linke im Bundestag,https://www.youtube.com/watch?v=0n9z9OSEcSg
pN5BWsC8kVo,CDU Arbeitet GEGEN BÜRGER! Heidi Reichinnek Deckt UNWÜRDIGES SPEKTAKEL Auf!,2025-07-07T16:57:18Z,18273,1734,369,PT7M16S,UC9YkSoqkMLb1nOYKAHov8zQ,Die Linke im Bundestag,https://www.youtube.com/watch?v=pN5BWsC8kVo
YwYsbA_R7iA,Pressekonferenz DIE LINKE im Bundestag,2025-07-07T12:57:15Z,3782,423,76,PT8M46S,UC9YkSoqkMLb1nOYKAHov8zQ,Die Linke im Bundestag,https://www.youtube.com/watch?v=YwYsbA_R7iA
8tIgT_fFto8,Das Leben Muss Bezahlbar Werden! LINKE Politikerinnen Kämpfen Für Euer Geld!,2025-07-06T16:41:35Z,5617,881,72,PT58S,UC9YkSoqkMLb1nOYKAHov8zQ,Die Linke im Bundestag,https://www.youtube.com/watch?v=8tIgT_fFto8
yW5blRcGA7M,AfD und CDU Erzählen Sündenbock-Märchen! Ferat Kocak Entlarvt Heuchelei!,2025-07-05T13:36:48Z,18003,1415,362,PT3M12S,UC9YkSoqkMLb1nOYKAHov8zQ,Die Linke im Bundestag,https://www.youtube.com/watch?v=yW5blRcGA7M
-mwrSlcInOw,Merz-Regierung Macht Uns Arm! Heidi Reichinnek Spricht KLARTEXT!,2025-07-04T17:20:53Z,11106,1462,363,PT11M18S,UC9YkSoqkMLb1nOYKAHov8zQ,Die Linke im Bundestag,https://www.youtube.com/watch?v=-mwrSlcInOw
jJr5lUFJuqg,Deckel drauf! Mietengipfel der Linksfraktion,2025-07-04T15:27:59Z,6169,478,32,PT4H17M50S,UC9YkSoqkMLb1nOYKAHov8zQ,Die Linke im Bundestag,https://www.youtube.com/watch?v=jJr5lUFJuqg
LTy68NL-v9Q,AfD & CDU Halten Wenig Von Demokratie Und Freiheit!,2025-07-04T07:42:11Z,11477,1244,166,PT56S,UC9YkSoqkMLb1nOYKAHov8zQ,Die Linke im Bundestag,https://www.youtube.com/watch?v=LTy68NL-v9Q
CrFZ_K1bUpg,AfD Völlig Außer Sich! LINKE Stellt Rechsextremisten Bloss!,2025-07-03T15:13:31Z,10523,1324,327,PT5M37S,UC9YkSoqkMLb1nOYKAHov8zQ,Die Linke im Bundestag,https://www.youtube.com/watch?v=CrFZ_K1bUpg
a0WWr5OPVKw,Wir wollen EURE Meinung hören! Kommt zum MIETENGIPFEL in Berlin! (mit @CarenLay1),2025-07-01T12:39:23Z,6426,857,58,PT35S,UC9YkSoqkMLb1nOYKAHov8zQ,Die Linke im Bundestag,https://www.youtube.com/watch?v=a0WWr5OPVKw
2M-lXe-Ndpg,Spahn MUSS Endlich Zurücktreten!,2025-06-28T17:54:16Z,45741,4513,746,PT5M10S,UC9YkSoqkMLb1nOYKAHov8zQ,Die Linke im Bundestag,https://www.youtube.com/watch?v=2M-lXe-Ndpg
uRzWjMeIMn0,Die CDU Ist Kläglich GESCHEITERT!,2025-06-28T13:30:59Z,10212,1590,149,PT1M47S,UC9YkSoqkMLb1nOYKAHov8zQ,Die Linke im Bundestag,https://www.youtube.com/watch?v=uRzWjMeIMn0
WFG9CAKA8xk,"""2,3 Mrd Euro!"" Ines & Ates Nehmen Jens Spahn In Die Mangel!",2025-06-27T11:30:34Z,56238,4078,209,PT1M39S,UC9YkSoqkMLb1nOYKAHov8zQ,Die Linke im Bundestag,https://www.youtube.com/watch?v=WFG9CAKA8xk
aKE2aVPUzuw,Heidi Reichinnek & Sören Pellmann Haben Genug Von Den Machenschaften Der Merz-CDU!,2025-06-27T04:59:45Z,25409,2047,1512,PT7M57S,UC9YkSoqkMLb1nOYKAHov8zQ,Die Linke im Bundestag,https://www.youtube.com/watch?v=aKE2aVPUzuw
Yun5S6PqE_I,Sören Pellmann Spricht KLARTEXT Für Junge Menschen!,2025-06-26T13:15:04Z,5213,845,93,PT1M44S,UC9YkSoqkMLb1nOYKAHov8zQ,Die Linke im Bundestag,https://www.youtube.com/watch?v=Yun5S6PqE_I
jLSHHfOCnKI,Heidi Zeigt Den WAHNSINN Den Merz Anrichtet!,2025-06-26T07:57:03Z,7801,1228,145,PT1M25S,UC9YkSoqkMLb1nOYKAHov8zQ,Die Linke im Bundestag,https://www.youtube.com/watch?v=jLSHHfOCnKI
ngkmjCrFHCs,Spahn-Bericht Ist Eine FRECHHEIT! Heidi Reichinnek Spricht KLARTEXT!,2025-06-25T14:01:20Z,30050,2242,563,PT2M28S,UC9YkSoqkMLb1nOYKAHov8zQ,Die Linke im Bundestag,https://www.youtube.com/watch?v=ngkmjCrFHCs
014mtzeVspE,MERZ Hat Weder Ideen Noch Verantwortung! Linker PELLMANN Hat Genug!,2025-06-25T06:00:01Z,6251,595,45,PT49S,UC9YkSoqkMLb1nOYKAHov8zQ,Die Linke im Bundestag,https://www.youtube.com/watch?v=014mtzeVspE
k_EUDPIQY1E,SO DREIST Ist Jens Spahn! Heidi Reichinnek Platzt Der Kragen!,2025-06-24T16:59:07Z,51924,3875,320,PT1M9S,UC9YkSoqkMLb1nOYKAHov8zQ,Die Linke im Bundestag,https://www.youtube.com/watch?v=k_EUDPIQY1E
vFnL99NYFfM,RECHTSEXTREME Bekämpfen Fahnen! CDU Macht Sich Mitschuldig!,2025-06-23T15:40:49Z,2131,396,127,PT2M9S,UC9YkSoqkMLb1nOYKAHov8zQ,Die Linke im Bundestag,https://www.youtube.com/watch?v=vFnL99NYFfM
aSCSPMbKpmE,Wer Macht Die DRECKSARBEIT Für Rechtsextreme Im Bundestag?,2025-06-23T06:48:24Z,6192,725,87,PT1M9S,UC9YkSoqkMLb1nOYKAHov8zQ,Die Linke im Bundestag,https://www.youtube.com/watch?v=aSCSPMbKpmE
HBOvIozfwss,DEMOKRATIE Vor Musk Und Co. Verteidigen! Keine ERBENREGIERUNG!,2025-06-22T07:00:28Z,4184,852,65,PT1M24S,UC9YkSoqkMLb1nOYKAHov8zQ,Die Linke im Bundestag,https://www.youtube.com/watch?v=HBOvIozfwss
rasTq6rM0u0,SCHLUSS Mit Vorteilen Für Wenige! Gleiche CHANCEN Für Alle!,2025-06-21T07:00:54Z,6287,1084,81,PT1M6S,UC9YkSoqkMLb1nOYKAHov8zQ,Die Linke im Bundestag,https://www.youtube.com/watch?v=rasTq6rM0u0
NQJ9hRBeQA0,AfD Schäumt Vor Wut! Linken-Politikerin Stellt Ihre AHNUNGSLOSIGKEIT Bloß!,2025-06-20T10:19:59Z,11068,1063,169,PT3M21S,UC9YkSoqkMLb1nOYKAHov8zQ,Die Linke im Bundestag,https://www.youtube.com/watch?v=NQJ9hRBeQA0
Lw7dnOCXWn0,Politisches VERSAGEN Bei Geflüchteten! Klartext Von Clara Bünger!,2025-06-20T08:32:09Z,4014,692,88,PT1M9S,UC9YkSoqkMLb1nOYKAHov8zQ,Die Linke im Bundestag,https://www.youtube.com/watch?v=Lw7dnOCXWn0
pvNkpkGbfGk,Forscherin Deckt Organisierten Wohlstandsverlust auf!,2025-06-18T13:25:25Z,7755,1193,115,PT1M5S,UC9YkSoqkMLb1nOYKAHov8zQ,Die Linke im Bundestag,https://www.youtube.com/watch?v=pvNkpkGbfGk
JlcJxiR0BPw,Das Wollen RECHTE Vertuschen! EXPERTIN Deckt Täuschung AUF!,2025-06-17T16:35:33Z,8219,1464,400,PT4M12S,UC9YkSoqkMLb1nOYKAHov8zQ,Die Linke im Bundestag,https://www.youtube.com/watch?v=JlcJxiR0BPw
iVoHO4KaHdk,Heidi Reichinnek Deckt Auf! DAS Hat Merz Jetzt Gegen Unsere Kinder Vor!,2025-06-17T10:05:08Z,23012,3227,594,PT5M54S,UC9YkSoqkMLb1nOYKAHov8zQ,Die Linke im Bundestag,https://www.youtube.com/watch?v=iVoHO4KaHdk
WGtnQWzUqNw,Linker Sören Pellmann Deckt MERZ-PLAN Auf! IRRE Politik Gegen Uns Alle!,2025-06-16T12:45:04Z,7169,707,108,PT5M13S,UC9YkSoqkMLb1nOYKAHov8zQ,Die Linke im Bundestag,https://www.youtube.com/watch?v=WGtnQWzUqNw
juRkrlDsIZg,Gegen TRUMP-IRRSINN in Deutschland! Jan Van Aken VERTEIDIGT DEMOKRATIE!,2025-06-14T10:23:11Z,12986,1276,111,PT59S,UC9YkSoqkMLb1nOYKAHov8zQ,Die Linke im Bundestag,https://www.youtube.com/watch?v=juRkrlDsIZg
0MxV0RCSvMA,Jüngster Abgeordneter Hat Genug! Die JUGEND lässt sich nicht VERHEIZEN!,2025-06-12T17:30:00Z,55637,2798,511,PT2M24S,UC9YkSoqkMLb1nOYKAHov8zQ,Die Linke im Bundestag,https://www.youtube.com/watch?v=0MxV0RCSvMA
jOegfViN-ec,Massiver WOHLSTANDSVERLUST Steht Bevor! LINKER ENTLARVT Dieses Vorhaben der GROKO!,2025-06-12T12:48:15Z,11382,1156,266,PT3M22S,UC9YkSoqkMLb1nOYKAHov8zQ,Die Linke im Bundestag,https://www.youtube.com/watch?v=jOegfViN-ec
n_DySaQsPus,ABGEORDNETE komplett AHNUNGSLOS! LINKER Spricht Klartext!,2025-06-11T16:38:05Z,14901,1797,423,PT3M28S,UC9YkSoqkMLb1nOYKAHov8zQ,Die Linke im Bundestag,https://www.youtube.com/watch?v=n_DySaQsPus
fhiBI8t14zA,Jan Van Aken Hat Genug Und Prangert FEIGHEIT Der Groko An!,2025-06-08T15:56:35Z,12433,1499,300,PT3M21S,UC9YkSoqkMLb1nOYKAHov8zQ,Die Linke im Bundestag,https://www.youtube.com/watch?v=fhiBI8t14zA
K0eLp8rFeqM,Abgeordnete ERHÖHEN sich GEHALT um mehr als Bürgergeld-Regelsatz,2025-06-06T09:55:00Z,36341,2404,193,PT1M17S,UC9YkSoqkMLb1nOYKAHov8zQ,Die Linke im Bundestag,https://www.youtube.com/watch?v=K0eLp8rFeqM
EI2n6Mb9YXM,WIEDER 600€ Mehr Für Politiker! Jan van Aken Reagiert Mit WUTREDE!,2025-06-06T06:45:01Z,61050,3469,973,PT1M22S,UC9YkSoqkMLb1nOYKAHov8zQ,Die Linke im Bundestag,https://www.youtube.com/watch?v=EI2n6Mb9YXM
bRdGqhAzWs4,Schluss mit der VERACHTUNG gegenüber arbeitenden Menschen!,2025-06-05T11:39:51Z,11107,1516,105,PT1M35S,UC9YkSoqkMLb1nOYKAHov8zQ,Die Linke im Bundestag,https://www.youtube.com/watch?v=bRdGqhAzWs4
OaqqGJa_Ucs,Gregor Gysi: Machen wir es wie in BELGIEN und LUXEMBURG!,2025-06-05T09:30:13Z,19471,984,39,PT34S,UC9YkSoqkMLb1nOYKAHov8zQ,Die Linke im Bundestag,https://www.youtube.com/watch?v=OaqqGJa_Ucs
g8Gac6muoiM,Diese Regierung BRICHT DAS GESETZ,2025-06-04T15:30:21Z,6766,977,89,PT1M16S,UC9YkSoqkMLb1nOYKAHov8zQ,Die Linke im Bundestag,https://www.youtube.com/watch?v=g8Gac6muoiM
SltC-ga9-NI,Linken-Politikerin Caren Lay Deckt DOPPELMORAL Der Regierung Auf!,2025-06-04T12:30:36Z,3820,551,78,PT3M37S,UC9YkSoqkMLb1nOYKAHov8zQ,Die Linke im Bundestag,https://www.youtube.com/watch?v=SltC-ga9-NI
4IPWIXR2WuE,„Schauen Sie den Menschen IN DIE AUGEN!“,2025-06-04T12:13:24Z,12454,2045,312,PT1M29S,UC9YkSoqkMLb1nOYKAHov8zQ,Die Linke im Bundestag,https://www.youtube.com/watch?v=4IPWIXR2WuE
fGdVFc5wc2g,SCHAMLOS: POLITIKER-GEHÄLTER sollen weiter STEIGEN!,2025-06-03T17:17:44Z,7276,921,69,PT1M14S,UC9YkSoqkMLb1nOYKAHov8zQ,Die Linke im Bundestag,https://www.youtube.com/watch?v=fGdVFc5wc2g
4NnMrLGhRts,Politiker-Gehälter Sollen WIEDER Steigen! Heidi Und Sören Sprechen KLARTEXT!,2025-06-03T15:17:41Z,18784,2287,725,PT9M41S,UC9YkSoqkMLb1nOYKAHov8zQ,Die Linke im Bundestag,https://www.youtube.com/watch?v=4NnMrLGhRts
FInQNYBV90U,Forstwirt Marcel Bauer STELLT AfD BLOSS Und Zeigt Was LANDWIRTE Wirklich Brauchen!,2025-05-28T12:30:33Z,13999,1611,415,PT5M6S,UC9YkSoqkMLb1nOYKAHov8zQ,Die Linke im Bundestag,https://www.youtube.com/watch?v=FInQNYBV90U
P72a1ZBF9Ns,AfD Hat Keine Ahnung Von ATOMKRAFT! Geniale REDE Von Linken-Politikerin Mareike Hermeier!,2025-05-27T10:09:26Z,27067,2112,589,PT3M50S,UC9YkSoqkMLb1nOYKAHov8zQ,Die Linke im Bundestag,https://www.youtube.com/watch?v=P72a1ZBF9Ns
TB5ysSwXU7Q,Linke Entlarvt CDU IRREFÜHRUNG!,2025-05-25T12:18:28Z,5058,644,43,PT55S,UC9YkSoqkMLb1nOYKAHov8zQ,Die Linke im Bundestag,https://www.youtube.com/watch?v=TB5ysSwXU7Q
PsJaHjkMN8I,"Städte BLUTEN AUS, REGIERUNG Guckt Weg! Linker SPRICHT KLARTEXT!",2025-05-24T18:15:05Z,3838,641,48,PT1M8S,UC9YkSoqkMLb1nOYKAHov8zQ,Die Linke im Bundestag,https://www.youtube.com/watch?v=PsJaHjkMN8I
Q7oPyrD3qOg,CDU Gegen Rechtsstaat! Linke FÜHRT Immobilienverteter VOR!,2025-05-24T11:16:08Z,5192,545,44,PT57S,UC9YkSoqkMLb1nOYKAHov8zQ,Die Linke im Bundestag,https://www.youtube.com/watch?v=Q7oPyrD3qOg
XXqWeCtyo2c,Märchenstunde Aufgedeckt! Linken-Politikerin Caren Lay Reagiert Auf CDU!,2025-05-23T12:06:40Z,4079,647,105,PT2M45S,UC9YkSoqkMLb1nOYKAHov8zQ,Die Linke im Bundestag,https://www.youtube.com/watch?v=XXqWeCtyo2c
yQWNhZ_yE4c,"""Sie würden den Einbürgeruntstest nicht bestehen!"" FERAT KOCAK blamiert AfD",2025-05-23T10:15:12Z,5298,808,46,PT1M21S,UC9YkSoqkMLb1nOYKAHov8zQ,Die Linke im Bundestag,https://www.youtube.com/watch?v=yQWNhZ_yE4c
vLRm6p5rlbg,Linker TREIBT AfD Zur WEISSGLUT! Ferat Kocak NIMMT Sie AUSEINANDER!,2025-05-22T16:29:19Z,74267,4368,913,PT3M24S,UC9YkSoqkMLb1nOYKAHov8zQ,Die Linke im Bundestag,https://www.youtube.com/watch?v=vLRm6p5rlbg
SuHGyXSqXbs,CDU TOBT Als Linken-Politikerin Sie Vorführt! Janine Wissler Hält WUTREDE!,2025-05-22T11:05:58Z,112668,9509,1247,PT6M29S,UC9YkSoqkMLb1nOYKAHov8zQ,Die Linke im Bundestag,https://www.youtube.com/watch?v=SuHGyXSqXbs
1soSbPtBNlA,Armut durch Miete? Schluss damit!,2025-05-21T19:36:29Z,3132,516,43,PT1M50S,UC9YkSoqkMLb1nOYKAHov8zQ,Die Linke im Bundestag,https://www.youtube.com/watch?v=1soSbPtBNlA
S07avAKac-E,"Heidi Reichinnek Spricht KLARTEXT! ""Wir Stoppen Die AfD!""",2025-05-20T16:17:11Z,8652,967,701,PT16M4S,UC9YkSoqkMLb1nOYKAHov8zQ,Die Linke im Bundestag,https://www.youtube.com/watch?v=S07avAKac-E
xngcn5W5vvA,SO KORRUPT ist die Merz-Regierung - LINKE DECKT Unfassbares Verhalten Von Minister AUF!,2025-05-20T09:12:20Z,23730,1656,257,PT2M10S,UC9YkSoqkMLb1nOYKAHov8zQ,Die Linke im Bundestag,https://www.youtube.com/watch?v=xngcn5W5vvA
VVTsoGUway0,LINKE entlarvt die ARROGANZ von Friedrich Merz - Cansin Köktürk HAT GENUG!,2025-05-19T16:30:05Z,34468,2551,451,PT2M52S,UC9YkSoqkMLb1nOYKAHov8zQ,Die Linke im Bundestag,https://www.youtube.com/watch?v=VVTsoGUway0
s7T5q1o8O-I,Linken Politiker ZERREISST CDU-Pläne! Jens Spahn Bloßgestellt!,2025-05-19T12:50:04Z,8130,1080,203,PT5M52S,UC9YkSoqkMLb1nOYKAHov8zQ,Die Linke im Bundestag,https://www.youtube.com/watch?v=s7T5q1o8O-I
Kx3GH5udgMw,ERSTE REDE Von Charlotte Neuhäuser im Bundestag mit KLARER ANSAGE!,2025-05-18T12:52:49Z,7754,899,156,PT3M6S,UC9YkSoqkMLb1nOYKAHov8zQ,Die Linke im Bundestag,https://www.youtube.com/watch?v=Kx3GH5udgMw
JhMNj347ihA,Wer wirklich verliert: Ines Schwerdtner entlarvt rechte Wirtschaftsideologie,2025-05-18T09:07:46Z,4201,530,49,PT38S,UC9YkSoqkMLb1nOYKAHov8zQ,Die Linke im Bundestag,https://www.youtube.com/watch?v=JhMNj347ihA
zbapZys-l8I,Merz Verhöhnt Arbeiter - Anne Zerr Platzt Der Kragen!,2025-05-16T17:00:10Z,64681,2771,536,PT3M28S,UC9YkSoqkMLb1nOYKAHov8zQ,Die Linke im Bundestag,https://www.youtube.com/watch?v=zbapZys-l8I
UWTrIioD7Lk,Echte Krankenschwester Im Bundestag: Julia Stange Sagt ENDLICH Was Gesagt Werden Muss!,2025-05-16T12:15:05Z,9805,1001,113,PT2M24S,UC9YkSoqkMLb1nOYKAHov8zQ,Die Linke im Bundestag,https://www.youtube.com/watch?v=UWTrIioD7Lk
hg_nNRy34Tk,Stella Merendino PACKT AUS: Arbeitsalltag in der PFLEGE KAUM ERTRÄGLICH!,2025-05-15T17:50:58Z,82429,4242,588,PT2M41S,UC9YkSoqkMLb1nOYKAHov8zQ,Die Linke im Bundestag,https://www.youtube.com/watch?v=hg_nNRy34Tk
rIIxGJYKZCs,Katastrophale Zustände - Pflegekraft im Bundestag packt aus!,2025-05-15T17:24:28Z,14158,1095,47,PT1M3S,UC9YkSoqkMLb1nOYKAHov8zQ,Die Linke im Bundestag,https://www.youtube.com/watch?v=rIIxGJYKZCs
ZVwnwlo316s,Ines Schwerdtner BLAMIERT Jens Spahn und spricht KLARTEXT,2025-05-15T13:15:54Z,70323,5679,650,PT3M39S,UC9YkSoqkMLb1nOYKAHov8zQ,Die Linke im Bundestag,https://www.youtube.com/watch?v=ZVwnwlo316s
bL-HutWQGvI,Heidi Reichinnek DREHT Merz AUF LINKS,2025-05-14T18:59:47Z,35539,2971,859,PT9M1S,UC9YkSoqkMLb1nOYKAHov8zQ,Die Linke im Bundestag,https://www.youtube.com/watch?v=bL-HutWQGvI
BUeAX_Il7z4,Sören Pellmann Hat Genug - GroKo VERGISST Ostdeutschland!,2025-05-14T16:29:37Z,2581,357,62,PT6M23S,UC9YkSoqkMLb1nOYKAHov8zQ,Die Linke im Bundestag,https://www.youtube.com/watch?v=BUeAX_Il7z4
850Nqxxj_uc,SO linksradikal ist Heidi REICHINNEK,2025-05-13T18:41:02Z,7674,1372,153,PT1M5S,UC9YkSoqkMLb1nOYKAHov8zQ,Die Linke im Bundestag,https://www.youtube.com/watch?v=850Nqxxj_uc
LCxSrEgwy2E,Heidi Reichinnek Und Sören Pellmann RECHNEN Mit Der GroKo AB!,2025-05-13T15:49:44Z,6809,671,296,PT17M42S,UC9YkSoqkMLb1nOYKAHov8zQ,Die Linke im Bundestag,https://www.youtube.com/watch?v=LCxSrEgwy2E
OW1c7cdI5pA,Sören PELLMANN rechnet mit RECHTSEXTREMEN ab,2025-05-10T17:24:06Z,3091,324,66,PT15M32S,UC9YkSoqkMLb1nOYKAHov8zQ,Die Linke im Bundestag,https://www.youtube.com/watch?v=OW1c7cdI5pA
z1HWpw_9nTI,HEIDI Reichinnek entlarvt den KAPITALISMUS,2025-05-10T08:49:19Z,2436,271,145,PT13M59S,UC9YkSoqkMLb1nOYKAHov8zQ,Die Linke im Bundestag,https://www.youtube.com/watch?v=z1HWpw_9nTI
hgLAzl3iueI,Nach Merz-Blamage! Linken-Politiker ENTLARVT Lügen Der AfD!,2025-05-08T16:22:13Z,6444,443,100,PT3M2S,UC9YkSoqkMLb1nOYKAHov8zQ,Die Linke im Bundestag,https://www.youtube.com/watch?v=hgLAzl3iueI
tl8ibD5q3W4,Merz VERSAGT von Beginn,2025-05-07T09:08:38Z,3985,643,44,PT1M29S,UC9YkSoqkMLb1nOYKAHov8zQ,Die Linke im Bundestag,https://www.youtube.com/watch?v=tl8ibD5q3W4
_nLBJvToETA,"""Das ist eine RESTERAMPE Koalition!"" Heidi, Sören & Ines zur Schlappe von Merz!",2025-05-06T19:27:27Z,18849,1161,331,PT5M32S,UC9YkSoqkMLb1nOYKAHov8zQ,Die Linke im Bundestag,https://www.youtube.com/watch?v=_nLBJvToETA
iu9tA_Png0I,SO peinlich wird die nächste REGIERUNG,2025-05-06T08:07:31Z,4697,883,48,PT1M14S,UC9YkSoqkMLb1nOYKAHov8zQ,Die Linke im Bundestag,https://www.youtube.com/watch?v=iu9tA_Png0I
RWP3ZGdON0Y,#1Mai – Wir stehen an eurer Seite!,2025-05-01T12:48:07Z,1895,204,22,PT1M22S,UC9YkSoqkMLb1nOYKAHov8zQ,Die Linke im Bundestag,https://www.youtube.com/watch?v=RWP3ZGdON0Y
lrTEIebd47g,So EGAL ist ARMUT für CDU & SPD,2025-04-29T13:39:54Z,7188,1032,106,PT1M29S,UC9YkSoqkMLb1nOYKAHov8zQ,Die Linke im Bundestag,https://www.youtube.com/watch?v=lrTEIebd47g
-gx68rrWUuo,Wir wollen eine Zukunft ohne ALTERSARMUT!,2025-04-11T05:15:00Z,3100,412,45,PT32S,UC9YkSoqkMLb1nOYKAHov8zQ,Die Linke im Bundestag,https://www.youtube.com/watch?v=-gx68rrWUuo
fFdQzFbwN_M,Bayerns Prioritäten-FAIL: Raumfahrt wichtiger als KINDER?,2025-04-10T16:30:13Z,5249,400,40,PT24S,UC9YkSoqkMLb1nOYKAHov8zQ,Die Linke im Bundestag,https://www.youtube.com/watch?v=fFdQzFbwN_M
Zsh7N7PaJx8,Militarisierung & SOZIALABBAU ebnen Weg für Rechts!,2025-04-10T12:15:03Z,1187,179,9,PT1M5S,UC9YkSoqkMLb1nOYKAHov8zQ,Die Linke im Bundestag,https://www.youtube.com/watch?v=Zsh7N7PaJx8
vwwdolI8ing,Rechte bekämpft man mit einer guten SOZIALPOLITIK,2025-04-10T05:30:20Z,4513,291,26,PT23S,UC9YkSoqkMLb1nOYKAHov8zQ,Die Linke im Bundestag,https://www.youtube.com/watch?v=vwwdolI8ing
ctxkjDU17j8,MIETPREISBREMSE – alles nur Kosmetik?,2025-04-09T18:30:34Z,2172,237,16,PT19S,UC9YkSoqkMLb1nOYKAHov8zQ,Die Linke im Bundestag,https://www.youtube.com/watch?v=ctxkjDU17j8
COP6n-g_lHs,"Koalitionsvertrag von CDU, CSU & SPD: Die Menschen verdienen etwas Besseres! (Pressestatement)",2025-04-09T15:46:53Z,14692,1056,202,PT15M51S,UC9YkSoqkMLb1nOYKAHov8zQ,Die Linke im Bundestag,https://www.youtube.com/watch?v=COP6n-g_lHs
9Wj3Js7NIBY,Kubicki OHNE CHANCE gegen Heidi Reichinnek,2025-04-09T09:24:59Z,17722,1033,147,PT54S,UC9YkSoqkMLb1nOYKAHov8zQ,Die Linke im Bundestag,https://www.youtube.com/watch?v=9Wj3Js7NIBY
fV-9tdgDD3o,Was Spanien besser kann,2025-04-04T18:22:23Z,4058,142,14,PT1M35S,UC9YkSoqkMLb1nOYKAHov8zQ,Die Linke im Bundestag,https://www.youtube.com/watch?v=fV-9tdgDD3o
VZH4DYVSJLw,Kindheitstraum Bundestag,2025-04-03T11:58:46Z,3307,248,15,PT58S,UC9YkSoqkMLb1nOYKAHov8zQ,Die Linke im Bundestag,https://www.youtube.com/watch?v=VZH4DYVSJLw
8hCPFcc0pds,Starke Stimme für Gerechtigkeit im Bundestag: Ferat Koçak,2025-04-01T14:00:09Z,2846,227,36,PT1M10S,UC9YkSoqkMLb1nOYKAHov8zQ,Die Linke im Bundestag,https://www.youtube.com/watch?v=8hCPFcc0pds
emqjFzBMD9s,Pressekonferenz Die Linke im Bundestag,2025-03-29T00:04:18Z,2934,326,56,PT30M25S,UC9YkSoqkMLb1nOYKAHov8zQ,Die Linke im Bundestag,https://www.youtube.com/watch?v=emqjFzBMD9s
TEUOWwhf2PM,So senkst du die MIETE | Bald auch in deiner Stadt | Die Linke,2025-03-28T12:45:37Z,1029,141,13,PT47S,UC9YkSoqkMLb1nOYKAHov8zQ,Die Linke im Bundestag,https://www.youtube.com/watch?v=TEUOWwhf2PM
Uis8tC6vGww,Nahe bei den Menschen im Bundestag: Cansın Köktürk | Die Linke,2025-03-27T13:16:39Z,3769,240,38,PT49S,UC9YkSoqkMLb1nOYKAHov8zQ,Die Linke im Bundestag,https://www.youtube.com/watch?v=Uis8tC6vGww
ObhaEtGipAg,WIR sind hier für EUCH: Die Linke im Bundestag,2025-03-26T17:47:38Z,6640,609,153,PT1M35S,UC9YkSoqkMLb1nOYKAHov8zQ,Die Linke im Bundestag,https://www.youtube.com/watch?v=ObhaEtGipAg
kNKvTq8kpzI,Bodenständig trotz Bundestag: Stella Merendino | Die Linke,2025-03-26T11:49:09Z,2426,235,24,PT42S,UC9YkSoqkMLb1nOYKAHov8zQ,Die Linke im Bundestag,https://www.youtube.com/watch?v=kNKvTq8kpzI
f5fLe4uAH0k,Es ist so weit: wir sind zurück mit neuer Stärke!,2025-03-25T18:03:50Z,1700,269,24,PT57S,UC9YkSoqkMLb1nOYKAHov8zQ,Die Linke im Bundestag,https://www.youtube.com/watch?v=f5fLe4uAH0k
sCHf-MxPNTg,Gregor Gysis Rede als Alterspräsident,2025-03-25T11:41:13Z,4564,287,50,PT37M5S,UC9YkSoqkMLb1nOYKAHov8zQ,Die Linke im Bundestag,https://www.youtube.com/watch?v=sCHf-MxPNTg
YsaP1GHYM_E,"Heidi Reichinnek: hart zu den Reichen, fair zu den Armen",2025-03-24T21:42:36Z,43097,1011,296,PT1M12S,UC9YkSoqkMLb1nOYKAHov8zQ,Die Linke im Bundestag,https://www.youtube.com/watch?v=YsaP1GHYM_E
g05w_SbteaM,Die Linke im Bundestag: Unsere ersten Aufgaben der Wahlperiode,2025-03-24T15:19:52Z,1949,231,34,PT8M59S,UC9YkSoqkMLb1nOYKAHov8zQ,Die Linke im Bundestag,https://www.youtube.com/watch?v=g05w_SbteaM
TJfCtqISXOM,Bundestag beschließt Militarisierung - Sozialkürzungen stehen bevor,2025-03-19T15:10:57Z,940,151,20,PT2M30S,UC9YkSoqkMLb1nOYKAHov8zQ,Die Linke im Bundestag,https://www.youtube.com/watch?v=TJfCtqISXOM
_hR76V2BDwY,Nein zum gigantischen Aufrüstungsblankoscheck!,2025-03-19T09:32:03Z,1357,239,49,PT7M39S,UC9YkSoqkMLb1nOYKAHov8zQ,Die Linke im Bundestag,https://www.youtube.com/watch?v=_hR76V2BDwY
ju7NuKSjbsE,Junge Abgeordnete fassungslos über Merz' Schuldendeal,2025-03-18T06:00:35Z,1341,215,28,PT1M24S,UC9YkSoqkMLb1nOYKAHov8zQ,Die Linke im Bundestag,https://www.youtube.com/watch?v=ju7NuKSjbsE
Bp1PN92-xGo,"Finanzpaket von Union, SPD und Grünen; Einberufung des Bundestages",2025-03-17T15:20:08Z,4722,316,99,PT10M31S,UC9YkSoqkMLb1nOYKAHov8zQ,Die Linke im Bundestag,https://www.youtube.com/watch?v=Bp1PN92-xGo
O_mH4AGjUQ0,Grundgesetzänderung wird durchgepeitscht - kein Comeback des grünen Rückgrats,2025-03-14T17:13:13Z,3357,305,58,PT4M27S,UC9YkSoqkMLb1nOYKAHov8zQ,Die Linke im Bundestag,https://www.youtube.com/watch?v=O_mH4AGjUQ0
6TrEaxHoFho,Grenzenlose Militarisierung auf Kosten von Alltagsproblemen,2025-03-13T19:10:28Z,1452,258,20,PT1M47S,UC9YkSoqkMLb1nOYKAHov8zQ,Die Linke im Bundestag,https://www.youtube.com/watch?v=6TrEaxHoFho
5_HWsYZPu4Y,Heidi Reichinnek übersetzt das Sondierungspapier - Heute: Rente,2025-03-13T09:21:22Z,1063,213,21,PT2M59S,UC9YkSoqkMLb1nOYKAHov8zQ,Die Linke im Bundestag,https://www.youtube.com/watch?v=5_HWsYZPu4Y
pnbUvAhWaek,Kein Respekt vor dem Wahlergebnis!,2025-03-12T18:23:41Z,1191,139,26,PT1M11S,UC9YkSoqkMLb1nOYKAHov8zQ,Die Linke im Bundestag,https://www.youtube.com/watch?v=pnbUvAhWaek
jbmyzo-I5-Y,Wofür dann überhaupt WÄHLEN?,2025-03-12T15:04:45Z,2278,402,48,PT6M34S,UC9YkSoqkMLb1nOYKAHov8zQ,Die Linke im Bundestag,https://www.youtube.com/watch?v=jbmyzo-I5-Y
x0ceI3r37vw,Regierung unter Merz: schon jetzt Totalausfall für Mieterinnen und Mieter,2025-03-11T07:22:05Z,1228,249,22,PT57S,UC9YkSoqkMLb1nOYKAHov8zQ,Die Linke im Bundestag,https://www.youtube.com/watch?v=x0ceI3r37vw
QZTN0djBDKo,"Sind Miete, Preise und Wahlen der neuen Regierung egal?",2025-03-10T18:02:49Z,957,101,7,PT1M2S,UC9YkSoqkMLb1nOYKAHov8zQ,Die Linke im Bundestag,https://www.youtube.com/watch?v=QZTN0djBDKo
LHBObdAOHb0,Die Linke im Bundestag klagt gegen die Sondersitzungen,2025-03-10T15:34:12Z,7418,721,117,PT10M53S,UC9YkSoqkMLb1nOYKAHov8zQ,Die Linke im Bundestag,https://www.youtube.com/watch?v=LHBObdAOHb0
ZCQZ4TzNpso,Alltagssorgen sind CDU und SPD egal,2025-03-10T09:28:00Z,2403,263,29,PT21S,UC9YkSoqkMLb1nOYKAHov8zQ,Die Linke im Bundestag,https://www.youtube.com/watch?v=ZCQZ4TzNpso
BHE02Y_EPAo,Unglaublich: 30 Jahren Stillstand bei Frauenrechten!,2025-03-07T17:57:04Z,535,98,12,PT1M52S,UC9YkSoqkMLb1nOYKAHov8zQ,Die Linke im Bundestag,https://www.youtube.com/watch?v=BHE02Y_EPAo
MgladDDj0E0,Pressestatement: die Schuldenbremse muss weg!,2025-03-05T16:09:25Z,2109,279,58,PT8M2S,UC9YkSoqkMLb1nOYKAHov8zQ,Die Linke im Bundestag,https://www.youtube.com/watch?v=MgladDDj0E0
tHsEjUMM5r4,CDU lügt jahrzehntelang,2025-03-05T15:44:03Z,650,157,11,PT1M15S,UC9YkSoqkMLb1nOYKAHov8zQ,Die Linke im Bundestag,https://www.youtube.com/watch?v=tHsEjUMM5r4
V23TO1Zrc38,Mit 551 Fragen setzt die #CDU zahlreiche antifaschistische Organisationen unter Druck.,2025-02-28T14:25:43Z,921,128,20,PT1M38S,UC9YkSoqkMLb1nOYKAHov8zQ,Die Linke im Bundestag,https://www.youtube.com/watch?v=V23TO1Zrc38
jKMyueZh6jE,"Die neuen Abgeordneten der Fraktion Die Linke: jünger, weiblicher und an eurer Seite, wie immer!",2025-02-27T15:38:01Z,1594,287,35,PT58S,UC9YkSoqkMLb1nOYKAHov8zQ,Die Linke im Bundestag,https://www.youtube.com/watch?v=jKMyueZh6jE
Od4f8osJMD0,Wir sind wieder Fraktion!,2025-02-25T14:33:33Z,22534,2101,293,PT14M6S,UC9YkSoqkMLb1nOYKAHov8zQ,Die Linke im Bundestag,https://www.youtube.com/watch?v=Od4f8osJMD0
RzL6JAFN5fo,Die schlechte Bilanz der „Fortschrittskoalition“,2025-02-11T11:59:41Z,3129,404,62,PT8M7S,UC9YkSoqkMLb1nOYKAHov8zQ,Die Linke im Bundestag,https://www.youtube.com/watch?v=RzL6JAFN5fo
iRfdvForETY,"Letzte Sitzungswoche, bezahlbares Leben, Gruppen-Initiativen, Frauenrechte",2025-02-10T14:44:02Z,1314,187,27,PT10M20S,UC9YkSoqkMLb1nOYKAHov8zQ,Die Linke im Bundestag,https://www.youtube.com/watch?v=iRfdvForETY
qJcDZ8lbp8g,Das Ende von Friedrich Merz?,2025-01-31T19:20:43Z,2358,294,23,PT4M19S,UC9YkSoqkMLb1nOYKAHov8zQ,Die Linke im Bundestag,https://www.youtube.com/watch?v=qJcDZ8lbp8g
8ueu_v2XzNw,Wirtschaftspolitik: Habeck vs. Görke,2025-01-30T18:43:01Z,4201,110,7,PT58S,UC9YkSoqkMLb1nOYKAHov8zQ,Die Linke im Bundestag,https://www.youtube.com/watch?v=8ueu_v2XzNw
Bq65B6_SwqE,"Dammbruch im Bundestag, CDU-Antrag mit AfD-Unterstützung",2025-01-30T11:07:58Z,351,64,6,PT5M31S,UC9YkSoqkMLb1nOYKAHov8zQ,Die Linke im Bundestag,https://www.youtube.com/watch?v=Bq65B6_SwqE
icvKyL24LrA,"Trump 2.0, AfD-Verbot, Mietwucher-App, Arbeitskampf",2025-01-28T15:27:17Z,461,51,15,PT5M16S,UC9YkSoqkMLb1nOYKAHov8zQ,Die Linke im Bundestag,https://www.youtube.com/watch?v=icvKyL24LrA
861jUcn884w,Natürlich machen wir auf jede Miete einen Deckel,2025-01-22T08:27:44Z,903,103,11,PT53S,UC9YkSoqkMLb1nOYKAHov8zQ,Die Linke im Bundestag,https://www.youtube.com/watch?v=861jUcn884w
zW49cvk0wUc,Ungleich Vereint,2025-01-12T12:16:09Z,303,30,1,PT1M15S,UC9YkSoqkMLb1nOYKAHov8zQ,Die Linke im Bundestag,https://www.youtube.com/watch?v=zW49cvk0wUc
sRs4yYe3bx4,Eine friedliche Welt ist möglich,2025-01-10T11:39:49Z,695,57,6,PT40S,UC9YkSoqkMLb1nOYKAHov8zQ,Die Linke im Bundestag,https://www.youtube.com/watch?v=sRs4yYe3bx4
glbU8PsCs1I,Allgemeine Weihnachtsbotschaft - nicht mit Gregor Gysi,2024-12-23T16:01:06Z,3254,278,18,PT1M18S,UC9YkSoqkMLb1nOYKAHov8zQ,Die Linke im Bundestag,https://www.youtube.com/watch?v=glbU8PsCs1I
FUFDqyfzTzY,"Mindestlohn, Tarifbindung, Mitbestimmung: Die Ampel versagt - Zeit für echte Lösungen!",2024-12-20T12:22:10Z,699,58,3,PT1M,UC9YkSoqkMLb1nOYKAHov8zQ,Die Linke im Bundestag,https://www.youtube.com/watch?v=FUFDqyfzTzY
UfQ7V9pMnVE,Weg mit GEAS!,2024-12-18T11:50:49Z,2384,208,20,PT1M56S,UC9YkSoqkMLb1nOYKAHov8zQ,Die Linke im Bundestag,https://www.youtube.com/watch?v=UfQ7V9pMnVE
ya4GnOS1b4k,"Neuwahlen, Verteilungsreport 2024, Härtefallfonds, Mietwucher",2024-12-17T14:42:57Z,285,39,4,PT7M3S,UC9YkSoqkMLb1nOYKAHov8zQ,Die Linke im Bundestag,https://www.youtube.com/watch?v=ya4GnOS1b4k
jUEpccVT4As,Gregor Gysi in der Sendung Hart aber Fair,2024-12-17T14:35:46Z,22696,829,32,PT1M41S,UC9YkSoqkMLb1nOYKAHov8zQ,Die Linke im Bundestag,https://www.youtube.com/watch?v=jUEpccVT4As
IiLu7xvTyEU,Olaf Scholz: Kanzler der gebrochenen Verbrechen,2024-12-17T08:54:56Z,668,38,8,PT1M52S,UC9YkSoqkMLb1nOYKAHov8zQ,Die Linke im Bundestag,https://www.youtube.com/watch?v=IiLu7xvTyEU
uWtI-fs1xxI,Vertrauensfrage des Bundeskanzlers im Bundestag,2024-12-16T13:12:53Z,598,56,9,PT7M4S,UC9YkSoqkMLb1nOYKAHov8zQ,Die Linke im Bundestag,https://www.youtube.com/watch?v=uWtI-fs1xxI
YEK3TOfF090,Schwangerschaftsabbrüche endlich raus aus dem Strafgesetzbuch,2024-12-06T10:58:52Z,381,25,4,PT3M51S,UC9YkSoqkMLb1nOYKAHov8zQ,Die Linke im Bundestag,https://www.youtube.com/watch?v=YEK3TOfF090
s8yhrv1xfBg,"Arbeitsverweigerung im Bundestag, Mietenwucher",2024-12-03T14:02:02Z,336,37,10,PT9M21S,UC9YkSoqkMLb1nOYKAHov8zQ,Die Linke im Bundestag,https://www.youtube.com/watch?v=s8yhrv1xfBg
tF-paAc4r64,Ein Update zum Mietwucherrechner,2024-12-03T09:43:05Z,894,96,16,PT45S,UC9YkSoqkMLb1nOYKAHov8zQ,Die Linke im Bundestag,https://www.youtube.com/watch?v=tF-paAc4r64
aiTW2UlnuoA,Mieten müssen gedeckelt werden,2024-11-26T13:53:17Z,5582,208,35,PT45S,UC9YkSoqkMLb1nOYKAHov8zQ,Die Linke im Bundestag,https://www.youtube.com/watch?v=aiTW2UlnuoA
BzYR7IX8n_8,Ungebremste Mietsteigerungen stoppen!,2024-11-25T14:43:52Z,308,28,7,PT57S,UC9YkSoqkMLb1nOYKAHov8zQ,Die Linke im Bundestag,https://www.youtube.com/watch?v=BzYR7IX8n_8
8AXDntoliEM,Gewalthilfegesetz jetzt!,2024-11-24T19:16:56Z,185,30,3,PT2M12S,UC9YkSoqkMLb1nOYKAHov8zQ,Die Linke im Bundestag,https://www.youtube.com/watch?v=8AXDntoliEM
DMqbiPRB4s8,Die Wohnungssuche als Autor,2024-11-22T16:25:44Z,649,40,3,PT59S,UC9YkSoqkMLb1nOYKAHov8zQ,Die Linke im Bundestag,https://www.youtube.com/watch?v=DMqbiPRB4s8
2OpMv6mFi_k,"Mieten deckeln, Mieten senken!",2024-11-12T15:05:24Z,1552,128,43,PT7M41S,UC9YkSoqkMLb1nOYKAHov8zQ,Die Linke im Bundestag,https://www.youtube.com/watch?v=2OpMv6mFi_k
3b9QYqcCRMU,"Neuwahlen, Arbeitsfähigkeit des Parlaments, Solidaritätszuschlag",2024-11-12T14:21:28Z,326,29,7,PT5M28S,UC9YkSoqkMLb1nOYKAHov8zQ,Die Linke im Bundestag,https://www.youtube.com/watch?v=3b9QYqcCRMU
Rse3Wg8d1-k,Nach der Ampel links,2024-11-07T14:48:20Z,1247,43,33,PT9M19S,UC9YkSoqkMLb1nOYKAHov8zQ,Die Linke im Bundestag,https://www.youtube.com/watch?v=Rse3Wg8d1-k
smX8HrDfaeI,"Antisemitismus bekämpfen, Gleichbehandlung für alle Menschen erreichen",2024-11-07T12:01:56Z,1520,38,9,PT4M13S,UC9YkSoqkMLb1nOYKAHov8zQ,Die Linke im Bundestag,https://www.youtube.com/watch?v=smX8HrDfaeI
ZHEf-U20TWM,"Bundesregierung, Stationierung von Mittelstreckenraketen in Brandenburg, Antisemitismusresolution",2024-11-05T15:07:44Z,291,8,0,PT7M11S,UC9YkSoqkMLb1nOYKAHov8zQ,Die Linke im Bundestag,https://www.youtube.com/watch?v=ZHEf-U20TWM
UuFocAUDY6g,Das soll alles sein? #shorts,2024-11-04T16:19:08Z,827,40,2,PT56S,UC9YkSoqkMLb1nOYKAHov8zQ,Die Linke im Bundestag,https://www.youtube.com/watch?v=UuFocAUDY6g
cwSJCAd4FW0,Wer bekommt Was? Bundeshaushalt 2025 Edition,2024-11-04T15:39:03Z,811,93,6,PT3M52S,UC9YkSoqkMLb1nOYKAHov8zQ,Die Linke im Bundestag,https://www.youtube.com/watch?v=cwSJCAd4FW0
UObykA_80gk,Eine Investitionsoffensive in Deutschland ist längst überfällig,2024-10-24T07:03:52Z,298,12,4,PT59S,UC9YkSoqkMLb1nOYKAHov8zQ,Die Linke im Bundestag,https://www.youtube.com/watch?v=UObykA_80gk
TtsxGyVYr7I,Sie werden uns nicht los!,2024-10-19T10:56:19Z,180,3,2,PT11M51S,UC9YkSoqkMLb1nOYKAHov8zQ,Die Linke im Bundestag,https://www.youtube.com/watch?v=TtsxGyVYr7I
1S1-PJGW_Iw,"Die Linke, das sind wir – packen wir es an!",2024-10-19T09:23:44Z,738,22,20,PT10M50S,UC9YkSoqkMLb1nOYKAHov8zQ,Die Linke im Bundestag,https://www.youtube.com/watch?v=1S1-PJGW_Iw
W2Gs86Pzp6o,"Schwerpunkte: Kostenloses Mittagessen, Rentepaket II , Biden-Besuch",2024-10-15T12:41:29Z,255,16,5,PT7M23S,UC9YkSoqkMLb1nOYKAHov8zQ,Die Linke im Bundestag,https://www.youtube.com/watch?v=W2Gs86Pzp6o
gpkP3It3d2A,Notfallreform: Flickwerk statt Fortschritt,2024-10-11T13:16:48Z,73,7,1,PT1M20S,UC9YkSoqkMLb1nOYKAHov8zQ,Die Linke im Bundestag,https://www.youtube.com/watch?v=gpkP3It3d2A
CHp24LGQdG8,Ostdeutschland: die westdeutsche Regierung liefert nicht,2024-10-11T13:00:47Z,130,13,2,PT1M23S,UC9YkSoqkMLb1nOYKAHov8zQ,Die Linke im Bundestag,https://www.youtube.com/watch?v=CHp24LGQdG8
ST5-i7BBSCY,Keine Mittelstreckenraketen in Deutschland stationieren!,2024-10-11T05:51:23Z,660,31,4,PT2M43S,UC9YkSoqkMLb1nOYKAHov8zQ,Die Linke im Bundestag,https://www.youtube.com/watch?v=ST5-i7BBSCY
h5KSp82bEag,"Schwerpunkte: Raketenstützpunkte, Krankenhausreform & Ostdeutschland",2024-10-08T13:01:38Z,96,9,1,PT7M,UC9YkSoqkMLb1nOYKAHov8zQ,Die Linke im Bundestag,https://www.youtube.com/watch?v=h5KSp82bEag
EwAr6HPxvdw,Pflegekasse droht die Pleite,2024-10-07T15:28:14Z,717,56,6,PT53S,UC9YkSoqkMLb1nOYKAHov8zQ,Die Linke im Bundestag,https://www.youtube.com/watch?v=EwAr6HPxvdw
DGXAjpIwm_8,Die Waffen nieder - Verhandeln statt aufrüsten,2024-10-01T09:56:29Z,182,22,3,PT1M31S,UC9YkSoqkMLb1nOYKAHov8zQ,Die Linke im Bundestag,https://www.youtube.com/watch?v=DGXAjpIwm_8
efny6G6eHEM,"Schwerpunkte: Rentenpaket II, Aktienrente und Corona-Aufarbeitung",2024-09-24T12:42:16Z,115,9,2,PT6M8S,UC9YkSoqkMLb1nOYKAHov8zQ,Die Linke im Bundestag,https://www.youtube.com/watch?v=efny6G6eHEM
AwEUmKA-rok,Brücken statt Kanonen,2024-09-13T12:47:24Z,906,51,10,PT3M6S,UC9YkSoqkMLb1nOYKAHov8zQ,Die Linke im Bundestag,https://www.youtube.com/watch?v=AwEUmKA-rok
5a-5eFISZME,Ampelparteien und Union verkennen die Dramatik der wirtschaftlichen Situation komplett!,2024-09-13T11:51:54Z,316,22,2,PT3M43S,UC9YkSoqkMLb1nOYKAHov8zQ,Die Linke im Bundestag,https://www.youtube.com/watch?v=5a-5eFISZME
y8I3Fs4a63E,"Justizhaushalt aufstocken, um Demokratie zu stärken",2024-09-13T09:46:41Z,193,26,5,PT3M41S,UC9YkSoqkMLb1nOYKAHov8zQ,Die Linke im Bundestag,https://www.youtube.com/watch?v=y8I3Fs4a63E
BWDMeImg-SU,Fluchtursachen bekämpfen heißt: Entwicklung stärken – nicht kürzen!,2024-09-12T20:17:50Z,156,19,5,PT3M38S,UC9YkSoqkMLb1nOYKAHov8zQ,Die Linke im Bundestag,https://www.youtube.com/watch?v=BWDMeImg-SU
8NKu7nP5BmI,"Beim Schutz von Umwelt und Klima klotzen, nicht kleckern!",2024-09-12T17:54:12Z,312,14,9,PT2M49S,UC9YkSoqkMLb1nOYKAHov8zQ,Die Linke im Bundestag,https://www.youtube.com/watch?v=8NKu7nP5BmI
WKJfHiVRheg,"Politik a la AfD, Frau Faeser? Das ist untragbar!",2024-09-12T16:21:19Z,767,32,12,PT3M21S,UC9YkSoqkMLb1nOYKAHov8zQ,Die Linke im Bundestag,https://www.youtube.com/watch?v=WKJfHiVRheg
cAbI-6kJLxw,"Keine Chancen, keine sozialen Aufstiege - Ampel verpasst die versprochene Bildungswende",2024-09-12T15:56:28Z,103,6,1,PT3M23S,UC9YkSoqkMLb1nOYKAHov8zQ,Die Linke im Bundestag,https://www.youtube.com/watch?v=cAbI-6kJLxw
6o37spG67OI,Die Linke nimmt Kollaps des Gesundheitssystems nicht hin,2024-09-12T12:27:08Z,317,19,2,PT3M5S,UC9YkSoqkMLb1nOYKAHov8zQ,Die Linke im Bundestag,https://www.youtube.com/watch?v=6o37spG67OI
PaW0YJozjBA,Ampel-Koalition enttäuscht beim Familienetat,2024-09-12T11:47:13Z,145,10,1,PT3M41S,UC9YkSoqkMLb1nOYKAHov8zQ,Die Linke im Bundestag,https://www.youtube.com/watch?v=PaW0YJozjBA
-8CNMKRS0SQ,"Die Mutter aller Probleme ist soziale Spaltung, nicht die Migration!",2024-09-12T10:08:01Z,1285,51,50,PT3M56S,UC9YkSoqkMLb1nOYKAHov8zQ,Die Linke im Bundestag,https://www.youtube.com/watch?v=-8CNMKRS0SQ
3bF58gWe1GA,Der Haushaltsentwurf ist bestenfalls ein Pflaster auf die Wunden der Verkehrsinfrastruktur!,2024-09-11T18:42:46Z,108,14,3,PT3M34S,UC9YkSoqkMLb1nOYKAHov8zQ,Die Linke im Bundestag,https://www.youtube.com/watch?v=3bF58gWe1GA
9pBvPYEJ_Zc,Kanonen ohne Butter,2024-09-11T14:43:19Z,651,26,3,PT3M12S,UC9YkSoqkMLb1nOYKAHov8zQ,Die Linke im Bundestag,https://www.youtube.com/watch?v=9pBvPYEJ_Zc
PUmiohLfnzw,Komplette Themaverfehlung: Der Bundeshaushalt 2025,2024-09-11T13:15:42Z,1591,60,40,PT8M50S,UC9YkSoqkMLb1nOYKAHov8zQ,Die Linke im Bundestag,https://www.youtube.com/watch?v=PUmiohLfnzw
WkTnZzMevI0,Skandal: Eine Milliarde weniger für Friedenssicherung,2024-09-11T12:47:51Z,1147,56,11,PT3M21S,UC9YkSoqkMLb1nOYKAHov8zQ,Die Linke im Bundestag,https://www.youtube.com/watch?v=WkTnZzMevI0
y8N4M-b3GkY,Wohnungen statt Panzer,2024-09-10T17:45:26Z,202,12,7,PT5M30S,UC9YkSoqkMLb1nOYKAHov8zQ,Die Linke im Bundestag,https://www.youtube.com/watch?v=y8N4M-b3GkY
YamFid8fhf0,Rückschrittskoalition schröpft die Landwirtschaft,2024-09-10T17:28:22Z,402,14,1,PT3M31S,UC9YkSoqkMLb1nOYKAHov8zQ,Die Linke im Bundestag,https://www.youtube.com/watch?v=YamFid8fhf0
ryIJcCg3L0k,Die Rentenversicherung ist nicht das Sparschwein der Ampel!,2024-09-10T15:07:05Z,719,37,5,PT3M29S,UC9YkSoqkMLb1nOYKAHov8zQ,Die Linke im Bundestag,https://www.youtube.com/watch?v=ryIJcCg3L0k
BWV5DSRA860,Der Haushalt hat gleich zwei Milliarden-Löcher,2024-09-10T12:50:26Z,257,25,1,PT3M20S,UC9YkSoqkMLb1nOYKAHov8zQ,Die Linke im Bundestag,https://www.youtube.com/watch?v=BWV5DSRA860
sQudgKjdWO4,"Bundestag, Demokratie und Freiheit gemeinsamverteidigen",2024-09-10T06:03:18Z,756,49,16,PT4M41S,UC9YkSoqkMLb1nOYKAHov8zQ,Die Linke im Bundestag,https://www.youtube.com/watch?v=sQudgKjdWO4
Ov6un4dx7mM,"Schwerpunkte: Haushalt, Mindestlohn und VW Personalabbau",2024-09-09T13:36:48Z,128,10,1,PT6M44S,UC9YkSoqkMLb1nOYKAHov8zQ,Die Linke im Bundestag,https://www.youtube.com/watch?v=Ov6un4dx7mM
DC3HvSBLzdM,Kostenfreies Mittagsessen an Kitas und Schulen! #shorts,2024-09-05T10:50:08Z,727,72,8,PT1M,UC9YkSoqkMLb1nOYKAHov8zQ,Die Linke im Bundestag,https://www.youtube.com/watch?v=DC3HvSBLzdM
KQO7aySVJ-Q,Teilerfolg vorm Bundesverfassungsgericht,2024-07-30T13:44:04Z,822,31,1,PT59S,UC9YkSoqkMLb1nOYKAHov8zQ,Die Linke im Bundestag,https://www.youtube.com/watch?v=KQO7aySVJ-Q
x-4ae9TpoG0,Wir brauchen eine Investitionsgesellschaft Schiene für einen bürgernahen und bezahlbaren Bahnverkehr,2024-07-05T15:16:17Z,483,42,23,PT10M46S,UC9YkSoqkMLb1nOYKAHov8zQ,Die Linke im Bundestag,https://www.youtube.com/watch?v=x-4ae9TpoG0
mL5Uguspyr8,"""Entlastungspaket"" für Landwirte ist eine Enttäuschung.",2024-07-05T13:06:57Z,73,6,3,PT3M18S,UC9YkSoqkMLb1nOYKAHov8zQ,Die Linke im Bundestag,https://www.youtube.com/watch?v=mL5Uguspyr8
waaqgX_EAqM,Gehsteigbelästigung verbieten - Schwangerschaftsabbrüche legalisieren!,2024-07-05T12:50:31Z,510,11,16,PT2M27S,UC9YkSoqkMLb1nOYKAHov8zQ,Die Linke im Bundestag,https://www.youtube.com/watch?v=waaqgX_EAqM
_gJBxpbngk8,Geldwäsche in Deutschland endlich bekämpfen!,2024-07-05T12:46:53Z,231,10,1,PT2M23S,UC9YkSoqkMLb1nOYKAHov8zQ,Die Linke im Bundestag,https://www.youtube.com/watch?v=_gJBxpbngk8
iDg2jhiwSBM,Eine letzte Chance für den Osten,2024-07-05T09:50:28Z,60684,1837,289,PT3M46S,UC9YkSoqkMLb1nOYKAHov8zQ,Die Linke im Bundestag,https://www.youtube.com/watch?v=iDg2jhiwSBM
Atm-inKu35g,Preiszonentrennung statt maßlosem Netzausbau!,2024-07-05T08:34:21Z,355,6,0,PT2M32S,UC9YkSoqkMLb1nOYKAHov8zQ,Die Linke im Bundestag,https://www.youtube.com/watch?v=Atm-inKu35g
4QPfQqwoPpM,Sportgroßveranstaltungen bringen kaum den Breitensport voran,2024-07-05T07:14:09Z,132,10,2,PT2M25S,UC9YkSoqkMLb1nOYKAHov8zQ,Die Linke im Bundestag,https://www.youtube.com/watch?v=4QPfQqwoPpM
4h1d1agWdw4,Tarifbindung stärken - für gute Arbeitsbedingungen und Löhne!,2024-07-05T06:36:20Z,68,8,2,PT2M28S,UC9YkSoqkMLb1nOYKAHov8zQ,Die Linke im Bundestag,https://www.youtube.com/watch?v=4h1d1agWdw4
fsOnCIvvaNk,"Schöne Worte, leere Kassen: Kinder psychisch kranker Eltern brauchen echte Hilfe!",2024-07-04T20:05:05Z,108,3,1,PT2M5S,UC9YkSoqkMLb1nOYKAHov8zQ,Die Linke im Bundestag,https://www.youtube.com/watch?v=fsOnCIvvaNk
6FkvucZNV5w,Arzneimittelpreise außer Kontrolle: Ampelregierung gibt Pharmaindustrie grünes Licht,2024-07-04T16:29:05Z,546,15,2,PT3M7S,UC9YkSoqkMLb1nOYKAHov8zQ,Die Linke im Bundestag,https://www.youtube.com/watch?v=6FkvucZNV5w
r56iil81pfU,Unterstützung für Petition gegen LNG-Terminal auf Rügen,2024-07-04T14:39:56Z,697,15,4,PT2M19S,UC9YkSoqkMLb1nOYKAHov8zQ,Die Linke im Bundestag,https://www.youtube.com/watch?v=r56iil81pfU
1F7H9k_e-vk,Mit Brandstiftern löscht man keinen Brand!,2024-07-04T13:48:23Z,489,16,6,PT3M9S,UC9YkSoqkMLb1nOYKAHov8zQ,Die Linke im Bundestag,https://www.youtube.com/watch?v=1F7H9k_e-vk
tsFYO2LeJ98,75 Jahre NATO - Nicht im Interesse der meisten Menschen,2024-07-04T12:08:51Z,283,11,1,PT3M7S,UC9YkSoqkMLb1nOYKAHov8zQ,Die Linke im Bundestag,https://www.youtube.com/watch?v=tsFYO2LeJ98
7OVrCeA2PJQ,Häusliche Gewalt: Die Bundesregierung muss endlich effektive Maßnahmen ergreifen!,2024-07-04T11:50:16Z,199,5,6,PT3M35S,UC9YkSoqkMLb1nOYKAHov8zQ,Die Linke im Bundestag,https://www.youtube.com/watch?v=7OVrCeA2PJQ
HxrE-Y_wRoE,Commercial Courts: Besser Verhandlung auf Englisch als nicht öffentliche Schiedsgerichte,2024-07-04T11:31:57Z,371,12,6,PT3M9S,UC9YkSoqkMLb1nOYKAHov8zQ,Die Linke im Bundestag,https://www.youtube.com/watch?v=HxrE-Y_wRoE
aW01XO0scMo,Kein guter Start für mehr Demokratie im Parlament,2024-07-03T18:23:37Z,184,6,4,PT2M2S,UC9YkSoqkMLb1nOYKAHov8zQ,Die Linke im Bundestag,https://www.youtube.com/watch?v=aW01XO0scMo
Wjz3ArlWhBw,Taten statt Worte für eine gute Pflege,2024-07-03T16:39:31Z,97,6,1,PT2M28S,UC9YkSoqkMLb1nOYKAHov8zQ,Die Linke im Bundestag,https://www.youtube.com/watch?v=Wjz3ArlWhBw
GzuK5hSDGjU,Superreiche für den Klimaschutz in die Pflicht nehmen,2024-07-03T16:17:10Z,236,11,12,PT2M13S,UC9YkSoqkMLb1nOYKAHov8zQ,Die Linke im Bundestag,https://www.youtube.com/watch?v=GzuK5hSDGjU
X2yNeZlNyW4,Union schürt mit rechten Narrativen Ressentiments gegen Eingewanderte,2024-07-03T14:35:14Z,1143,16,11,PT3M33S,UC9YkSoqkMLb1nOYKAHov8zQ,Die Linke im Bundestag,https://www.youtube.com/watch?v=X2yNeZlNyW4
AaS5kBd9rrQ,"Schwerpunkte: Aktionsplan Tarifbindung, Haushalt 2025, Deutsche Bahn",2024-07-02T13:39:38Z,172,21,3,PT8M55S,UC9YkSoqkMLb1nOYKAHov8zQ,Die Linke im Bundestag,https://www.youtube.com/watch?v=AaS5kBd9rrQ
J3Gf2I9Diiw,Echte KI-Strategie ist überfällig,2024-06-28T19:16:01Z,53,5,1,PT2M51S,UC9YkSoqkMLb1nOYKAHov8zQ,Die Linke im Bundestag,https://www.youtube.com/watch?v=J3Gf2I9Diiw
XqXkpW12yt0,Bürokratieabbau sieht anders aus,2024-06-28T17:49:27Z,48,6,1,PT2M16S,UC9YkSoqkMLb1nOYKAHov8zQ,Die Linke im Bundestag,https://www.youtube.com/watch?v=XqXkpW12yt0
xlWh25RU27o,AfD will alte Menschen bis zum Tode malochen lassen!,2024-06-28T13:08:04Z,177,21,10,PT2M27S,UC9YkSoqkMLb1nOYKAHov8zQ,Die Linke im Bundestag,https://www.youtube.com/watch?v=xlWh25RU27o
H14EgrCglT8,Versorgung verbessern statt nur Arzthonorare erhöhen,2024-06-28T12:11:23Z,40,3,0,PT2M14S,UC9YkSoqkMLb1nOYKAHov8zQ,Die Linke im Bundestag,https://www.youtube.com/watch?v=H14EgrCglT8
XwwaIDsnjC8,Union will 30 Mrd. Euro an Reiche und Unternehmen verschenken! Wird dafür das Kindergeld halbiert?,2024-06-28T10:59:06Z,142,13,3,PT3M28S,UC9YkSoqkMLb1nOYKAHov8zQ,Die Linke im Bundestag,https://www.youtube.com/watch?v=XwwaIDsnjC8
CFsLy74EM_U,Faire Vergütung und mehr Schutz für Betriebsräte,2024-06-28T09:30:34Z,29,5,0,PT3M27S,UC9YkSoqkMLb1nOYKAHov8zQ,Die Linke im Bundestag,https://www.youtube.com/watch?v=CFsLy74EM_U
d_ogJuVhO-Y,Forschungspolitik an den Problemen vorbei,2024-06-28T08:25:22Z,97,5,0,PT2M47S,UC9YkSoqkMLb1nOYKAHov8zQ,Die Linke im Bundestag,https://www.youtube.com/watch?v=d_ogJuVhO-Y
BQ4Ti24Riyk,Ost-Renten stabilisieren - Umrechnungsfaktor beibehalten,2024-06-28T07:47:58Z,210,13,3,PT2M33S,UC9YkSoqkMLb1nOYKAHov8zQ,Die Linke im Bundestag,https://www.youtube.com/watch?v=BQ4Ti24Riyk
_dtIjfZX_sY,Landwirtschaft richtig entlasten,2024-06-28T07:24:38Z,111,3,0,PT2M20S,UC9YkSoqkMLb1nOYKAHov8zQ,Die Linke im Bundestag,https://www.youtube.com/watch?v=_dtIjfZX_sY
evgzTIhT0V0,"Den Konflikt völkerrechtlich klären, den Menschen vor Ort konkret helfen und Bundeswehr abziehen!",2024-06-28T07:16:48Z,59,6,0,PT2M18S,UC9YkSoqkMLb1nOYKAHov8zQ,Die Linke im Bundestag,https://www.youtube.com/watch?v=evgzTIhT0V0
yqElGKoYnAc,Geld für wirtschaftlich sinnvolle sozial-ökologische Projekte statt für diesen Bundeswehreinsatz!,2024-06-28T07:02:01Z,177,16,0,PT4M58S,UC9YkSoqkMLb1nOYKAHov8zQ,Die Linke im Bundestag,https://www.youtube.com/watch?v=yqElGKoYnAc
pu5U8wEkE1g,"Das Technische Hilfswerk kann dem Libanon helfen, der Bundeswehr-Einsatz im Mittelmeer nicht!",2024-06-28T07:00:26Z,52,4,1,PT2M37S,UC9YkSoqkMLb1nOYKAHov8zQ,Die Linke im Bundestag,https://www.youtube.com/watch?v=pu5U8wEkE1g
5k6sRFFEsWc,Raus aus der Krise: Investieren ins Soziale und ins Klima,2024-06-27T16:22:01Z,245,13,2,PT2M15S,UC9YkSoqkMLb1nOYKAHov8zQ,Die Linke im Bundestag,https://www.youtube.com/watch?v=5k6sRFFEsWc
MF9KItfcATc,Kein Verzeihen ohne Ehrlichkeit und echte Aufarbeitung,2024-06-27T14:17:03Z,1219,41,6,PT3M17S,UC9YkSoqkMLb1nOYKAHov8zQ,Die Linke im Bundestag,https://www.youtube.com/watch?v=MF9KItfcATc
tb3-wzDqqA4,AfD schafft ein Klima der Bedrohung für Muslime und Eingewanderte,2024-06-27T13:40:53Z,2195,19,0,PT3M28S,UC9YkSoqkMLb1nOYKAHov8zQ,Die Linke im Bundestag,https://www.youtube.com/watch?v=tb3-wzDqqA4
Cfl0MZulAEQ,Lauterbachs Krankenhausreform ist eine Geisterfahrt,2024-06-27T12:48:17Z,404,14,5,PT5M31S,UC9YkSoqkMLb1nOYKAHov8zQ,Die Linke im Bundestag,https://www.youtube.com/watch?v=Cfl0MZulAEQ
3CwDDDW-4JM,Petitionen in den Fokus des Parlaments holen,2024-06-27T11:09:01Z,229,8,3,PT3M22S,UC9YkSoqkMLb1nOYKAHov8zQ,Die Linke im Bundestag,https://www.youtube.com/watch?v=3CwDDDW-4JM
5B7hjai7mJo,Das Drittstaaten-Modell der Union ist rechtswidrig und inhuman,2024-06-27T10:01:48Z,318,9,1,PT3M20S,UC9YkSoqkMLb1nOYKAHov8zQ,Die Linke im Bundestag,https://www.youtube.com/watch?v=5B7hjai7mJo
hHyAmeEa_7U,Koalition versagt beim Datenschutz!,2024-06-27T06:25:52Z,141,11,0,PT2M40S,UC9YkSoqkMLb1nOYKAHov8zQ,Die Linke im Bundestag,https://www.youtube.com/watch?v=hHyAmeEa_7U
6hH3BqDXhEM,Die Gefahr für die Wissenschaftsfreiheit heißt Stark-Watzinger,2024-06-26T18:59:27Z,555,20,7,PT3M18S,UC9YkSoqkMLb1nOYKAHov8zQ,Die Linke im Bundestag,https://www.youtube.com/watch?v=6hH3BqDXhEM
TbDtyMzvkRo,Die Welt braucht eine Friedensmacht Deutschland,2024-06-26T13:59:25Z,97,11,1,PT3M19S,UC9YkSoqkMLb1nOYKAHov8zQ,Die Linke im Bundestag,https://www.youtube.com/watch?v=TbDtyMzvkRo
OZiaOjAspwQ,"Schwerpunkte: Assange, Ost-Renten, Armut unter Alleinziehenden",2024-06-25T14:44:25Z,337,25,17,PT8M32S,UC9YkSoqkMLb1nOYKAHov8zQ,Die Linke im Bundestag,https://www.youtube.com/watch?v=OZiaOjAspwQ
qFTd3su7HVs,Humanitäre Katastrophe in Gaza beenden - alle Waffenexporte nach Israel stoppen,2024-06-14T15:17:43Z,104,8,1,PT2M25S,UC9YkSoqkMLb1nOYKAHov8zQ,Die Linke im Bundestag,https://www.youtube.com/watch?v=qFTd3su7HVs
0mQukSlDTxg,"Fußball ist wichtig, aber nicht alles",2024-06-14T14:44:44Z,79,13,2,PT2M22S,UC9YkSoqkMLb1nOYKAHov8zQ,Die Linke im Bundestag,https://www.youtube.com/watch?v=0mQukSlDTxg
Cezk7rCrrUQ,Ampel mutlos gegen Wohnungslosigkeit,2024-06-14T13:11:30Z,731,15,4,PT2M19S,UC9YkSoqkMLb1nOYKAHov8zQ,Die Linke im Bundestag,https://www.youtube.com/watch?v=Cezk7rCrrUQ
ZFQ9x344neY,"Erneute Scheindebatte Atomausstieg: Zeit, die drängenden Fragen anzugehen!",2024-06-14T10:51:07Z,372,11,0,PT3M20S,UC9YkSoqkMLb1nOYKAHov8zQ,Die Linke im Bundestag,https://www.youtube.com/watch?v=ZFQ9x344neY
fLzpWogBVBc,Bundestag novelliert Berufsbildungsgesetz,2024-06-14T09:20:11Z,96,4,1,PT3M20S,UC9YkSoqkMLb1nOYKAHov8zQ,Die Linke im Bundestag,https://www.youtube.com/watch?v=fLzpWogBVBc
Hvp8jkvA2Mg,Die Bahn braucht mehr Geld und mehr Kontrolle,2024-06-14T08:43:26Z,200,24,2,PT2M20S,UC9YkSoqkMLb1nOYKAHov8zQ,Die Linke im Bundestag,https://www.youtube.com/watch?v=Hvp8jkvA2Mg
b-kYQn_IBgo,Rechtsanspruch auf Mindestinternet geht am Leben vorbei,2024-06-14T07:55:31Z,436,10,0,PT2M32S,UC9YkSoqkMLb1nOYKAHov8zQ,Die Linke im Bundestag,https://www.youtube.com/watch?v=b-kYQn_IBgo
UXMVqaMa_Gk,Cybersicherheit für alle gibt es nur mit Ländern und Kommunen,2024-06-14T06:22:44Z,145,6,3,PT2M23S,UC9YkSoqkMLb1nOYKAHov8zQ,Die Linke im Bundestag,https://www.youtube.com/watch?v=UXMVqaMa_Gk
VOZJvUfo1I8,Schlingerkurs beim Verbrenner hochgefährlich für Beschäftigte der Automobilindustrie,2024-06-13T19:25:47Z,200,17,3,PT2M22S,UC9YkSoqkMLb1nOYKAHov8zQ,Die Linke im Bundestag,https://www.youtube.com/watch?v=VOZJvUfo1I8
YdkWEdeTY2M,Profite vor Menschenrechte? Nicht mit uns!,2024-06-13T16:39:29Z,134,8,17,PT2M9S,UC9YkSoqkMLb1nOYKAHov8zQ,Die Linke im Bundestag,https://www.youtube.com/watch?v=YdkWEdeTY2M
O9VK_zXDaKA,Die CDU hetzt weiter gegen Arme,2024-06-13T14:37:56Z,1816,86,24,PT3M33S,UC9YkSoqkMLb1nOYKAHov8zQ,Die Linke im Bundestag,https://www.youtube.com/watch?v=O9VK_zXDaKA
vziU11FbOaU,Bei Post und Paketen - Wettbewerb auf dem Rücken der Beschäftigten,2024-06-13T11:50:48Z,66,8,0,PT3M14S,UC9YkSoqkMLb1nOYKAHov8zQ,Die Linke im Bundestag,https://www.youtube.com/watch?v=vziU11FbOaU
r2ueD9Y4QlU,Konsequenzen aus dem Angriff in Mannheim ziehen - aber besonnen!,2024-06-13T11:09:09Z,254,7,3,PT3M12S,UC9YkSoqkMLb1nOYKAHov8zQ,Die Linke im Bundestag,https://www.youtube.com/watch?v=r2ueD9Y4QlU
mz6_Cind49I,"Ampel verpasst es, das BAföG armutsfest und existenzsichernd zu gestalten",2024-06-13T09:29:57Z,666,28,3,PT3M23S,UC9YkSoqkMLb1nOYKAHov8zQ,Die Linke im Bundestag,https://www.youtube.com/watch?v=mz6_Cind49I
v5BDmEjjdKc,Trinkwasser- und Dürrevorsorge massiv aufstocken!,2024-06-12T17:48:20Z,199,8,2,PT2M24S,UC9YkSoqkMLb1nOYKAHov8zQ,Die Linke im Bundestag,https://www.youtube.com/watch?v=v5BDmEjjdKc
n8_0bKya4GY,Flüchtlingsfeindliche Politik der Union löst kein einziges Problem,2024-06-12T16:34:56Z,854,25,8,PT2M24S,UC9YkSoqkMLb1nOYKAHov8zQ,Die Linke im Bundestag,https://www.youtube.com/watch?v=n8_0bKya4GY
aABOOBGYy3k,Diskriminierung von queeren Menschen bekämpfen!,2024-06-12T16:04:24Z,627,7,11,PT2M28S,UC9YkSoqkMLb1nOYKAHov8zQ,Die Linke im Bundestag,https://www.youtube.com/watch?v=aABOOBGYy3k
8XlZDNt7V1Q,"Ukraine: Zentrale Herausforderung für den Wiederaufbau ist ein dauerhafter, stabiler Frieden",2024-06-12T15:27:24Z,84,9,2,PT3M8S,UC9YkSoqkMLb1nOYKAHov8zQ,Die Linke im Bundestag,https://www.youtube.com/watch?v=8XlZDNt7V1Q
plsCidKPqSI,"Schwerpunkte: Ukraine-Konferenz, kostenfreies Schul- und Kitaessen, Europa",2024-06-11T12:56:13Z,574,16,3,PT6M50S,UC9YkSoqkMLb1nOYKAHov8zQ,Die Linke im Bundestag,https://www.youtube.com/watch?v=plsCidKPqSI
O-EiojD-gZo,Nicklas' erster Arbeitstag in Berlin,2024-06-11T10:01:57Z,618,30,7,PT1M,UC9YkSoqkMLb1nOYKAHov8zQ,Die Linke im Bundestag,https://www.youtube.com/watch?v=O-EiojD-gZo
pKlTFTcDXEk,"Keine Steuergeschenke für Reiche - Mehr Unterstützung für Familien, die es wirklich brauchen!",2024-06-07T12:29:58Z,85,11,0,PT2M18S,UC9YkSoqkMLb1nOYKAHov8zQ,Die Linke im Bundestag,https://www.youtube.com/watch?v=pKlTFTcDXEk
_eln4ieruqw,"Der Libanon braucht keine Bundeswehr-Schiffe vor der Küste, sondern Hilfen",2024-06-07T11:48:11Z,33,4,2,PT2M41S,UC9YkSoqkMLb1nOYKAHov8zQ,Die Linke im Bundestag,https://www.youtube.com/watch?v=_eln4ieruqw
s7I9SJxJw7I,Wie steht es um die solidarische Gesundheitsversicherung? #shorts,2024-06-07T10:59:28Z,12224,1216,52,PT1M,UC9YkSoqkMLb1nOYKAHov8zQ,Die Linke im Bundestag,https://www.youtube.com/watch?v=s7I9SJxJw7I
zPX7O37wqgo,Wir wollen eine faire Handelspolitik,2024-06-07T10:11:45Z,40,4,0,PT3M23S,UC9YkSoqkMLb1nOYKAHov8zQ,Die Linke im Bundestag,https://www.youtube.com/watch?v=zPX7O37wqgo
c-Kz0Yh4ijM,Europa den Reichen und Konzernen nehmen,2024-06-07T09:14:39Z,131,14,1,PT3M33S,UC9YkSoqkMLb1nOYKAHov8zQ,Die Linke im Bundestag,https://www.youtube.com/watch?v=c-Kz0Yh4ijM
67FYyUbmJpI,Entkriminalisierung light statt Cannabislegalisierung,2024-06-07T07:59:01Z,65,3,1,PT2M18S,UC9YkSoqkMLb1nOYKAHov8zQ,Die Linke im Bundestag,https://www.youtube.com/watch?v=67FYyUbmJpI
1Ij6AGP4NqA,Elementarschadenpflichtversicherung endlich einführen,2024-06-07T06:55:14Z,57,6,0,PT2M5S,UC9YkSoqkMLb1nOYKAHov8zQ,Die Linke im Bundestag,https://www.youtube.com/watch?v=1Ij6AGP4NqA
Fsjv60Uxs8o,CDU-Mogelpackung bei der Arbeitszeit: Lobbyfreuden statt Familienfreundlichkeit,2024-06-07T06:24:41Z,55,3,1,PT2M15S,UC9YkSoqkMLb1nOYKAHov8zQ,Die Linke im Bundestag,https://www.youtube.com/watch?v=Fsjv60Uxs8o
RV_lcB5GGVA,Wir brauchen eine Revolution des Gesundheitswesens,2024-06-07T06:03:02Z,87,9,1,PT2M24S,UC9YkSoqkMLb1nOYKAHov8zQ,Die Linke im Bundestag,https://www.youtube.com/watch?v=RV_lcB5GGVA
GfYC3RpK1DU,Ausbildungen in Deutschland: Echte Reformen statt leere Versprechen!,2024-06-06T17:35:46Z,25,4,0,PT2M20S,UC9YkSoqkMLb1nOYKAHov8zQ,Die Linke im Bundestag,https://www.youtube.com/watch?v=GfYC3RpK1DU
tYFew7kjnbk,Der Hüter der Menschlichkeit: das Völkerstrafrecht,2024-06-06T17:14:26Z,53,4,0,PT2M24S,UC9YkSoqkMLb1nOYKAHov8zQ,Die Linke im Bundestag,https://www.youtube.com/watch?v=tYFew7kjnbk
LnA2W45WmRw,Lex Lilly: Keine Geheimhaltung bei Arzneimittelpreisen,2024-06-06T16:18:12Z,79,9,2,PT2M25S,UC9YkSoqkMLb1nOYKAHov8zQ,Die Linke im Bundestag,https://www.youtube.com/watch?v=LnA2W45WmRw
76zDRk75w3I,Die Ampel versagt beim Klima- und Katastrophenschutz,2024-06-06T14:55:30Z,45,5,0,PT3M25S,UC9YkSoqkMLb1nOYKAHov8zQ,Die Linke im Bundestag,https://www.youtube.com/watch?v=76zDRk75w3I
pPjMjlXs7LI,Mehr Unterstützung für die Kommunen vom Bund!,2024-06-06T14:39:16Z,18,5,0,PT3M14S,UC9YkSoqkMLb1nOYKAHov8zQ,Die Linke im Bundestag,https://www.youtube.com/watch?v=pPjMjlXs7LI
gUXqOdovy9w,Mehr Mut und Ehrlichkeit beim Klimaschutz,2024-06-06T14:30:04Z,38,7,0,PT3M12S,UC9YkSoqkMLb1nOYKAHov8zQ,Die Linke im Bundestag,https://www.youtube.com/watch?v=gUXqOdovy9w
Jp2w_ENvwFY,Islamismus-Bekämpfung: Nicht in einen populistischen Überbietungswettbewerb verfallen!,2024-06-06T10:31:11Z,45,2,0,PT3M6S,UC9YkSoqkMLb1nOYKAHov8zQ,Die Linke im Bundestag,https://www.youtube.com/watch?v=Jp2w_ENvwFY
pCdsdwGwC38,Regierungserklärung zur Sicherheitslage: Die Sparpolitik rächt sich,2024-06-06T09:55:50Z,104,6,0,PT3M22S,UC9YkSoqkMLb1nOYKAHov8zQ,Die Linke im Bundestag,https://www.youtube.com/watch?v=pCdsdwGwC38
tYt255Rj3d0,Bosnien-Herzegowina braucht Demokratie und Perspektive statt Bundeswehreinsätze,2024-06-05T15:55:33Z,107,12,0,PT2M11S,UC9YkSoqkMLb1nOYKAHov8zQ,Die Linke im Bundestag,https://www.youtube.com/watch?v=tYt255Rj3d0
aOj2okmYq88,"Schwerpunkte: Diätenerhöhung, das Attentat in Mannheim und Aussetzen der Schuldenbremse",2024-06-04T14:05:06Z,101,15,1,PT6M21S,UC9YkSoqkMLb1nOYKAHov8zQ,Die Linke im Bundestag,https://www.youtube.com/watch?v=aOj2okmYq88
HycCE39z2hU,"Gesundheit statt Profite! Ein Krankenhaus muss sich nicht rechnen, sondern in gesund machen.",2024-06-04T06:34:24Z,4183,199,9,PT31S,UC9YkSoqkMLb1nOYKAHov8zQ,Die Linke im Bundestag,https://www.youtube.com/watch?v=HycCE39z2hU
T4tPMZ2bxCE,75 Jahre Grundgesetz #shorts,2024-05-23T09:55:44Z,1195,30,12,PT56S,UC9YkSoqkMLb1nOYKAHov8zQ,Die Linke im Bundestag,https://www.youtube.com/watch?v=T4tPMZ2bxCE
vMa-K6HE5_Q,Ates Gürpinar: Ampel schränkt die Cannabislegalisierung weiter ein #shorts,2024-05-18T10:50:16Z,606,26,1,PT58S,UC9YkSoqkMLb1nOYKAHov8zQ,Die Linke im Bundestag,https://www.youtube.com/watch?v=vMa-K6HE5_Q
nK6VXfzNs08,Ausbildungsqualität verbessern - Berufsbildungsgesetz umfassend novellieren,2024-05-17T13:15:10Z,61,9,2,PT2M7S,UC9YkSoqkMLb1nOYKAHov8zQ,Die Linke im Bundestag,https://www.youtube.com/watch?v=nK6VXfzNs08
my3GFYvLPYs,"Bürokratieabbau? Der FDP-Ampel geht es nur um die Wirtschaft, uns um die Menschen! #shorts",2024-05-17T12:43:43Z,7607,135,12,PT36S,UC9YkSoqkMLb1nOYKAHov8zQ,Die Linke im Bundestag,https://www.youtube.com/watch?v=my3GFYvLPYs
yAwPCIGHo04,Berufsbildungsbericht offenbart Ausbildungskrise,2024-05-17T11:52:51Z,123,13,0,PT2M33S,UC9YkSoqkMLb1nOYKAHov8zQ,Die Linke im Bundestag,https://www.youtube.com/watch?v=yAwPCIGHo04
b3hxp6wtcdU,"Bürokratieabbau? Der FDP-Ampel geht es nur um die Wirtschaft, uns um die Menschen!",2024-05-17T10:02:12Z,383,12,4,PT3M19S,UC9YkSoqkMLb1nOYKAHov8zQ,Die Linke im Bundestag,https://www.youtube.com/watch?v=b3hxp6wtcdU
1OLCAvtvzRA,Theokraten bekämpfen wir nicht mit scheinheiligem Populismus,2024-05-17T09:37:23Z,77,9,1,PT3M28S,UC9YkSoqkMLb1nOYKAHov8zQ,Die Linke im Bundestag,https://www.youtube.com/watch?v=1OLCAvtvzRA
njwYkgtHrhs,Ampel schränkt Cannabislegalisierung weiter ein,2024-05-17T08:12:43Z,747,34,5,PT2M9S,UC9YkSoqkMLb1nOYKAHov8zQ,Die Linke im Bundestag,https://www.youtube.com/watch?v=njwYkgtHrhs
W0qQeagzsNg,Gesetzliche Rente stärken! Artikel 1 GG gilt auch für alte Menschen,2024-05-17T07:12:57Z,1183,27,7,PT2M28S,UC9YkSoqkMLb1nOYKAHov8zQ,Die Linke im Bundestag,https://www.youtube.com/watch?v=W0qQeagzsNg
bevtQJnou_Q,Keine Drohnenarmee für die Bundeswehr!,2024-05-16T18:55:37Z,158,8,3,PT2M9S,UC9YkSoqkMLb1nOYKAHov8zQ,Die Linke im Bundestag,https://www.youtube.com/watch?v=bevtQJnou_Q
BRP8NghRfzU,Vernünftig bezahlte Jobs: Ja! Rollback beim Klimaschutz: Nein!,2024-05-16T17:47:48Z,92,6,0,PT2M13S,UC9YkSoqkMLb1nOYKAHov8zQ,Die Linke im Bundestag,https://www.youtube.com/watch?v=BRP8NghRfzU
yTErGEnw2d8,Deutschlands Wirtschaftsmodell zerstört die EU,2024-05-16T16:47:17Z,451,9,1,PT2M10S,UC9YkSoqkMLb1nOYKAHov8zQ,Die Linke im Bundestag,https://www.youtube.com/watch?v=yTErGEnw2d8
0B-Uh96JttI,Menschenrechtliche Verpflichtungen endlich umsetzen,2024-05-16T16:20:06Z,331,4,3,PT2M39S,UC9YkSoqkMLb1nOYKAHov8zQ,Die Linke im Bundestag,https://www.youtube.com/watch?v=0B-Uh96JttI
vrefX7ljZjQ,Echte Steuerentlastung für die Mitte geht nur mit links,2024-05-16T16:03:35Z,353,9,5,PT2M26S,UC9YkSoqkMLb1nOYKAHov8zQ,Die Linke im Bundestag,https://www.youtube.com/watch?v=vrefX7ljZjQ
KwbxFsZX-zc,Sprengstoff gegen die Demokratie! Angriffe auf WahlkämpferInnen und Politiker sind verachtenswert!,2024-05-16T14:41:08Z,257,11,4,PT3M20S,UC9YkSoqkMLb1nOYKAHov8zQ,Die Linke im Bundestag,https://www.youtube.com/watch?v=KwbxFsZX-zc
WEvdI1CIiOE,Patentfreigabe als Baustein für Pandemievorsorge,2024-05-16T13:10:21Z,672,12,7,PT3M14S,UC9YkSoqkMLb1nOYKAHov8zQ,Die Linke im Bundestag,https://www.youtube.com/watch?v=WEvdI1CIiOE
gx9AIksGhm8,Erheblicher Nachbesserungsbedarf bei BAföG-Reform,2024-05-16T12:39:30Z,377,14,4,PT3M17S,UC9YkSoqkMLb1nOYKAHov8zQ,Die Linke im Bundestag,https://www.youtube.com/watch?v=gx9AIksGhm8
XPDKu3S9JnI,75 Jahre Grundgesetz: Menschenwürde verteidigen und Demokratie stärken,2024-05-16T10:04:37Z,171,5,37,PT3M46S,UC9YkSoqkMLb1nOYKAHov8zQ,Die Linke im Bundestag,https://www.youtube.com/watch?v=XPDKu3S9JnI
h78EfFotHkk,Menschenrechte in Europa - Deutschland steht öfter auf der Bremse,2024-05-16T09:02:09Z,379,6,8,PT3M35S,UC9YkSoqkMLb1nOYKAHov8zQ,Die Linke im Bundestag,https://www.youtube.com/watch?v=h78EfFotHkk
pfbFB5EyEXA,Die Ukraine hat inzwischen ein massives Personalproblem. Deshalb: Waffenstillstand & Verhandlungen!,2024-05-16T07:05:01Z,73084,2910,396,PT1M,UC9YkSoqkMLb1nOYKAHov8zQ,Die Linke im Bundestag,https://www.youtube.com/watch?v=pfbFB5EyEXA
S-6cCtAqlbE,"Die Verhältnisse ändern, an denen die Gesellschaft krankt!",2024-05-15T17:08:53Z,789,16,4,PT2M39S,UC9YkSoqkMLb1nOYKAHov8zQ,Die Linke im Bundestag,https://www.youtube.com/watch?v=S-6cCtAqlbE
nxXQUYLeuEo,Beharrlichkeit darf nicht das Amt Kosten,2024-05-15T16:12:24Z,325,6,0,PT2M32S,UC9YkSoqkMLb1nOYKAHov8zQ,Die Linke im Bundestag,https://www.youtube.com/watch?v=nxXQUYLeuEo
wCrSySdjz-4,"Scheindebatte Atomausstieg: Zeit, die drängenden Energiefragen anzugehen!",2024-05-15T15:29:58Z,277,8,0,PT3M33S,UC9YkSoqkMLb1nOYKAHov8zQ,Die Linke im Bundestag,https://www.youtube.com/watch?v=wCrSySdjz-4
-lAV0op0AkE,"Schwerpunkte: Mindestlohn, Rente; Diätenerhöhung",2024-05-14T12:18:58Z,390,12,7,PT4M16S,UC9YkSoqkMLb1nOYKAHov8zQ,Die Linke im Bundestag,https://www.youtube.com/watch?v=-lAV0op0AkE
78bOsfEOyK4,Lesen gegen das Vergessen Teil 5 #shorts,2024-05-10T07:09:05Z,644,28,2,PT59S,UC9YkSoqkMLb1nOYKAHov8zQ,Die Linke im Bundestag,https://www.youtube.com/watch?v=78bOsfEOyK4
7-nK1lgJqio,Warum sollte man sich an die Bücherverbrennung von 1933 erinnern? #shorts #zehntermai,2024-05-09T08:30:39Z,2433,124,22,PT1M,UC9YkSoqkMLb1nOYKAHov8zQ,Die Linke im Bundestag,https://www.youtube.com/watch?v=7-nK1lgJqio
bXScFQKQ4C8,Rentenpaket: Ampel-Chaos treibt Verunsicherung voran #maischberger #rente,2024-05-08T18:29:07Z,628,25,0,PT45S,UC9YkSoqkMLb1nOYKAHov8zQ,Die Linke im Bundestag,https://www.youtube.com/watch?v=bXScFQKQ4C8
qC-iDnw3Too,Lesen gegen das Vergessen Teil 3 #shorts,2024-05-08T07:55:12Z,533,16,1,PT1M,UC9YkSoqkMLb1nOYKAHov8zQ,Die Linke im Bundestag,https://www.youtube.com/watch?v=qC-iDnw3Too
ZLXztiKyo2k,Wir brauchen eine echte Mietpreisbremse #shorts,2024-05-07T09:59:15Z,155,16,0,PT1M,UC9YkSoqkMLb1nOYKAHov8zQ,Die Linke im Bundestag,https://www.youtube.com/watch?v=ZLXztiKyo2k
xt2RPGmcTSY,Lesen gegen das Vergessen Teil 2 #shorts,2024-05-07T07:04:15Z,563,26,3,PT1M,UC9YkSoqkMLb1nOYKAHov8zQ,Die Linke im Bundestag,https://www.youtube.com/watch?v=xt2RPGmcTSY
SERwZA1DswU,Lesen gegen das Vergessen Teil 1 #shorts,2024-05-06T15:37:58Z,122,21,1,PT55S,UC9YkSoqkMLb1nOYKAHov8zQ,Die Linke im Bundestag,https://www.youtube.com/watch?v=SERwZA1DswU
pqv7l0dYzeo,Der Kampf um gute Arbeitsbedingungen & ein Leben in Würde: #1mai2024 #1mai #erstermai #tagederarbeit,2024-05-01T05:59:55Z,605,33,2,PT59S,UC9YkSoqkMLb1nOYKAHov8zQ,Die Linke im Bundestag,https://www.youtube.com/watch?v=pqv7l0dYzeo
tiyqwJUVgVs,Linke fordert Verbesserungen für alle Freiwilligen!,2024-04-26T13:31:52Z,41,6,1,PT2M17S,UC9YkSoqkMLb1nOYKAHov8zQ,Die Linke im Bundestag,https://www.youtube.com/watch?v=tiyqwJUVgVs
yYogcr0O5ac,Verkehrsminister Wissing ist ein Totalausfall,2024-04-26T12:05:34Z,105,26,4,PT3M33S,UC9YkSoqkMLb1nOYKAHov8zQ,Die Linke im Bundestag,https://www.youtube.com/watch?v=yYogcr0O5ac
EXa9KHpU2O4,Mindestlohn: Regelung mit Weitblick statt eine Eintagsfliege,2024-04-26T11:46:01Z,30,7,0,PT2M10S,UC9YkSoqkMLb1nOYKAHov8zQ,Die Linke im Bundestag,https://www.youtube.com/watch?v=EXa9KHpU2O4
OVUFS7KH_f0,Nutzen und Nachteile der Digitalisierung müssen global gerechter verteilt werden,2024-04-26T11:14:31Z,22,4,2,PT2M24S,UC9YkSoqkMLb1nOYKAHov8zQ,Die Linke im Bundestag,https://www.youtube.com/watch?v=OVUFS7KH_f0
iV-ILzjKcMM,Schuldenbremse: Die dümmste Regel der Politik muss weg,2024-04-26T10:12:57Z,26,4,0,PT3M24S,UC9YkSoqkMLb1nOYKAHov8zQ,Die Linke im Bundestag,https://www.youtube.com/watch?v=iV-ILzjKcMM
AIGBTCsBHNA,Batterieforschung ist Zukunftsinvestition,2024-04-26T10:11:18Z,24,3,0,PT2M31S,UC9YkSoqkMLb1nOYKAHov8zQ,Die Linke im Bundestag,https://www.youtube.com/watch?v=AIGBTCsBHNA
UKE83uPSaHQ,Skandal: In 🇩🇪 fehlen 13.000 Frauenhausplätze. Obendrein muss Opfer selbst für Plätze zahlen.,2024-04-26T08:46:00Z,99,17,0,PT30S,UC9YkSoqkMLb1nOYKAHov8zQ,Die Linke im Bundestag,https://www.youtube.com/watch?v=UKE83uPSaHQ
-SlmGUzc3wo,Solarpaket: Sargnagel für die heimische Solarwirtschaft,2024-04-26T08:31:39Z,30,4,0,PT2M16S,UC9YkSoqkMLb1nOYKAHov8zQ,Die Linke im Bundestag,https://www.youtube.com/watch?v=-SlmGUzc3wo
_JM6S2RUSmY,Krankheit darf nicht arm machen!,2024-04-26T06:48:12Z,22,3,0,PT2M13S,UC9YkSoqkMLb1nOYKAHov8zQ,Die Linke im Bundestag,https://www.youtube.com/watch?v=_JM6S2RUSmY
NUo0qZMEJoI,"Menschen in Libyen brauchen eine politische Lösung, keine EU-Militärpräsenz",2024-04-25T16:24:37Z,24,3,0,PT2M12S,UC9YkSoqkMLb1nOYKAHov8zQ,Die Linke im Bundestag,https://www.youtube.com/watch?v=NUo0qZMEJoI
un5HNZDXLd8,Bei Gleichberechtigung in der Bundeswehr ist deutlich Luft nach oben,2024-04-25T15:52:01Z,21,5,0,PT2M28S,UC9YkSoqkMLb1nOYKAHov8zQ,Die Linke im Bundestag,https://www.youtube.com/watch?v=un5HNZDXLd8
IrlVmb6SBaM,Demokratiefeinde raus aus den Parlamenten!,2024-04-25T15:22:53Z,35,4,0,PT3M53S,UC9YkSoqkMLb1nOYKAHov8zQ,Die Linke im Bundestag,https://www.youtube.com/watch?v=IrlVmb6SBaM
hcmbqJfi57Y,AfD will den Euro abschaffen,2024-04-25T13:07:59Z,77,7,0,PT2M56S,UC9YkSoqkMLb1nOYKAHov8zQ,Die Linke im Bundestag,https://www.youtube.com/watch?v=hcmbqJfi57Y
Ft66AFjNevE,Veteranentag: Bootsfahrt wie Heinemann statt Paraden-Pomp,2024-04-25T12:32:04Z,84,13,0,PT3M3S,UC9YkSoqkMLb1nOYKAHov8zQ,Die Linke im Bundestag,https://www.youtube.com/watch?v=Ft66AFjNevE
JHlIgGCGdms,Wir fordern Solidarität und Abschiebestopp für die mutigen Kämpfer*innen Irans,2024-04-25T11:13:41Z,35,5,0,PT3M21S,UC9YkSoqkMLb1nOYKAHov8zQ,Die Linke im Bundestag,https://www.youtube.com/watch?v=JHlIgGCGdms
McF4LTQp0Lo,EU erweitern und besser machen!,2024-04-25T08:42:04Z,20,4,0,PT3M3S,UC9YkSoqkMLb1nOYKAHov8zQ,Die Linke im Bundestag,https://www.youtube.com/watch?v=McF4LTQp0Lo
ftAYAlyCcag,Gesellschaftliche Debatte über Routine-Bluttests für Schwangere,2024-04-24T15:17:19Z,23,6,0,PT2M25S,UC9YkSoqkMLb1nOYKAHov8zQ,Die Linke im Bundestag,https://www.youtube.com/watch?v=ftAYAlyCcag
YWUgbWRlTZs,Linke für Neustart in der Sportpolitik,2024-04-24T14:40:08Z,38,5,0,PT3M33S,UC9YkSoqkMLb1nOYKAHov8zQ,Die Linke im Bundestag,https://www.youtube.com/watch?v=YWUgbWRlTZs
JFgcqgDyexE,Schwerpunkte: Perspektiven für die Jugend und Solarförderung,2024-04-23T12:36:10Z,50,9,0,PT9M38S,UC9YkSoqkMLb1nOYKAHov8zQ,Die Linke im Bundestag,https://www.youtube.com/watch?v=JFgcqgDyexE
2Jb75r1F1sY,Ich halte die Wahlrechtsreform der Ampel für grundgesetzwidrig,2024-04-23T07:17:36Z,215,29,7,PT2M32S,UC9YkSoqkMLb1nOYKAHov8zQ,Die Linke im Bundestag,https://www.youtube.com/watch?v=2Jb75r1F1sY
O8sLpi3e_wc,Die #GEAS Reform tötet! #shorts,2024-04-18T09:00:59Z,663,26,4,PT20S,UC9YkSoqkMLb1nOYKAHov8zQ,Die Linke im Bundestag,https://www.youtube.com/watch?v=O8sLpi3e_wc
H9xSMliWPPQ,Die Bundesregierung muss ihre Iran-Politik umgehend korrigieren. #Israel,2024-04-15T14:30:31Z,8873,103,36,PT16S,UC9YkSoqkMLb1nOYKAHov8zQ,Die Linke im Bundestag,https://www.youtube.com/watch?v=H9xSMliWPPQ
4d8DGYzu-dw,Auch in der Solarbranche regelt der Markt einen Scheiß – Resilienzbonus jetzt!,2024-04-12T14:36:36Z,77,7,0,PT6M22S,UC9YkSoqkMLb1nOYKAHov8zQ,Die Linke im Bundestag,https://www.youtube.com/watch?v=4d8DGYzu-dw
FscAK9Oq4AY,Wasserstoffnetz für die Energiewende unverzichtbar,2024-04-12T13:53:39Z,28,6,1,PT2M7S,UC9YkSoqkMLb1nOYKAHov8zQ,Die Linke im Bundestag,https://www.youtube.com/watch?v=FscAK9Oq4AY
16SWn28S_2w,Die AfD macht Steuerpolitik für Reiche!,2024-04-12T13:28:18Z,135,10,1,PT2M4S,UC9YkSoqkMLb1nOYKAHov8zQ,Die Linke im Bundestag,https://www.youtube.com/watch?v=16SWn28S_2w
uU_DvtXD2Dk,Endlich ein Selbstbestimmungsgesetz. Leider kein wirklich gutes.,2024-04-12T12:39:40Z,81,10,0,PT2M21S,UC9YkSoqkMLb1nOYKAHov8zQ,Die Linke im Bundestag,https://www.youtube.com/watch?v=uU_DvtXD2Dk
vIePih-hBPc,Antisemitismus ist Made in Germany,2024-04-12T10:08:30Z,101,9,0,PT3M44S,UC9YkSoqkMLb1nOYKAHov8zQ,Die Linke im Bundestag,https://www.youtube.com/watch?v=vIePih-hBPc
Muf-AQVqt9Y,Bezahlkarte für Geflüchtete: Entrechtung und Bürokratiemonster,2024-04-12T08:54:56Z,44,5,0,PT3M43S,UC9YkSoqkMLb1nOYKAHov8zQ,Die Linke im Bundestag,https://www.youtube.com/watch?v=Muf-AQVqt9Y
_kIvQB176b4,CDU will 'Wirtschaftswende' auf Kosten der Beschäftigten,2024-04-12T07:27:52Z,25,4,0,PT3M14S,UC9YkSoqkMLb1nOYKAHov8zQ,Die Linke im Bundestag,https://www.youtube.com/watch?v=_kIvQB176b4
oifyz_QeYD8,Abzocke mit Heizkosten beenden,2024-04-12T06:21:23Z,75,9,1,PT2M24S,UC9YkSoqkMLb1nOYKAHov8zQ,Die Linke im Bundestag,https://www.youtube.com/watch?v=oifyz_QeYD8
cPzzhg59c8I,Neue Umbaukultur und Mietenstopp!,2024-04-11T17:17:16Z,41,4,1,PT2M23S,UC9YkSoqkMLb1nOYKAHov8zQ,Die Linke im Bundestag,https://www.youtube.com/watch?v=cPzzhg59c8I
j1grkrwXf8o,Sichere Medizinprodukte durch effektive Kontrollen,2024-04-11T16:44:52Z,18,5,0,PT2M25S,UC9YkSoqkMLb1nOYKAHov8zQ,Die Linke im Bundestag,https://www.youtube.com/watch?v=j1grkrwXf8o
zigCypFEUgg,Deutschlands und Europas Mitverantwortung für den Völkermord in Ruanda ist erheblich,2024-04-11T14:46:30Z,34,5,0,PT2M41S,UC9YkSoqkMLb1nOYKAHov8zQ,Die Linke im Bundestag,https://www.youtube.com/watch?v=zigCypFEUgg
mizaMu-RfIM,Bündnis von AfD und Russland skandalisieren – russischen Einfluss im Parlament zurückdrängen,2024-04-11T13:34:16Z,33,6,1,PT3M17S,UC9YkSoqkMLb1nOYKAHov8zQ,Die Linke im Bundestag,https://www.youtube.com/watch?v=mizaMu-RfIM
tfPH13XS_yo,Für einen besseren Euro braucht es mehr Kooperation in Europa,2024-04-11T13:11:43Z,27,6,1,PT3M6S,UC9YkSoqkMLb1nOYKAHov8zQ,Die Linke im Bundestag,https://www.youtube.com/watch?v=tfPH13XS_yo
eDFbq52J4IY,Ernährungsstrategie der Bundesregierung ein einziger Fehlgriff,2024-04-11T11:31:32Z,19,4,0,PT3M19S,UC9YkSoqkMLb1nOYKAHov8zQ,Die Linke im Bundestag,https://www.youtube.com/watch?v=eDFbq52J4IY
gvqhOzI8c20,Für die Ampel ist jeder Panzer und jede Autobahn wichtiger als die Investition in Bildung,2024-04-11T10:30:15Z,27,6,0,PT3M37S,UC9YkSoqkMLb1nOYKAHov8zQ,Die Linke im Bundestag,https://www.youtube.com/watch?v=gvqhOzI8c20
ycmi9MXkg-8,Schluss mit den Atomfantasien,2024-04-10T17:35:36Z,33,6,3,PT2M31S,UC9YkSoqkMLb1nOYKAHov8zQ,Die Linke im Bundestag,https://www.youtube.com/watch?v=ycmi9MXkg-8
1lAq1Jx1NO8,Gehsteigbelästigung verbieten!,2024-04-10T16:03:57Z,46,4,3,PT2M18S,UC9YkSoqkMLb1nOYKAHov8zQ,Die Linke im Bundestag,https://www.youtube.com/watch?v=1lAq1Jx1NO8
YPmfpw09KbM,Die beste Kriminalprävention bleibt eine gute Sozialpolitik,2024-04-10T14:39:56Z,34,5,0,PT3M12S,UC9YkSoqkMLb1nOYKAHov8zQ,Die Linke im Bundestag,https://www.youtube.com/watch?v=YPmfpw09KbM
o2_cTFVIp3Q,Schwerpunkte in dieser Woche: Kindergrundsicherung und Heizkostennotfallplan,2024-04-09T12:32:20Z,81,6,1,PT15M14S,UC9YkSoqkMLb1nOYKAHov8zQ,Die Linke im Bundestag,https://www.youtube.com/watch?v=o2_cTFVIp3Q
yf4ETlPN4tI,"Bedrohte Tierarten schützen, auch wenn sie keine Flügel haben",2024-04-04T08:24:48Z,1337,16,8,PT2M56S,UC9YkSoqkMLb1nOYKAHov8zQ,Die Linke im Bundestag,https://www.youtube.com/watch?v=yf4ETlPN4tI
rX7MqDiKNhQ,Ampel will Opposition einschränken aber zieht den Kürzeren,2024-04-02T11:08:53Z,2332,36,9,PT2M29S,UC9YkSoqkMLb1nOYKAHov8zQ,Die Linke im Bundestag,https://www.youtube.com/watch?v=rX7MqDiKNhQ
pf4nLFOxC8A,Statt Bundeswehrmandat mehr humanitäre Hilfe für Libyen,2024-04-01T10:37:05Z,52,7,0,PT2M41S,UC9YkSoqkMLb1nOYKAHov8zQ,Die Linke im Bundestag,https://www.youtube.com/watch?v=pf4nLFOxC8A
R_J2NxZk7M4,Bauen wie in Wien!,2024-04-01T09:50:42Z,44,10,0,PT3M39S,UC9YkSoqkMLb1nOYKAHov8zQ,Die Linke im Bundestag,https://www.youtube.com/watch?v=R_J2NxZk7M4
WCSO1X7nYWE,Bessere Arbeitsbedingungen für Betriebsräte und mehr Mitbestimmung!,2024-04-01T09:50:00Z,41,6,1,PT3M29S,UC9YkSoqkMLb1nOYKAHov8zQ,Die Linke im Bundestag,https://www.youtube.com/watch?v=WCSO1X7nYWE
_Okr_uIIi7Y,Die Schuldenbremse ist an der Realität vorbei,2024-04-01T09:49:11Z,63,7,1,PT2M51S,UC9YkSoqkMLb1nOYKAHov8zQ,Die Linke im Bundestag,https://www.youtube.com/watch?v=_Okr_uIIi7Y
M5amsor3Qb4,Mehr Investitionen in die Bildung und eine Gemeinschaftsaufgabe Bildung im Grundgesetz,2024-04-01T09:48:22Z,31,6,0,PT2M31S,UC9YkSoqkMLb1nOYKAHov8zQ,Die Linke im Bundestag,https://www.youtube.com/watch?v=M5amsor3Qb4
_QwXT0hWJog,"Bundeswehreinsatz im Südsudan beenden, humanitär und zivil helfen",2024-04-01T09:47:38Z,25,5,0,PT2M41S,UC9YkSoqkMLb1nOYKAHov8zQ,Die Linke im Bundestag,https://www.youtube.com/watch?v=_QwXT0hWJog
wGiJe7dyMWA,Privatisierung der Bahn ist größter Irrsinn,2024-04-01T09:46:52Z,334,8,2,PT2M41S,UC9YkSoqkMLb1nOYKAHov8zQ,Die Linke im Bundestag,https://www.youtube.com/watch?v=wGiJe7dyMWA
_-8nIRqUVe4,Sea Guardian: Bundeswehrmandat im Mittelmeer ohne Ende?!,2024-04-01T09:46:02Z,28,6,0,PT2M31S,UC9YkSoqkMLb1nOYKAHov8zQ,Die Linke im Bundestag,https://www.youtube.com/watch?v=_-8nIRqUVe4
6-jPp51_LA4,Für einen sofortigen Waffenstillstand und die Freilassung der Geiseln,2024-04-01T09:45:11Z,391,9,2,PT4M15S,UC9YkSoqkMLb1nOYKAHov8zQ,Die Linke im Bundestag,https://www.youtube.com/watch?v=6-jPp51_LA4
k1gxhGh3pCg,Aufrüstung und Krieg sind die schlimmsten ökologischen Verbrechen,2024-04-01T09:44:24Z,24,5,0,PT3M19S,UC9YkSoqkMLb1nOYKAHov8zQ,Die Linke im Bundestag,https://www.youtube.com/watch?v=k1gxhGh3pCg
wbslQcrXXB8,"Internationale Bildung und Wissenschaft: reich an Ideen, aber schwach in der Umsetzung",2024-04-01T09:43:29Z,246,6,1,PT3M41S,UC9YkSoqkMLb1nOYKAHov8zQ,Die Linke im Bundestag,https://www.youtube.com/watch?v=wbslQcrXXB8
i4oQLLGYmvU,Die Bezahlkarte schafft keine Rechtssicherheit – im Gegenteil,2024-04-01T09:42:02Z,151,8,3,PT3M37S,UC9YkSoqkMLb1nOYKAHov8zQ,Die Linke im Bundestag,https://www.youtube.com/watch?v=i4oQLLGYmvU
Op3DBLaoMoc,Umsetzung Digital Services Act: zu spät und mit Mängeln,2024-04-01T09:41:13Z,307,3,2,PT3M47S,UC9YkSoqkMLb1nOYKAHov8zQ,Die Linke im Bundestag,https://www.youtube.com/watch?v=Op3DBLaoMoc
Djfp_01L2YQ,Es braucht mehr finanzielle Mittel im Kampf gegen Antisemitismus in Bildung und Wissenschaft,2024-03-20T18:40:46Z,50,10,1,PT3M21S,UC9YkSoqkMLb1nOYKAHov8zQ,Die Linke im Bundestag,https://www.youtube.com/watch?v=Djfp_01L2YQ
h8gUYk2Bras,Diplomatie in der Ukraine und in Gaza ist das Gebot der Stunde,2024-03-20T14:50:09Z,141,16,3,PT3M31S,UC9YkSoqkMLb1nOYKAHov8zQ,Die Linke im Bundestag,https://www.youtube.com/watch?v=h8gUYk2Bras
io6DBYcDLvM,Die Schuldenbremse ist eine Zukunftsbremse,2024-03-19T13:43:49Z,144,19,4,PT7M46S,UC9YkSoqkMLb1nOYKAHov8zQ,Die Linke im Bundestag,https://www.youtube.com/watch?v=io6DBYcDLvM
oALZaqmP1qc,Härtefallfonds ist Frustfonds für ostdeutsche Rentner #shorts,2024-03-18T16:54:52Z,8062,868,51,PT44S,UC9YkSoqkMLb1nOYKAHov8zQ,Die Linke im Bundestag,https://www.youtube.com/watch?v=oALZaqmP1qc
ZPe4C2RqVQ0,"Entkriminalisierung von Cannabis überfällig. Gut, dass 🚦keine faktenresistente Drogenpolitik macht.",2024-03-16T09:21:52Z,1458,37,5,PT55S,UC9YkSoqkMLb1nOYKAHov8zQ,Die Linke im Bundestag,https://www.youtube.com/watch?v=ZPe4C2RqVQ0
sVyHsXk4B_Y,Für den gleichen Lohn wie Westdeutsche 2023 müssen Ostdeutsche müssen bis 16. März 2024 arbeiten.,2024-03-16T07:52:42Z,170,24,1,PT39S,UC9YkSoqkMLb1nOYKAHov8zQ,Die Linke im Bundestag,https://www.youtube.com/watch?v=sVyHsXk4B_Y
-7ZtzcEoO_U,Confront: Long Covid 2024!,2024-03-15T12:23:53Z,236,13,6,PT2M22S,UC9YkSoqkMLb1nOYKAHov8zQ,Die Linke im Bundestag,https://www.youtube.com/watch?v=-7ZtzcEoO_U
sO4ef16f8zw,Die CDU bleibt sich treu: Abschottung und Entrechtung von Geflüchteten,2024-03-15T11:07:21Z,142,15,0,PT3M28S,UC9YkSoqkMLb1nOYKAHov8zQ,Die Linke im Bundestag,https://www.youtube.com/watch?v=sO4ef16f8zw
BPlMS_uL-6Q,Frauenpolitik hat bei der Ampel keine Priorität,2024-03-15T09:46:39Z,196,19,6,PT2M54S,UC9YkSoqkMLb1nOYKAHov8zQ,Die Linke im Bundestag,https://www.youtube.com/watch?v=BPlMS_uL-6Q
0D7jxQ6GNEI,Versteckte Preiserhöhungen bei Bedarfsgütern wirksam bekämpfen!,2024-03-15T07:05:44Z,73,11,3,PT2M7S,UC9YkSoqkMLb1nOYKAHov8zQ,Die Linke im Bundestag,https://www.youtube.com/watch?v=0D7jxQ6GNEI
9corV5gKzIc,Schlupflöcher bei einheitlichen Ladegeräten,2024-03-14T19:26:12Z,49,13,3,PT2M,UC9YkSoqkMLb1nOYKAHov8zQ,Die Linke im Bundestag,https://www.youtube.com/watch?v=9corV5gKzIc
Pk5rM6RbjL4,Ländlichen Kommunen nicht den Geldhahn abdrehen!,2024-03-14T19:25:27Z,40,6,0,PT2M8S,UC9YkSoqkMLb1nOYKAHov8zQ,Die Linke im Bundestag,https://www.youtube.com/watch?v=Pk5rM6RbjL4
eC-G-ylrL4A,CDU/CSU will die Leute noch leichter auspressen,2024-03-14T19:06:56Z,70,13,0,PT2M35S,UC9YkSoqkMLb1nOYKAHov8zQ,Die Linke im Bundestag,https://www.youtube.com/watch?v=eC-G-ylrL4A
-BrDU6D52N4,Das Scheitern der Energiewende droht,2024-03-14T15:27:33Z,63,11,3,PT3M4S,UC9YkSoqkMLb1nOYKAHov8zQ,Die Linke im Bundestag,https://www.youtube.com/watch?v=-BrDU6D52N4
QJDY1b_G044,Bürgergeld-Reform à la AfD: Arbeitszwang und Mobilitätseinschränkung,2024-03-14T14:01:47Z,150,13,2,PT2M41S,UC9YkSoqkMLb1nOYKAHov8zQ,Die Linke im Bundestag,https://www.youtube.com/watch?v=QJDY1b_G044
oDeOoDFPS1M,Das Verbot von racial profiling muss ins Gesetz!,2024-03-14T12:48:04Z,149,14,4,PT2M52S,UC9YkSoqkMLb1nOYKAHov8zQ,Die Linke im Bundestag,https://www.youtube.com/watch?v=oDeOoDFPS1M
-rwE6sCx82M,Taurus: Frieden lässt sich nicht herbeibomben!,2024-03-14T11:04:05Z,181,18,4,PT3M37S,UC9YkSoqkMLb1nOYKAHov8zQ,Die Linke im Bundestag,https://www.youtube.com/watch?v=-rwE6sCx82M
mpGZkdScG84,Kostenlose Kita- und Schulverpflegung jetzt!,2024-03-14T09:59:23Z,115,7,1,PT1M19S,UC9YkSoqkMLb1nOYKAHov8zQ,Die Linke im Bundestag,https://www.youtube.com/watch?v=mpGZkdScG84
byQUmyfzBq0,Empfehlungen des Bürgerrates ernst nehmen!,2024-03-14T09:47:30Z,665,7,2,PT2M15S,UC9YkSoqkMLb1nOYKAHov8zQ,Die Linke im Bundestag,https://www.youtube.com/watch?v=byQUmyfzBq0
PVfmt2TkDBk,Wissenschaftskommunikation stärken heißt gute Arbeitsbedingungen in der Wissenschaft schaffen,2024-03-14T08:11:31Z,47,7,5,PT2M12S,UC9YkSoqkMLb1nOYKAHov8zQ,Die Linke im Bundestag,https://www.youtube.com/watch?v=PVfmt2TkDBk
rzwkz3PBD-c,Ampel lässt Mieterinnen und Mieter hängen,2024-03-13T18:53:37Z,710,11,7,PT2M2S,UC9YkSoqkMLb1nOYKAHov8zQ,Die Linke im Bundestag,https://www.youtube.com/watch?v=rzwkz3PBD-c
zkuPWmHSMGk,Taurus-Leak: Unprofessioneller Schlendrian bei der Bundeswehr!,2024-03-13T16:16:44Z,1220,33,8,PT3M25S,UC9YkSoqkMLb1nOYKAHov8zQ,Die Linke im Bundestag,https://www.youtube.com/watch?v=zkuPWmHSMGk
HpLMV8YdgN8,"Ja, in der Taurus-Debatte kann manch einer eine Gurke nicht vom Gewehr unterscheiden.",2024-03-12T21:00:02Z,1082,39,0,PT52S,UC9YkSoqkMLb1nOYKAHov8zQ,Die Linke im Bundestag,https://www.youtube.com/watch?v=HpLMV8YdgN8
xJkWroQSofU,Diplomatie muss über Waffen stehen,2024-03-12T13:34:18Z,276,16,7,PT6M14S,UC9YkSoqkMLb1nOYKAHov8zQ,Die Linke im Bundestag,https://www.youtube.com/watch?v=xJkWroQSofU
GJqWJfjTClM,Statt Aktienrente: Gesetzliche Rente stärken,2024-03-05T13:17:15Z,653,29,25,PT3M15S,UC9YkSoqkMLb1nOYKAHov8zQ,Die Linke im Bundestag,https://www.youtube.com/watch?v=GJqWJfjTClM
uLXZqPZvus4,"Vielen Dank, Pascal Meiser! #shorts",2024-02-26T12:40:20Z,920,31,1,PT58S,UC9YkSoqkMLb1nOYKAHov8zQ,Die Linke im Bundestag,https://www.youtube.com/watch?v=uLXZqPZvus4
pp-ofap2sJA,Bundeswehr im Roten Meer: Es droht ein Afghanistan 2.0,2024-02-23T15:52:39Z,299,20,2,PT2M14S,UC9YkSoqkMLb1nOYKAHov8zQ,Die Linke im Bundestag,https://www.youtube.com/watch?v=pp-ofap2sJA
JLKLjk3SP6I,Cannabis: Kriminalisierung schadet der Gesundheit,2024-02-23T14:14:09Z,2918,320,69,PT2M18S,UC9YkSoqkMLb1nOYKAHov8zQ,Die Linke im Bundestag,https://www.youtube.com/watch?v=JLKLjk3SP6I
2ym3SS0H3D8,Mehr Unterstützung für Prostituierte statt Sexkaufverbot,2024-02-23T13:15:16Z,1864,55,39,PT2M33S,UC9YkSoqkMLb1nOYKAHov8zQ,Die Linke im Bundestag,https://www.youtube.com/watch?v=2ym3SS0H3D8
VDHqOE2T1t0,Verwaltungsdigitalisierung: unterfinanziert und in Tippelschritten,2024-02-23T12:35:36Z,342,7,0,PT2M22S,UC9YkSoqkMLb1nOYKAHov8zQ,Die Linke im Bundestag,https://www.youtube.com/watch?v=VDHqOE2T1t0
MzbskyQGcNk,"Jetzt Energiewende einleiten, Fusionskraftwerke für morgen vorbereiten!",2024-02-23T12:00:53Z,180,10,3,PT3M29S,UC9YkSoqkMLb1nOYKAHov8zQ,Die Linke im Bundestag,https://www.youtube.com/watch?v=MzbskyQGcNk
Yeog-SaMxYU,20 Jahre Afghanistan-Krieg gegen die Mehrheitsmeinung,2024-02-23T10:42:59Z,1573,104,5,PT3M37S,UC9YkSoqkMLb1nOYKAHov8zQ,Die Linke im Bundestag,https://www.youtube.com/watch?v=Yeog-SaMxYU
XFEi48P8F7w,Übergewinnsteuer für Kriegsgewinnler,2024-02-23T10:24:45Z,488,15,1,PT3M3S,UC9YkSoqkMLb1nOYKAHov8zQ,Die Linke im Bundestag,https://www.youtube.com/watch?v=XFEi48P8F7w
c_0HaN_gFP0,Sinnvolle Wege aus der Katastrophe gehen!,2024-02-23T07:56:07Z,69,10,0,PT2M26S,UC9YkSoqkMLb1nOYKAHov8zQ,Die Linke im Bundestag,https://www.youtube.com/watch?v=c_0HaN_gFP0
cps_ybcR9mE,Gute Arbeit hat kein Verfallsdatum,2024-02-23T07:16:21Z,170,18,4,PT2M17S,UC9YkSoqkMLb1nOYKAHov8zQ,Die Linke im Bundestag,https://www.youtube.com/watch?v=cps_ybcR9mE
CLfjgDNyfYQ,Den Zug endlich auf die Schiene bringen,2024-02-22T16:48:29Z,64,8,0,PT2M20S,UC9YkSoqkMLb1nOYKAHov8zQ,Die Linke im Bundestag,https://www.youtube.com/watch?v=CLfjgDNyfYQ
Fsme9OSum6Y,"Ein Basiskonto für Geflüchtete einführen, keine diskriminierende Bezahlkarte!",2024-02-22T16:25:28Z,74,6,0,PT2M48S,UC9YkSoqkMLb1nOYKAHov8zQ,Die Linke im Bundestag,https://www.youtube.com/watch?v=Fsme9OSum6Y
xhRRsfkfqtY,Verhandlungen müssen das Gebot der Stunde sein,2024-02-22T14:55:29Z,185,16,3,PT3M26S,UC9YkSoqkMLb1nOYKAHov8zQ,Die Linke im Bundestag,https://www.youtube.com/watch?v=xhRRsfkfqtY
4p9GdIOl12s,Die Agrarpolitik der Ampel ist perspektivlos,2024-02-22T14:21:54Z,86,8,1,PT3M13S,UC9YkSoqkMLb1nOYKAHov8zQ,Die Linke im Bundestag,https://www.youtube.com/watch?v=4p9GdIOl12s
sf2jBpysbgU,Wir müssen wieder mehr Brandt wagen,2024-02-22T12:02:51Z,1126,76,15,PT3M11S,UC9YkSoqkMLb1nOYKAHov8zQ,Die Linke im Bundestag,https://www.youtube.com/watch?v=sf2jBpysbgU
KIkP4uoJ8UY,Ihre Politik macht die Menschen arm!,2024-02-22T11:27:26Z,221,15,4,PT3M37S,UC9YkSoqkMLb1nOYKAHov8zQ,Die Linke im Bundestag,https://www.youtube.com/watch?v=KIkP4uoJ8UY
oxbCYBu5DV0,Auch die Postpolitik der Bundesregierung ist eine Politik der gebrochenen Versprechen!,2024-02-22T10:53:53Z,227,9,1,PT3M27S,UC9YkSoqkMLb1nOYKAHov8zQ,Die Linke im Bundestag,https://www.youtube.com/watch?v=oxbCYBu5DV0
_24OsO5z1ts,"Die AfD gehört nicht ins demokratische Spektrum, sondern bekämpft!",2024-02-22T10:33:44Z,2697,27,117,PT2M59S,UC9YkSoqkMLb1nOYKAHov8zQ,Die Linke im Bundestag,https://www.youtube.com/watch?v=_24OsO5z1ts
TcPJbPFqPSg,Sie fahren die Wirtschaft an die Wand!,2024-02-21T20:20:20Z,355,22,6,PT2M25S,UC9YkSoqkMLb1nOYKAHov8zQ,Die Linke im Bundestag,https://www.youtube.com/watch?v=TcPJbPFqPSg
9SzT_vAQjzU,"Wer Nawalny ehren will, muss sich für die Freiheit von Assange einsetzen",2024-02-21T15:50:29Z,227,22,4,PT3M23S,UC9YkSoqkMLb1nOYKAHov8zQ,Die Linke im Bundestag,https://www.youtube.com/watch?v=9SzT_vAQjzU
XgNTjDhEp0g,"Wenn ich die Mitte entlasten will, muss ich oben angemessen mehr nehmen. Das trauen sie sich nicht.",2024-02-21T12:57:16Z,27020,2287,142,PT35S,UC9YkSoqkMLb1nOYKAHov8zQ,Die Linke im Bundestag,https://www.youtube.com/watch?v=XgNTjDhEp0g
jgneAg0FthY,Wir ziehen an einem Strang,2024-02-21T12:23:32Z,263,18,2,PT12M11S,UC9YkSoqkMLb1nOYKAHov8zQ,Die Linke im Bundestag,https://www.youtube.com/watch?v=jgneAg0FthY
nzwRCHykvuQ,Investitionen in die Zukunft statt Schuldenbremse,2024-02-20T20:09:28Z,714,33,6,PT21M45S,UC9YkSoqkMLb1nOYKAHov8zQ,Die Linke im Bundestag,https://www.youtube.com/watch?v=nzwRCHykvuQ
4kk0rz1mlZE,"Schluss mit Alimenten für die Rüstungsindustrie, dann ist Geld für Kinder, Familien und Senioren da.",2024-02-18T18:23:05Z,2721,80,13,PT52S,UC9YkSoqkMLb1nOYKAHov8zQ,Die Linke im Bundestag,https://www.youtube.com/watch?v=4kk0rz1mlZE
aBTla2yhVuY,Ostdeutsche erhalten 13.000 € weniger Lohn pro Jahr. Der Osten darf nicht länger Billiglohnzone sein,2024-02-18T09:19:32Z,12173,1105,56,PT26S,UC9YkSoqkMLb1nOYKAHov8zQ,Die Linke im Bundestag,https://www.youtube.com/watch?v=aBTla2yhVuY
chayLOtpS2A,Wir lieben euch #shorts,2024-02-14T11:00:09Z,107,18,5,PT21S,UC9YkSoqkMLb1nOYKAHov8zQ,Die Linke im Bundestag,https://www.youtube.com/watch?v=chayLOtpS2A
zcVn8uH2MMM,Das war's noch lange nicht! #shorts,2024-02-12T13:13:59Z,374,15,2,PT26S,UC9YkSoqkMLb1nOYKAHov8zQ,Die Linke im Bundestag,https://www.youtube.com/watch?v=zcVn8uH2MMM
FzxJNaI6o4s,Red Hand Day 2024 #shorts,2024-02-12T11:09:03Z,147,18,1,PT57S,UC9YkSoqkMLb1nOYKAHov8zQ,Die Linke im Bundestag,https://www.youtube.com/watch?v=FzxJNaI6o4s
-VPjION5O5I,Gregor Gysi: Der größte Fehler ist die Schuldenbremse,2024-02-03T09:27:19Z,37147,742,78,PT3M24S,UC9YkSoqkMLb1nOYKAHov8zQ,Die Linke im Bundestag,https://www.youtube.com/watch?v=-VPjION5O5I
6Q9id0sHASI,Linke-Gruppe legt los,2024-02-02T16:02:12Z,281,22,3,PT12M5S,UC9YkSoqkMLb1nOYKAHov8zQ,Die Linke im Bundestag,https://www.youtube.com/watch?v=6Q9id0sHASI
v7dmElbsGKc,"Herr Lindner, Sie sind die größte Gefahr für die Wirtschaft in unserem Land!",2024-02-02T13:13:48Z,120,14,2,PT3M8S,UC9YkSoqkMLb1nOYKAHov8zQ,Die Linke im Bundestag,https://www.youtube.com/watch?v=v7dmElbsGKc
poiljYMSPAE,"Sie haben ein Herz für Panzer, aber nicht für Kinder",2024-02-02T11:59:54Z,603,25,2,PT3M33S,UC9YkSoqkMLb1nOYKAHov8zQ,Die Linke im Bundestag,https://www.youtube.com/watch?v=poiljYMSPAE
zfg2bAynI2A,Ein Angriff auf die Opposition,2024-02-02T11:29:19Z,291,17,5,PT2M41S,UC9YkSoqkMLb1nOYKAHov8zQ,Die Linke im Bundestag,https://www.youtube.com/watch?v=zfg2bAynI2A
-ogqdJ3_Sp0,Ampel enttäuscht in der Wohnungspolitik,2024-02-02T09:34:26Z,72,10,2,PT3M31S,UC9YkSoqkMLb1nOYKAHov8zQ,Die Linke im Bundestag,https://www.youtube.com/watch?v=-ogqdJ3_Sp0
5LtBzFJKhl4,Landwirtschaftsetat ist skandalös,2024-02-02T09:34:21Z,55,7,1,PT3M24S,UC9YkSoqkMLb1nOYKAHov8zQ,Die Linke im Bundestag,https://www.youtube.com/watch?v=5LtBzFJKhl4
5Rbq9NPYfvU,So TEUER wird der Ampel-Haushalt für Verbraucher!,2024-02-02T09:34:16Z,221,16,1,PT3M26S,UC9YkSoqkMLb1nOYKAHov8zQ,Die Linke im Bundestag,https://www.youtube.com/watch?v=5Rbq9NPYfvU
B8RSIYKvz_w,Falsche Prioritäten und Schuldenbremse behindern Digitalisierung,2024-02-02T09:34:08Z,41,5,0,PT3M26S,UC9YkSoqkMLb1nOYKAHov8zQ,Die Linke im Bundestag,https://www.youtube.com/watch?v=B8RSIYKvz_w
DV24kL4woxM,Ampel-Haushalt ist Horrorrechnung für Otto Normalverbraucher,2024-02-02T09:34:03Z,707,30,2,PT8M38S,UC9YkSoqkMLb1nOYKAHov8zQ,Die Linke im Bundestag,https://www.youtube.com/watch?v=DV24kL4woxM
JlDAgciUV5I,Lauterbach fährt Gesundheitssystem vor die Wand,2024-02-02T09:33:59Z,88,7,1,PT3M11S,UC9YkSoqkMLb1nOYKAHov8zQ,Die Linke im Bundestag,https://www.youtube.com/watch?v=JlDAgciUV5I
K8PBHm_U3VE,Zu große Wahlkreise verhindern Kontakte und belasten die Demokratie!,2024-02-02T09:33:52Z,61,7,0,PT2M6S,UC9YkSoqkMLb1nOYKAHov8zQ,Die Linke im Bundestag,https://www.youtube.com/watch?v=K8PBHm_U3VE
LJ5fgG1Nrj8,Die AfD mit allen politischen und juristischen Mitteln bekämpfen,2024-02-02T09:33:47Z,50,8,1,PT3M28S,UC9YkSoqkMLb1nOYKAHov8zQ,Die Linke im Bundestag,https://www.youtube.com/watch?v=LJ5fgG1Nrj8
UowP5l_kaak,Unser Land muss friedenstüchtig werden,2024-02-02T09:33:40Z,56,7,0,PT3M19S,UC9YkSoqkMLb1nOYKAHov8zQ,Die Linke im Bundestag,https://www.youtube.com/watch?v=UowP5l_kaak
XaoRapRFzj8,Rekordkürzungen bei Entwicklungszusammenarbeit lässt die Schwächsten im Stich,2024-02-02T09:33:36Z,36,8,0,PT3M5S,UC9YkSoqkMLb1nOYKAHov8zQ,Die Linke im Bundestag,https://www.youtube.com/watch?v=XaoRapRFzj8
ZbdXCXjCRzw,‘Wertegeleitete Außenpolitik’ - Ampel hat sich selbst widerlegt,2024-02-02T09:33:28Z,6303,165,18,PT3M53S,UC9YkSoqkMLb1nOYKAHov8zQ,Die Linke im Bundestag,https://www.youtube.com/watch?v=ZbdXCXjCRzw
f_MIudjU0p4,Statt Altersarmut: Renten rauf!,2024-02-02T09:33:22Z,992,63,7,PT3M45S,UC9YkSoqkMLb1nOYKAHov8zQ,Die Linke im Bundestag,https://www.youtube.com/watch?v=f_MIudjU0p4
hZZfXJbzCyc,Am Klimageld sparen ist unsozial,2024-02-02T09:33:17Z,44,6,1,PT3M25S,UC9YkSoqkMLb1nOYKAHov8zQ,Die Linke im Bundestag,https://www.youtube.com/watch?v=hZZfXJbzCyc
kzGeYAjuzW0,Die Ampel kürzt mitten in die Bildungsmisere hinein,2024-02-02T09:33:08Z,57,7,0,PT3M14S,UC9YkSoqkMLb1nOYKAHov8zQ,Die Linke im Bundestag,https://www.youtube.com/watch?v=kzGeYAjuzW0
sbpayoY3huw,Dieser Haushalt ist alles andere als olympiareif,2024-02-02T09:33:02Z,45,7,0,PT1M22S,UC9YkSoqkMLb1nOYKAHov8zQ,Die Linke im Bundestag,https://www.youtube.com/watch?v=sbpayoY3huw
tLG7rWKqHOA,Sicherheitspolitik nicht von konservativen Bürokraten diktieren lassen!,2024-02-02T09:32:44Z,37,7,0,PT2M7S,UC9YkSoqkMLb1nOYKAHov8zQ,Die Linke im Bundestag,https://www.youtube.com/watch?v=tLG7rWKqHOA
yOZORs_yaKI,Wie man die Zukunft kaputtspart – der Haushalt des Familienministeriums,2024-02-02T09:32:19Z,189,20,2,PT2M56S,UC9YkSoqkMLb1nOYKAHov8zQ,Die Linke im Bundestag,https://www.youtube.com/watch?v=yOZORs_yaKI
