videoId,title,publishedAt,viewCount,likeCount,commentCount,duration,channelId,channelName,url
JiVIi6M77_I,"Jan van Aken, was macht Dir Hoffnung?",2026-03-12T18:53:57Z,3285,212,27,PT1M2S,UCA95T5bSGxNOAODBdbR2rYQ,DieLinke,https://www.youtube.com/watch?v=JiVIi6M77_I
4eR39vityi0,Boris Palmer Und Dietmar Bartsch Streiten Über Spritpreise Und Grüne Politik!,2026-03-12T13:58:55Z,3061,249,103,PT4M10S,UCA95T5bSGxNOAODBdbR2rYQ,DieLinke,https://www.youtube.com/watch?v=4eR39vityi0
F0pQof1AAh4,SKANDAL bei VW: Manager kassieren – Mitarbeiter verlieren Jobs!,2026-03-11T19:05:04Z,31432,3120,352,PT47S,UCA95T5bSGxNOAODBdbR2rYQ,DieLinke,https://www.youtube.com/watch?v=F0pQof1AAh4
wpQBxssRDEs,PREISSCHOCK an der Tankstelle? DAS hilft wirklich! ⛽,2026-03-10T11:05:00Z,43855,4766,422,PT42S,UCA95T5bSGxNOAODBdbR2rYQ,DieLinke,https://www.youtube.com/watch?v=wpQBxssRDEs
vOq8Mchptf4,PREISSCHOCK Beim Tanken: Wer Wirklich Profitiert!,2026-03-09T17:40:08Z,19065,2079,188,PT53S,UCA95T5bSGxNOAODBdbR2rYQ,DieLinke,https://www.youtube.com/watch?v=vOq8Mchptf4
w88NYgVcuHk,"Pressekonferenz mit Ines Schwerdtner, Mersedeh Ghazaei, Amelie Vollmer & Kim Sophie Bohnen",2026-03-09T12:55:20Z,8048,760,235,PT21M,UCA95T5bSGxNOAODBdbR2rYQ,DieLinke,https://www.youtube.com/watch?v=w88NYgVcuHk
EfvhDlARKl0,Wir STREIKEN für Gleichberechtigung und gute Löhne!,2026-03-08T10:53:46Z,13557,1244,109,PT44S,UCA95T5bSGxNOAODBdbR2rYQ,DieLinke,https://www.youtube.com/watch?v=EfvhDlARKl0
cGQI3HcuOCo,Mit Diesem Aufruf Sorgt Jan Van Aken Für Aufsehen!,2026-03-07T17:18:37Z,31128,2186,296,PT19S,UCA95T5bSGxNOAODBdbR2rYQ,DieLinke,https://www.youtube.com/watch?v=cGQI3HcuOCo
0jre9pHMYM8,Gregor Gysi Mit Diesem Genialen Argument! #landtagswahl #badenwuerttemberg,2026-03-07T14:16:08Z,46508,3167,160,PT1M19S,UCA95T5bSGxNOAODBdbR2rYQ,DieLinke,https://www.youtube.com/watch?v=0jre9pHMYM8
y-gMlIiah-I,Jan van Aken erteilt der Wehrpflicht eine klare Absage!,2026-03-07T09:00:00Z,66091,3682,199,PT30S,UCA95T5bSGxNOAODBdbR2rYQ,DieLinke,https://www.youtube.com/watch?v=y-gMlIiah-I
tu6WcQBWk_0,Wir decken die Schweinereien der Mächtigen auf - weil es sonst keiner tut!,2026-03-06T15:30:00Z,16392,2315,264,PT52S,UCA95T5bSGxNOAODBdbR2rYQ,DieLinke,https://www.youtube.com/watch?v=tu6WcQBWk_0
3zQEfpVntW0,Jan van Aken: Sein Wahlaufruf in GEBÄRDENSPRACHE!,2026-03-06T13:37:34Z,20139,2082,149,PT56S,UCA95T5bSGxNOAODBdbR2rYQ,DieLinke,https://www.youtube.com/watch?v=3zQEfpVntW0
Mg2EfhL0qqA,Warum Jan van Aken Politik KOMPLETT anders macht!,2026-03-06T11:00:00Z,228606,10349,600,PT1M28S,UCA95T5bSGxNOAODBdbR2rYQ,DieLinke,https://www.youtube.com/watch?v=Mg2EfhL0qqA
aVf78m63T90,AfD Politiker Blamiert Sich KOMPLETT!,2026-03-05T15:15:43Z,21021,2050,191,PT1M9S,UCA95T5bSGxNOAODBdbR2rYQ,DieLinke,https://www.youtube.com/watch?v=aVf78m63T90
NK7rqxT6qSM,Stoppt die ABZOCKE An der Tankstelle!,2026-03-05T11:44:57Z,39923,3129,171,PT19S,UCA95T5bSGxNOAODBdbR2rYQ,DieLinke,https://www.youtube.com/watch?v=NK7rqxT6qSM
h90d8GbxMi0,Schluss mit der Abzocke an der Supermarkt-Kasse!,2026-03-04T14:56:40Z,53924,2481,278,PT24S,UCA95T5bSGxNOAODBdbR2rYQ,DieLinke,https://www.youtube.com/watch?v=h90d8GbxMi0
cA1D8gf_Gpc,Linke vs. CDU: Thorsten Frei Kommt Nicht Aus Dem Stottern!,2026-03-03T11:10:09Z,329449,5490,323,PT35S,UCA95T5bSGxNOAODBdbR2rYQ,DieLinke,https://www.youtube.com/watch?v=cA1D8gf_Gpc
K2zSLcluXqY,Jan van Aken Zur Aktuellen Lage In Iran!,2026-03-02T12:25:10Z,15974,1247,513,PT20M2S,UCA95T5bSGxNOAODBdbR2rYQ,DieLinke,https://www.youtube.com/watch?v=K2zSLcluXqY
tTB1AaFnIsk,Heidi Reichinnek: Unser Rezept Gegen Hunger Und Einsamkeit!,2026-02-28T09:15:00Z,50426,4426,463,PT1M1S,UCA95T5bSGxNOAODBdbR2rYQ,DieLinke,https://www.youtube.com/watch?v=tTB1AaFnIsk
tXyYZ-ILYnQ,Janine Wissler Rechnet Mit Lobby-Ministerin Katherina Reiche Ab!,2026-02-27T16:35:30Z,253149,11640,636,PT2M11S,UCA95T5bSGxNOAODBdbR2rYQ,DieLinke,https://www.youtube.com/watch?v=tXyYZ-ILYnQ
1e42y4JIbgY,Ines Schwerdtner Liefert Sich Schlagabtausch Mit CDU-Politiker Johannes Winkel!,2026-02-27T14:01:43Z,19193,1175,499,PT14M37S,UCA95T5bSGxNOAODBdbR2rYQ,DieLinke,https://www.youtube.com/watch?v=1e42y4JIbgY
6jkXhtd5Mso,"لصالح حزب Die Linke في 8 مارس, صوت",2026-02-27T10:00:00Z,6568,525,131,PT50S,UCA95T5bSGxNOAODBdbR2rYQ,DieLinke,https://www.youtube.com/watch?v=6jkXhtd5Mso
b9RNMSTIUUU,Die große LINKE Verschwörung!,2026-02-26T13:33:28Z,26385,3221,238,PT1M9S,UCA95T5bSGxNOAODBdbR2rYQ,DieLinke,https://www.youtube.com/watch?v=b9RNMSTIUUU
h2dtplxGN00,CDU-Parteitag: Ein Angriff auf uns alle!,2026-02-25T16:35:00Z,23880,2717,144,PT1M40S,UCA95T5bSGxNOAODBdbR2rYQ,DieLinke,https://www.youtube.com/watch?v=h2dtplxGN00
TofPEc075dY,Diese Aussage Von Ines Schwerdtner Lässt Thorsten Frei SPRACHLOS!,2026-02-25T14:39:14Z,42226,1923,451,PT6M31S,UCA95T5bSGxNOAODBdbR2rYQ,DieLinke,https://www.youtube.com/watch?v=TofPEc075dY
Myiz5MC2rcA,Ines Schwerdtner Schickt Merz in Rente!,2026-02-25T11:00:00Z,116801,5717,329,PT46S,UCA95T5bSGxNOAODBdbR2rYQ,DieLinke,https://www.youtube.com/watch?v=Myiz5MC2rcA
LLs0kdb0z_I,Jan van Aken: Sein Wahlaufruf auf TÜRKISCH!,2026-02-25T07:53:55Z,22755,1696,235,PT31S,UCA95T5bSGxNOAODBdbR2rYQ,DieLinke,https://www.youtube.com/watch?v=LLs0kdb0z_I
ERM-whW8kdA,Ines Schwerdtner: Knallharte Ansage an Merz & Co!,2026-02-24T13:44:22Z,42564,3799,186,PT56S,UCA95T5bSGxNOAODBdbR2rYQ,DieLinke,https://www.youtube.com/watch?v=ERM-whW8kdA
uguh1q7babw,Klare Ansage von Ines Schwerdtner gegen die Rente mit 70!,2026-02-24T12:48:50Z,4073,588,235,PT18M24S,UCA95T5bSGxNOAODBdbR2rYQ,DieLinke,https://www.youtube.com/watch?v=uguh1q7babw
7AYqwxq8R-E,AfD-Vetternwirtschaft: DAS Muss Jeder Wissen!,2026-02-24T11:00:00Z,36135,3757,411,PT1M21S,UCA95T5bSGxNOAODBdbR2rYQ,DieLinke,https://www.youtube.com/watch?v=7AYqwxq8R-E
UKGbvGzNlXU,Das sind die WAHREN Profiteure beim CDU-Parteitag!,2026-02-23T17:00:49Z,38991,3937,332,PT1M5S,UCA95T5bSGxNOAODBdbR2rYQ,DieLinke,https://www.youtube.com/watch?v=UKGbvGzNlXU
Xk5rR-68izM,Heidi Reichinnek GRILLT die Union im Bundestag!,2026-02-23T11:00:00Z,149857,11097,697,PT2M6S,UCA95T5bSGxNOAODBdbR2rYQ,DieLinke,https://www.youtube.com/watch?v=Xk5rR-68izM
T2khngOQEEQ,Linke Rechnet Mit Friedrich Merz Ab!,2026-02-21T16:59:27Z,65364,4381,311,PT30S,UCA95T5bSGxNOAODBdbR2rYQ,DieLinke,https://www.youtube.com/watch?v=T2khngOQEEQ
m1ITPlRL2gQ,Mit Dieser Aussage BLAMIERT Sich Merz Erneut! | Hyperpolitik mit Ines Schwerdtner,2026-02-19T17:59:54Z,22969,2237,564,PT19M57S,UCA95T5bSGxNOAODBdbR2rYQ,DieLinke,https://www.youtube.com/watch?v=m1ITPlRL2gQ
9aSRJKUevg8,Gysis LUSTIGSTE Nummer!,2026-02-19T16:14:51Z,191915,4993,236,PT15S,UCA95T5bSGxNOAODBdbR2rYQ,DieLinke,https://www.youtube.com/watch?v=9aSRJKUevg8
mGyPYWtmR4Y,Gregor Gysi Bringt Den Saal ZUM BEBEN Mit Dieser Rede Beim Aschermittwoch!,2026-02-19T14:57:43Z,158976,5947,816,PT47M2S,UCA95T5bSGxNOAODBdbR2rYQ,DieLinke,https://www.youtube.com/watch?v=mGyPYWtmR4Y
X9RDQNq0a5w,Jan van Aken teilt gegen Merz aus beim Aschermittwoch der Linken!,2026-02-18T15:42:41Z,52774,3790,238,PT1M8S,UCA95T5bSGxNOAODBdbR2rYQ,DieLinke,https://www.youtube.com/watch?v=X9RDQNq0a5w
rKZCMEq7k-8,Jan van Aken: Sein Wahlaufruf auf Italienisch!,2026-02-18T12:10:00Z,36570,2032,286,PT32S,UCA95T5bSGxNOAODBdbR2rYQ,DieLinke,https://www.youtube.com/watch?v=rKZCMEq7k-8
WqSpeHCbNZ4,Politischer Aschermittwoch der Linken 2026!,2026-02-18T11:38:10Z,11223,720,157,PT1H28M3S,UCA95T5bSGxNOAODBdbR2rYQ,DieLinke,https://www.youtube.com/watch?v=WqSpeHCbNZ4
q7tu9Ny9OLI,Gregor Gysi Erteilt Philipp Amthor Eine Nachhilfestunde!,2026-02-17T14:23:09Z,217156,5939,737,PT5M39S,UCA95T5bSGxNOAODBdbR2rYQ,DieLinke,https://www.youtube.com/watch?v=q7tu9Ny9OLI
iu13Y_Usn-o,Abgehoben Und Weltfremd! Ines Schwerdtner Zerlegt Spahns Renten-Pläne ,2026-02-16T15:29:06Z,25111,1692,538,PT5M40S,UCA95T5bSGxNOAODBdbR2rYQ,DieLinke,https://www.youtube.com/watch?v=iu13Y_Usn-o
ulT3BPmUQT8,Ines Schwerdtner: Jens Spahn hat KEINE AHNUNG!,2026-02-16T12:49:45Z,74328,4569,366,PT1M10S,UCA95T5bSGxNOAODBdbR2rYQ,DieLinke,https://www.youtube.com/watch?v=ulT3BPmUQT8
b5_65t3bVKw,Ines Schwerdtner: Damit sorgen wir für gute Renten und verhindern Altersarmut!,2026-02-16T12:28:13Z,8253,851,284,PT22M30S,UCA95T5bSGxNOAODBdbR2rYQ,DieLinke,https://www.youtube.com/watch?v=b5_65t3bVKw
kvqJGabgao8,"Gregor Gysi: So Spalten Uns Merz, Spahn & Co.!",2026-02-14T12:51:15Z,790897,21716,683,PT44S,UCA95T5bSGxNOAODBdbR2rYQ,DieLinke,https://www.youtube.com/watch?v=kvqJGabgao8
V4sKG31yhwo,Bezahlbares Essen für ALLE!,2026-02-13T17:00:32Z,21684,2369,186,PT42S,UCA95T5bSGxNOAODBdbR2rYQ,DieLinke,https://www.youtube.com/watch?v=V4sKG31yhwo
pvYfQjNIj44,Philipp Amthor BLAMIERT Sich Gegen Heidi Reichinnek!,2026-02-13T14:49:40Z,93826,6135,1580,PT6M5S,UCA95T5bSGxNOAODBdbR2rYQ,DieLinke,https://www.youtube.com/watch?v=pvYfQjNIj44
cPrptwxeOXA,Gregor Gysi Rechnet Ab: So Ungerecht Ist Deutschland!,2026-02-12T19:01:59Z,321995,8381,406,PT1M6S,UCA95T5bSGxNOAODBdbR2rYQ,DieLinke,https://www.youtube.com/watch?v=cPrptwxeOXA
_cfiDHu_URE,Ines Schwerdtner ZERLEGT die Politik der Reichen von Merz & Co!,2026-02-12T13:06:55Z,27477,2943,208,PT48S,UCA95T5bSGxNOAODBdbR2rYQ,DieLinke,https://www.youtube.com/watch?v=_cfiDHu_URE
lt6gCv0D-t0,Dieter Bohlen Will Deutschland VERLASSEN Wegen Dieser Forderung der Linken! Jan van Aken Reagiert!,2026-02-11T17:47:51Z,21052,2479,762,PT5M59S,UCA95T5bSGxNOAODBdbR2rYQ,DieLinke,https://www.youtube.com/watch?v=lt6gCv0D-t0
7Iq2_kjtiL4,Jan van Aken Geht GOTTLOS Auf Dieter Bohlen!,2026-02-10T18:57:52Z,78495,5900,487,PT1M3S,UCA95T5bSGxNOAODBdbR2rYQ,DieLinke,https://www.youtube.com/watch?v=7Iq2_kjtiL4
Qywkk6A5dfs,München STEHT AUF gegen die Mieten-Abzocke!,2026-02-09T17:23:41Z,11780,1819,155,PT56S,UCA95T5bSGxNOAODBdbR2rYQ,DieLinke,https://www.youtube.com/watch?v=Qywkk6A5dfs
0VkuLTQMwnM,Ines Schwerdtner Entlarvt Die PROPAGANDA Von Merz & Co!,2026-02-09T12:43:46Z,55255,5199,359,PT51S,UCA95T5bSGxNOAODBdbR2rYQ,DieLinke,https://www.youtube.com/watch?v=0VkuLTQMwnM
eFMl5j_n64Y,Janis Ehling: So Verhindern Wir Altersarmut In Deutschland!,2026-02-09T12:15:20Z,3245,400,137,PT9M46S,UCA95T5bSGxNOAODBdbR2rYQ,DieLinke,https://www.youtube.com/watch?v=eFMl5j_n64Y
ytUTnb4KlsU,Die Hoffnung organisieren! Unser Wahlspot zur Landtagswahl in Rheinland-Pfalz,2026-02-04T12:09:27Z,4065,732,207,PT1M1S,UCA95T5bSGxNOAODBdbR2rYQ,DieLinke,https://www.youtube.com/watch?v=ytUTnb4KlsU
3nd89_WyTK8,Wir organisieren die Hoffnung! #Linke #rheinlandpfalz,2026-02-04T11:00:00Z,10680,1240,107,PT1M1S,UCA95T5bSGxNOAODBdbR2rYQ,DieLinke,https://www.youtube.com/watch?v=3nd89_WyTK8
pZBSYHyqnmw,Epstein-Akten: So Machen Sich Die Superreichen Unantastbar!,2026-02-03T19:54:38Z,22598,3167,682,PT2M39S,UCA95T5bSGxNOAODBdbR2rYQ,DieLinke,https://www.youtube.com/watch?v=pZBSYHyqnmw
NpSLDLLPU8I,Epstein-Files: So Machen Sich Die Superreichen Unantastbar!,2026-02-03T17:36:22Z,43315,4645,345,PT1M,UCA95T5bSGxNOAODBdbR2rYQ,DieLinke,https://www.youtube.com/watch?v=NpSLDLLPU8I
p1EMh39HyTY,Ines Schwerdtner GRILLT CDU-Politiker Johannes Winkel!,2026-02-03T15:27:28Z,70105,3237,232,PT37S,UCA95T5bSGxNOAODBdbR2rYQ,DieLinke,https://www.youtube.com/watch?v=p1EMh39HyTY
oFJOy29gK-Q,Beschimpft und Geschlagen! Busfahrer hat DIE NASE VOLL!,2026-02-02T18:33:15Z,180060,8853,471,PT41S,UCA95T5bSGxNOAODBdbR2rYQ,DieLinke,https://www.youtube.com/watch?v=oFJOy29gK-Q
70ZuZeiEgE8,Alarm Bei Der Linken: Das Geschah Danach!,2026-02-02T17:02:26Z,11763,1446,288,PT11M19S,UCA95T5bSGxNOAODBdbR2rYQ,DieLinke,https://www.youtube.com/watch?v=70ZuZeiEgE8
MsfFLRcYXtY,Ines Schwerdtner: Die Union bläst zum Großangriff auf uns alle!,2026-02-02T12:24:31Z,14888,1648,545,PT20M15S,UCA95T5bSGxNOAODBdbR2rYQ,DieLinke,https://www.youtube.com/watch?v=MsfFLRcYXtY
5R67Vfn47kY,Diese Politik ist ein ANGRIFF auf uns alle!,2026-01-30T16:56:20Z,32908,2424,239,PT28S,UCA95T5bSGxNOAODBdbR2rYQ,DieLinke,https://www.youtube.com/watch?v=5R67Vfn47kY
EOuqtiLWTJ8,Die Wahre Strategie Hinter Trumps ICE-Terror!,2026-01-30T16:04:01Z,9138,1510,347,PT5M4S,UCA95T5bSGxNOAODBdbR2rYQ,DieLinke,https://www.youtube.com/watch?v=EOuqtiLWTJ8
5aXN-U72oZA,Die WAHRE Strategie hinter Trumps ICE-Terror!,2026-01-29T19:28:13Z,53196,4617,471,PT56S,UCA95T5bSGxNOAODBdbR2rYQ,DieLinke,https://www.youtube.com/watch?v=5aXN-U72oZA
fX8oP-IB8sg,Die Jugend STREIKT weil die Regierung sie im STICH lässt!,2026-01-29T17:01:05Z,17710,1780,184,PT46S,UCA95T5bSGxNOAODBdbR2rYQ,DieLinke,https://www.youtube.com/watch?v=fX8oP-IB8sg
Fk83BgykT-Q,Damit das Leben wieder BEZAHLBAR wird!,2026-01-29T11:05:00Z,10529,1521,155,PT1M26S,UCA95T5bSGxNOAODBdbR2rYQ,DieLinke,https://www.youtube.com/watch?v=Fk83BgykT-Q
nYPTuNIkqRM,Jan van Aken ZERLEGT CDU-Wirtschaftsflügel!,2026-01-26T19:18:17Z,14250,1388,182,PT30S,UCA95T5bSGxNOAODBdbR2rYQ,DieLinke,https://www.youtube.com/watch?v=nYPTuNIkqRM
T8dRB06jCCA,Jan van Aken über den ICE-Terror auf den Straßen der USA!,2026-01-26T12:33:37Z,18074,2327,1026,PT18M11S,UCA95T5bSGxNOAODBdbR2rYQ,DieLinke,https://www.youtube.com/watch?v=T8dRB06jCCA
L8jBQw84ed0,DAS Ist Ein Angriff Auf Uns Alle!,2026-01-23T13:15:00Z,44284,2434,374,PT21S,UCA95T5bSGxNOAODBdbR2rYQ,DieLinke,https://www.youtube.com/watch?v=L8jBQw84ed0
9TPDmVS6PIY,IG-Metall-Vorstand Urban Spricht KLARTEXT: So Geht Es Nicht Weiter!,2026-01-21T17:00:00Z,13537,1278,334,PT43M6S,UCA95T5bSGxNOAODBdbR2rYQ,DieLinke,https://www.youtube.com/watch?v=9TPDmVS6PIY
hqVO5JQlNHA,Wir machen Berlin wieder bezahlbar!,2026-01-21T11:30:00Z,10787,1291,221,PT1M26S,UCA95T5bSGxNOAODBdbR2rYQ,DieLinke,https://www.youtube.com/watch?v=hqVO5JQlNHA
fmoD7GfQxvg,Berlin Steht Auf Gegen Mieten-Abzocke!,2026-01-21T11:08:55Z,2159,424,160,PT1M26S,UCA95T5bSGxNOAODBdbR2rYQ,DieLinke,https://www.youtube.com/watch?v=fmoD7GfQxvg
WQD39O5EPes,"Ines Schwerdtner Ruft Zum Widerstand Gegen Krieg, Faschismus & Sozialabbau!",2026-01-20T15:33:37Z,16555,1952,512,PT20M30S,UCA95T5bSGxNOAODBdbR2rYQ,DieLinke,https://www.youtube.com/watch?v=WQD39O5EPes
QezmXQhapuk,"APPELL an Deutschland: ""Lasst die Menschen im Iran nicht allein!""",2026-01-20T13:00:30Z,11907,1046,147,PT47S,UCA95T5bSGxNOAODBdbR2rYQ,DieLinke,https://www.youtube.com/watch?v=QezmXQhapuk
Fs3h8e_yykk,Janis Ehling & Daniela Sepehri zur Lage der Proteste im Iran!,2026-01-19T12:44:02Z,4249,393,95,PT17M54S,UCA95T5bSGxNOAODBdbR2rYQ,DieLinke,https://www.youtube.com/watch?v=Fs3h8e_yykk
wit8lkyq5rg,SCHOCKIEREND! ICE-Agenten auf Menschen-Jagd!,2026-01-18T09:05:00Z,23796,2697,382,PT1M45S,UCA95T5bSGxNOAODBdbR2rYQ,DieLinke,https://www.youtube.com/watch?v=wit8lkyq5rg
nJAeCvT0UdU,Ein Herz für Tiere: Keine Mehrwertsteuer beim Tierarzt!,2026-01-17T13:35:00Z,29485,2580,329,PT56S,UCA95T5bSGxNOAODBdbR2rYQ,DieLinke,https://www.youtube.com/watch?v=nJAeCvT0UdU
jwXZTr_CC7o,IRRE! Trump erklärt sich zum Präsidenten von Venezuela!,2026-01-17T08:45:00Z,71979,2855,211,PT37S,UCA95T5bSGxNOAODBdbR2rYQ,DieLinke,https://www.youtube.com/watch?v=jwXZTr_CC7o
gNJi69spaTA,Plötzlich alles TEUER?! So machen wir den Einkauf wieder bezahlbar!,2026-01-16T16:05:00Z,34714,3351,398,PT54S,UCA95T5bSGxNOAODBdbR2rYQ,DieLinke,https://www.youtube.com/watch?v=gNJi69spaTA
x2AyCVdIB6g,"Grönland, Venezuela, Iran: So GEFÄHRLICH Ist Trumps Größenwahn! | Hyperpolitik Mit Ines Schwerdtner",2026-01-16T13:48:47Z,24516,2528,563,PT26M45S,UCA95T5bSGxNOAODBdbR2rYQ,DieLinke,https://www.youtube.com/watch?v=x2AyCVdIB6g
WzQ20MwfkTo,Linke Gegen Junge Union! Schlagabtausch bei FAKT IST!,2026-01-15T19:21:19Z,10048,692,266,PT9M57S,UCA95T5bSGxNOAODBdbR2rYQ,DieLinke,https://www.youtube.com/watch?v=WzQ20MwfkTo
KPKt8s0QwZ4,Mit der Linken Heizkosten sparen!,2026-01-14T16:16:49Z,11332,632,86,PT20S,UCA95T5bSGxNOAODBdbR2rYQ,DieLinke,https://www.youtube.com/watch?v=KPKt8s0QwZ4
ZPUJUESLKzU,Ines Schwerdtner sagt AfD den KAMPF an!,2026-01-13T11:30:26Z,24396,1825,323,PT13S,UCA95T5bSGxNOAODBdbR2rYQ,DieLinke,https://www.youtube.com/watch?v=ZPUJUESLKzU
ON0xT0rBeds,Ines Schwedtner: Solidarität mit den Protesten im Iran!,2026-01-12T16:42:50Z,11584,1179,146,PT1M34S,UCA95T5bSGxNOAODBdbR2rYQ,DieLinke,https://www.youtube.com/watch?v=ON0xT0rBeds
HT6GQnctL_w,"Ines Schwerdtner fordert Schutz für die iranische Opposition: ""Merz muss handeln!""",2026-01-12T12:27:05Z,5902,552,196,PT18M23S,UCA95T5bSGxNOAODBdbR2rYQ,DieLinke,https://www.youtube.com/watch?v=HT6GQnctL_w
AqpU8NnJwWY,Proteste im Iran: Heidi Reichinnek und Jan van Aken zeigen Solidarität!,2026-01-11T17:07:28Z,27249,1844,362,PT24S,UCA95T5bSGxNOAODBdbR2rYQ,DieLinke,https://www.youtube.com/watch?v=AqpU8NnJwWY
t9RdLGOMHds,"Panels ""Auf dem Weg in die autoritäre Gesellschaft?“ & ""In welchem Kapitalismus leben wir?""",2026-01-10T18:46:23Z,7853,458,64,PT3H55M6S,UCA95T5bSGxNOAODBdbR2rYQ,DieLinke,https://www.youtube.com/watch?v=t9RdLGOMHds
2DYq_ndlsQw,"Auftakt der Mitgliederkonferenz mit Ines Schwerdtner, Janis Ehling & Hans-Jürgen Urban",2026-01-10T10:47:18Z,7626,555,102,PT1H14M56S,UCA95T5bSGxNOAODBdbR2rYQ,DieLinke,https://www.youtube.com/watch?v=2DYq_ndlsQw
aAjjgcakwhM,So REICH Ist Merz Wirklich! Jan Van Aken Reagiert!,2026-01-08T19:14:05Z,55451,5517,1066,PT9M41S,UCA95T5bSGxNOAODBdbR2rYQ,DieLinke,https://www.youtube.com/watch?v=aAjjgcakwhM
F0jV4H69pi0,"Jan van Aken Rechnet Mit Merz Ab: ""Zu Feige Für Klare Kante!""",2026-01-06T18:58:37Z,10504,1097,336,PT7M50S,UCA95T5bSGxNOAODBdbR2rYQ,DieLinke,https://www.youtube.com/watch?v=F0jV4H69pi0
KqP0c_tOxY8,BLACKOUT IN BERLIN! Wir sind vor Ort!,2026-01-06T14:32:22Z,31156,3078,701,PT49S,UCA95T5bSGxNOAODBdbR2rYQ,DieLinke,https://www.youtube.com/watch?v=KqP0c_tOxY8
GoIltlGVkAI,Jan Van Aken Sagt Was ALLE Denken: So Feige Reagiert Merz Auf Trump!,2026-01-05T18:36:05Z,32233,4444,1167,PT4M52S,UCA95T5bSGxNOAODBdbR2rYQ,DieLinke,https://www.youtube.com/watch?v=GoIltlGVkAI
dMcb6l0im-Q,Jan van Aken über den US-Putsch in Venezuela und das Schweigen von Friedrich Merz!,2026-01-05T17:59:51Z,20130,1922,500,PT17M43S,UCA95T5bSGxNOAODBdbR2rYQ,DieLinke,https://www.youtube.com/watch?v=dMcb6l0im-Q
d43RelR5jeE,JAHRESRÜCKBLICK 2025 mit Ines Schwerdtner & Jan van Aken!,2025-12-29T13:12:33Z,22834,1761,176,PT1M34S,UCA95T5bSGxNOAODBdbR2rYQ,DieLinke,https://www.youtube.com/watch?v=d43RelR5jeE
bq7i4YJBpvo,Darum KÜRZT Jan van Aken sein Politiker-Gehalt!,2025-12-22T15:12:44Z,50729,5202,600,PT1M21S,UCA95T5bSGxNOAODBdbR2rYQ,DieLinke,https://www.youtube.com/watch?v=bq7i4YJBpvo
vNeNfmpY3GA,Unser Plan für 2026! Pressekonferenz mit Ines Schwerdtner,2025-12-22T12:48:45Z,12353,1165,327,PT30M44S,UCA95T5bSGxNOAODBdbR2rYQ,DieLinke,https://www.youtube.com/watch?v=vNeNfmpY3GA
RtVHamrPTlQ,Ines Schwerdtner Warnt: Wehrpflicht Kommt Zurück!,2025-12-19T17:33:16Z,8577,774,440,PT4M,UCA95T5bSGxNOAODBdbR2rYQ,DieLinke,https://www.youtube.com/watch?v=RtVHamrPTlQ
ATeAgckUpOg,Die LINKE braucht deine SPENDE!,2025-12-19T13:16:59Z,19932,1952,304,PT1M,UCA95T5bSGxNOAODBdbR2rYQ,DieLinke,https://www.youtube.com/watch?v=ATeAgckUpOg
LoDx1bw2-Vo,Wohnen ist ein Menschenrecht!,2025-12-18T08:05:38Z,17213,2116,167,PT46S,UCA95T5bSGxNOAODBdbR2rYQ,DieLinke,https://www.youtube.com/watch?v=LoDx1bw2-Vo
u8DzWKXCPEk,Jahresrückblick mit Ines Schwerdtner: Das Comeback der Linken & der Absturz von Merz | Hyperpolitik ,2025-12-17T18:55:33Z,20883,1857,489,PT25M3S,UCA95T5bSGxNOAODBdbR2rYQ,DieLinke,https://www.youtube.com/watch?v=u8DzWKXCPEk
oKkJJ-mACww,"Jan van Aken: ""Gekaufte Politik? Nicht mit uns!""",2025-12-15T19:42:55Z,20780,2086,127,PT46S,UCA95T5bSGxNOAODBdbR2rYQ,DieLinke,https://www.youtube.com/watch?v=oKkJJ-mACww
Po83tgINpY8,"Jan van Aken zum Ukraine-Gipfel in Berlin, den Anschlägen von Sydney & den aktuellen Bauernprotesten",2025-12-15T12:18:38Z,4767,488,181,PT13M11S,UCA95T5bSGxNOAODBdbR2rYQ,DieLinke,https://www.youtube.com/watch?v=Po83tgINpY8
ydeCrzBd-tQ,Pflegerin Packt Aus: Die Wahrheit Die Kein Politiker Hören Will!,2025-12-12T20:27:53Z,17202,1004,364,PT7M7S,UCA95T5bSGxNOAODBdbR2rYQ,DieLinke,https://www.youtube.com/watch?v=ydeCrzBd-tQ
DDMR8Vqry5k,Dreiste MIETER-ABZOCKE: Wir Holen Ihr Geld zurück!,2025-12-12T15:46:46Z,16749,1668,140,PT1M32S,UCA95T5bSGxNOAODBdbR2rYQ,DieLinke,https://www.youtube.com/watch?v=DDMR8Vqry5k
AAMLy_e_ms0,So Haben Wir Den Immobilien-Giganten BESIEGT!,2025-12-09T14:34:12Z,16657,1776,137,PT1M19S,UCA95T5bSGxNOAODBdbR2rYQ,DieLinke,https://www.youtube.com/watch?v=AAMLy_e_ms0
krKM7mw6QsA,Ines Schwerdtner: Die WAHRHEIT über Kinderarmut in Deutschland!,2025-12-08T19:57:34Z,23098,2530,200,PT1M2S,UCA95T5bSGxNOAODBdbR2rYQ,DieLinke,https://www.youtube.com/watch?v=krKM7mw6QsA
6mguYtBv-Ns,Heidi Reichinnek: So STOPPEN Wir die AfD!,2025-12-08T17:38:15Z,159313,10923,1901,PT1M20S,UCA95T5bSGxNOAODBdbR2rYQ,DieLinke,https://www.youtube.com/watch?v=6mguYtBv-Ns
ehpbcYguWdM,Ines Schwerdtner zu unserem Heizkosten-Check und der aktuellen Renten-Debatte!,2025-12-08T12:29:06Z,4705,488,119,PT20M43S,UCA95T5bSGxNOAODBdbR2rYQ,DieLinke,https://www.youtube.com/watch?v=ehpbcYguWdM
rdPcPt9Mwwo,Hol dir dein Geld zurück!,2025-12-06T09:01:25Z,21286,2004,215,PT1M,UCA95T5bSGxNOAODBdbR2rYQ,DieLinke,https://www.youtube.com/watch?v=rdPcPt9Mwwo
uZ_8PabtPxo,NEIN zur Wehrpflicht! #shorts,2025-12-05T07:00:53Z,22862,2139,304,PT50S,UCA95T5bSGxNOAODBdbR2rYQ,DieLinke,https://www.youtube.com/watch?v=uZ_8PabtPxo
GRPNqffxkE4,Renten-Streit: Jan Van Aken Rechnet Mit Friedrich Merz Ab!,2025-12-04T18:25:35Z,13128,962,334,PT2M6S,UCA95T5bSGxNOAODBdbR2rYQ,DieLinke,https://www.youtube.com/watch?v=GRPNqffxkE4
FJz4NboaI5k,"""Merz kann in Rente gehen!"" KLARTEXT von Jan van Aken im Renten-Streit!",2025-12-04T13:11:48Z,199826,7596,309,PT38S,UCA95T5bSGxNOAODBdbR2rYQ,DieLinke,https://www.youtube.com/watch?v=FJz4NboaI5k
6uwnxSLG00Y,Ulf Poschardt BELEIDIGT Heidi Reichinnek! Ines Schwerdtner reagiert!,2025-12-04T10:32:33Z,51484,2828,275,PT1M13S,UCA95T5bSGxNOAODBdbR2rYQ,DieLinke,https://www.youtube.com/watch?v=6uwnxSLG00Y
TmecCjmctog,WELT-Chef Ulf Poschardt BELEIDIGT Heidi Reichinnek! Ines Schwerdtner Reagiert!,2025-12-03T11:01:59Z,63346,5736,1241,PT12M46S,UCA95T5bSGxNOAODBdbR2rYQ,DieLinke,https://www.youtube.com/watch?v=TmecCjmctog
YFCg1eSQOsQ,Heidi Reichinnek Liefert Sich Schlagabtausch Mit Philipp Amthor!,2025-12-02T20:19:02Z,71172,3715,794,PT7M15S,UCA95T5bSGxNOAODBdbR2rYQ,DieLinke,https://www.youtube.com/watch?v=YFCg1eSQOsQ
FyYCPe6bKDU,DAS fehlt im Stadtbild WIRKLICH!,2025-12-02T17:09:51Z,26304,2786,269,PT47S,UCA95T5bSGxNOAODBdbR2rYQ,DieLinke,https://www.youtube.com/watch?v=FyYCPe6bKDU
Vr7Nb7DwKQs,"Ines Schwerdtner & Lisa Pfitzmann zum Renten-Streit, zur Wehrplicht & den Anti-AfD-Protesten!",2025-12-01T12:25:00Z,8579,918,299,PT18M17S,UCA95T5bSGxNOAODBdbR2rYQ,DieLinke,https://www.youtube.com/watch?v=Vr7Nb7DwKQs
visSSxuQx2A,Ines Schwerdtner: Darum geht es im RENTEN-STREIT!,2025-11-29T12:45:36Z,34067,2619,219,PT42S,UCA95T5bSGxNOAODBdbR2rYQ,DieLinke,https://www.youtube.com/watch?v=visSSxuQx2A
dPWpgYyz3Y0,BLAMAGE für Merz! Ines Schwerdtner Offenbart Sein Versagen Im Renten-Streit! | Hyperpolitik,2025-11-28T17:20:11Z,39303,3424,576,PT24M14S,UCA95T5bSGxNOAODBdbR2rYQ,DieLinke,https://www.youtube.com/watch?v=dPWpgYyz3Y0
LrY0ZiV3G_4,Die Heizkosten-Falle: So Dreist Werden Mieter ABGEZOCKT! | WIMWWD S02E08,2025-11-26T16:30:00Z,6305,530,118,PT34M55S,UCA95T5bSGxNOAODBdbR2rYQ,DieLinke,https://www.youtube.com/watch?v=LrY0ZiV3G_4
h2GTo41dPCo,Mieter WEHREN sich gegen dreiste Abzocke!,2025-11-26T11:11:03Z,20282,2113,223,PT2M1S,UCA95T5bSGxNOAODBdbR2rYQ,DieLinke,https://www.youtube.com/watch?v=h2GTo41dPCo
sMavY2W2HIM,Renten-Streit: Jetzt Schaltet Sich Heidi Reichinnek Ein!,2025-11-25T12:01:51Z,10668,1131,306,PT4M51S,UCA95T5bSGxNOAODBdbR2rYQ,DieLinke,https://www.youtube.com/watch?v=sMavY2W2HIM
z0haGkokbOM,Jan van Aken: Politiker an die Front!,2025-11-24T20:23:10Z,30981,2582,285,PT1M10S,UCA95T5bSGxNOAODBdbR2rYQ,DieLinke,https://www.youtube.com/watch?v=z0haGkokbOM
GKHd57Bh5Jc,Jan van Aken über das Renten-Chaos der Bundesregierung!,2025-11-24T12:23:52Z,11724,1020,201,PT18M38S,UCA95T5bSGxNOAODBdbR2rYQ,DieLinke,https://www.youtube.com/watch?v=GKHd57Bh5Jc
HXEAHjxO1Mc,Ines Schwerdtner: Regierung lässt die Menschen im Stich!,2025-11-22T09:31:28Z,82478,5029,324,PT1M,UCA95T5bSGxNOAODBdbR2rYQ,DieLinke,https://www.youtube.com/watch?v=HXEAHjxO1Mc
cKnEhbmU0X4,Eklat im ZDF! Mit Dieser WUTREDE Bringt Ines Schwerdtner Alle zum Schweigen!,2025-11-19T19:57:15Z,160944,6773,1426,PT5M50S,UCA95T5bSGxNOAODBdbR2rYQ,DieLinke,https://www.youtube.com/watch?v=cKnEhbmU0X4
4NtstwFVmzs,Ines Schwerdtner Rechnet Im RENTEN-STREIT Mit Union & SPD Ab!,2025-11-19T17:13:00Z,316719,14973,523,PT1M2S,UCA95T5bSGxNOAODBdbR2rYQ,DieLinke,https://www.youtube.com/watch?v=4NtstwFVmzs
_WrLsCBjNhI,Schluss mit der Abzocke! WÜTENDE Mieter Rechnen Mit Der Politik Ab!,2025-11-18T19:39:30Z,6043,1087,217,PT3M7S,UCA95T5bSGxNOAODBdbR2rYQ,DieLinke,https://www.youtube.com/watch?v=_WrLsCBjNhI
2SCrvM2GaQw,Mieter wehren sich gegen dreiste ABZOCKE!,2025-11-18T13:04:23Z,18621,2728,137,PT2M2S,UCA95T5bSGxNOAODBdbR2rYQ,DieLinke,https://www.youtube.com/watch?v=2SCrvM2GaQw
bCXpeLUb5b8,Kinderarmut wächst - und Merz schaut weg! Pressekonferenz mit Ines Schwerdtner,2025-11-17T12:18:14Z,6425,750,198,PT13M55S,UCA95T5bSGxNOAODBdbR2rYQ,DieLinke,https://www.youtube.com/watch?v=bCXpeLUb5b8
f-UmRwTv07E,Demokratie in Gefahr? Martyna Linartas im Talk mit Jan van Aken | WIMWWD S02E07,2025-11-12T18:38:26Z,33246,2659,559,PT33M28S,UCA95T5bSGxNOAODBdbR2rYQ,DieLinke,https://www.youtube.com/watch?v=f-UmRwTv07E
y86i9b8_WBE,MIETWUCHER-SHERIFFS gegen illegale Mieten!,2025-11-11T11:48:29Z,15932,1571,132,PT48S,UCA95T5bSGxNOAODBdbR2rYQ,DieLinke,https://www.youtube.com/watch?v=y86i9b8_WBE
KHAlzhKU4gI,Mieter wehren sich gegen die ABZOCKE der Mieten-Mafia!,2025-11-10T19:26:01Z,23375,2014,134,PT53S,UCA95T5bSGxNOAODBdbR2rYQ,DieLinke,https://www.youtube.com/watch?v=KHAlzhKU4gI
xSYzbzcCB7U,SO legen wir kriminellen Vermietern das Handwerk! | mit Elif Eralp und Max Schirmer,2025-11-10T12:28:57Z,3741,488,219,PT17M48S,UCA95T5bSGxNOAODBdbR2rYQ,DieLinke,https://www.youtube.com/watch?v=xSYzbzcCB7U
-5vdPra3v6Q,Wir rufen den MIETENNOTSTAND aus!,2025-11-08T14:06:41Z,11189,1297,128,PT56S,UCA95T5bSGxNOAODBdbR2rYQ,DieLinke,https://www.youtube.com/watch?v=-5vdPra3v6Q
Nw2LGnuRn_g,Ines Schwerdtner Über Die Dreisten Tricks Der Mieten-Mafia!,2025-11-08T09:00:41Z,17477,1740,472,PT5M50S,UCA95T5bSGxNOAODBdbR2rYQ,DieLinke,https://www.youtube.com/watch?v=Nw2LGnuRn_g
C68U1ExkoRM,Wir rufen den MIETEN-NOTSTAND aus!,2025-11-07T15:28:20Z,17403,2202,200,PT49S,UCA95T5bSGxNOAODBdbR2rYQ,DieLinke,https://www.youtube.com/watch?v=C68U1ExkoRM
cxdYGMKvccQ,Wir Rufen Den MIETEN-NOTSTAND Aus! Mit Ines Schwerdtner Und Caren Lay,2025-11-07T09:29:45Z,8690,1257,292,PT16M37S,UCA95T5bSGxNOAODBdbR2rYQ,DieLinke,https://www.youtube.com/watch?v=cxdYGMKvccQ
74e_061gm-U,Jan van Aken berichtet von seiner Reise nach Gaza!,2025-11-03T12:32:28Z,10920,990,416,PT25M11S,UCA95T5bSGxNOAODBdbR2rYQ,DieLinke,https://www.youtube.com/watch?v=74e_061gm-U
R7wrcKcF0p4,ILLEGALE MIETEN erklärt von Katzen!,2025-11-01T09:55:02Z,57227,4752,248,PT1M12S,UCA95T5bSGxNOAODBdbR2rYQ,DieLinke,https://www.youtube.com/watch?v=R7wrcKcF0p4
tQFT23RkNZM,Das WAHRE Problem mit dem Stadtbild! #merz,2025-10-31T14:37:03Z,27898,2757,167,PT1M3S,UCA95T5bSGxNOAODBdbR2rYQ,DieLinke,https://www.youtube.com/watch?v=tQFT23RkNZM
eJjhrpvcE9I,Jan van Aken Macht Söder Ein Angebot Das Er NICHT Ablehnen Kann!,2025-10-30T19:53:18Z,22206,1982,285,PT3M2S,UCA95T5bSGxNOAODBdbR2rYQ,DieLinke,https://www.youtube.com/watch?v=eJjhrpvcE9I
y-6HFUZ0PQY,Warum Mamdani Trumps GRÖSSTER ALPTRAUM ist! | Hyperpolitik mit Ines Schwerdtner,2025-10-30T14:54:27Z,40856,4081,626,PT18M57S,UCA95T5bSGxNOAODBdbR2rYQ,DieLinke,https://www.youtube.com/watch?v=y-6HFUZ0PQY
FOPLF3bAby0,Russischer Oligarch will DIE LINKE mundtot machen - Jan van Aken reagiert!,2025-10-29T12:15:03Z,64029,5224,188,PT1M30S,UCA95T5bSGxNOAODBdbR2rYQ,DieLinke,https://www.youtube.com/watch?v=FOPLF3bAby0
TzaWeM752ag,Deshalb Will Ein Russischer Oligarch DIE LINKE Mundtot Machen!,2025-10-28T17:21:34Z,11476,1528,275,PT2M42S,UCA95T5bSGxNOAODBdbR2rYQ,DieLinke,https://www.youtube.com/watch?v=TzaWeM752ag
WV6MEPhb_tk,Jan van Aken schreibt OFFENEN BRIEF an Markus Söder!,2025-10-27T17:52:16Z,68413,3975,215,PT44S,UCA95T5bSGxNOAODBdbR2rYQ,DieLinke,https://www.youtube.com/watch?v=WV6MEPhb_tk
Vtg_oVYjMII,Russischer Oligarch will uns Maulkorb verpassen! Jan van Aken Reagiert!,2025-10-27T12:20:37Z,15092,1632,358,PT16M14S,UCA95T5bSGxNOAODBdbR2rYQ,DieLinke,https://www.youtube.com/watch?v=Vtg_oVYjMII
rAlcRnpm9HE,BETRUG An Der Supermarkt-Kasse? Jan Van Aken Entlarvt Die Tricks Der Konzerne!,2025-10-23T16:35:51Z,41856,2573,782,PT7M29S,UCA95T5bSGxNOAODBdbR2rYQ,DieLinke,https://www.youtube.com/watch?v=rAlcRnpm9HE
PN4kS0KtuSM,Wehrpflicht? SCHICKT euch doch SELBST!,2025-10-23T13:43:04Z,66200,7063,880,PT40S,UCA95T5bSGxNOAODBdbR2rYQ,DieLinke,https://www.youtube.com/watch?v=PN4kS0KtuSM
C_Yo4oiApGM,Schluss mit LEERSTAND trotz WOHNUNGSNOT!,2025-10-23T11:29:13Z,23864,1910,144,PT33S,UCA95T5bSGxNOAODBdbR2rYQ,DieLinke,https://www.youtube.com/watch?v=C_Yo4oiApGM
lU7SCxJgN0o,Jan van Aken: Was WIRKLICH zählt!,2025-10-21T14:51:04Z,68851,4082,354,PT27S,UCA95T5bSGxNOAODBdbR2rYQ,DieLinke,https://www.youtube.com/watch?v=lU7SCxJgN0o
fuUO9QVlsuM,Janis Ehling über die explodierenden Wohnkosten,2025-10-20T11:17:11Z,3540,448,141,PT11M35S,UCA95T5bSGxNOAODBdbR2rYQ,DieLinke,https://www.youtube.com/watch?v=fuUO9QVlsuM
EC0A75Z51UY,Wehrpflicht? NEIN DANKE!,2025-10-17T14:51:23Z,86859,5095,487,PT40S,UCA95T5bSGxNOAODBdbR2rYQ,DieLinke,https://www.youtube.com/watch?v=EC0A75Z51UY
a1pCCuJHibk,DARUM gibt Ines Schwerdtner Beatrix von Storch nicht die Hand!,2025-10-17T11:05:00Z,44550,2899,270,PT40S,UCA95T5bSGxNOAODBdbR2rYQ,DieLinke,https://www.youtube.com/watch?v=a1pCCuJHibk
y215QE1_Dpg,Ines Schwerdtner ENTLARVT Die Doppelmoral Von Beatrix Von Storch Und der AfD!,2025-10-16T18:52:08Z,125734,4332,2058,PT6M32S,UCA95T5bSGxNOAODBdbR2rYQ,DieLinke,https://www.youtube.com/watch?v=y215QE1_Dpg
rrdEByV1f6Y,Ines Schwerdtner ZERLEGT Beatrix von Storch Bei Lanz!,2025-10-16T17:49:18Z,95165,6496,819,PT58S,UCA95T5bSGxNOAODBdbR2rYQ,DieLinke,https://www.youtube.com/watch?v=rrdEByV1f6Y
nUkzNKYKj_A,So SABOTIERT die CDU den Kampf gegen Gewalt an Frauen! | Angela Pluschke | 🎙️WIMWWD Podcast S2E6,2025-10-15T15:46:11Z,6986,772,230,PT20M26S,UCA95T5bSGxNOAODBdbR2rYQ,DieLinke,https://www.youtube.com/watch?v=nUkzNKYKj_A
opQlJgAGwCs,Jan van Aken reagiert auf virales TikTok!,2025-10-15T10:29:11Z,45298,3068,194,PT36S,UCA95T5bSGxNOAODBdbR2rYQ,DieLinke,https://www.youtube.com/watch?v=opQlJgAGwCs
jCwiSdqEo3c,Schluss mit der ABZOCKE: Mietwucher-Polizei Jetzt!,2025-10-14T13:04:39Z,16399,1788,122,PT45S,UCA95T5bSGxNOAODBdbR2rYQ,DieLinke,https://www.youtube.com/watch?v=jCwiSdqEo3c
OmEvdpN6MkE,"Jan van Aken über die Freilassung der Geiseln, die Waffenruhe in Gaza und die Hoffnung auf Frieden",2025-10-13T11:17:24Z,7613,727,143,PT13M24S,UCA95T5bSGxNOAODBdbR2rYQ,DieLinke,https://www.youtube.com/watch?v=OmEvdpN6MkE
8jLZJQO3NyY,DAS ist unsere Spitzenkandidatin Für Berlin!,2025-10-12T10:40:27Z,28078,3800,262,PT2M7S,UCA95T5bSGxNOAODBdbR2rYQ,DieLinke,https://www.youtube.com/watch?v=8jLZJQO3NyY
yKZurAE9ViI,Wir kämpfen für bezahlbare Mieten!,2025-10-09T15:01:50Z,22279,2655,293,PT58S,UCA95T5bSGxNOAODBdbR2rYQ,DieLinke,https://www.youtube.com/watch?v=yKZurAE9ViI
-AoDNebKREQ,Jan van Aken reagiert auf die neuesten Merz-Angriffe!,2025-10-06T11:24:00Z,24694,2065,597,PT19M14S,UCA95T5bSGxNOAODBdbR2rYQ,DieLinke,https://www.youtube.com/watch?v=-AoDNebKREQ
oAAwSpm613c,So machen wir Wohnen wieder bezahlbar!,2025-10-04T10:05:03Z,19220,2003,144,PT1M,UCA95T5bSGxNOAODBdbR2rYQ,DieLinke,https://www.youtube.com/watch?v=oAAwSpm613c
yisWyRGQnLo,"Die Mieten-Rally mit Ines Schwerdtner, Jan van Aken, Caren Lay und vielen anderen!",2025-10-02T17:21:29Z,8796,801,173,PT1H1M22S,UCA95T5bSGxNOAODBdbR2rYQ,DieLinke,https://www.youtube.com/watch?v=yisWyRGQnLo
OSgoyFcvmCk,DAS Musste Gesagt Werden! Ines Schwerdtner Stellt Phillip Amthor Bloß!,2025-10-02T11:30:14Z,179947,5610,1289,PT5M31S,UCA95T5bSGxNOAODBdbR2rYQ,DieLinke,https://www.youtube.com/watch?v=OSgoyFcvmCk
Lro1Mvso7Sw,Ines nimmt Philipp AMTHOR AUSEINANDER! 🥳,2025-10-01T17:55:01Z,224130,12443,720,PT56S,UCA95T5bSGxNOAODBdbR2rYQ,DieLinke,https://www.youtube.com/watch?v=Lro1Mvso7Sw
RkL_IKOM3M0,So FALSCH läuft das SCHULSYSTEM! | Lehrerin Frau Waibel | 🎙️WIMWWD Podcast S2E5,2025-10-01T15:56:00Z,22151,1668,456,PT36M32S,UCA95T5bSGxNOAODBdbR2rYQ,DieLinke,https://www.youtube.com/watch?v=RkL_IKOM3M0
qTOkA6LsIyc,Janine Wissler PLATZT In Talkrunde Der Kragen!,2025-09-30T18:01:41Z,31894,1696,490,PT5M1S,UCA95T5bSGxNOAODBdbR2rYQ,DieLinke,https://www.youtube.com/watch?v=qTOkA6LsIyc
A3IZpXEBzoE,Jan van Aken reagiert auf VIRALE TIKTOKS!,2025-09-29T14:07:01Z,42620,2865,158,PT56S,UCA95T5bSGxNOAODBdbR2rYQ,DieLinke,https://www.youtube.com/watch?v=A3IZpXEBzoE
KKHpUrZ_r5U,Jan van Aken Reagiert Auf VIRALE TIKTOKS!,2025-09-29T13:30:28Z,26856,3094,544,PT12M7S,UCA95T5bSGxNOAODBdbR2rYQ,DieLinke,https://www.youtube.com/watch?v=KKHpUrZ_r5U
Z-3-hYYTbhc,Ines Schwerdtner warnt: Union will Drei-Klassen-Medizin!,2025-09-29T11:20:43Z,8662,947,175,PT16M24S,UCA95T5bSGxNOAODBdbR2rYQ,DieLinke,https://www.youtube.com/watch?v=Z-3-hYYTbhc
Nezk-5aqd34,Das war die GROSSE GAZA-DEMO!,2025-09-28T19:14:39Z,31510,3807,387,PT43S,UCA95T5bSGxNOAODBdbR2rYQ,DieLinke,https://www.youtube.com/watch?v=Nezk-5aqd34
dw4vFklohDI,Heidi Reichinnek: So TRICKST Die Regierung Beim Haushalt!,2025-09-26T16:41:45Z,21565,1797,373,PT6M13S,UCA95T5bSGxNOAODBdbR2rYQ,DieLinke,https://www.youtube.com/watch?v=dw4vFklohDI
UABzw1GI9tA,BLAMAGE Für Merz! Ines Schwerdtner Deckt Unfassbare Schwächen Auf!,2025-09-25T16:57:19Z,9898,1210,303,PT7M5S,UCA95T5bSGxNOAODBdbR2rYQ,DieLinke,https://www.youtube.com/watch?v=UABzw1GI9tA
591ylu7AyCg,Ines Schwerdtner Rechnet GNADENLOS Mit Merz & Klingbeil ab!,2025-09-25T15:46:47Z,59609,5038,278,PT40S,UCA95T5bSGxNOAODBdbR2rYQ,DieLinke,https://www.youtube.com/watch?v=591ylu7AyCg
UckQEmZcR-c,Ines Schwerdtner Schockt Carlo Masala Mit Dieser AUSSAGE!,2025-09-24T11:53:11Z,193596,4767,2119,PT7M33S,UCA95T5bSGxNOAODBdbR2rYQ,DieLinke,https://www.youtube.com/watch?v=UckQEmZcR-c
fbcKfuQ9I7M,Zusammen für Gaza! Bundesweite Demonstration am 27. September in Berlin,2025-09-23T12:41:14Z,15290,1524,448,PT44S,UCA95T5bSGxNOAODBdbR2rYQ,DieLinke,https://www.youtube.com/watch?v=fbcKfuQ9I7M
47vJc4585kw,Ines Schwerdtner: Erbschaftssteuer reformieren - aber richtig!,2025-09-22T11:27:01Z,8380,899,162,PT22M39S,UCA95T5bSGxNOAODBdbR2rYQ,DieLinke,https://www.youtube.com/watch?v=47vJc4585kw
P3Wrap6ReL8,Unglaublich: So viel verdient ein Milliardär pro SEKUNDE!,2025-09-20T08:00:22Z,33821,2842,478,PT35S,UCA95T5bSGxNOAODBdbR2rYQ,DieLinke,https://www.youtube.com/watch?v=P3Wrap6ReL8
-ikpW3rCN4w,Trump Auf Dem Weg In Die Diktatur! Linker Janis Ehling Spricht Klartext!,2025-09-19T12:00:02Z,4484,553,215,PT3M15S,UCA95T5bSGxNOAODBdbR2rYQ,DieLinke,https://www.youtube.com/watch?v=-ikpW3rCN4w
6G0WZ4zFE5E,Ines Schwerdtner Entlarvt Die Peinliche Söder-Show!,2025-09-19T10:12:50Z,73884,5983,262,PT1M11S,UCA95T5bSGxNOAODBdbR2rYQ,DieLinke,https://www.youtube.com/watch?v=6G0WZ4zFE5E
0D-sF-RaRH0,Hausaufgaben ABSCHAFFEN?! @SPACEFROGS reagieren!,2025-09-18T18:51:22Z,25780,2137,159,PT1M3S,UCA95T5bSGxNOAODBdbR2rYQ,DieLinke,https://www.youtube.com/watch?v=0D-sF-RaRH0
t7_0vfQ-Rio,Ines Schwerdtner Entlarvt Söders Show! | Hyperpolitik,2025-09-18T16:54:15Z,62196,6801,853,PT25M25S,UCA95T5bSGxNOAODBdbR2rYQ,DieLinke,https://www.youtube.com/watch?v=t7_0vfQ-Rio
VVy1vHXclWQ,"Die SPACE FROGS über POLITIK, SATIRE & einen KINDERGARTEN vorm BUNDESTAG | 🎙️WIMWWD Podcast S2E4",2025-09-17T16:17:55Z,103355,7687,603,PT33M27S,UCA95T5bSGxNOAODBdbR2rYQ,DieLinke,https://www.youtube.com/watch?v=VVy1vHXclWQ
fGX9lqbWctE,Heidi Reichinnek: Die WAHRHEIT Über Deutschlands Superreiche!,2025-09-16T20:27:49Z,50508,3324,1709,PT5M23S,UCA95T5bSGxNOAODBdbR2rYQ,DieLinke,https://www.youtube.com/watch?v=fGX9lqbWctE
1q2CARE0hXs,Jan van Aken Zum Erfolg der Linken bei den Kommunalwahlen in NRW,2025-09-15T11:17:30Z,12472,1292,322,PT13M40S,UCA95T5bSGxNOAODBdbR2rYQ,DieLinke,https://www.youtube.com/watch?v=1q2CARE0hXs
HfOCrhiOQSY,NRW: DU Hast Die Wahl!,2025-09-13T15:12:07Z,8339,1000,204,PT1M17S,UCA95T5bSGxNOAODBdbR2rYQ,DieLinke,https://www.youtube.com/watch?v=HfOCrhiOQSY
2l_x4A-AM8o,Konfrontation Bei Illner: Heidi Reichinnek GRILLT Jens Spahn!,2025-09-12T13:52:33Z,152028,9896,2249,PT8M36S,UCA95T5bSGxNOAODBdbR2rYQ,DieLinke,https://www.youtube.com/watch?v=2l_x4A-AM8o
KOzau2eFw8E,Linker Millionär ARGUMENTIERT Wolfgang Grupp Nieder!,2025-09-09T16:33:16Z,148754,10065,1123,PT4M6S,UCA95T5bSGxNOAODBdbR2rYQ,DieLinke,https://www.youtube.com/watch?v=KOzau2eFw8E
VbYPjKc4WIQ,Millionär fordert MEHR STEUERN für Reiche!,2025-09-09T14:01:06Z,65371,4609,223,PT45S,UCA95T5bSGxNOAODBdbR2rYQ,DieLinke,https://www.youtube.com/watch?v=VbYPjKc4WIQ
EGJD-dI737I,Jan Van Aken SCHOCKT Moderator Mit Dieser AUSSAGE!,2025-09-09T10:50:25Z,54483,4340,1030,PT6M48S,UCA95T5bSGxNOAODBdbR2rYQ,DieLinke,https://www.youtube.com/watch?v=EGJD-dI737I
KQ0w3E0FZg8,Ines Schwerdtner rechnet mit Friedrich Merz ab!,2025-09-08T19:11:30Z,62465,6059,392,PT53S,UCA95T5bSGxNOAODBdbR2rYQ,DieLinke,https://www.youtube.com/watch?v=KQ0w3E0FZg8
Rrw3-kqpFTQ,Ines Schwerdtner über Merz und den Herbst der Grausamkeiten,2025-09-08T16:17:53Z,10460,1520,362,PT8M25S,UCA95T5bSGxNOAODBdbR2rYQ,DieLinke,https://www.youtube.com/watch?v=Rrw3-kqpFTQ
vsrHlup_n7Q,Heidi Reichinnek und Maurice Höfgen Zerlegen Friedrich Merz!,2025-09-06T17:52:43Z,17321,2181,511,PT8M56S,UCA95T5bSGxNOAODBdbR2rYQ,DieLinke,https://www.youtube.com/watch?v=vsrHlup_n7Q
Bpj1jmQ02Xc,Staat macht Superreichen MILLIARDENGESCHENK!,2025-09-05T08:20:26Z,42441,5110,483,PT28S,UCA95T5bSGxNOAODBdbR2rYQ,DieLinke,https://www.youtube.com/watch?v=Bpj1jmQ02Xc
WpoVOUs1RBE,Ines Schwerdtner Rechnet Ab: Keine PRIVILEGIEN Für Politiker!,2025-09-04T17:13:37Z,24014,1920,581,PT5M54S,UCA95T5bSGxNOAODBdbR2rYQ,DieLinke,https://www.youtube.com/watch?v=WpoVOUs1RBE
YFyGAo150Fk,Bürgergeld-Aktivist über ARMUT & DISKRIMINIERUNG | 🎙️WIMWWD Podcast S2E3,2025-09-03T16:02:28Z,20818,1806,874,PT30M8S,UCA95T5bSGxNOAODBdbR2rYQ,DieLinke,https://www.youtube.com/watch?v=YFyGAo150Fk
V5dB_XFbDqM,Women in Exile: Kampf für die Rechte geflüchteter Frauen!,2025-09-02T11:23:19Z,22665,2634,127,PT51S,UCA95T5bSGxNOAODBdbR2rYQ,DieLinke,https://www.youtube.com/watch?v=V5dB_XFbDqM
WIygzqGy3sU,Janis Ehling zum Antikriegstag und dem drohenden Sozialabbau unter Merz,2025-09-01T11:17:05Z,3407,447,123,PT13M13S,UCA95T5bSGxNOAODBdbR2rYQ,DieLinke,https://www.youtube.com/watch?v=WIygzqGy3sU
QZT9yZU6PLM,Gregor Gysi APPELLIERT An SPD-URGESTEIN Müntefering!,2025-08-30T12:23:21Z,119549,3081,522,PT7M10S,UCA95T5bSGxNOAODBdbR2rYQ,DieLinke,https://www.youtube.com/watch?v=QZT9yZU6PLM
G6_uJgJNJBs,DESHALB solltest DU gegen Bürgergeld-Kürzungen sein!,2025-08-29T13:35:30Z,58248,7988,776,PT59S,UCA95T5bSGxNOAODBdbR2rYQ,DieLinke,https://www.youtube.com/watch?v=G6_uJgJNJBs
1MzlAr4YZQU,Janis Ehling zum drohenden Kahlschlag unter Friedrich Merz,2025-08-25T11:16:18Z,4463,456,184,PT9M42S,UCA95T5bSGxNOAODBdbR2rYQ,DieLinke,https://www.youtube.com/watch?v=1MzlAr4YZQU
0VPI2h36nN0,SkANDAL: Bürgergeld kürzen Ja Steuer für Reiche erhöhen Nein,2025-08-21T13:57:14Z,30831,1782,260,PT22S,UCA95T5bSGxNOAODBdbR2rYQ,DieLinke,https://www.youtube.com/watch?v=0VPI2h36nN0
1Nyff2B3XzM,Klimaschutz SOZIAL GERECHT! Mit Carla Reemstma von @FridaysForFutureDE,2025-08-21T10:05:03Z,22269,1962,124,PT53S,UCA95T5bSGxNOAODBdbR2rYQ,DieLinke,https://www.youtube.com/watch?v=1Nyff2B3XzM
ay9T-P7kQEg,Carla Reemtsma (FFF) über KLIMASCHUTZ VS. SOZIALE GERECHTIGKEIT | 🎙️WIMWWD Podcast S2E3,2025-08-20T17:07:37Z,11335,938,357,PT26M6S,UCA95T5bSGxNOAODBdbR2rYQ,DieLinke,https://www.youtube.com/watch?v=ay9T-P7kQEg
iuVQ4J0ChwI,Wir brauchen den Mietendeckel jetzt!,2025-08-20T12:32:54Z,26308,2827,199,PT45S,UCA95T5bSGxNOAODBdbR2rYQ,DieLinke,https://www.youtube.com/watch?v=iuVQ4J0ChwI
IGoJziRYIJ0,Wohnungen für alle statt PROTZ-VILLEN nur für Reiche!,2025-08-18T18:00:24Z,48708,6243,592,PT53S,UCA95T5bSGxNOAODBdbR2rYQ,DieLinke,https://www.youtube.com/watch?v=IGoJziRYIJ0
-iGbb5dIw7Y,Bezahlbare Wohnungen für alle statt Luxus für wenige! Pressekonferenz mit Jan van Aken,2025-08-18T13:25:01Z,4865,509,227,PT18M6S,UCA95T5bSGxNOAODBdbR2rYQ,DieLinke,https://www.youtube.com/watch?v=-iGbb5dIw7Y
tmTMOu22wPU,"""Wir wollen den bundesweiten Mietendeckel!""",2025-08-17T19:36:54Z,30917,2634,265,PT28S,UCA95T5bSGxNOAODBdbR2rYQ,DieLinke,https://www.youtube.com/watch?v=tmTMOu22wPU
qUoqh848kME,100 Tage Merz-Regierung: Wir ziehen Bilanz! Pressekonferenz mit Janis Ehling,2025-08-11T11:16:54Z,5591,643,168,PT12M31S,UCA95T5bSGxNOAODBdbR2rYQ,DieLinke,https://www.youtube.com/watch?v=qUoqh848kME
9DK5GBBcRtY,Jan van Aken ist zurück! Wenn ich mir was wünschen dürfte: Der Podcast!,2025-08-07T12:00:15Z,32848,3034,125,PT1M9S,UCA95T5bSGxNOAODBdbR2rYQ,DieLinke,https://www.youtube.com/watch?v=9DK5GBBcRtY
WnchrhDmBUo,"Jan van Aken im Talk mit Robinga Schnögelrögel über ARTENSTERBEN, Klimakrise & Biodiversität",2025-08-06T16:00:59Z,22316,1707,287,PT27M9S,UCA95T5bSGxNOAODBdbR2rYQ,DieLinke,https://www.youtube.com/watch?v=WnchrhDmBUo
YmLM6djzBvE,Stoppt die GIER der Manager!,2025-08-05T10:56:30Z,68868,5112,334,PT47S,UCA95T5bSGxNOAODBdbR2rYQ,DieLinke,https://www.youtube.com/watch?v=YmLM6djzBvE
pNMDJ1GOp48,"Manager-Gier begrenzen, wahre Leistung belohnen! Pressekonferenz mit Maximilian Schirmer",2025-08-04T11:16:47Z,5719,749,227,PT12M23S,UCA95T5bSGxNOAODBdbR2rYQ,DieLinke,https://www.youtube.com/watch?v=pNMDJ1GOp48
A7STYCKuoNA,Deutschland muss Palästina anerkennen!,2025-07-28T14:25:51Z,42034,3899,366,PT57S,UCA95T5bSGxNOAODBdbR2rYQ,DieLinke,https://www.youtube.com/watch?v=A7STYCKuoNA
sC8Yd5jsYwc,Wie CDU und Arbeitgeber den Sozialstaat angreifen! Pressekonferenz mit Max Schirmer,2025-07-28T11:17:35Z,7318,791,229,PT6M26S,UCA95T5bSGxNOAODBdbR2rYQ,DieLinke,https://www.youtube.com/watch?v=sC8Yd5jsYwc
aRhN0mu-Ju4,Warum wir eine Vermögensteuer brauchen! Pressekonferenz mit Jan van Aken,2025-07-27T06:01:25Z,10696,1176,309,PT13M26S,UCA95T5bSGxNOAODBdbR2rYQ,DieLinke,https://www.youtube.com/watch?v=aRhN0mu-Ju4
wR6X9TKAWG8,Merz LÜGT in diesem Interview!,2025-07-22T09:24:33Z,149027,13363,851,PT1M26S,UCA95T5bSGxNOAODBdbR2rYQ,DieLinke,https://www.youtube.com/watch?v=wR6X9TKAWG8
j4TlCxIRBNA,Caren Lay Entlarvt Die Doppelmoral Von Merz!,2025-07-19T09:05:00Z,20123,1550,507,PT4M21S,UCA95T5bSGxNOAODBdbR2rYQ,DieLinke,https://www.youtube.com/watch?v=j4TlCxIRBNA
ZbbMRfTkMyA,DAS unterscheidet Die Linke von ALLEN ANDEREN PARTEIEN!,2025-07-18T08:14:23Z,51263,3636,287,PT28S,UCA95T5bSGxNOAODBdbR2rYQ,DieLinke,https://www.youtube.com/watch?v=ZbbMRfTkMyA
NbW0VzLIqOY,Ines Schwerdtner Spricht KLARTEXT Über Spahn Im Tilo Jung-Interview,2025-07-17T12:35:01Z,81874,4379,702,PT9M38S,UCA95T5bSGxNOAODBdbR2rYQ,DieLinke,https://www.youtube.com/watch?v=NbW0VzLIqOY
YOQ0o7lrnRI,MERZ schaut beim Bürgergeld und nicht bei den SUPERREICHEN,2025-07-15T18:03:04Z,90813,4347,298,PT12S,UCA95T5bSGxNOAODBdbR2rYQ,DieLinke,https://www.youtube.com/watch?v=YOQ0o7lrnRI
rNUK_bjkmcg,AUFGEDECKT: Was Merz Beim Bürgergeld VERSCHWEIGT!,2025-07-14T17:56:37Z,81243,8562,443,PT1M8S,UCA95T5bSGxNOAODBdbR2rYQ,DieLinke,https://www.youtube.com/watch?v=rNUK_bjkmcg
BENoBymmrOQ,Wie Wohnungskonzerne den Staat abzocken! Pressekonferenz mit Ines Schwerdtner,2025-07-14T11:31:45Z,21322,1585,379,PT26M,UCA95T5bSGxNOAODBdbR2rYQ,DieLinke,https://www.youtube.com/watch?v=BENoBymmrOQ
efgp7SQLcjk,Bodo Ramelow SCHOCKT Moderatorin Und Verteidigt Heidi Reichinnek!,2025-07-13T15:50:48Z,124145,4990,1235,PT6M13S,UCA95T5bSGxNOAODBdbR2rYQ,DieLinke,https://www.youtube.com/watch?v=efgp7SQLcjk
m5gEPjDLorE,Ines Schwerdtner Entlarvt Die SCHAMLOSE Selbstbereicherung Von Alice Weidel!,2025-07-13T09:54:03Z,64078,2495,638,PT4M35S,UCA95T5bSGxNOAODBdbR2rYQ,DieLinke,https://www.youtube.com/watch?v=m5gEPjDLorE
tBHhzKVATZ8,Janine Wissler hat GENUG! CDU-Versagen bei Richterwahl!,2025-07-12T20:26:28Z,13259,1184,327,PT5M34S,UCA95T5bSGxNOAODBdbR2rYQ,DieLinke,https://www.youtube.com/watch?v=tBHhzKVATZ8
bVza7osubzQ,Wir haben die AfD ANGEZEIGT!,2025-07-10T18:44:22Z,87879,11104,1168,PT38S,UCA95T5bSGxNOAODBdbR2rYQ,DieLinke,https://www.youtube.com/watch?v=bVza7osubzQ
v2oSMS0fZz4,"Ines Schwerdtner spricht KLARTEXT: ""Antifaschismus fängt bei der Stromrechnung an!""",2025-07-08T17:24:55Z,50251,6332,290,PT36S,UCA95T5bSGxNOAODBdbR2rYQ,DieLinke,https://www.youtube.com/watch?v=v2oSMS0fZz4
VaUMgCUlKb0,Systemrelevant und trotzdem ARM?! Der große Arbeitsmarkt-Skandal!,2025-07-08T13:40:20Z,56395,6644,368,PT1M13S,UCA95T5bSGxNOAODBdbR2rYQ,DieLinke,https://www.youtube.com/watch?v=VaUMgCUlKb0
uDKFBTPq-ZM,Jan van Aken rechnet mit dem schwarz-roten Bundeshaushalt der Reichen ab,2025-07-07T11:26:24Z,9767,943,205,PT22M29S,UCA95T5bSGxNOAODBdbR2rYQ,DieLinke,https://www.youtube.com/watch?v=uDKFBTPq-ZM
6ByhKJKxbaE,Ines Schwerdtner Entlarvt Die NÄCHSTE Wählertäuschung von Merz!,2025-07-05T15:42:05Z,17222,1801,396,PT6M27S,UCA95T5bSGxNOAODBdbR2rYQ,DieLinke,https://www.youtube.com/watch?v=6ByhKJKxbaE
_1ZYi5YBSls,Mindestlohn: SPD BRICHT ihr Versprechen!,2025-07-01T15:05:07Z,47675,3645,369,PT45S,UCA95T5bSGxNOAODBdbR2rYQ,DieLinke,https://www.youtube.com/watch?v=_1ZYi5YBSls
LqC3R2RM99k,"Mindestlohn, Mietwucher und mehr: Pressekonferenz mit Ines Schwerdtner",2025-06-30T11:24:49Z,13156,1071,191,PT20M25S,UCA95T5bSGxNOAODBdbR2rYQ,DieLinke,https://www.youtube.com/watch?v=LqC3R2RM99k
zhrfDDlsOZc,Der Geheimdienst-Skandal! Heidi Reichinnek ENTLARVT Merz & CDU!,2025-06-29T14:00:48Z,103033,4607,1331,PT4M45S,UCA95T5bSGxNOAODBdbR2rYQ,DieLinke,https://www.youtube.com/watch?v=zhrfDDlsOZc
LDf1nJkLG2o,Jan van Aken Rechnet Ab: Die Wahrheit Über Die Rüstungs-Lobby!,2025-06-29T09:35:10Z,52125,1931,380,PT5M37S,UCA95T5bSGxNOAODBdbR2rYQ,DieLinke,https://www.youtube.com/watch?v=LDf1nJkLG2o
9ihUUtVkD9A,"Ob New York, Berlin, Budapest: Wir kämpfen für queeres Leben!",2025-06-28T15:13:26Z,48195,3325,290,PT16S,UCA95T5bSGxNOAODBdbR2rYQ,DieLinke,https://www.youtube.com/watch?v=9ihUUtVkD9A
GQZkBLGdo_k,Ines Schwerdtner GRILLT Armin Laschet Bei Maischberger!,2025-06-28T11:10:46Z,87345,3276,638,PT3M46S,UCA95T5bSGxNOAODBdbR2rYQ,DieLinke,https://www.youtube.com/watch?v=GQZkBLGdo_k
6QTUMnZlJtU,Wir ALLE sehen was in GAZA passiert!,2025-06-27T08:51:35Z,126986,6447,300,PT45S,UCA95T5bSGxNOAODBdbR2rYQ,DieLinke,https://www.youtube.com/watch?v=6QTUMnZlJtU
oAXHhFYFR6Q,So KORRUPT ist die Union!,2025-06-26T15:08:29Z,114157,10282,613,PT59S,UCA95T5bSGxNOAODBdbR2rYQ,DieLinke,https://www.youtube.com/watch?v=oAXHhFYFR6Q
UoRFeC3qj8o,Ines Schwerdtner Sagt Was ALLE Denken! Jens Spahn Muss ZURÜCKTRETEN!,2025-06-25T15:14:55Z,75513,4005,659,PT5M1S,UCA95T5bSGxNOAODBdbR2rYQ,DieLinke,https://www.youtube.com/watch?v=UoRFeC3qj8o
_qXoWP0-BF0,Jan van Aken: Spahns Maskenaffäre und die vier schmutzigsten CDU-Skandale,2025-06-23T11:20:34Z,20500,1494,294,PT16M59S,UCA95T5bSGxNOAODBdbR2rYQ,DieLinke,https://www.youtube.com/watch?v=_qXoWP0-BF0
0Ahs2GVsuwc,"Heidi Reichinnek: ""Nur gemeinsam sind wir stark!""",2025-06-18T12:24:43Z,41959,2803,254,PT1M35S,UCA95T5bSGxNOAODBdbR2rYQ,DieLinke,https://www.youtube.com/watch?v=0Ahs2GVsuwc
YjvmK_AYbB0,"Jammer nicht, Jens! Spahn und die Masken-Affäre #shorts",2025-06-17T13:53:55Z,91728,10405,628,PT1M,UCA95T5bSGxNOAODBdbR2rYQ,DieLinke,https://www.youtube.com/watch?v=YjvmK_AYbB0
3tkV64D8Qz0,"Heidi Reichinnek Über Politik, Depression Und Warum Aufgeben Keine Option ist | Talk Mit @Aljosha_",2025-06-17T12:46:32Z,14568,1307,360,PT5M42S,UCA95T5bSGxNOAODBdbR2rYQ,DieLinke,https://www.youtube.com/watch?v=3tkV64D8Qz0
_zY4KFut8CE,Ines Schwerdtner fordert Aufklärung in der Maskenaffäre um Jens Spahn und die Union!,2025-06-16T11:22:51Z,14676,1226,204,PT19M12S,UCA95T5bSGxNOAODBdbR2rYQ,DieLinke,https://www.youtube.com/watch?v=_zY4KFut8CE
g46qrq6OJu0,"Demokratie Am Abgrund: Jan Van Aken Über Die Dunklen Pläne Von Musk, Trump & Peter Thiel",2025-06-14T11:26:58Z,20471,1255,362,PT3M,UCA95T5bSGxNOAODBdbR2rYQ,DieLinke,https://www.youtube.com/watch?v=g46qrq6OJu0
IWrIzgoG-BU,Will die Linke die Reichen ENTEIGNEN?!,2025-06-13T18:13:54Z,152687,9299,1300,PT1M12S,UCA95T5bSGxNOAODBdbR2rYQ,DieLinke,https://www.youtube.com/watch?v=IWrIzgoG-BU
P1sGwWYF5vY,Wir gedenken Anne Frank ❤️#niewiederistjetzt,2025-06-12T19:50:56Z,30023,2297,170,PT16S,UCA95T5bSGxNOAODBdbR2rYQ,DieLinke,https://www.youtube.com/watch?v=P1sGwWYF5vY
GTnIFDq9eMg,"SKANDAL: Politikergehälter steigen, aber Mindestlohn nicht?!",2025-06-10T11:40:23Z,238982,10965,638,PT58S,UCA95T5bSGxNOAODBdbR2rYQ,DieLinke,https://www.youtube.com/watch?v=GTnIFDq9eMg
N28JnwO7fJg,Gregor Gysi Konfrontiert Lauterbach Bei Maischberger!,2025-06-07T08:05:00Z,694837,15587,518,PT17S,UCA95T5bSGxNOAODBdbR2rYQ,DieLinke,https://www.youtube.com/watch?v=N28JnwO7fJg
PyXL1UZoLQc,Aufrüstung Um JEDEN Preis? Gregor Gysi Spricht KLARTEXT!,2025-06-06T14:24:57Z,254022,5570,239,PT53S,UCA95T5bSGxNOAODBdbR2rYQ,DieLinke,https://www.youtube.com/watch?v=PyXL1UZoLQc
bxFXFRgbPyo,Gregor Gysi Liefert Sich Schlagabtausch Mit Karl Lauterbach!,2025-06-06T11:34:34Z,49575,1757,429,PT5M21S,UCA95T5bSGxNOAODBdbR2rYQ,DieLinke,https://www.youtube.com/watch?v=bxFXFRgbPyo
hC1WWmLwp6o,Ines Schwerdtner Entlarvt Die PROPAGANDA Von Merz & Co.!,2025-06-04T12:01:18Z,48916,3567,678,PT6M50S,UCA95T5bSGxNOAODBdbR2rYQ,DieLinke,https://www.youtube.com/watch?v=hC1WWmLwp6o
7k7xg0Z3TLw,Faules Deutschland?! Ines Schwerdtner ENTLARVT die Propaganda von Merz Klingbeil und Co.!,2025-06-03T19:09:58Z,90827,6407,399,PT53S,UCA95T5bSGxNOAODBdbR2rYQ,DieLinke,https://www.youtube.com/watch?v=7k7xg0Z3TLw
fPWmubnEb_U,Ines Schwerdtner Zerpflückt Klingbeils Reichen-Booster!,2025-06-03T14:09:01Z,57877,4026,190,PT42S,UCA95T5bSGxNOAODBdbR2rYQ,DieLinke,https://www.youtube.com/watch?v=fPWmubnEb_U
ZTyYzHmr8VQ,Heidi Reichinnek Liefert Sich Schlagabtausch Mit Wolfang Kubicki!,2025-06-02T17:01:06Z,138496,3399,1121,PT5M17S,UCA95T5bSGxNOAODBdbR2rYQ,DieLinke,https://www.youtube.com/watch?v=ZTyYzHmr8VQ
PhLBQj9HrRg,Ines Schwerdtner über die Steuergeschenke von CDU Und SPD An Unternehmen,2025-06-02T11:24:45Z,11395,940,150,PT21M36S,UCA95T5bSGxNOAODBdbR2rYQ,DieLinke,https://www.youtube.com/watch?v=PhLBQj9HrRg
GxENK16Jglw,Wir KÄMPFEN mit euch WEITER!,2025-05-31T11:43:07Z,111229,7547,989,PT23S,UCA95T5bSGxNOAODBdbR2rYQ,DieLinke,https://www.youtube.com/watch?v=GxENK16Jglw
hhAeW7vUAgY,Faules Deutschland? Das steckt WIRKLICH dahinter!,2025-05-31T07:35:00Z,390797,14329,598,PT53S,UCA95T5bSGxNOAODBdbR2rYQ,DieLinke,https://www.youtube.com/watch?v=hhAeW7vUAgY
jk0uUY-dR28,Ines Schwerdtner ZERSTÖRT Hubert Aiwanger Live Im TV!,2025-05-30T14:30:08Z,59050,3801,852,PT5M12S,UCA95T5bSGxNOAODBdbR2rYQ,DieLinke,https://www.youtube.com/watch?v=jk0uUY-dR28
Y2qCQsQEYws,Ines Schwerdtner Sagt Der AfD Den KAMPF An!,2025-05-28T11:35:52Z,14373,1726,611,PT3M4S,UCA95T5bSGxNOAODBdbR2rYQ,DieLinke,https://www.youtube.com/watch?v=Y2qCQsQEYws
kuJPjCRVCYA,CDU fehlt der RESPEKT vor Rentnern!,2025-05-26T15:56:23Z,383895,14762,1270,PT49S,UCA95T5bSGxNOAODBdbR2rYQ,DieLinke,https://www.youtube.com/watch?v=kuJPjCRVCYA
03PxJ6gmfWo,CDU auf AfD-Kurs: Die Feigheit der Union vor dem rechten Rand!,2025-05-26T11:19:22Z,7396,806,271,PT17M19S,UCA95T5bSGxNOAODBdbR2rYQ,DieLinke,https://www.youtube.com/watch?v=03PxJ6gmfWo
GFBlkEf0EJs,AfD VERLIERT! Wie Ines Schwerdtner Gegen Beatrix Von Storch Gewann!,2025-05-24T10:51:52Z,33514,2259,279,PT4M22S,UCA95T5bSGxNOAODBdbR2rYQ,DieLinke,https://www.youtube.com/watch?v=GFBlkEf0EJs
EJ-87SlIb5k,Ines Schwerdtner SCHOCKT Tagesschau-Moderator Mit DIESER Aussage!,2025-05-23T12:13:55Z,81317,5318,1060,PT5M14S,UCA95T5bSGxNOAODBdbR2rYQ,DieLinke,https://www.youtube.com/watch?v=EJ-87SlIb5k
k2JJGUzuKQA,Kapitalismus ABSCHAFFEN?! Das Sagt Das Grundgesetz!,2025-05-23T10:36:02Z,297524,14002,1223,PT48S,UCA95T5bSGxNOAODBdbR2rYQ,DieLinke,https://www.youtube.com/watch?v=k2JJGUzuKQA
nx3jZp-1elo,Konfrontation Bei BILD: Darum Kürzt Jan Van Aken SEIN Politiker-Gehalt!,2025-05-22T12:10:02Z,151483,7869,1496,PT6M29S,UCA95T5bSGxNOAODBdbR2rYQ,DieLinke,https://www.youtube.com/watch?v=nx3jZp-1elo
cR59yzttqHU,Heidi Reichinnek über LÜGEN in der Politik und die Linke im Bundestag!,2025-05-21T12:05:00Z,30134,2291,543,PT3M46S,UCA95T5bSGxNOAODBdbR2rYQ,DieLinke,https://www.youtube.com/watch?v=cR59yzttqHU
CGS4zH3oD0w,Merz AM LIMIT! Arbeiten bis zum ENDE?!,2025-05-19T15:05:30Z,190172,11060,550,PT49S,UCA95T5bSGxNOAODBdbR2rYQ,DieLinke,https://www.youtube.com/watch?v=CGS4zH3oD0w
iS2esyHVr58,Krankenkassen PLEITE? So lösen wir die Finanzierungsfrage!,2025-05-19T11:23:43Z,14979,1250,310,PT19M50S,UCA95T5bSGxNOAODBdbR2rYQ,DieLinke,https://www.youtube.com/watch?v=iS2esyHVr58
lhYm51eOkjs,Kapitalismus ABSCHAFFEN?! Ines Schwerdtner spricht KLARTEXT!,2025-05-17T15:24:13Z,105146,7200,511,PT51S,UCA95T5bSGxNOAODBdbR2rYQ,DieLinke,https://www.youtube.com/watch?v=lhYm51eOkjs
En-ko2OErwE,Janine Wissler Räumt Mit Mythen Über Migration Auf!,2025-05-16T18:49:25Z,30342,2349,926,PT7M1S,UCA95T5bSGxNOAODBdbR2rYQ,DieLinke,https://www.youtube.com/watch?v=En-ko2OErwE
fzvg7LPdB0k,Ines Schwerdtner stellt Merz Im Bundestag Bloß!,2025-05-15T16:44:00Z,24736,2462,299,PT3M33S,UCA95T5bSGxNOAODBdbR2rYQ,DieLinke,https://www.youtube.com/watch?v=fzvg7LPdB0k
X_XqxPkixSA,Ines Schwerdtner Rechnet Mit Der Merz-Regierung Ab!,2025-05-15T12:52:02Z,46100,4400,197,PT53S,UCA95T5bSGxNOAODBdbR2rYQ,DieLinke,https://www.youtube.com/watch?v=X_XqxPkixSA
xF9vxCj7FmY,Jan van Aken Entlarvt Die Doppelmoral Von Spahn und Merz!,2025-05-15T12:05:03Z,14613,1504,312,PT5M19S,UCA95T5bSGxNOAODBdbR2rYQ,DieLinke,https://www.youtube.com/watch?v=xF9vxCj7FmY
VG9zBrn3t3Y,Frieden für die Ukraine statt geheime Waffen-Deals!,2025-05-14T18:30:19Z,87953,3457,267,PT1M20S,UCA95T5bSGxNOAODBdbR2rYQ,DieLinke,https://www.youtube.com/watch?v=VG9zBrn3t3Y
-B5-7Tlc7Mc,Geheime Waffen-Deals & AfD-Verbot: Van Aken spricht KLARTEXT bei Maischberger!,2025-05-14T11:54:40Z,40715,2033,473,PT5M12S,UCA95T5bSGxNOAODBdbR2rYQ,DieLinke,https://www.youtube.com/watch?v=-B5-7Tlc7Mc
g8Gu-7eAipQ,Die AfD organisiert die Angst. Wir organisieren die  Hoffnung! #shorts,2025-05-12T12:55:00Z,23932,2863,172,PT1M1S,UCA95T5bSGxNOAODBdbR2rYQ,DieLinke,https://www.youtube.com/watch?v=g8Gu-7eAipQ
w-SJi9FND74,Ines Schwerdtner zum Renten-Theater von CDU und SPD,2025-05-12T11:34:37Z,18669,1178,201,PT30M44S,UCA95T5bSGxNOAODBdbR2rYQ,DieLinke,https://www.youtube.com/watch?v=w-SJi9FND74
dhXrJiwJuFg,So ABGEHOBEN Ist Friedrich Merz!,2025-05-11T08:15:06Z,52749,5092,270,PT59S,UCA95T5bSGxNOAODBdbR2rYQ,DieLinke,https://www.youtube.com/watch?v=dhXrJiwJuFg
Jh5WXTe_xR8,GroKo Schon AM ENDE? Sören Pellmann Spricht Klartext!,2025-05-10T16:15:29Z,11972,947,190,PT15M11S,UCA95T5bSGxNOAODBdbR2rYQ,DieLinke,https://www.youtube.com/watch?v=Jh5WXTe_xR8
ht1RdtVU0xQ,Chemnitzer Parteitag der Partei Die Linke - Samstag,2025-05-10T14:37:46Z,25478,869,101,PT6H50M36S,UCA95T5bSGxNOAODBdbR2rYQ,DieLinke,https://www.youtube.com/watch?v=ht1RdtVU0xQ
yhcAdPmm-JE,Jan Van Aken ENTLARVT Die Doppelmoral Von Merz!,2025-05-10T13:02:27Z,49862,3769,670,PT15M53S,UCA95T5bSGxNOAODBdbR2rYQ,DieLinke,https://www.youtube.com/watch?v=yhcAdPmm-JE
yJAzx1kPY3M,"Und, wie laufen eure Parteitage so? @DieGruenen @spdde @cdutv",2025-05-10T08:56:19Z,168604,4324,434,PT11S,UCA95T5bSGxNOAODBdbR2rYQ,DieLinke,https://www.youtube.com/watch?v=yJAzx1kPY3M
2_wT-VD76yg,Deshalb machen wir für euch Politik: Ines erzählt die ergreifende Geschichte ihrer Familie. 🥰,2025-05-09T20:04:08Z,84910,6898,311,PT57S,UCA95T5bSGxNOAODBdbR2rYQ,DieLinke,https://www.youtube.com/watch?v=2_wT-VD76yg
H1i-FcZe33M,Chemnitzer Parteitag der Partei Die Linke - Freitag,2025-05-09T17:11:47Z,34428,1691,196,PT5H9M15S,UCA95T5bSGxNOAODBdbR2rYQ,DieLinke,https://www.youtube.com/watch?v=H1i-FcZe33M
_d0CKiuE6MM,Ines Schwerdtner Rechnet Mit Merz Und GroKo Ab!,2025-05-09T16:24:00Z,23024,2603,404,PT7M55S,UCA95T5bSGxNOAODBdbR2rYQ,DieLinke,https://www.youtube.com/watch?v=_d0CKiuE6MM
sIe2CAf12D4,Heidi Reichinnek Bringt Den Saal ZUM KOCHEN Mit Dieser Rede!,2025-05-09T14:14:46Z,86174,6787,1692,PT13M33S,UCA95T5bSGxNOAODBdbR2rYQ,DieLinke,https://www.youtube.com/watch?v=sIe2CAf12D4
CG_jTx6slRY,Jan van Aken Über Den Drohenden RECHTSBRUCH Von Union Und SPD!,2025-05-05T11:23:04Z,38188,2933,610,PT18M47S,UCA95T5bSGxNOAODBdbR2rYQ,DieLinke,https://www.youtube.com/watch?v=CG_jTx6slRY
DpWEBJA5LX8,Heidi Reichinnek Rechnet Bei Lanz Mit Friedrich Merz Ab!,2025-05-02T12:12:51Z,85467,4684,1415,PT3M23S,UCA95T5bSGxNOAODBdbR2rYQ,DieLinke,https://www.youtube.com/watch?v=DpWEBJA5LX8
mafgDruCNNM,Merz Greift Unsere Rechte An - Wir Halten Dagegen!,2025-05-01T10:52:07Z,7168,1254,154,PT1M22S,UCA95T5bSGxNOAODBdbR2rYQ,DieLinke,https://www.youtube.com/watch?v=mafgDruCNNM
gKryLvfVtHs,Der 1.Mai ist unser Tag! ✊️,2025-04-30T10:35:08Z,30023,3876,220,PT1M20S,UCA95T5bSGxNOAODBdbR2rYQ,DieLinke,https://www.youtube.com/watch?v=gKryLvfVtHs
pENMifJI7lE,Merz Und Das CDU-Kabinett Der Lobbyisten,2025-04-29T08:41:35Z,212400,10898,506,PT1M50S,UCA95T5bSGxNOAODBdbR2rYQ,DieLinke,https://www.youtube.com/watch?v=pENMifJI7lE
IwIdE1UWyNM,Ines Schwerdtner Zum CDU-Kabinett von Friedrich Merz,2025-04-28T11:24:34Z,43353,3249,561,PT19M18S,UCA95T5bSGxNOAODBdbR2rYQ,DieLinke,https://www.youtube.com/watch?v=IwIdE1UWyNM
mR7u8gLl_fw,#NoAfD,2025-04-25T09:22:35Z,81910,7112,406,PT22S,UCA95T5bSGxNOAODBdbR2rYQ,DieLinke,https://www.youtube.com/watch?v=mR7u8gLl_fw
vMcwG4xxj20,"""Ich habe den Kriegsdienst verweigert.""",2025-04-17T08:01:47Z,58146,4785,388,PT41S,UCA95T5bSGxNOAODBdbR2rYQ,DieLinke,https://www.youtube.com/watch?v=vMcwG4xxj20
UOI6et1_cKg,Janis Ehling zum Koalitionsvertrag von Union und SPD,2025-04-14T11:12:09Z,6921,727,106,PT9M46S,UCA95T5bSGxNOAODBdbR2rYQ,DieLinke,https://www.youtube.com/watch?v=UOI6et1_cKg
47RR0SeKoPI,Die Mieten müssen gedeckelt werden! Ines Schwerdtner zum Wohnungsbau-Tag #shorts,2025-04-12T07:29:53Z,29440,1997,92,PT25S,UCA95T5bSGxNOAODBdbR2rYQ,DieLinke,https://www.youtube.com/watch?v=47RR0SeKoPI
cL0gD7uTyHE,Koalitionsvertrag: Outtakes mit Heidi und Ines!,2025-04-10T16:49:55Z,73517,4256,137,PT25S,UCA95T5bSGxNOAODBdbR2rYQ,DieLinke,https://www.youtube.com/watch?v=cL0gD7uTyHE
8CDxj0O0S-s,Heidi Reichinnek Und Ines Schwerdtner ZERPFLÜCKEN Den Koalitionsvertrag Von Union Und SPD!,2025-04-10T12:28:03Z,89832,6186,1177,PT15M51S,UCA95T5bSGxNOAODBdbR2rYQ,DieLinke,https://www.youtube.com/watch?v=8CDxj0O0S-s
zwuejNzq6ZU,So wollen Merz & Co. Deutschland an die WAND FAHREN!,2025-04-10T10:05:01Z,57400,5847,332,PT3M,UCA95T5bSGxNOAODBdbR2rYQ,DieLinke,https://www.youtube.com/watch?v=zwuejNzq6ZU
bto2CvKnjtA,Klare Kante gegen Trump: Ran an die Tech-Giganten!,2025-04-09T10:21:39Z,287740,11011,542,PT29S,UCA95T5bSGxNOAODBdbR2rYQ,DieLinke,https://www.youtube.com/watch?v=bto2CvKnjtA
178mUaISSQ8,Sparen wir uns KAPUTT? So geht gute Wirtschaftspolitik! #shorts,2025-04-08T16:35:40Z,46154,4529,182,PT59S,UCA95T5bSGxNOAODBdbR2rYQ,DieLinke,https://www.youtube.com/watch?v=178mUaISSQ8
kS0itCiDyIo,Öffentlicher Dienst am Limit! Mit Ines Schwerdtner & Anja Voigt (verdi Tarifkommission),2025-04-07T11:23:41Z,15031,1144,168,PT18M8S,UCA95T5bSGxNOAODBdbR2rYQ,DieLinke,https://www.youtube.com/watch?v=kS0itCiDyIo
Gvfi8f7i4uU,13h am Tag arbeiten!?!,2025-04-03T15:32:30Z,128070,8581,679,PT41S,UCA95T5bSGxNOAODBdbR2rYQ,DieLinke,https://www.youtube.com/watch?v=Gvfi8f7i4uU
JTq9nCVRVMY,GroKo gescheitert bevor sie begonnen hat? Ines Schwerdtner zu den Koalitionsgesprächen,2025-03-31T11:20:03Z,25276,1954,443,PT15M29S,UCA95T5bSGxNOAODBdbR2rYQ,DieLinke,https://www.youtube.com/watch?v=JTq9nCVRVMY
8iyWB3ygC88,Heidi kämpft für eure Rechte!🔥,2025-03-25T14:21:18Z,665821,40339,1753,PT57S,UCA95T5bSGxNOAODBdbR2rYQ,DieLinke,https://www.youtube.com/watch?v=8iyWB3ygC88
ZA3sNM1vPIg,REDE DES JAHRES: Gregor Gysi Eröffnet Den Neuen Bundestag!,2025-03-25T12:06:30Z,543487,30605,3908,PT37M5S,UCA95T5bSGxNOAODBdbR2rYQ,DieLinke,https://www.youtube.com/watch?v=ZA3sNM1vPIg
tsi4JQEsOdo,So habt ihr Gysi noch nie erlebt!,2025-03-24T17:16:16Z,588048,31297,714,PT59S,UCA95T5bSGxNOAODBdbR2rYQ,DieLinke,https://www.youtube.com/watch?v=tsi4JQEsOdo
K1noTsXd9x0,Jan Van Aken Und Sören Pellmann Sagen Merz Den KAMPF An!,2025-03-24T17:15:06Z,26225,1605,687,PT8M59S,UCA95T5bSGxNOAODBdbR2rYQ,DieLinke,https://www.youtube.com/watch?v=K1noTsXd9x0
2QGmsCyaOBc,LEGENDÄRE Bundestag Eröffnungsrede Von Stefan Heym! (1994),2025-03-24T11:59:59Z,65671,2849,383,PT23M35S,UCA95T5bSGxNOAODBdbR2rYQ,DieLinke,https://www.youtube.com/watch?v=2QGmsCyaOBc
EcS1aKYLnkQ,"Im Sozialen kürzen, während Reiche und Konzerne reicher werden? Nicht mit uns!",2025-03-23T18:56:10Z,51419,4328,196,PT11S,UCA95T5bSGxNOAODBdbR2rYQ,DieLinke,https://www.youtube.com/watch?v=EcS1aKYLnkQ
NunUYDoH0qM,SOLIDARITÄT mit denen die den Laden am Laufen halten! #Shorts,2025-03-20T11:32:25Z,34342,6231,251,PT1M1S,UCA95T5bSGxNOAODBdbR2rYQ,DieLinke,https://www.youtube.com/watch?v=NunUYDoH0qM
qyMus5-DeDc,BRANDREDE Zum Finanzpaket: Sören Pellmann Rechnet Mit Friedrich Merz Ab!,2025-03-19T16:52:21Z,17995,1608,523,PT7M43S,UCA95T5bSGxNOAODBdbR2rYQ,DieLinke,https://www.youtube.com/watch?v=qyMus5-DeDc
36Dczqsip1I,Linker GRILLT Friedrich Merz Wegen Finanzpaket Im Bundestag!,2025-03-18T17:50:57Z,45328,2454,601,PT3M45S,UCA95T5bSGxNOAODBdbR2rYQ,DieLinke,https://www.youtube.com/watch?v=36Dczqsip1I
ANCytBpJam4,"Nein zum Aufrüstungspaket von Union, SPD & Grünen!",2025-03-18T11:46:12Z,15436,2439,145,PT1M34S,UCA95T5bSGxNOAODBdbR2rYQ,DieLinke,https://www.youtube.com/watch?v=ANCytBpJam4
BqWyPRn8zFQ,STREIK Bei Der Müllabfuhr: Beschäftigter PACKT AUS!,2025-03-17T19:22:27Z,52947,3226,423,PT19M14S,UCA95T5bSGxNOAODBdbR2rYQ,DieLinke,https://www.youtube.com/watch?v=BqWyPRn8zFQ
qFDfQ-D0hCs,Ines Schwerdtner über das Finanzpaket und die Fake News-Koalition aus AfD und BSW,2025-03-17T12:14:06Z,32235,1964,928,PT10M48S,UCA95T5bSGxNOAODBdbR2rYQ,DieLinke,https://www.youtube.com/watch?v=qFDfQ-D0hCs
NiGYCvIVDuE,"Jan van Aken Rechnet Mit CDU & SPD Ab: ""Sie Machen AfD Politik!""",2025-03-15T12:30:31Z,52615,3085,824,PT5M27S,UCA95T5bSGxNOAODBdbR2rYQ,DieLinke,https://www.youtube.com/watch?v=NiGYCvIVDuE
SMYXVQZuvno,"Grüne Knicken Ein: Schuldenbremse Bleibt, Jetzt Drohen Kürzungen!",2025-03-14T16:33:27Z,109093,3815,1717,PT4M32S,UCA95T5bSGxNOAODBdbR2rYQ,DieLinke,https://www.youtube.com/watch?v=SMYXVQZuvno
23-joLzx4Y4,Heidi Reichinnek ENTLARVT Die Tricks von Friedrich Merz!,2025-03-14T12:00:05Z,148371,8685,1600,PT7M39S,UCA95T5bSGxNOAODBdbR2rYQ,DieLinke,https://www.youtube.com/watch?v=23-joLzx4Y4
K4UIQgrNPx0,Gegen rechte Hetze: Solidarität statt Angst! #shorts,2025-03-12T20:05:00Z,110532,13086,501,PT50S,UCA95T5bSGxNOAODBdbR2rYQ,DieLinke,https://www.youtube.com/watch?v=K4UIQgrNPx0
n3kfazaZ-vk,Heidi Reichinnek Und Ines Schwerdtner ZERPFLÜCKEN den Merz Deal!,2025-03-12T17:56:27Z,108831,6533,1079,PT6M35S,UCA95T5bSGxNOAODBdbR2rYQ,DieLinke,https://www.youtube.com/watch?v=n3kfazaZ-vk
khktsVaaCM4,Wir kämpfen für die Würde des Parlaments!,2025-03-12T16:43:56Z,38705,4583,228,PT52S,UCA95T5bSGxNOAODBdbR2rYQ,DieLinke,https://www.youtube.com/watch?v=khktsVaaCM4
RzjRBg2DScs,Warum bin ich wählen gegangen? 🤔,2025-03-11T12:01:49Z,100855,7059,255,PT29S,UCA95T5bSGxNOAODBdbR2rYQ,DieLinke,https://www.youtube.com/watch?v=RzjRBg2DScs
YIJiYMNpGPk,Das ist sozialer SPRENGSTOFF!,2025-03-11T07:41:14Z,38904,5942,249,PT1M,UCA95T5bSGxNOAODBdbR2rYQ,DieLinke,https://www.youtube.com/watch?v=YIJiYMNpGPk
1bDqyYNnooo,Max Schirmer über das Sondierungspapier von Union und SPD,2025-03-10T11:46:11Z,15127,1218,247,PT12M38S,UCA95T5bSGxNOAODBdbR2rYQ,DieLinke,https://www.youtube.com/watch?v=1bDqyYNnooo
lxTKcrjFdeg,Gregor Gysi Geht Auf ANGRIFF Gegen die AfD! Warum Die Zukunft der Linken Gehört!,2025-03-07T17:52:28Z,203797,9103,1754,PT29M23S,UCA95T5bSGxNOAODBdbR2rYQ,DieLinke,https://www.youtube.com/watch?v=lxTKcrjFdeg
qSCTMu8RaYc,Dein Zuhause gehört nicht an die Börse!,2025-03-07T17:10:00Z,23174,3536,134,PT19S,UCA95T5bSGxNOAODBdbR2rYQ,DieLinke,https://www.youtube.com/watch?v=qSCTMu8RaYc
yFOmBfAdHPg,Die Schuldenbremse war ein FEHLER!,2025-03-06T14:01:11Z,81127,7990,282,PT44S,UCA95T5bSGxNOAODBdbR2rYQ,DieLinke,https://www.youtube.com/watch?v=yFOmBfAdHPg
b8hkmYxIPxk,Friedrich Merz hat seine Wähler BELOGEN! #shorts,2025-03-06T11:05:00Z,55926,8023,319,PT1M33S,UCA95T5bSGxNOAODBdbR2rYQ,DieLinke,https://www.youtube.com/watch?v=b8hkmYxIPxk
pAcxVWnLjy4,Ines Schwerdtner & Sören Pellmann Entlarven WÄHLERTÄUSCHUNG Durch Friedrich Merz!,2025-03-05T18:17:49Z,31805,3018,542,PT8M2S,UCA95T5bSGxNOAODBdbR2rYQ,DieLinke,https://www.youtube.com/watch?v=pAcxVWnLjy4
7ZFEoksk4Mk,"Politischer Aschermittwoch mit Gregor Gysi, Janine Wissler & Nicole Gohlke",2025-03-05T12:05:41Z,41422,2152,131,PT1H57M31S,UCA95T5bSGxNOAODBdbR2rYQ,DieLinke,https://www.youtube.com/watch?v=7ZFEoksk4Mk
IP0NnhUdKok,TV-Moderatorin Inga Weßling Über Politik & Die Macht Der Medien!,2025-03-03T16:15:01Z,15177,1044,151,PT18M12S,UCA95T5bSGxNOAODBdbR2rYQ,DieLinke,https://www.youtube.com/watch?v=IP0NnhUdKok
xtrGjjuFLs8,"Ines Schwerdtner, Jan van Aken, Cansu Özdemir & Heike Sudmann über den Erfolg bei der Hamburg-Wahl",2025-03-03T12:37:55Z,17294,1255,170,PT20M2S,UCA95T5bSGxNOAODBdbR2rYQ,DieLinke,https://www.youtube.com/watch?v=xtrGjjuFLs8
WzmgHL95kHI,Ines Schwerdtner über den Wahl-Erfolg der Linken in Hamburg!,2025-03-02T17:53:29Z,14866,1486,230,PT3M40S,UCA95T5bSGxNOAODBdbR2rYQ,DieLinke,https://www.youtube.com/watch?v=WzmgHL95kHI
jSRHZpaUml8,Heidi Reichinnek: Für ein soziales Hamburg wie wir es uns alle wünschen! #shorts,2025-03-01T10:39:06Z,32124,5135,229,PT1M12S,UCA95T5bSGxNOAODBdbR2rYQ,DieLinke,https://www.youtube.com/watch?v=jSRHZpaUml8
bQCDrwWlTGA,Bodo Ramelow WEIGERT sich mitzumachen! #shorts,2025-02-27T20:09:02Z,121675,16419,421,PT27S,UCA95T5bSGxNOAODBdbR2rYQ,DieLinke,https://www.youtube.com/watch?v=bQCDrwWlTGA
aAqWosDgSPo,Bodo Ramelow: Warum uns sparen ÄRMER macht! #shorts,2025-02-27T18:20:06Z,138078,8682,186,PT44S,UCA95T5bSGxNOAODBdbR2rYQ,DieLinke,https://www.youtube.com/watch?v=aAqWosDgSPo
rOWShmN5TZ4,Bodo Ramelow ENTLARVT Die Große SCHULDENLÜGE Bei Lanz!,2025-02-27T17:11:40Z,74516,3731,826,PT6M45S,UCA95T5bSGxNOAODBdbR2rYQ,DieLinke,https://www.youtube.com/watch?v=rOWShmN5TZ4
JAW_LZHSVZg,DAS Comeback des Jahres! 🔥 #dielinke,2025-02-24T17:26:01Z,178343,19003,717,PT1M,UCA95T5bSGxNOAODBdbR2rYQ,DieLinke,https://www.youtube.com/watch?v=JAW_LZHSVZg
-OEunGb83zI,Pressekonferenz zu den Ergebnissen der Bundestagswahl,2025-02-24T11:56:06Z,124907,8742,1145,PT47M13S,UCA95T5bSGxNOAODBdbR2rYQ,DieLinke,https://www.youtube.com/watch?v=-OEunGb83zI
h9--GiOnDO8,Danke! Ohne euch wäre das nicht möglich gewesen! ❤️,2025-02-24T09:25:37Z,76048,10399,567,PT24S,UCA95T5bSGxNOAODBdbR2rYQ,DieLinke,https://www.youtube.com/watch?v=h9--GiOnDO8
dnn-lfNwgc0,"Mein Name ist Jan van Aken und ich finde, es sollte keine Milliardäre geben! #shorts",2025-02-23T15:28:05Z,83804,9947,325,PT1M17S,UCA95T5bSGxNOAODBdbR2rYQ,DieLinke,https://www.youtube.com/watch?v=dnn-lfNwgc0
Bjt6pQhzIqs,Marc-Uwe Kling: Big Tech ist eine Gefahr für unsere Demokratie!,2025-02-23T13:46:47Z,46413,4399,123,PT52S,UCA95T5bSGxNOAODBdbR2rYQ,DieLinke,https://www.youtube.com/watch?v=Bjt6pQhzIqs
rRX0PFc0j4I,Elon Musk & Co: Wie Milliardäre Unsere Demokratie GEFÄHRDEN!,2025-02-23T12:11:13Z,23123,2344,616,PT9M16S,UCA95T5bSGxNOAODBdbR2rYQ,DieLinke,https://www.youtube.com/watch?v=rRX0PFc0j4I
Na1p22JA8G0,Heidi Reichinnek: Die größte LÜGE die uns gerade verkauft wird! #Shorts,2025-02-23T08:11:26Z,256592,22953,967,PT1M3S,UCA95T5bSGxNOAODBdbR2rYQ,DieLinke,https://www.youtube.com/watch?v=Na1p22JA8G0
75N7w0VZu0U,"Für eine starke Linke! Mit Heidi Reichinnek, Caren Lay, Nina Treu & Sören Pellmann",2025-02-23T00:44:32Z,32790,2391,106,PT1H51M59S,UCA95T5bSGxNOAODBdbR2rYQ,DieLinke,https://www.youtube.com/watch?v=75N7w0VZu0U
9hKs3JMNsps,Wir alle sind Die Linke - holen wir uns die Zukunft zurück! 👥 #shorts,2025-02-22T22:00:08Z,73399,9247,408,PT57S,UCA95T5bSGxNOAODBdbR2rYQ,DieLinke,https://www.youtube.com/watch?v=9hKs3JMNsps
jkYJt0tHa58,"Heidi Reichinnek Im Talk Mit @marliesjohanna: ""Die Politik Lässt Die Kinder Im Stich!""",2025-02-22T19:16:10Z,63261,3235,281,PT49M30S,UCA95T5bSGxNOAODBdbR2rYQ,DieLinke,https://www.youtube.com/watch?v=jkYJt0tHa58
vqek2hI1uVs,Die Linke ist zurück! 🥰,2025-02-22T19:06:02Z,141392,16237,433,PT53S,UCA95T5bSGxNOAODBdbR2rYQ,DieLinke,https://www.youtube.com/watch?v=vqek2hI1uVs
_WRggyvtUkE,Gregor Gysi: Warum Die Anderen die Linke FÜRCHTEN!,2025-02-22T13:11:28Z,144414,8424,1125,PT21M25S,UCA95T5bSGxNOAODBdbR2rYQ,DieLinke,https://www.youtube.com/watch?v=_WRggyvtUkE
YE7PK1HijBQ,Am Sonntag beide Stimmen für Die Linke! #shorts,2025-02-22T13:00:48Z,60537,4347,132,PT8S,UCA95T5bSGxNOAODBdbR2rYQ,DieLinke,https://www.youtube.com/watch?v=YE7PK1HijBQ
v6OXAjZj7F0,Jan van Aken: Milliardäre endlich zur Kasse bitten! #shorts,2025-02-22T12:45:08Z,226919,17672,718,PT2M29S,UCA95T5bSGxNOAODBdbR2rYQ,DieLinke,https://www.youtube.com/watch?v=v6OXAjZj7F0
vEUPN4mWXq0,Mit der Linken in eine solidarische Zukunft 🤝 #shorts,2025-02-22T12:17:23Z,36203,5649,171,PT1M15S,UCA95T5bSGxNOAODBdbR2rYQ,DieLinke,https://www.youtube.com/watch?v=vEUPN4mWXq0
ay0eH63ojHw,"Heidi Reichinnek RECHNET AB Mit Der AfD, Merz Und Dem Drohenden KAHLSCHLAG!",2025-02-22T10:07:30Z,114211,7584,1886,PT14M24S,UCA95T5bSGxNOAODBdbR2rYQ,DieLinke,https://www.youtube.com/watch?v=ay0eH63ojHw
U44cWKDnNik,Haltung zeigen mit der Linken 💪 #shorts,2025-02-21T19:59:12Z,117310,8936,279,PT1M20S,UCA95T5bSGxNOAODBdbR2rYQ,DieLinke,https://www.youtube.com/watch?v=U44cWKDnNik
LjJzF2jtIyw,"Der große Wahlkampf-Endspurt mit Heidi Reichinnek, Jan van Aken, Ines Schwerdtner & Gregor Gysi!",2025-02-21T17:37:07Z,85987,6685,437,PT1H50M46S,UCA95T5bSGxNOAODBdbR2rYQ,DieLinke,https://www.youtube.com/watch?v=LjJzF2jtIyw
kEGjV8TEkKw,Creator*innen gegen den Rechtsruck ✊️,2025-02-21T16:30:18Z,51257,6404,254,PT53S,UCA95T5bSGxNOAODBdbR2rYQ,DieLinke,https://www.youtube.com/watch?v=kEGjV8TEkKw
ioyfuDqZmZk,"Privatjets verbieten – wir sind die einzigen, die sich mit denen da oben anlegen!",2025-02-21T13:34:46Z,178781,14716,569,PT1M9S,UCA95T5bSGxNOAODBdbR2rYQ,DieLinke,https://www.youtube.com/watch?v=ioyfuDqZmZk
-gw8LF08ETc,Lehrerin packt aus: So ZERSTÖRT das Schulsystem die Zukunft unserer Kinder!,2025-02-21T13:17:15Z,182851,10701,1153,PT29M20S,UCA95T5bSGxNOAODBdbR2rYQ,DieLinke,https://www.youtube.com/watch?v=-gw8LF08ETc
VrrCGIOM-sA,Marc-Uwe Kling zeigt wie reich Elon Musk WIRKLICH Ist! @MarcUweKling,2025-02-21T06:55:00Z,128228,10192,241,PT1M2S,UCA95T5bSGxNOAODBdbR2rYQ,DieLinke,https://www.youtube.com/watch?v=VrrCGIOM-sA
lXtecIP2PW8,Jede Stimme zählt gegen den Rechtsruck - jetzt aktiv werden! #shorts,2025-02-20T20:00:22Z,16845,2572,131,PT1M9S,UCA95T5bSGxNOAODBdbR2rYQ,DieLinke,https://www.youtube.com/watch?v=lXtecIP2PW8
e0D3NaTFtbA,"Marc-Uwe Kling Über Elon Musk, Den DIEBSTAHL des Freien Internets & Die Grenzen Von Satire",2025-02-20T17:40:53Z,344869,14470,1339,PT16M57S,UCA95T5bSGxNOAODBdbR2rYQ,DieLinke,https://www.youtube.com/watch?v=e0D3NaTFtbA
N5JG7DeEg-Y,Wir brauchen ein Vermögensregister für Superreiche! 💥#shorts,2025-02-20T17:36:38Z,37603,5852,204,PT1M43S,UCA95T5bSGxNOAODBdbR2rYQ,DieLinke,https://www.youtube.com/watch?v=N5JG7DeEg-Y
CKRYcC2vuCo,"❗️Gesundheit darf keine Ware sein, Gesundheit ist ein Menschenrecht! #shorts",2025-02-20T10:47:33Z,84345,9607,275,PT1M10S,UCA95T5bSGxNOAODBdbR2rYQ,DieLinke,https://www.youtube.com/watch?v=CKRYcC2vuCo
FraDucNoPK8,Gregor Gysi: Die Unteren entlasten und die Oberen besteuern! #Shorts,2025-02-19T17:41:35Z,73378,7456,231,PT30S,UCA95T5bSGxNOAODBdbR2rYQ,DieLinke,https://www.youtube.com/watch?v=FraDucNoPK8
h7PfHIBBIF0,Heidi Reichinnek Spricht Mit Gazelle & Gialu Über Politik Und Queeres Empowerment Auf Social Media!,2025-02-19T14:00:52Z,58759,4170,657,PT31M24S,UCA95T5bSGxNOAODBdbR2rYQ,DieLinke,https://www.youtube.com/watch?v=h7PfHIBBIF0
UxcWvOAPWDE,Unser PLAN für die ersten 100 Tage nach der Bundestagswahl!,2025-02-19T10:05:13Z,216145,24045,1097,PT56S,UCA95T5bSGxNOAODBdbR2rYQ,DieLinke,https://www.youtube.com/watch?v=UxcWvOAPWDE
ngobQqdV82I,Wie Ines Schwerdtner Influencer Staiy ÜBERZEUGTE Die Linke Zu Empfehlen! Talk mit @Staiy,2025-02-18T17:14:43Z,77119,5768,956,PT36M58S,UCA95T5bSGxNOAODBdbR2rYQ,DieLinke,https://www.youtube.com/watch?v=ngobQqdV82I
Ohw07gKupnE,Hafenarbeiter wählen LINKS! 🚩,2025-02-18T15:30:16Z,64177,10428,344,PT1M15S,UCA95T5bSGxNOAODBdbR2rYQ,DieLinke,https://www.youtube.com/watch?v=Ohw07gKupnE
mcqoVuGykfA,"Für ein Land, in dem die Hoffnung wächst – Jan van Aken zeigt den Weg!",2025-02-18T11:32:15Z,27364,4296,865,PT6M8S,UCA95T5bSGxNOAODBdbR2rYQ,DieLinke,https://www.youtube.com/watch?v=mcqoVuGykfA
R3gjEKJZV6w,"7% in den Umfragen, Tendenz steigend 💃",2025-02-17T20:32:29Z,282707,26885,1104,PT15S,UCA95T5bSGxNOAODBdbR2rYQ,DieLinke,https://www.youtube.com/watch?v=R3gjEKJZV6w
0g8nnp7tB70,"Schauspielerin Pegah Ferydoni Spricht KLARTEXT Über Deutschland, Die AfD & Rassismus Im Filmgeschäft",2025-02-17T18:47:33Z,112000,7009,939,PT20M39S,UCA95T5bSGxNOAODBdbR2rYQ,DieLinke,https://www.youtube.com/watch?v=0g8nnp7tB70
ivwF31W2WAA,"Für ein Land, in dem Hoffnung wächst und nicht die Angst! #Shorts",2025-02-17T17:52:57Z,68103,12723,418,PT59S,UCA95T5bSGxNOAODBdbR2rYQ,DieLinke,https://www.youtube.com/watch?v=ivwF31W2WAA
izLfdQ7uZJw,Heidi Reichinnek & Ines Schwerdtner: Unser 100-Tage-Programm nach der Bundestagswahl!,2025-02-17T12:22:27Z,69263,4818,629,PT18M58S,UCA95T5bSGxNOAODBdbR2rYQ,DieLinke,https://www.youtube.com/watch?v=izLfdQ7uZJw
pEScWePHGIE,Merz’ Dammbruch am 29. Januar: Wiederholt sich nun das Ende der Weimarer Republik?,2025-02-17T07:08:01Z,27126,2973,579,PT3M35S,UCA95T5bSGxNOAODBdbR2rYQ,DieLinke,https://www.youtube.com/watch?v=pEScWePHGIE
5-XmCkyxlO8,Sarah-Lee Heinrich wählt Die Linke!,2025-02-16T17:25:41Z,74790,9505,702,PT47S,UCA95T5bSGxNOAODBdbR2rYQ,DieLinke,https://www.youtube.com/watch?v=5-XmCkyxlO8
NHGmRPVPruk,Unser Wahlprogramm KURZ & KOMPAKT erklärt! | Bundestagswahl 2025,2025-02-16T15:42:58Z,38789,3320,710,PT5M45S,UCA95T5bSGxNOAODBdbR2rYQ,DieLinke,https://www.youtube.com/watch?v=NHGmRPVPruk
gb_5skeHu8I,Jan Van Aken ENTLARVT Die Lügen Von Christian Lindner Bei Hart Aber Fair!,2025-02-15T12:03:04Z,316666,20342,2301,PT4M39S,UCA95T5bSGxNOAODBdbR2rYQ,DieLinke,https://www.youtube.com/watch?v=gb_5skeHu8I
q1koA-_z6gg,Warum So Viele Frauen in ALTERSARMUT Rutschen! #Shorts,2025-02-15T11:42:57Z,21565,3045,113,PT1M58S,UCA95T5bSGxNOAODBdbR2rYQ,DieLinke,https://www.youtube.com/watch?v=q1koA-_z6gg
7ZrHKr4CudY,Heidi Reichinnek RAPPT Das Wahlprogramm in 40 SEKUNDEN Runter! #shorts #Politik,2025-02-14T19:45:27Z,690217,51694,1842,PT41S,UCA95T5bSGxNOAODBdbR2rYQ,DieLinke,https://www.youtube.com/watch?v=7ZrHKr4CudY
xusPcxKpv_o,Damit Dieses Land Wieder FÜR UNS Funktioniert!,2025-02-14T15:24:58Z,129064,3407,721,PT1M30S,UCA95T5bSGxNOAODBdbR2rYQ,DieLinke,https://www.youtube.com/watch?v=xusPcxKpv_o
36zjRWkYUU0,Gregor Gysi Über Die Große STEUERLÜGE Und Was Er Als Kanzler SOFORT Ändern Würde!,2025-02-13T18:11:58Z,291564,10863,1118,PT19M3S,UCA95T5bSGxNOAODBdbR2rYQ,DieLinke,https://www.youtube.com/watch?v=36zjRWkYUU0
0U0OuZ1GiXA,Was Gibt Dir HOFFNUNG? Gemeinsam Für Eine Gerechte Zukunft!,2025-02-13T16:10:46Z,18386,2545,325,PT1M25S,UCA95T5bSGxNOAODBdbR2rYQ,DieLinke,https://www.youtube.com/watch?v=0U0OuZ1GiXA
oXXrNiAnxLI,Bodo Ramelow & Jan van Aken: So Holen Wir Die Deutsche Bahn Aus Der Krise!,2025-02-13T11:54:47Z,18327,1764,253,PT18M1S,UCA95T5bSGxNOAODBdbR2rYQ,DieLinke,https://www.youtube.com/watch?v=oXXrNiAnxLI
bt0XTzr42_o,"Gregor Gysi: Die Mitte Schützen, Nicht Die Milliardäre! #shorts",2025-02-13T11:19:45Z,873073,43784,1362,PT27S,UCA95T5bSGxNOAODBdbR2rYQ,DieLinke,https://www.youtube.com/watch?v=bt0XTzr42_o
bjSQ8NuIO-g,Heidi Reichinnek ENTLARVT Die Lobby Pläne Von Merz Und Lindner!,2025-02-12T16:56:20Z,272800,15540,1667,PT8M1S,UCA95T5bSGxNOAODBdbR2rYQ,DieLinke,https://www.youtube.com/watch?v=bjSQ8NuIO-g
b7n5SnZqFpk,Wer sich nach der Wahl vor Merz in den Staub wirft ist uns egal. Wir wollen einen #Mietendeckel.,2025-02-12T16:00:41Z,129114,10781,593,PT59S,UCA95T5bSGxNOAODBdbR2rYQ,DieLinke,https://www.youtube.com/watch?v=b7n5SnZqFpk
FornfXjroUU,Wir brauchen bezahlbaren Wohnraum! #wohnen,2025-02-11T17:08:24Z,59177,9721,434,PT59S,UCA95T5bSGxNOAODBdbR2rYQ,DieLinke,https://www.youtube.com/watch?v=FornfXjroUU
ahVL_4lqFU0,"@marliesjohanna Über FAMILIE, FEMINISMUS Und Gleichberechtigte Elternschaft!",2025-02-11T15:36:48Z,46082,3197,357,PT21M20S,UCA95T5bSGxNOAODBdbR2rYQ,DieLinke,https://www.youtube.com/watch?v=ahVL_4lqFU0
K7B6yr7EZFU,Gregor Gysi: Milliardäre Zur KASSE Bitten!,2025-02-11T15:05:00Z,112520,13019,356,PT1M7S,UCA95T5bSGxNOAODBdbR2rYQ,DieLinke,https://www.youtube.com/watch?v=K7B6yr7EZFU
ttrcR6H2SFM,"Musk, Bezos & Co: Eine GEFAHR führ die Demokratie! #shorts",2025-02-11T12:48:52Z,54775,8695,303,PT27S,UCA95T5bSGxNOAODBdbR2rYQ,DieLinke,https://www.youtube.com/watch?v=ttrcR6H2SFM
jqFTXYryj3k,"Schluss Mit Der ABZOCKE! Gregor Gysi, Caren Lay & Niklas Schenker KÄMPFEN Für EUCH!",2025-02-10T20:43:54Z,11186,1482,238,PT31S,UCA95T5bSGxNOAODBdbR2rYQ,DieLinke,https://www.youtube.com/watch?v=jqFTXYryj3k
oUXj11KgRJo,Gregor Gysi und Jan van Aken: So will Die Linke die Menschen entlasten!,2025-02-10T12:30:12Z,73176,4020,620,PT19M21S,UCA95T5bSGxNOAODBdbR2rYQ,DieLinke,https://www.youtube.com/watch?v=oUXj11KgRJo
q7YA5iAhSpE,Solidarität Mit Den Beschäftigten der BVG! ✊ #shorts,2025-02-10T06:00:35Z,19642,2673,136,PT55S,UCA95T5bSGxNOAODBdbR2rYQ,DieLinke,https://www.youtube.com/watch?v=q7YA5iAhSpE
PZNITWlS-00,Heidi Reichinnek ROCKT Das TRIELL! #Shorts #Politik,2025-02-09T20:20:29Z,309719,20498,969,PT26S,UCA95T5bSGxNOAODBdbR2rYQ,DieLinke,https://www.youtube.com/watch?v=PZNITWlS-00
yPZpf1Mm2aY,"@Staiy: ""Die Linke Muss UNBEDINGT In Den Bundestag!""",2025-02-09T14:40:43Z,36635,4727,207,PT33S,UCA95T5bSGxNOAODBdbR2rYQ,DieLinke,https://www.youtube.com/watch?v=yPZpf1Mm2aY
dE8_yknfVX0,Eure POLITIK macht UNS ARM! #shorts,2025-02-09T12:17:56Z,64257,8394,484,PT39S,UCA95T5bSGxNOAODBdbR2rYQ,DieLinke,https://www.youtube.com/watch?v=dE8_yknfVX0
jRbrqPC74hU,Unser PLAN Für Den Einzug In Den Bundestag! #shorts,2025-02-08T17:00:48Z,61596,7409,242,PT1M45S,UCA95T5bSGxNOAODBdbR2rYQ,DieLinke,https://www.youtube.com/watch?v=jRbrqPC74hU
Qyds5R3ORmc,Jan Van Aken ENTLARVT AfD Propaganda Beim SCHLAGABTAUSCH!,2025-02-08T10:00:50Z,295235,14743,3432,PT4M59S,UCA95T5bSGxNOAODBdbR2rYQ,DieLinke,https://www.youtube.com/watch?v=Qyds5R3ORmc
r-hXwqu1k-c,Gregor Gysi: Mietendeckel auf die 1💪 #shorts,2025-02-08T08:00:44Z,154435,12143,459,PT20S,UCA95T5bSGxNOAODBdbR2rYQ,DieLinke,https://www.youtube.com/watch?v=r-hXwqu1k-c
xLYwePErTjE,"Für ein Land, in dem für immer Frühling ist! SOFFIE wählt Die Linke #shorts",2025-02-07T15:40:08Z,35955,5543,205,PT1M11S,UCA95T5bSGxNOAODBdbR2rYQ,DieLinke,https://www.youtube.com/watch?v=xLYwePErTjE
DK9owO00h8Y,Gregor Gysi Rechnet KNALLHART Mit Der AfD Bei Lanz Ab!,2025-02-07T12:57:20Z,522563,14754,4465,PT4M45S,UCA95T5bSGxNOAODBdbR2rYQ,DieLinke,https://www.youtube.com/watch?v=DK9owO00h8Y
b0I6ZlH6FFE,"""LINKE? Das sind doch die NERVENSÄGEN!"" POLITIKER trifft COMEDIAN",2025-02-07T10:47:33Z,53843,4345,447,PT18M55S,UCA95T5bSGxNOAODBdbR2rYQ,DieLinke,https://www.youtube.com/watch?v=b0I6ZlH6FFE
Pey4cWd8Bxo,Gregor Gysi Rechnet KNALLHART Mit Der AfD Ab!,2025-02-06T19:47:22Z,516192,28346,1292,PT54S,UCA95T5bSGxNOAODBdbR2rYQ,DieLinke,https://www.youtube.com/watch?v=Pey4cWd8Bxo
CdVmim_XOow,PFLEGE und KLINIKALLTAG am Limit! #shorts,2025-02-06T06:00:13Z,41483,3376,131,PT45S,UCA95T5bSGxNOAODBdbR2rYQ,DieLinke,https://www.youtube.com/watch?v=CdVmim_XOow
tDkz21T-77k,Ihr seid der Wahnsinn! 😍 #politik #dielinke,2025-02-05T18:11:56Z,65668,10874,489,PT38S,UCA95T5bSGxNOAODBdbR2rYQ,DieLinke,https://www.youtube.com/watch?v=tDkz21T-77k
CV0_Ylm82fQ,Ines Schwerdtner Gegen Beatrix Von Storch!! #shorts,2025-02-05T15:32:51Z,25634,4309,152,PT35S,UCA95T5bSGxNOAODBdbR2rYQ,DieLinke,https://www.youtube.com/watch?v=CV0_Ylm82fQ
8jMLwY-ycLE,Heidi Reichinnek Bringt Den Saal Zum KOCHEN Mit Dieser Rede!,2025-02-05T13:45:01Z,210501,9438,1511,PT6M6S,UCA95T5bSGxNOAODBdbR2rYQ,DieLinke,https://www.youtube.com/watch?v=8jMLwY-ycLE
rBPpr5NLLQY,"Gregor Gysi Mit KÄMPFERISCHER Ansage An Merz, Wagenknecht & Co.!",2025-02-04T17:06:03Z,261000,14390,1994,PT30M35S,UCA95T5bSGxNOAODBdbR2rYQ,DieLinke,https://www.youtube.com/watch?v=rBPpr5NLLQY
SqTeJMSw_W0,Die Linke ist back 💪 Das Comeback des Jahres! #shorts,2025-02-04T12:55:52Z,82910,13961,644,PT52S,UCA95T5bSGxNOAODBdbR2rYQ,DieLinke,https://www.youtube.com/watch?v=SqTeJMSw_W0
wdsMRGY1OyE,Krankenpflegerin PACKT AUS! Wenn Der AUSNAHMEZUSTAND Zum Alltag Wird,2025-02-03T16:31:48Z,57112,3792,617,PT24M29S,UCA95T5bSGxNOAODBdbR2rYQ,DieLinke,https://www.youtube.com/watch?v=wdsMRGY1OyE
QFjoB1mJGyk,Alle wollen regieren. Wir wollen verändern. Am 23. Februar Die Linke wählen! #shorts,2025-02-03T13:08:54Z,101199,9496,343,PT15S,UCA95T5bSGxNOAODBdbR2rYQ,DieLinke,https://www.youtube.com/watch?v=QFjoB1mJGyk
GQ7DqUdVkz8,Ines Schwerdtner über das Comeback der Linken,2025-02-03T12:25:17Z,34637,3724,700,PT18M4S,UCA95T5bSGxNOAODBdbR2rYQ,DieLinke,https://www.youtube.com/watch?v=GQ7DqUdVkz8
pyQOGIDvxCM,Wir sind die soziale Opposition zu Merz und AfD! #shorts,2025-02-02T20:30:05Z,19608,3362,215,PT30S,UCA95T5bSGxNOAODBdbR2rYQ,DieLinke,https://www.youtube.com/watch?v=pyQOGIDvxCM
A6lEyAhOxDw,Aufstand Der Anständigen: HUNDERTTAUSENDE Protestieren Gegen Merz Und AfD!,2025-02-02T18:44:41Z,42273,4309,2318,PT59S,UCA95T5bSGxNOAODBdbR2rYQ,DieLinke,https://www.youtube.com/watch?v=A6lEyAhOxDw
9h36-kvfOTQ,Mietendeckel gegen MIETWUCHER! Nicht nur für Großstädte! #shorts,2025-02-02T08:00:11Z,13753,2578,133,PT44S,UCA95T5bSGxNOAODBdbR2rYQ,DieLinke,https://www.youtube.com/watch?v=9h36-kvfOTQ
royMGQPYuqY,Linken-Chef Jan van Aken: Wirtschaft für die Mehrheit  #shorts,2025-02-01T13:01:13Z,72458,6905,171,PT59S,UCA95T5bSGxNOAODBdbR2rYQ,DieLinke,https://www.youtube.com/watch?v=royMGQPYuqY
4hx2ARRVooM,Gregor Gysi und Heidi Reichinnek: In der falschen Partei? Nope ❌ #shorts,2025-02-01T08:00:05Z,382730,44332,1519,PT1M22S,UCA95T5bSGxNOAODBdbR2rYQ,DieLinke,https://www.youtube.com/watch?v=4hx2ARRVooM
Fdsy_x_-ZW0,"Herr Merz, treten sie zurück! #linke",2025-01-31T17:03:12Z,78695,12304,467,PT51S,UCA95T5bSGxNOAODBdbR2rYQ,DieLinke,https://www.youtube.com/watch?v=Fdsy_x_-ZW0
TQqNKSFItLA,WIR SIND ZURÜCK!! #shorts,2025-01-31T15:38:13Z,41386,6541,334,PT9S,UCA95T5bSGxNOAODBdbR2rYQ,DieLinke,https://www.youtube.com/watch?v=TQqNKSFItLA
QQ-DMBY1nO0,Janine Wissler Rechnet GNADELOS Mit Der AfD Ab!,2025-01-31T14:00:24Z,40638,3955,1063,PT3M43S,UCA95T5bSGxNOAODBdbR2rYQ,DieLinke,https://www.youtube.com/watch?v=QQ-DMBY1nO0
e95NXKXy1tI,Die Linke wählen und Beatrix von Storch verhindern! #shorts,2025-01-31T07:00:31Z,19775,3165,178,PT1M22S,UCA95T5bSGxNOAODBdbR2rYQ,DieLinke,https://www.youtube.com/watch?v=e95NXKXy1tI
1W5EEtyyKLE,"Freundschaft, Sex und Politik: Wie passt das zusammen? Mit Jan van Aken Und Ole Liebl",2025-01-30T18:47:46Z,14863,1106,107,PT15M9S,UCA95T5bSGxNOAODBdbR2rYQ,DieLinke,https://www.youtube.com/watch?v=1W5EEtyyKLE
dMsLrHjdTno,Wir sind mit euch die Brandmauer! #dielinke,2025-01-30T17:51:47Z,131348,17291,777,PT59S,UCA95T5bSGxNOAODBdbR2rYQ,DieLinke,https://www.youtube.com/watch?v=dMsLrHjdTno
l7bWsE_fMxI,Die WICHTIGSTE Rede Über Den Pakt Von Merz Und AfD! Heidi Reichinnek Spricht KLARTEXT!,2025-01-29T21:11:43Z,605416,22897,3883,PT2M40S,UCA95T5bSGxNOAODBdbR2rYQ,DieLinke,https://www.youtube.com/watch?v=l7bWsE_fMxI
5WE5pdFbpnM,Heidi Reichinnek Greift Friedrich Merz FRONTAL An! #shorts,2025-01-29T20:44:52Z,216839,20264,1221,PT2M20S,UCA95T5bSGxNOAODBdbR2rYQ,DieLinke,https://www.youtube.com/watch?v=5WE5pdFbpnM
P9qMnaGzG10,"Town Hall Meeting mit Heidi Reichinnek, Ines Schwerdtner, Gregor Gysi & Jan van Aken!",2025-01-29T20:17:10Z,80518,4896,420,PT1H58M4S,UCA95T5bSGxNOAODBdbR2rYQ,DieLinke,https://www.youtube.com/watch?v=P9qMnaGzG10
ir0lDqWANzU,Wir sind die Brandmauer - gemeinsam gegen den Rechtsruck ✊,2025-01-29T17:30:30Z,96709,5067,472,PT2M31S,UCA95T5bSGxNOAODBdbR2rYQ,DieLinke,https://www.youtube.com/watch?v=ir0lDqWANzU
Z5P9pYv7itw,Merz PAKTIERT Mit AfD Und Heidi Reichinnek Reagiert Mit Wutrede!,2025-01-29T17:11:27Z,143011,7931,1321,PT3M39S,UCA95T5bSGxNOAODBdbR2rYQ,DieLinke,https://www.youtube.com/watch?v=Z5P9pYv7itw
KsU52kqFhno,Deine Stimme zählt - jetzt Briefwahl beantragen und Die Linke wählen! #shorts,2025-01-29T11:31:00Z,5747,1017,74,PT22S,UCA95T5bSGxNOAODBdbR2rYQ,DieLinke,https://www.youtube.com/watch?v=KsU52kqFhno
expB5ZRlP64,Klare JANsage an Merz 💥,2025-01-29T10:28:27Z,113266,11397,518,PT29S,UCA95T5bSGxNOAODBdbR2rYQ,DieLinke,https://www.youtube.com/watch?v=expB5ZRlP64
tnDwybVvUr4,Jan van Aken ENTLARVT die Phantomdebatte übers Bürgergeld #shorts,2025-01-29T06:30:24Z,141256,15908,580,PT40S,UCA95T5bSGxNOAODBdbR2rYQ,DieLinke,https://www.youtube.com/watch?v=tnDwybVvUr4
LDWXs25qBTg,"Ines Schwerdtner Über Trump, Friedrich Merz Und Den Drohenden Rechtsruck!",2025-01-28T18:44:50Z,18944,1545,311,PT5M1S,UCA95T5bSGxNOAODBdbR2rYQ,DieLinke,https://www.youtube.com/watch?v=LDWXs25qBTg
icNmKeox5fI,Gregor Gysi: Bei uns ist keine Stimme verschwendet - wählt Die Linke! #shorts,2025-01-28T17:00:49Z,131546,9648,363,PT22S,UCA95T5bSGxNOAODBdbR2rYQ,DieLinke,https://www.youtube.com/watch?v=icNmKeox5fI
cwrozgknZaQ,Die Linke legt sich mit den Reichen und den Rechten an❗️ #shorts,2025-01-28T14:28:51Z,12911,2133,131,PT1M2S,UCA95T5bSGxNOAODBdbR2rYQ,DieLinke,https://www.youtube.com/watch?v=cwrozgknZaQ
EYLr3L3vATg,"St. Pauli Präsident Redet KLARTEXT Über Kommerz Im Fußball, Die WM In Saudi-Arabien & PYROTECHNIK",2025-01-28T07:10:42Z,49412,3121,291,PT23M,UCA95T5bSGxNOAODBdbR2rYQ,DieLinke,https://www.youtube.com/watch?v=EYLr3L3vATg
ju94aKCwzJI,"Heidi Reichinnek Im Talk Mit @Aljosha_ Über Politik, LGBTQ Rechte Und Die AfD!",2025-01-27T18:45:56Z,258137,19636,2321,PT42M46S,UCA95T5bSGxNOAODBdbR2rYQ,DieLinke,https://www.youtube.com/watch?v=ju94aKCwzJI
KA9AyhY-5mg,Ines Schwerdtner über die Abschiebepläne von Merz & den Angriff auf Linke Abgeordnete Gökay Akbulut!,2025-01-27T12:23:00Z,16685,1571,267,PT19M21S,UCA95T5bSGxNOAODBdbR2rYQ,DieLinke,https://www.youtube.com/watch?v=KA9AyhY-5mg
ghTCPucNOLw,MIETEN-WAHNSINN: Warum Olaf Scholz nichts gegen die Abzocke tut!,2025-01-27T06:55:00Z,10365,1224,71,PT1M11S,UCA95T5bSGxNOAODBdbR2rYQ,DieLinke,https://www.youtube.com/watch?v=ghTCPucNOLw
cj6gDpkpip0,So will Linke Politiker Ferat Koçak AfD & Co. Schlagen!,2025-01-26T16:12:28Z,21316,2563,338,PT1M30S,UCA95T5bSGxNOAODBdbR2rYQ,DieLinke,https://www.youtube.com/watch?v=cj6gDpkpip0
U-K2z-oYK74,"Frau, Leben, Freiheit! Unsere Spitzenkandidatin in Hamburg Cansu Özdemir!",2025-01-26T12:22:08Z,11410,1482,64,PT54S,UCA95T5bSGxNOAODBdbR2rYQ,DieLinke,https://www.youtube.com/watch?v=U-K2z-oYK74
TtX1dH3rRqU,Bodo Ramelow ENTLARVT Die AfD Propaganda!,2025-01-26T09:30:08Z,38135,3762,902,PT2M31S,UCA95T5bSGxNOAODBdbR2rYQ,DieLinke,https://www.youtube.com/watch?v=TtX1dH3rRqU
q0LHBDHeIyo,"Bodo Ramelow legt sich mit ELON MUSK, AMAZON & Co. an! #shorts",2025-01-25T18:35:41Z,77905,11687,461,PT49S,UCA95T5bSGxNOAODBdbR2rYQ,DieLinke,https://www.youtube.com/watch?v=q0LHBDHeIyo
k1yKwezZep8,MIETWUCHER ohne Ende?? WIr helfen dir! #shorts,2025-01-25T12:11:19Z,13870,2252,123,PT55S,UCA95T5bSGxNOAODBdbR2rYQ,DieLinke,https://www.youtube.com/watch?v=k1yKwezZep8
2mw6O3Rk2u0,"Gregor Gysi Über Die Zukunft Des Kapitalismus, Karl Marx und Den Demokratischen Sozialismus",2025-01-25T11:38:34Z,299631,17968,1892,PT8M55S,UCA95T5bSGxNOAODBdbR2rYQ,DieLinke,https://www.youtube.com/watch?v=2mw6O3Rk2u0
CH5gBP7O6_8,Diese Linken Politikerin Heizt Der AfD Ein Wie Noch Nie!,2025-01-24T19:28:45Z,69235,6547,2301,PT4M59S,UCA95T5bSGxNOAODBdbR2rYQ,DieLinke,https://www.youtube.com/watch?v=CH5gBP7O6_8
fOY7WqVJoqw,Wir sind wieder bei 5 Prozent! 🥳,2025-01-24T11:15:02Z,47762,7357,525,PT15S,UCA95T5bSGxNOAODBdbR2rYQ,DieLinke,https://www.youtube.com/watch?v=fOY7WqVJoqw
jaD4t-UN4E4,Hol Zurück Was Dir Gehört! Unser Wahlspot zur Bundestagswahl,2025-01-22T07:18:49Z,357726,11585,1742,PT1M29S,UCA95T5bSGxNOAODBdbR2rYQ,DieLinke,https://www.youtube.com/watch?v=jaD4t-UN4E4
RqfL1TQHpFI,Gregor Gysi ZERLEGT Trump Live Im TV!,2025-01-21T18:39:20Z,908513,18533,2233,PT7M2S,UCA95T5bSGxNOAODBdbR2rYQ,DieLinke,https://www.youtube.com/watch?v=RqfL1TQHpFI
QBC7-e18arw,"Trump, Musk & Co: Es sollte keine Milliardäre geben!",2025-01-21T18:28:20Z,19186,2855,148,PT29S,UCA95T5bSGxNOAODBdbR2rYQ,DieLinke,https://www.youtube.com/watch?v=QBC7-e18arw
4aQpvI2WVjA,Heidi Reichinnek Und Jan Van Aken Bringen Den Saal Zum BEBEN!,2025-01-20T15:08:43Z,28132,3008,450,PT4M27S,UCA95T5bSGxNOAODBdbR2rYQ,DieLinke,https://www.youtube.com/watch?v=4aQpvI2WVjA
Tvszp8EBm-0,Gefährliche Abhängigkeit: Raus aus Trumps Energie-Falle! Pressekonferenz mit Jan van Aken,2025-01-20T12:16:03Z,6222,692,99,PT9M46S,UCA95T5bSGxNOAODBdbR2rYQ,DieLinke,https://www.youtube.com/watch?v=Tvszp8EBm-0
V51XzXBrFZ8,"SILBERLOCKEN Gysi, Ramelow & Bartsch Präsentieren Unsere SPITZENKANDIDATEN Zur Bundestagswahl!",2025-01-20T08:04:19Z,15987,1150,173,PT6M26S,UCA95T5bSGxNOAODBdbR2rYQ,DieLinke,https://www.youtube.com/watch?v=V51XzXBrFZ8
PT07VDPsRN0,Ines Schwerdtner Rechnet Ab: KAMPFANSAGE An Friedrich Merz Und Die Agenda 2030!,2025-01-19T16:24:57Z,46549,4583,981,PT9M51S,UCA95T5bSGxNOAODBdbR2rYQ,DieLinke,https://www.youtube.com/watch?v=PT07VDPsRN0
bOXKRIeXbZ4,Sören Pellmann Gegen AfD Mit Voller Breitseite!,2025-01-19T10:24:45Z,11507,1012,241,PT5M6S,UCA95T5bSGxNOAODBdbR2rYQ,DieLinke,https://www.youtube.com/watch?v=bOXKRIeXbZ4
W9wefeTdeEg,"Wenn du uns deine Stimme schenkst, ist deine Stimme nicht verschenkt! #dielinke",2025-01-19T10:06:55Z,131608,16934,609,PT55S,UCA95T5bSGxNOAODBdbR2rYQ,DieLinke,https://www.youtube.com/watch?v=W9wefeTdeEg
ZYELuRol65U,Jan van Aken mit KLARER KANTE Gegen Die AfD!,2025-01-18T20:06:10Z,16846,1680,294,PT9M33S,UCA95T5bSGxNOAODBdbR2rYQ,DieLinke,https://www.youtube.com/watch?v=ZYELuRol65U
cAcq-yTOFuQ,Gregor Gysi hält KÄMPFERISCHE REDE zur BUNDESTAGSWAHL!,2025-01-18T20:04:30Z,198344,11539,1422,PT16M1S,UCA95T5bSGxNOAODBdbR2rYQ,DieLinke,https://www.youtube.com/watch?v=cAcq-yTOFuQ
UpnMazw8xRc,Bodo Ramelow HEIZT Den Reichen Ein!,2025-01-18T20:00:54Z,10861,1166,159,PT6M20S,UCA95T5bSGxNOAODBdbR2rYQ,DieLinke,https://www.youtube.com/watch?v=UpnMazw8xRc
BGGqJNrFcbo,Heidi Reichinnek: Abrechnung Mit Der Ampel!,2025-01-18T19:23:44Z,46784,3096,540,PT11M22S,UCA95T5bSGxNOAODBdbR2rYQ,DieLinke,https://www.youtube.com/watch?v=BGGqJNrFcbo
wtRC6Ytwr6E,Außerordentlicher Bundesparteitag der Partei Die Linke in Berlin,2025-01-18T16:32:13Z,34043,2144,109,PT5H51M41S,UCA95T5bSGxNOAODBdbR2rYQ,DieLinke,https://www.youtube.com/watch?v=wtRC6Ytwr6E
Rzz4-Zam_tY,Ines legt sich mit den Reichen und den Rechten an!,2025-01-18T15:15:31Z,7550,1621,97,PT1M20S,UCA95T5bSGxNOAODBdbR2rYQ,DieLinke,https://www.youtube.com/watch?v=Rzz4-Zam_tY
X3ryjLyXuf4,Warum Jan van Aken Milliardäre ABSCHAFFEN Will!,2025-01-18T12:30:00Z,19054,3345,228,PT36S,UCA95T5bSGxNOAODBdbR2rYQ,DieLinke,https://www.youtube.com/watch?v=X3ryjLyXuf4
Fc3WSV0gaH0,Wie Jan Van Aken Das GESETZ Brach Für Uns Alle!,2025-01-17T13:39:58Z,9319,1240,258,PT1M51S,UCA95T5bSGxNOAODBdbR2rYQ,DieLinke,https://www.youtube.com/watch?v=Fc3WSV0gaH0
WRaoWHFITx4,EKLAT Beim WDR! Spitzenkandidatin will Milliardäre ABSCHAFFEN!,2025-01-16T19:35:32Z,36298,2494,685,PT2M4S,UCA95T5bSGxNOAODBdbR2rYQ,DieLinke,https://www.youtube.com/watch?v=WRaoWHFITx4
P3XdvZCNyhk,Vermieter hassen diesen TRICK - Hol Dir Deine HEIZKOSTEN ZURÜCK!,2025-01-16T17:45:27Z,3757,524,90,PT49S,UCA95T5bSGxNOAODBdbR2rYQ,DieLinke,https://www.youtube.com/watch?v=P3XdvZCNyhk
CGIeXXkJyNw,Jan Van Aken ENTLARVT Die ARMSELIGKEIT Von Merz Bei Jung & Naiv!,2025-01-15T19:19:13Z,120762,5573,805,PT6M56S,UCA95T5bSGxNOAODBdbR2rYQ,DieLinke,https://www.youtube.com/watch?v=CGIeXXkJyNw
l0iE4emiwSY,Du verdienst mehr! Kurzwahlprogramm der Partei Die Linke zur Bundestagswahl 2025 in Gebärdensprache,2025-01-15T12:52:45Z,5174,506,91,PT13M24S,UCA95T5bSGxNOAODBdbR2rYQ,DieLinke,https://www.youtube.com/watch?v=l0iE4emiwSY
Q2iHGPczoyc,Gregor Gysi: Warum die arbeitende Mitte drauf zahlt!,2025-01-15T10:51:39Z,497149,32986,1170,PT56S,UCA95T5bSGxNOAODBdbR2rYQ,DieLinke,https://www.youtube.com/watch?v=Q2iHGPczoyc
YELdL5Sk4_I,Schwangerschaftsabbruch ist kein Verbrechen! Weg mit Paragraf 218!,2025-01-14T14:16:00Z,7912,1127,62,PT1M40S,UCA95T5bSGxNOAODBdbR2rYQ,DieLinke,https://www.youtube.com/watch?v=YELdL5Sk4_I
7UzI4q21p4A,Statt Reichtum für Wenige: Eine Wirtschaft die für alle funktioniert! Mit Ines Schwerdtner,2025-01-13T14:35:44Z,17899,1126,346,PT34M15S,UCA95T5bSGxNOAODBdbR2rYQ,DieLinke,https://www.youtube.com/watch?v=7UzI4q21p4A
JLQTw7GfR3w,Milliardäre ABSCHAFFEN?! Wohlstand für alle statt Reichtum für wenige!,2025-01-11T15:20:20Z,63236,6028,535,PT1M18S,UCA95T5bSGxNOAODBdbR2rYQ,DieLinke,https://www.youtube.com/watch?v=JLQTw7GfR3w
jTuwszh1VgA,Öl für Putins Krieg: Die WAHRHEIT über die russische Schattenflotte!,2025-01-11T11:39:40Z,29018,2116,68,PT1M23S,UCA95T5bSGxNOAODBdbR2rYQ,DieLinke,https://www.youtube.com/watch?v=jTuwszh1VgA
8-jAmJuU6B4,UNZENSIERT: Alice Weidel und Elon Musk im Talk!,2025-01-10T17:27:14Z,8518,1061,84,PT1M5S,UCA95T5bSGxNOAODBdbR2rYQ,DieLinke,https://www.youtube.com/watch?v=8-jAmJuU6B4
XEQI70By5cU,"Linke wählen, keine Stimme verschenken! #linke #bundestag",2025-01-10T11:31:37Z,21778,3072,215,PT22S,UCA95T5bSGxNOAODBdbR2rYQ,DieLinke,https://www.youtube.com/watch?v=XEQI70By5cU
F-GsxP1mGRk,Mieten-WAHNSINN ohne Ende? So machen wir Wohnen wieder bezahlbar!,2025-01-09T20:07:35Z,9985,1612,107,PT25S,UCA95T5bSGxNOAODBdbR2rYQ,DieLinke,https://www.youtube.com/watch?v=F-GsxP1mGRk
PyEj5am2fJ0,Kein Privatjet mehr für Friedrich Merz! #shorts,2025-01-08T18:40:33Z,101383,12167,511,PT40S,UCA95T5bSGxNOAODBdbR2rYQ,DieLinke,https://www.youtube.com/watch?v=PyEj5am2fJ0
6LKthguAGdk,Schluss mit der Strompreis-Abzocke! Pressekonferenz mit Jan van Aken,2025-01-06T12:19:32Z,8973,782,222,PT16M4S,UCA95T5bSGxNOAODBdbR2rYQ,DieLinke,https://www.youtube.com/watch?v=6LKthguAGdk
Maj6nLTVS_8,Rente in GEFAHR! Wie die Politik versagt #Shorts #politik #bundestag,2025-01-05T14:14:03Z,7839,1172,72,PT1M11S,UCA95T5bSGxNOAODBdbR2rYQ,DieLinke,https://www.youtube.com/watch?v=Maj6nLTVS_8
1y83BTCxccs,Deutschlandticket: Warum Das Fahren Mit Der Bahn Immer TEURER Wird!,2025-01-03T19:13:34Z,8548,949,161,PT2M31S,UCA95T5bSGxNOAODBdbR2rYQ,DieLinke,https://www.youtube.com/watch?v=1y83BTCxccs
_Pab2iWGJRc,MIETEN-WAHNSINN ohne Ende: Wie Scholz Uns An Die Immobilien-Lobby Verkauft! #politik #linke,2025-01-01T13:22:55Z,6982,854,58,PT1M35S,UCA95T5bSGxNOAODBdbR2rYQ,DieLinke,https://www.youtube.com/watch?v=_Pab2iWGJRc
8ENvDI72cro,Heidi Reichinnek Präsentiert: Die Zerstörung Des Friedrich Merz,2024-12-31T14:46:53Z,471748,28102,2357,PT4M18S,UCA95T5bSGxNOAODBdbR2rYQ,DieLinke,https://www.youtube.com/watch?v=8ENvDI72cro
zmJU0MGC_E4,Gregor Gysi ZERLEGT Die Schuldenbremse Bei Hart Aber Fair!,2024-12-30T18:54:18Z,742731,21540,1921,PT8M20S,UCA95T5bSGxNOAODBdbR2rYQ,DieLinke,https://www.youtube.com/watch?v=zmJU0MGC_E4
w0pMRH3_sAE,Gefährliche HEUCHELEI: Wie Uns Olaf Scholz An Die Immobilien-Lobby VERKAUFT!,2024-12-30T10:58:08Z,6741,708,109,PT2M37S,UCA95T5bSGxNOAODBdbR2rYQ,DieLinke,https://www.youtube.com/watch?v=w0pMRH3_sAE
uO2jhO2LgAc,Mieter WEHREN sich gegen Mietwucher und Schikane!,2024-12-30T07:15:02Z,4078,504,29,PT1M48S,UCA95T5bSGxNOAODBdbR2rYQ,DieLinke,https://www.youtube.com/watch?v=uO2jhO2LgAc
ilDuqXHZGDk,MIETER-ABZOCKE: Zahlst Du Zu Viel? Mach den Check! #politik #linke,2024-12-29T15:41:11Z,7832,1171,91,PT1M16S,UCA95T5bSGxNOAODBdbR2rYQ,DieLinke,https://www.youtube.com/watch?v=ilDuqXHZGDk
HVGVUN-D49w,KINDERARBEIT Für Deutschland?! Susanne Ferschl Rechnet GNADENLOS Mit CDU Und FDP Ab!,2024-12-29T11:39:53Z,15331,1280,146,PT3M13S,UCA95T5bSGxNOAODBdbR2rYQ,DieLinke,https://www.youtube.com/watch?v=HVGVUN-D49w
9cN9CyntUmk,Vergessen von der Politik? Wir helfen Dir! #shorts #politik,2024-12-29T09:15:00Z,5356,738,41,PT1M17S,UCA95T5bSGxNOAODBdbR2rYQ,DieLinke,https://www.youtube.com/watch?v=9cN9CyntUmk
4EmBE2fkeH4,SCHAMLOSE Klientel-Politik Der CDU ENTLARVT Von Janine Wissler!,2024-12-28T12:25:24Z,23930,1897,318,PT3M21S,UCA95T5bSGxNOAODBdbR2rYQ,DieLinke,https://www.youtube.com/watch?v=4EmBE2fkeH4
DLJbxU4d_uI,Hat die CDU EISKALT bei der AfD ABGESCHRIEBEN?!,2024-12-27T17:08:53Z,17404,1342,207,PT3M39S,UCA95T5bSGxNOAODBdbR2rYQ,DieLinke,https://www.youtube.com/watch?v=DLJbxU4d_uI
dshHKyO1EDQ,Gregor Gysi: So kommen Reiche in den Himmel!,2024-12-24T14:28:41Z,2771442,117945,1829,PT59S,UCA95T5bSGxNOAODBdbR2rYQ,DieLinke,https://www.youtube.com/watch?v=dshHKyO1EDQ
7xc6GdUq5N8,"Gregor Gysi: WENIGER Arbeiten, MEHR vom Leben!",2024-12-22T10:35:56Z,134663,8741,465,PT23S,UCA95T5bSGxNOAODBdbR2rYQ,DieLinke,https://www.youtube.com/watch?v=7xc6GdUq5N8
QeN5bbC0mZg,Janine Wissler Entlarvt Hetze Von CDU Und AfD Über Syrien Und Kurden!,2024-12-21T09:05:26Z,17473,1448,268,PT3M26S,UCA95T5bSGxNOAODBdbR2rYQ,DieLinke,https://www.youtube.com/watch?v=QeN5bbC0mZg
Onu4aS0AZVU,Gesine Lötzsch OFFENBART Das Versagen Der Scholz Politik Beim Schutz Von Frauen!,2024-12-20T18:17:27Z,2806,364,75,PT3M4S,UCA95T5bSGxNOAODBdbR2rYQ,DieLinke,https://www.youtube.com/watch?v=Onu4aS0AZVU
BDR1MATpmGM,"Unsere Kampagne zur Bundestagswahl! Mit Heidi Reichinnek, Ines Schwerdtner & Jan van Aken",2024-12-19T12:53:40Z,23280,1183,179,PT42M31S,UCA95T5bSGxNOAODBdbR2rYQ,DieLinke,https://www.youtube.com/watch?v=BDR1MATpmGM
RrqCjXCnZJw,Sören Pellmann Spricht KLARTEXT Zur Vertrauensfrage! AfD tobt!,2024-12-18T17:02:59Z,27345,1745,946,PT5M40S,UCA95T5bSGxNOAODBdbR2rYQ,DieLinke,https://www.youtube.com/watch?v=RrqCjXCnZJw
94z4JsBJahE,HEIZKOSTEN-ABZOCKE?? Das Kannst Du Tun!,2024-12-18T10:07:04Z,6536,1273,86,PT55S,UCA95T5bSGxNOAODBdbR2rYQ,DieLinke,https://www.youtube.com/watch?v=94z4JsBJahE
DRomDXsmfUM,Mehrwertsteuer abschaffen! Pressekonferenz mit Ines Schwerdtner,2024-12-17T00:18:40Z,6566,568,91,PT16M34S,UCA95T5bSGxNOAODBdbR2rYQ,DieLinke,https://www.youtube.com/watch?v=DRomDXsmfUM
n68P1-n2PSg,Gregor Gysi greift die DEUTSCHE BANK frontal an!,2024-12-13T21:51:24Z,116161,13076,428,PT53S,UCA95T5bSGxNOAODBdbR2rYQ,DieLinke,https://www.youtube.com/watch?v=n68P1-n2PSg
p9M1ZYZltmM,Die WICHTIGSTE Rede Zur Cannabis Legalisierung! Linken Politiker Bringt Es Auf Den Punkt!,2024-12-13T18:15:46Z,57407,3347,542,PT3M30S,UCA95T5bSGxNOAODBdbR2rYQ,DieLinke,https://www.youtube.com/watch?v=p9M1ZYZltmM
hXcTBpuSxmI,AfD Politiker RASTEN AUS Als Janine Wissler Sie Entlarvt!,2024-12-11T16:00:43Z,262123,9212,1507,PT3M46S,UCA95T5bSGxNOAODBdbR2rYQ,DieLinke,https://www.youtube.com/watch?v=hXcTBpuSxmI
lT3MGaCHN2Y,"Niemals Alleine, Immer Gemeinsam! Die Linke im Wahlkampf: Mach Mit!",2024-12-11T10:23:16Z,7965,937,189,PT1M26S,UCA95T5bSGxNOAODBdbR2rYQ,DieLinke,https://www.youtube.com/watch?v=lT3MGaCHN2Y
E8yrRJSlgHw,Mieten & Preise RUNTER – Wahlprogramm 2025 vorgestellt,2024-12-09T22:46:40Z,8598,1351,115,PT49S,UCA95T5bSGxNOAODBdbR2rYQ,DieLinke,https://www.youtube.com/watch?v=E8yrRJSlgHw
m6sLeMOKyDk,Unser Wahlprogramm zur Bundestagswahl 2025! Mit Ines Schwerdtner und Jan van Aken,2024-12-09T10:49:04Z,42317,2296,614,PT34M14S,UCA95T5bSGxNOAODBdbR2rYQ,DieLinke,https://www.youtube.com/watch?v=m6sLeMOKyDk
2RrFSlmdl1s,EKLAT Im Bundestag! Heidi Reichinnek Bringt CDU & FDP Zum Schweigen!,2024-12-07T09:09:22Z,197428,11661,1227,PT3M48S,UCA95T5bSGxNOAODBdbR2rYQ,DieLinke,https://www.youtube.com/watch?v=2RrFSlmdl1s
Tx-D4k05FXc,Olaf Scholz wird KOMPLETT auseinander genommen!,2024-12-06T16:17:52Z,13744,1548,119,PT56S,UCA95T5bSGxNOAODBdbR2rYQ,DieLinke,https://www.youtube.com/watch?v=Tx-D4k05FXc
TTho_iX2gHw,Janine Wissler ENTLARVT Lobby-Pläne Von Christian Lindner Und FDP!,2024-12-05T16:17:05Z,32123,2485,284,PT2M34S,UCA95T5bSGxNOAODBdbR2rYQ,DieLinke,https://www.youtube.com/watch?v=TTho_iX2gHw
a6w9Lfvcb8Q,Ralph Lenkert Rechnet Mit KLIMALEUGNERN Im Bundestag Ab!,2024-12-04T16:24:07Z,11660,1226,163,PT2M55S,UCA95T5bSGxNOAODBdbR2rYQ,DieLinke,https://www.youtube.com/watch?v=a6w9Lfvcb8Q
jpAAQgYl3TM,Christian LINDNER vs. eine BANANE: Die CHALLENGE!!,2024-12-04T15:09:15Z,16971,1920,87,PT30S,UCA95T5bSGxNOAODBdbR2rYQ,DieLinke,https://www.youtube.com/watch?v=jpAAQgYl3TM
pjVnVcaPqZs,Wie wir für bezahlbare Mieten sorgen: Pressekonferenz mit Caren Lay & Jan van Aken,2024-12-02T12:29:47Z,6452,480,110,PT23M42S,UCA95T5bSGxNOAODBdbR2rYQ,DieLinke,https://www.youtube.com/watch?v=pjVnVcaPqZs
AYZnlprgNKY,Bodo Ramelow Spricht KLARTEXT Über Innere Sicherheit!,2024-11-29T13:00:02Z,7358,968,151,PT5M55S,UCA95T5bSGxNOAODBdbR2rYQ,DieLinke,https://www.youtube.com/watch?v=AYZnlprgNKY
BEb5nM0mhjs,Gregor Gysi Über KAPITALISMUS vs. SOZIALISMUS! #Shorts,2024-11-29T10:18:37Z,228679,22697,796,PT57S,UCA95T5bSGxNOAODBdbR2rYQ,DieLinke,https://www.youtube.com/watch?v=BEb5nM0mhjs
ZbOqXIg3lx8,Linke Politikerin EXPOSED CDU Überwachungs-Trickserei!,2024-11-28T14:34:09Z,9715,1016,142,PT2M41S,UCA95T5bSGxNOAODBdbR2rYQ,DieLinke,https://www.youtube.com/watch?v=ZbOqXIg3lx8
UvCNZAy0Z44,"Scholz muss sich endlich um die Miete kümmern!""",2024-11-28T10:27:05Z,10235,1397,101,PT30S,UCA95T5bSGxNOAODBdbR2rYQ,DieLinke,https://www.youtube.com/watch?v=UvCNZAy0Z44
jnh_EEdp1P0,MISSION SILBERLOCKE: So will Gregor Gysi die Politik aufmischen! #Shorts #Politik,2024-11-26T09:07:02Z,14809,2035,106,PT38S,UCA95T5bSGxNOAODBdbR2rYQ,DieLinke,https://www.youtube.com/watch?v=jnh_EEdp1P0
7r7bbJNHNeQ,Frauenhäuser dürfen kein Luxus sein! #GewaltgegenFrauen,2024-11-25T17:03:07Z,5763,903,44,PT41S,UCA95T5bSGxNOAODBdbR2rYQ,DieLinke,https://www.youtube.com/watch?v=7r7bbJNHNeQ
iITQdx7Ltbc,Pressekonferenz: Ines Schwerdtner zum Tag gegen Gewalt an Frauen,2024-11-25T11:15:46Z,3352,409,64,PT13M2S,UCA95T5bSGxNOAODBdbR2rYQ,DieLinke,https://www.youtube.com/watch?v=iITQdx7Ltbc
-WtV5lhcU3w,Gregor Gysi ZÜNDET Mission SILBERLOCKE! #Shorts,2024-11-23T14:21:03Z,17411,1985,147,PT11S,UCA95T5bSGxNOAODBdbR2rYQ,DieLinke,https://www.youtube.com/watch?v=-WtV5lhcU3w
EAwaTryj-QI,"Gregor Gysi: Jüdisches Leben schützen, Gleichbehandlung für alle Menschen erreichen!",2024-11-23T10:49:56Z,57284,3575,844,PT4M23S,UCA95T5bSGxNOAODBdbR2rYQ,DieLinke,https://www.youtube.com/watch?v=EAwaTryj-QI
zAduLOdRgxE,WUTREDE Gegen Wuchermieten Durch Ampel CDU AfD Und Co von Caren Lay!,2024-11-22T10:30:16Z,9082,921,187,PT3M22S,UCA95T5bSGxNOAODBdbR2rYQ,DieLinke,https://www.youtube.com/watch?v=zAduLOdRgxE
Mbwi7gx0fDw,"Mission Silberlocke: So Wollen Gregor Gysi, Bodo Ramelow Und Dietmar Bartsch die Politik aufmischen!",2024-11-20T19:10:20Z,197502,5222,832,PT1H12M58S,UCA95T5bSGxNOAODBdbR2rYQ,DieLinke,https://www.youtube.com/watch?v=Mbwi7gx0fDw
OTTzjEdr_es,"""Heizen, Wohnen, Pflege – Politik für Menschen statt für Profite!"" Pressekonferenz mit Jan van Aken",2024-11-18T12:17:03Z,5042,546,171,PT11M4S,UCA95T5bSGxNOAODBdbR2rYQ,DieLinke,https://www.youtube.com/watch?v=OTTzjEdr_es
v0jf2vm7Tjw,"Dear Sisters, we stand with you! #Trump #Shorts",2024-11-16T19:40:12Z,8758,1311,88,PT23S,UCA95T5bSGxNOAODBdbR2rYQ,DieLinke,https://www.youtube.com/watch?v=v0jf2vm7Tjw
knXzEqZ2ius,Nach der Ampel LINKS: Linke startet nach Ampel Aus durch! #shorts #Politik,2024-11-16T19:19:15Z,14621,2573,172,PT43S,UCA95T5bSGxNOAODBdbR2rYQ,DieLinke,https://www.youtube.com/watch?v=knXzEqZ2ius
0f9Wgfe6RJk,Martin Schirdewan REICHT ES! Das Buckeln Der EU Vor Trump Muss Aufhören!,2024-11-16T11:43:22Z,13422,1340,325,PT2M8S,UCA95T5bSGxNOAODBdbR2rYQ,DieLinke,https://www.youtube.com/watch?v=0f9Wgfe6RJk
g-lKZxWMALM,Janine Wissler Führt CDU CSU Wegen ANTI CANNABIS Antrag Vor!,2024-11-15T17:20:19Z,303316,28698,3477,PT3M23S,UCA95T5bSGxNOAODBdbR2rYQ,DieLinke,https://www.youtube.com/watch?v=g-lKZxWMALM
O-9OckFjnSY,Gregor Gysi OFFENBART Autoritäre Haltung Von Wagenknecht Und BSW!,2024-11-14T14:54:49Z,320678,12496,1644,PT3M41S,UCA95T5bSGxNOAODBdbR2rYQ,DieLinke,https://www.youtube.com/watch?v=O-9OckFjnSY
REZC0dbDRbY,Heidi Reichinnek ZERLEGT Diese Schäbige Taktik Von AfD Und CDU! | Regierungserklärung,2024-11-13T19:01:44Z,189577,10026,1372,PT5M30S,UCA95T5bSGxNOAODBdbR2rYQ,DieLinke,https://www.youtube.com/watch?v=REZC0dbDRbY
N5tjoKWZ304,Wir sind bereit! Pressekonferenz mit Ines Schwerdtner und Jan van Aken,2024-11-11T12:29:34Z,7418,587,167,PT22M27S,UCA95T5bSGxNOAODBdbR2rYQ,DieLinke,https://www.youtube.com/watch?v=N5tjoKWZ304
q-jkW6gDxo4,Nach der Ampel links: Mit Jan und Heidi 💪 #bundestagswahl,2024-11-10T17:47:24Z,13652,1609,112,PT42S,UCA95T5bSGxNOAODBdbR2rYQ,DieLinke,https://www.youtube.com/watch?v=q-jkW6gDxo4
tlcGurB7Tfw,50.000 Haustüren: Der Wahlkampf von Team Nam Duy | Kompletter Film,2024-11-10T12:55:00Z,36501,2429,256,PT34M16S,UCA95T5bSGxNOAODBdbR2rYQ,DieLinke,https://www.youtube.com/watch?v=tlcGurB7Tfw
LnHdZEVN0Go,Heidi Reichinnek & Jan van Aken: Unser Spitzenduo zur Bundestagswahl!,2024-11-10T10:25:11Z,31425,2208,383,PT15M24S,UCA95T5bSGxNOAODBdbR2rYQ,DieLinke,https://www.youtube.com/watch?v=LnHdZEVN0Go
62KH6uv3Xxs,Nach der Ampel links.,2024-11-09T19:34:35Z,7621,1028,122,PT24S,UCA95T5bSGxNOAODBdbR2rYQ,DieLinke,https://www.youtube.com/watch?v=62KH6uv3Xxs
fwmANwysFtM,Heidi Reichinnek: WICHTIGSTE REDE Zum Ampel Aus!,2024-11-09T11:50:37Z,43273,3755,600,PT2M59S,UCA95T5bSGxNOAODBdbR2rYQ,DieLinke,https://www.youtube.com/watch?v=fwmANwysFtM
4UGo-JQK4RY,50.000 Haustüren: Der Wahlkampf von Team Nam Duy | Trailer,2024-11-08T19:04:33Z,4928,536,70,PT2M17S,UCA95T5bSGxNOAODBdbR2rYQ,DieLinke,https://www.youtube.com/watch?v=4UGo-JQK4RY
sVee-zmEIKs,"Nach der Ampel links! Statement von Ines Schwerdtner, Jan van Aken, Heidi Reichinnek, Sören Pellmann",2024-11-07T12:26:44Z,12783,1271,288,PT9M30S,UCA95T5bSGxNOAODBdbR2rYQ,DieLinke,https://www.youtube.com/watch?v=sVee-zmEIKs
sI8fn4Jd4qI,"""Die Bürger Sollen Verarmen!"" Heidi Reichinnek WUTREDE Gegen AfD",2024-11-06T17:03:25Z,359925,14672,2676,PT3M23S,UCA95T5bSGxNOAODBdbR2rYQ,DieLinke,https://www.youtube.com/watch?v=sI8fn4Jd4qI
3JgnU2xTKEs,Trump: Eine GEFAHR für den Frieden! ESKALIERT er jetzt komplett? #Shorts,2024-11-06T14:17:28Z,11402,892,115,PT43S,UCA95T5bSGxNOAODBdbR2rYQ,DieLinke,https://www.youtube.com/watch?v=3JgnU2xTKEs
X1Tv5avUemY,Die WAHRHEIT Über Den Ukraine Krieg!,2024-11-05T20:07:30Z,23509,1207,534,PT1M34S,UCA95T5bSGxNOAODBdbR2rYQ,DieLinke,https://www.youtube.com/watch?v=X1Tv5avUemY
nzrZkcW_89Q,Trump zurück im Weißen Haus? Pressekonferenz mit Ines Schwerdtner,2024-11-04T12:19:08Z,4738,351,91,PT12M24S,UCA95T5bSGxNOAODBdbR2rYQ,DieLinke,https://www.youtube.com/watch?v=nzrZkcW_89Q
0FAq9wNJ1TA,Wurde VW von reichen Familien-Clans GEPLÜNDERT? #Volkswagen #shorts,2024-10-30T17:40:09Z,13220,1851,146,PT58S,UCA95T5bSGxNOAODBdbR2rYQ,DieLinke,https://www.youtube.com/watch?v=0FAq9wNJ1TA
cUxwBji-DAY,Ines Schwerdtner und Jan van Aken zum Ampel CHAOS in der Wirtschaftspolitik,2024-10-28T12:22:14Z,5395,341,47,PT19M11S,UCA95T5bSGxNOAODBdbR2rYQ,DieLinke,https://www.youtube.com/watch?v=cUxwBji-DAY
g5WE6k7XLJU,Friedens-Aktivisten Aus Israel Mit Einem Auftrag Für Die Linke!,2024-10-25T18:21:27Z,2789,294,93,PT1M43S,UCA95T5bSGxNOAODBdbR2rYQ,DieLinke,https://www.youtube.com/watch?v=g5WE6k7XLJU
mMbt6y7_AHE,CDU Rastet Aus Wegen Dieser Rede Von Linken Politiker Ates Gürpinar!,2024-10-25T14:50:44Z,27324,2276,252,PT2M10S,UCA95T5bSGxNOAODBdbR2rYQ,DieLinke,https://www.youtube.com/watch?v=mMbt6y7_AHE
XkSqHme1jms,Gregor Gysi spricht KLARTEXT! Geheimplan Mission Silberlocke enthüllt!,2024-10-23T12:03:23Z,73663,3376,547,PT10M39S,UCA95T5bSGxNOAODBdbR2rYQ,DieLinke,https://www.youtube.com/watch?v=XkSqHme1jms
Uzj278mt3K0,LINKE Stellt SPD Bloß Mit Dieser Genialen Aktion!,2024-10-22T18:36:57Z,9617,1032,293,PT1M52S,UCA95T5bSGxNOAODBdbR2rYQ,DieLinke,https://www.youtube.com/watch?v=Uzj278mt3K0
9izpjQqjSHw,Ines Schwerdtner: Sozial ohne Wenn und Aber!,2024-10-21T17:33:43Z,4627,340,60,PT9M30S,UCA95T5bSGxNOAODBdbR2rYQ,DieLinke,https://www.youtube.com/watch?v=9izpjQqjSHw
5PYPQX70KQA,"Jan van Aken: ""Die Macht liegt auf der Straße!""",2024-10-21T16:30:13Z,5007,373,156,PT9M21S,UCA95T5bSGxNOAODBdbR2rYQ,DieLinke,https://www.youtube.com/watch?v=5PYPQX70KQA
STxz0UJb1B0,"""Abgehobene Politiker Gehälter führen zu abgehobener Politik!"" Ines Schwerdtner & Jan van Aken",2024-10-21T11:38:24Z,13584,682,104,PT31M43S,UCA95T5bSGxNOAODBdbR2rYQ,DieLinke,https://www.youtube.com/watch?v=STxz0UJb1B0
VJ6aEo0Momg,Arzt entlarvt Politiker LÜGEN beim Thema Migration und Bürgergeld!,2024-10-21T09:35:01Z,23343,1459,331,PT9M27S,UCA95T5bSGxNOAODBdbR2rYQ,DieLinke,https://www.youtube.com/watch?v=VJ6aEo0Momg
ChwjHpAFo3w,Ex-Grüne Sarah-Lee Heinrich: Für eine Politik von unten!,2024-10-20T20:43:15Z,25620,1430,594,PT7M33S,UCA95T5bSGxNOAODBdbR2rYQ,DieLinke,https://www.youtube.com/watch?v=ChwjHpAFo3w
l-BytJcLlso,Neu gewählte Linke Vorsitzende im EXKLUSIV-Interview!,2024-10-20T19:52:06Z,7365,472,105,PT12M26S,UCA95T5bSGxNOAODBdbR2rYQ,DieLinke,https://www.youtube.com/watch?v=l-BytJcLlso
6uY0JENECk0,Hallescher Parteitag der Partei Die Linke - Sonntag,2024-10-20T15:29:43Z,21745,468,30,PT6H21M11S,UCA95T5bSGxNOAODBdbR2rYQ,DieLinke,https://www.youtube.com/watch?v=6uY0JENECk0
fmWEM3yVORM,"Alle reden, wir hören zu: Unsere große Befragung startet!",2024-10-20T11:00:47Z,4517,527,138,PT1M31S,UCA95T5bSGxNOAODBdbR2rYQ,DieLinke,https://www.youtube.com/watch?v=fmWEM3yVORM
uY_leBKl0I4,Hallescher Parteitag der Partei Die Linke - Samstag (Teil 2),2024-10-19T21:26:24Z,31141,559,31,PT9H16M10S,UCA95T5bSGxNOAODBdbR2rYQ,DieLinke,https://www.youtube.com/watch?v=uY_leBKl0I4
_iMmwTAKlDA,"Jan van Aken: ""Lasst uns die Milliardäre abschaffen!""",2024-10-19T15:35:08Z,22699,1741,554,PT7M32S,UCA95T5bSGxNOAODBdbR2rYQ,DieLinke,https://www.youtube.com/watch?v=_iMmwTAKlDA
UmcvviP-src,"Ines Schwerdtner: ""Wir sind das Gegenteil der Angst, wir sind die Hoffnung!""",2024-10-19T15:22:21Z,12426,778,296,PT7M48S,UCA95T5bSGxNOAODBdbR2rYQ,DieLinke,https://www.youtube.com/watch?v=UmcvviP-src
bZU_pv3CHq0,"Martin Schirdewan: ""Zeit für einen sozialen Politikwechsel!""",2024-10-19T12:00:19Z,9882,547,163,PT25M8S,UCA95T5bSGxNOAODBdbR2rYQ,DieLinke,https://www.youtube.com/watch?v=bZU_pv3CHq0
01zX4LEE89A,Hallescher Parteitag der Partei Die Linke - Samstag (Teil 1),2024-10-19T11:42:31Z,12624,305,10,PT4H37M11S,UCA95T5bSGxNOAODBdbR2rYQ,DieLinke,https://www.youtube.com/watch?v=01zX4LEE89A
nhpLQutKOD0,Janine Wissler zerlegt Friedrich Merz. #friedrichmerz #dielinke #politik,2024-10-19T10:26:03Z,22159,2987,220,PT59S,UCA95T5bSGxNOAODBdbR2rYQ,DieLinke,https://www.youtube.com/watch?v=nhpLQutKOD0
lyuf_8n_Xxc,"Sören Pellmann: ""Wir stehen auf der Seite des Friedens!""",2024-10-19T09:57:42Z,2797,175,46,PT11M51S,UCA95T5bSGxNOAODBdbR2rYQ,DieLinke,https://www.youtube.com/watch?v=lyuf_8n_Xxc
RlyF8fShHDU,"Heidi Reichinnek: ""Wir kämpfen für die denen es scheiße geht!""",2024-10-19T09:21:43Z,41303,2466,471,PT10M50S,UCA95T5bSGxNOAODBdbR2rYQ,DieLinke,https://www.youtube.com/watch?v=RlyF8fShHDU
BNl6xPZafMU,Hallescher Parteitag der Partei Die Linke - Freitag,2024-10-18T21:18:21Z,24166,697,30,PT8H59M46S,UCA95T5bSGxNOAODBdbR2rYQ,DieLinke,https://www.youtube.com/watch?v=BNl6xPZafMU
Dn1q9cOIqTM,"""Ich bin stolz Linker zu sein!"" Bodo Ramelow auf dem Bundesparteitag der Linken",2024-10-18T20:54:57Z,22219,1441,369,PT17M50S,UCA95T5bSGxNOAODBdbR2rYQ,DieLinke,https://www.youtube.com/watch?v=Dn1q9cOIqTM
-_KFPdV8c-k,"Wissler teilt gegen Ampel & AfD aus: ""Stoppt den Wettbewerb der Schäbigkeiten!""",2024-10-18T20:41:46Z,7568,618,171,PT24M26S,UCA95T5bSGxNOAODBdbR2rYQ,DieLinke,https://www.youtube.com/watch?v=-_KFPdV8c-k
iGLbRapW-wI,Talk-Gäste Plötzlich KLEINLAUT Nach Genialer Rede Von Linke Politikerin!,2024-10-17T08:15:03Z,14229,969,436,PT1M45S,UCA95T5bSGxNOAODBdbR2rYQ,DieLinke,https://www.youtube.com/watch?v=iGLbRapW-wI
rrSTcWQAin4,Die wichtigste Rede im Bundestag: Janine Wissler Zerlegt Scholz!,2024-10-16T16:22:32Z,21185,1316,316,PT3M27S,UCA95T5bSGxNOAODBdbR2rYQ,DieLinke,https://www.youtube.com/watch?v=rrSTcWQAin4
2E4s7MQUIFI,Janine Wissler ZERLEGT AfD GNADENLOS!,2024-10-15T17:35:08Z,96802,5055,2246,PT4M7S,UCA95T5bSGxNOAODBdbR2rYQ,DieLinke,https://www.youtube.com/watch?v=2E4s7MQUIFI
w_reT3RKRIw,"""Es war uns eine Ehre!"" Pressekonferenz mit Janine Wissler und  Martin Schirdewan",2024-10-14T23:47:00Z,4470,210,58,PT38M58S,UCA95T5bSGxNOAODBdbR2rYQ,DieLinke,https://www.youtube.com/watch?v=w_reT3RKRIw
tJyxf21wxsw,Lauterbach Blamiert: Pflegeversicherung Droht PLEITE!,2024-10-14T18:14:46Z,5960,486,76,PT3M15S,UCA95T5bSGxNOAODBdbR2rYQ,DieLinke,https://www.youtube.com/watch?v=tJyxf21wxsw
5xv44uRG700,AfD Politiker BLOSSGESTELLT! #Shorts #AfD,2024-10-13T17:20:02Z,36145,2632,407,PT21S,UCA95T5bSGxNOAODBdbR2rYQ,DieLinke,https://www.youtube.com/watch?v=5xv44uRG700
6qTUDOFGQM8,Heidi Reichinnek ENTLARVT Ampel Und AfD Bei Migration!,2024-10-13T09:42:45Z,20358,1243,216,PT2M57S,UCA95T5bSGxNOAODBdbR2rYQ,DieLinke,https://www.youtube.com/watch?v=6qTUDOFGQM8
yN823pzUhvM,AfD Politiker Bloßgestellt! Mehr Transparenz Statt Hinterzimmer-Deals!,2024-10-12T18:32:19Z,12950,852,298,PT3M2S,UCA95T5bSGxNOAODBdbR2rYQ,DieLinke,https://www.youtube.com/watch?v=yN823pzUhvM
kzkSl6aAFJE,Live-Talk der Kandidierenden für den Parteivorsitz,2024-10-11T18:42:44Z,16678,657,112,PT1H30M13S,UCA95T5bSGxNOAODBdbR2rYQ,DieLinke,https://www.youtube.com/watch?v=kzkSl6aAFJE
hs80dXk6aRQ,Aktivisti | Die Linke Kampagnen-App,2024-10-11T12:00:23Z,3284,357,45,PT1M8S,UCA95T5bSGxNOAODBdbR2rYQ,DieLinke,https://www.youtube.com/watch?v=hs80dXk6aRQ
zKre5Zs1rXU,"Mieten immer teurer, Neubau eingestürzt: Olaf Scholz ist GESCHEITERT als Mietenkanzler!",2024-10-09T13:15:06Z,2735,293,46,PT1M14S,UCA95T5bSGxNOAODBdbR2rYQ,DieLinke,https://www.youtube.com/watch?v=zKre5Zs1rXU
64Cg60_tq0o,Heidi HEIZT dem Bundestag ein beim Thema Bürgergeld & Diätenerhöhung!,2024-10-08T13:41:59Z,10501,1101,167,PT1M2S,UCA95T5bSGxNOAODBdbR2rYQ,DieLinke,https://www.youtube.com/watch?v=64Cg60_tq0o
3rRYDbhXYmo,Janine Wissler zum Jahrestag des Hamas-Massakers vom 7. Oktober,2024-10-07T23:24:48Z,1952,125,27,PT24M23S,UCA95T5bSGxNOAODBdbR2rYQ,DieLinke,https://www.youtube.com/watch?v=3rRYDbhXYmo
wRNMHO6EMW8,Frieden statt Waffen: Diplomatie JETZT! Große Friedensdemo in Berlin,2024-10-04T10:42:30Z,2716,197,73,PT1M29S,UCA95T5bSGxNOAODBdbR2rYQ,DieLinke,https://www.youtube.com/watch?v=wRNMHO6EMW8
1HuDJ4j4eBA,Jan van Aken Offenbart Größte ENTEIGNUNG In Deutschland!,2024-10-02T16:36:23Z,12898,1001,239,PT1M28S,UCA95T5bSGxNOAODBdbR2rYQ,DieLinke,https://www.youtube.com/watch?v=1HuDJ4j4eBA
N4umXxVnmLY,Zeit für einen Neustart! Zu den Ergebnissen der Landtagswahl in Brandenburg,2024-09-23T11:35:16Z,4367,197,108,PT30M,UCA95T5bSGxNOAODBdbR2rYQ,DieLinke,https://www.youtube.com/watch?v=N4umXxVnmLY
rv_OHT2CmIM,"Linke-Politiker GRILLT AfD-Mann beim Thema Flüchtlinge, Migration & Integration",2024-09-22T06:00:25Z,35706,2942,646,PT1M52S,UCA95T5bSGxNOAODBdbR2rYQ,DieLinke,https://www.youtube.com/watch?v=rv_OHT2CmIM
MHXc3t86GsU,Vater will kostenloses Schulessen für alle Kinder! ❤️,2024-09-20T16:58:48Z,1070,154,37,PT2M18S,UCA95T5bSGxNOAODBdbR2rYQ,DieLinke,https://www.youtube.com/watch?v=MHXc3t86GsU
o8K8wOoHPRg,"""Die Linke gibt denen eine Stimme, die nicht gehört werden.""",2024-09-19T17:55:37Z,2644,308,96,PT1M6S,UCA95T5bSGxNOAODBdbR2rYQ,DieLinke,https://www.youtube.com/watch?v=o8K8wOoHPRg
pmdGw3v-QJ4,Die soziale Opposition im Brandenburger Landtag: Am Sonntag Die Linke wählen!,2024-09-18T11:14:49Z,1079,143,47,PT33S,UCA95T5bSGxNOAODBdbR2rYQ,DieLinke,https://www.youtube.com/watch?v=pmdGw3v-QJ4
Kb2zh_XQMQ8,Mit den Grenzkontrollen wird kein einziges Problem beseitigt: Die Ampel kopiert nur Politik der AfD.,2024-09-18T09:25:17Z,7071,1020,143,PT55S,UCA95T5bSGxNOAODBdbR2rYQ,DieLinke,https://www.youtube.com/watch?v=Kb2zh_XQMQ8
NcUCP5_32Ok,"""Fluchtursachen bekämpfen, nicht die Geflüchteten!"" Pressekonferenz mit Janine Wissler",2024-09-16T23:35:55Z,3868,274,140,PT27M24S,UCA95T5bSGxNOAODBdbR2rYQ,DieLinke,https://www.youtube.com/watch?v=NcUCP5_32Ok
5Wp3KfWXNtE,Wütend auf den Kapitalismus?! Für eine starke linke Politik! Live aus Potsdam,2024-09-15T06:01:58Z,2880,231,34,PT2H9M28S,UCA95T5bSGxNOAODBdbR2rYQ,DieLinke,https://www.youtube.com/watch?v=5Wp3KfWXNtE
27acPLs8As0,Wir machen bei dem Rechtsruck nicht mit! Wir wollen ein gutes Leben für alle!,2024-09-13T14:52:04Z,6059,1102,176,PT54S,UCA95T5bSGxNOAODBdbR2rYQ,DieLinke,https://www.youtube.com/watch?v=27acPLs8As0
VE5cnZofJXg,Ampelregierung kürzt bei den SCHWÄCHSTEN! #shorts #politik,2024-09-10T19:56:29Z,4647,515,61,PT54S,UCA95T5bSGxNOAODBdbR2rYQ,DieLinke,https://www.youtube.com/watch?v=VE5cnZofJXg
Dy224IX5qWQ,"""Wir müssen uns unterhaken!"" Haustürwahlkampf in Brandenburg",2024-09-10T14:05:17Z,1847,173,50,PT2M8S,UCA95T5bSGxNOAODBdbR2rYQ,DieLinke,https://www.youtube.com/watch?v=Dy224IX5qWQ
XJQUIhJxDcQ,Katina Schubert und Sebastian Walter: Der Tesla-Qual ein Ende setzen!,2024-09-09T23:28:31Z,1598,92,21,PT25M2S,UCA95T5bSGxNOAODBdbR2rYQ,DieLinke,https://www.youtube.com/watch?v=XJQUIhJxDcQ
oZDyB84IOqs,Linke-Politiker GRILLT Elon Musk!! #Tesla #Shorts,2024-09-09T17:38:39Z,5348,807,98,PT51S,UCA95T5bSGxNOAODBdbR2rYQ,DieLinke,https://www.youtube.com/watch?v=oZDyB84IOqs
hN2mUxrACDU,Mut für Brandenburg! Unser Wahlspot zur Landtagswahl #shorts #Brandenburg,2024-09-04T11:36:29Z,3169,339,27,PT1M,UCA95T5bSGxNOAODBdbR2rYQ,DieLinke,https://www.youtube.com/watch?v=hN2mUxrACDU
MGC8H5cd-lg,Mut für Brandenburg: Am 22.September Die Linke wählen!,2024-09-04T08:34:47Z,2219,274,123,PT1M,UCA95T5bSGxNOAODBdbR2rYQ,DieLinke,https://www.youtube.com/watch?v=MGC8H5cd-lg
oOgc61xpF4Q,Migration Mutter aller Probleme?? Linke GRILLT Politiker-Runde! #shorts,2024-09-03T14:39:18Z,6145,1046,153,PT1M,UCA95T5bSGxNOAODBdbR2rYQ,DieLinke,https://www.youtube.com/watch?v=oOgc61xpF4Q
_G3XC4wtmiU,"Wahlnachlese mit Janine Wissler, Martin Schirdewan, Ulrike Grosse-Röthig & Stefan Hartmann",2024-09-02T11:42:10Z,2920,140,48,PT33M34S,UCA95T5bSGxNOAODBdbR2rYQ,DieLinke,https://www.youtube.com/watch?v=_G3XC4wtmiU
OGzMqr2e59s,Pressestatement von Janine Wissler zu den Landtagswahlen in Sachsen und Thüringen,2024-09-01T16:56:26Z,2754,233,108,PT5M18S,UCA95T5bSGxNOAODBdbR2rYQ,DieLinke,https://www.youtube.com/watch?v=OGzMqr2e59s
s79gG_Fi6aI,Das politische Rückgrat von #Wagenknecht #BSW #Linke,2024-08-28T13:10:54Z,6211,426,88,PT16S,UCA95T5bSGxNOAODBdbR2rYQ,DieLinke,https://www.youtube.com/watch?v=s79gG_Fi6aI
xYsueppgcnU,Eine Investitionsoffensive für den Osten! Pressekonferenz mit Martin Schirdewan & Stefan Hartmann,2024-08-26T23:25:08Z,1344,97,12,PT23M51S,UCA95T5bSGxNOAODBdbR2rYQ,DieLinke,https://www.youtube.com/watch?v=xYsueppgcnU
_4H8nTbtYDM,"Solingen: ""Islamismus bekämpfen ohne Rassismus!""",2024-08-26T14:22:11Z,1762,218,92,PT2M24S,UCA95T5bSGxNOAODBdbR2rYQ,DieLinke,https://www.youtube.com/watch?v=_4H8nTbtYDM
uTrYG2N3_ac,Heizkosten-Abzocke bei Vonovia: Linke bewahrt tausende Mieter vor Nachzahlungen!,2024-08-23T08:29:03Z,4168,392,61,PT1M54S,UCA95T5bSGxNOAODBdbR2rYQ,DieLinke,https://www.youtube.com/watch?v=uTrYG2N3_ac
6Mu1d1Ofdvg,Migration: Susanne redet Klartext 🫡 #politik,2024-08-22T12:07:40Z,6128,356,37,PT49S,UCA95T5bSGxNOAODBdbR2rYQ,DieLinke,https://www.youtube.com/watch?v=6Mu1d1Ofdvg
qqeU7yhpfC0,Musiker Krumbiegel hat eine Wahlempfehlung für #Thüringen 😍,2024-08-21T09:27:34Z,11043,620,209,PT37S,UCA95T5bSGxNOAODBdbR2rYQ,DieLinke,https://www.youtube.com/watch?v=qqeU7yhpfC0
rs4yfn76zhI,Wir sind die soziale Opposition zu Kretschmer & Co.! #Sachsen #Shortd,2024-08-20T10:48:40Z,4798,277,29,PT29S,UCA95T5bSGxNOAODBdbR2rYQ,DieLinke,https://www.youtube.com/watch?v=rs4yfn76zhI
zKapNKRdbYQ,Pressekonferenz: Ergebnisse der Sitzung des Parteivorstandes,2024-08-19T12:06:50Z,3795,193,75,PT59M38S,UCA95T5bSGxNOAODBdbR2rYQ,DieLinke,https://www.youtube.com/watch?v=zKapNKRdbYQ
I0NtLzI6doY,"Autoindustrie: Umbau starten, Jobs retten! Mit Janine Wissler, Stefan Hartmann & Stefan Nagel",2024-08-12T23:49:28Z,1920,111,32,PT41M23S,UCA95T5bSGxNOAODBdbR2rYQ,DieLinke,https://www.youtube.com/watch?v=I0NtLzI6doY
rI387iUoBrg,Unser Wahlspot zur Landtagswahl in Thüringen,2024-08-12T13:30:33Z,3746,236,126,PT1M13S,UCA95T5bSGxNOAODBdbR2rYQ,DieLinke,https://www.youtube.com/watch?v=rI387iUoBrg
LiqT78GlXwg,Die Bildungskatastrophe stoppen! Pressekonferenz mit Ates Gürpinar,2024-08-05T23:27:14Z,930,71,13,PT22M14S,UCA95T5bSGxNOAODBdbR2rYQ,DieLinke,https://www.youtube.com/watch?v=LiqT78GlXwg
m3b0C7Ilpmw,Wütend auf den Kapitalismus?! Eine Veranstaltung von Volker Lösch und Die Linke. #politik #dielinke,2024-07-31T13:39:33Z,7734,468,54,PT54S,UCA95T5bSGxNOAODBdbR2rYQ,DieLinke,https://www.youtube.com/watch?v=m3b0C7Ilpmw
t7dh0Y2vHfI,Wahlrecht: Wir haben gewonnen!,2024-07-30T15:01:43Z,22752,2745,109,PT37S,UCA95T5bSGxNOAODBdbR2rYQ,DieLinke,https://www.youtube.com/watch?v=t7dh0Y2vHfI
QSQVkuyWq6w,Pressekonferenz mit Ates Gürpinar,2024-07-29T23:23:26Z,1091,100,14,PT23M16S,UCA95T5bSGxNOAODBdbR2rYQ,DieLinke,https://www.youtube.com/watch?v=QSQVkuyWq6w
lN8ttA465gI,Ates Gürpinar: Bahnreform 2.0 statt „Bahnsinn“ & Profite,2024-07-22T23:23:15Z,1379,108,23,PT26M56S,UCA95T5bSGxNOAODBdbR2rYQ,DieLinke,https://www.youtube.com/watch?v=lN8ttA465gI
FYNLr7tVR7I,Kampfansage an die AfD: Nam Duy Nguyen kämpft um Direktmandat in Leipzig Mitte-Ost,2024-07-21T08:25:19Z,11627,941,236,PT1M56S,UCA95T5bSGxNOAODBdbR2rYQ,DieLinke,https://www.youtube.com/watch?v=FYNLr7tVR7I
mMhkegm6vkk,"Ostdeutschland vor den Landtagswahlen: Talk mit Bodo Ramelow, Susanne Schaper & Sebastian Walter",2024-07-19T11:20:28Z,7418,332,97,PT54M33S,UCA95T5bSGxNOAODBdbR2rYQ,DieLinke,https://www.youtube.com/watch?v=mMhkegm6vkk
RV7Gl48F4co,Dieser Haushalt ist eine Enttäuschung! Linke,2024-07-17T14:37:53Z,4144,416,76,PT1M,UCA95T5bSGxNOAODBdbR2rYQ,DieLinke,https://www.youtube.com/watch?v=RV7Gl48F4co
ENelNq2KJ_I,Alles Gute nach Frankreich 🥰,2024-07-08T15:58:07Z,4893,440,83,PT48S,UCA95T5bSGxNOAODBdbR2rYQ,DieLinke,https://www.youtube.com/watch?v=ENelNq2KJ_I
5O4LZ_aobQA,Pressekonferenz mit Martin Schirdewan,2024-07-08T11:39:14Z,2563,145,71,PT32M3S,UCA95T5bSGxNOAODBdbR2rYQ,DieLinke,https://www.youtube.com/watch?v=5O4LZ_aobQA
KpKhCJYRXog,Plan für eine antirassistische Politikwende in Deutschland – mit Janine Wissler und Elif Eralp,2024-07-02T00:21:26Z,2892,166,51,PT55M14S,UCA95T5bSGxNOAODBdbR2rYQ,DieLinke,https://www.youtube.com/watch?v=KpKhCJYRXog
5nWUn7w0ocE,Pressekonferenz mit Janine Wissler: Die Ampel wird zum Sargnagel für den Sozialstaat,2024-06-24T23:26:16Z,2194,167,74,PT22M18S,UCA95T5bSGxNOAODBdbR2rYQ,DieLinke,https://www.youtube.com/watch?v=5nWUn7w0ocE
FRmrua5s2ts,Europakonvent 2024: Rede von Heidi Reichinnek,2024-06-17T14:32:27Z,6290,459,180,PT11M11S,UCA95T5bSGxNOAODBdbR2rYQ,DieLinke,https://www.youtube.com/watch?v=FRmrua5s2ts
TErqCPchPsM,Pressekonferenz mit Katina Schubert: Die Wiedereinführung der Wehrpflicht ist falsch.,2024-06-17T11:12:36Z,1456,118,35,PT8M9S,UCA95T5bSGxNOAODBdbR2rYQ,DieLinke,https://www.youtube.com/watch?v=TErqCPchPsM
ktDLL7nyW8A,ABGESCHOBEN zum 18. Geburtstag? Janine Wissler vs. Boris Palmer #short #shorts,2024-06-13T19:16:57Z,32691,2731,235,PT53S,UCA95T5bSGxNOAODBdbR2rYQ,DieLinke,https://www.youtube.com/watch?v=ktDLL7nyW8A
repy4Y7GKM4,Geflüchtete klauen Arzttermine?? Janine Wissler GRILLT Boris Palmer #short #shorts,2024-06-13T10:01:21Z,34761,1171,248,PT49S,UCA95T5bSGxNOAODBdbR2rYQ,DieLinke,https://www.youtube.com/watch?v=repy4Y7GKM4
6-j9bB_klfk,Geflüchtete klauen Arzttermine?? Janine Wissler grillt Boris Palmer,2024-06-12T18:06:31Z,6679,461,152,PT1M28S,UCA95T5bSGxNOAODBdbR2rYQ,DieLinke,https://www.youtube.com/watch?v=6-j9bB_klfk
J8UezxG5jsA,Pressekonferenz: Rückblick auf die Europawahl,2024-06-10T11:52:05Z,6677,263,328,PT29M18S,UCA95T5bSGxNOAODBdbR2rYQ,DieLinke,https://www.youtube.com/watch?v=J8UezxG5jsA
qgLxiY91VfI,Unbestechliche Politik für Euch in Brüssel! #shorts,2024-06-08T08:57:19Z,6005,438,74,PT59S,UCA95T5bSGxNOAODBdbR2rYQ,DieLinke,https://www.youtube.com/watch?v=qgLxiY91VfI
cPZjMp0-FfY,"Auftakt zum Endspurt der Europawahl mit Martin Schirdewan, Carola Rackete, Gregor Gysi u.v.a",2024-06-08T04:16:28Z,3481,186,46,PT2H50M40S,UCA95T5bSGxNOAODBdbR2rYQ,DieLinke,https://www.youtube.com/watch?v=cPZjMp0-FfY
pWaEMSqUYPQ,Ines Schwerdtner (Die Linke): Unterwegs im Osten,2024-06-07T20:37:42Z,43790,368,37,PT15S,UCA95T5bSGxNOAODBdbR2rYQ,DieLinke,https://www.youtube.com/watch?v=pWaEMSqUYPQ
flcyqBDzGwU,Das Leben muss bezahlbar sein! #shorts,2024-06-07T08:56:11Z,7916,528,52,PT1M,UCA95T5bSGxNOAODBdbR2rYQ,DieLinke,https://www.youtube.com/watch?v=flcyqBDzGwU
_bWbQkUhSWo,Europakonvent 2024: Talk mit Carola Rackete und Tareq Alaows,2024-06-07T06:57:47Z,2394,72,63,PT16M33S,UCA95T5bSGxNOAODBdbR2rYQ,DieLinke,https://www.youtube.com/watch?v=_bWbQkUhSWo
KllJwfmXa00,"Dafür stehen wir als die Linke: Soziale Sicherheit, Frieden & Klimagerechtigkeit",2024-06-06T16:22:50Z,25189,728,161,PT6M24S,UCA95T5bSGxNOAODBdbR2rYQ,DieLinke,https://www.youtube.com/watch?v=KllJwfmXa00
WxRRKTsiHfc,Eine Rhabarberbar eröffnen bei DIESEN Mietpreisen? Unmöglich! #shorts,2024-06-05T12:02:47Z,7565,656,70,PT42S,UCA95T5bSGxNOAODBdbR2rYQ,DieLinke,https://www.youtube.com/watch?v=WxRRKTsiHfc
WQnNIr_zBkM,"Martin Schirdewan & Carola Rackete: Das Klima schützen, nicht die Konzernprofite!",2024-06-03T23:40:30Z,2234,134,39,PT39M51S,UCA95T5bSGxNOAODBdbR2rYQ,DieLinke,https://www.youtube.com/watch?v=WQnNIr_zBkM
mJwaqT94b_w,Ines Schwerdtner (Die Linke): Unterwegs im Osten,2024-06-03T14:56:04Z,45007,878,35,PT32S,UCA95T5bSGxNOAODBdbR2rYQ,DieLinke,https://www.youtube.com/watch?v=mJwaqT94b_w
t_jE4v9lqAI,UNGLAUBLICH!! Hast du DAS gewusst?? #oddlysatisfying #asmr #shorts,2024-06-02T14:04:22Z,5692,351,34,PT53S,UCA95T5bSGxNOAODBdbR2rYQ,DieLinke,https://www.youtube.com/watch?v=t_jE4v9lqAI
qzbfz52R3cI,Wütend auf den Kapitalismus?!  Für eine starke linke Politik. Eine Veranstaltung von Volker Lösch,2024-06-01T06:22:27Z,3046,154,17,PT1H52M45S,UCA95T5bSGxNOAODBdbR2rYQ,DieLinke,https://www.youtube.com/watch?v=qzbfz52R3cI
9CU_samovkc,Europakonvent 2024: Rede von Gregor Gysi,2024-05-31T18:02:48Z,14800,600,223,PT14M53S,UCA95T5bSGxNOAODBdbR2rYQ,DieLinke,https://www.youtube.com/watch?v=9CU_samovkc
UOq2tQ1GU_g,Europakonvent 2024: Rede von Sören Pellmann,2024-05-31T18:02:27Z,623,48,5,PT9M33S,UCA95T5bSGxNOAODBdbR2rYQ,DieLinke,https://www.youtube.com/watch?v=UOq2tQ1GU_g
uFeOG4nG3BM,Europakonvent 2024: Rede von Özlem Alev Demirel,2024-05-31T18:02:04Z,1249,63,10,PT16M2S,UCA95T5bSGxNOAODBdbR2rYQ,DieLinke,https://www.youtube.com/watch?v=uFeOG4nG3BM
PcSo17DRKCs,Wettrüsten macht die Welt nicht sicherer! #shorts,2024-05-31T13:51:33Z,29376,2088,131,PT32S,UCA95T5bSGxNOAODBdbR2rYQ,DieLinke,https://www.youtube.com/watch?v=PcSo17DRKCs
SG2UMlzBCuQ,Seenotretter Ruben Neugebauer wählt Die Linke: Denn Gerechtigkeit klappt nur mit Links! #shorts,2024-05-30T09:28:11Z,10455,962,76,PT42S,UCA95T5bSGxNOAODBdbR2rYQ,DieLinke,https://www.youtube.com/watch?v=SG2UMlzBCuQ
p9UJwg5_VRU,Europakonvent 2024: Rede von Christiane Benner (Vorsitzende IG Metall),2024-05-30T08:46:05Z,540,36,11,PT12M49S,UCA95T5bSGxNOAODBdbR2rYQ,DieLinke,https://www.youtube.com/watch?v=p9UJwg5_VRU
qUpj4ihCa34,Didier Eribon: Adresse an die europäische Linke (Deutsche Übersetzung),2024-05-29T15:21:14Z,2270,65,3,PT25M26S,UCA95T5bSGxNOAODBdbR2rYQ,DieLinke,https://www.youtube.com/watch?v=qUpj4ihCa34
Y-_TVTyYOe4,Europakonvent 2024: Rede von Martin Schirdewan,2024-05-29T11:35:00Z,2324,136,19,PT24M1S,UCA95T5bSGxNOAODBdbR2rYQ,DieLinke,https://www.youtube.com/watch?v=Y-_TVTyYOe4
Vhba2wk-uOY,Europakonvent 2024: Rede von Janine Wissler,2024-05-29T11:29:20Z,1503,90,26,PT15M4S,UCA95T5bSGxNOAODBdbR2rYQ,DieLinke,https://www.youtube.com/watch?v=Vhba2wk-uOY
xtipWlGO6xU,Didier Eribon: Adresse an die europäische Linke (Französisch),2024-05-29T11:25:48Z,822,42,4,PT25M17S,UCA95T5bSGxNOAODBdbR2rYQ,DieLinke,https://www.youtube.com/watch?v=xtipWlGO6xU
E-qh0KeS3bY,Gerechtigkeit geht #nurmitlinks: Am 9. Juni Die Linke wählen!,2024-05-29T07:19:47Z,4103,211,65,PT1M17S,UCA95T5bSGxNOAODBdbR2rYQ,DieLinke,https://www.youtube.com/watch?v=E-qh0KeS3bY
vXj6sdLPwFU,"Martin Schirdewan: Unser Plan, um die Armut in Europa abzuschaffen",2024-05-27T22:20:29Z,918,78,18,PT17M18S,UCA95T5bSGxNOAODBdbR2rYQ,DieLinke,https://www.youtube.com/watch?v=vXj6sdLPwFU
6mP_Sj9-4VA,Das Klima schützen statt Konzernprofite! Das Wahlprogramm der Linken #shorts,2024-05-27T08:40:51Z,5230,456,68,PT1M,UCA95T5bSGxNOAODBdbR2rYQ,DieLinke,https://www.youtube.com/watch?v=6mP_Sj9-4VA
LD_p67grA14,Pressekonferenz zum Europakonvent #nurmitlinks,2024-05-26T23:22:39Z,678,55,10,PT16M59S,UCA95T5bSGxNOAODBdbR2rYQ,DieLinke,https://www.youtube.com/watch?v=LD_p67grA14
K1OEQvOS07o,Europakonvent #nurmitlinks,2024-05-26T16:29:04Z,4442,233,19,PT3H38M35S,UCA95T5bSGxNOAODBdbR2rYQ,DieLinke,https://www.youtube.com/watch?v=K1OEQvOS07o
RtjyCScW1_0,Regisseur Volker Lösch wählt Die Linke: Für ein Umsteuern in der Klima- & Sozialpolitik! #shorts,2024-05-26T07:58:51Z,4189,400,42,PT38S,UCA95T5bSGxNOAODBdbR2rYQ,DieLinke,https://www.youtube.com/watch?v=RtjyCScW1_0
-bx5oW2HGpI,Sookee wählt links: Du auch? #Politik #shorts,2024-05-25T09:50:12Z,4969,357,90,PT59S,UCA95T5bSGxNOAODBdbR2rYQ,DieLinke,https://www.youtube.com/watch?v=-bx5oW2HGpI
EVDlxIdk6bI,Stoppt die Auslieferung von Antifaschisten an Orban!,2024-05-22T14:50:04Z,5276,168,488,PT9M16S,UCA95T5bSGxNOAODBdbR2rYQ,DieLinke,https://www.youtube.com/watch?v=EVDlxIdk6bI
gtFj-b64KEE,Martin Schirdewan: Unser Plan für eine soziale Verkehrswende,2024-05-21T22:31:13Z,1244,83,20,PT27M26S,UCA95T5bSGxNOAODBdbR2rYQ,DieLinke,https://www.youtube.com/watch?v=gtFj-b64KEE
8MSV1pGrgYM,"In Frieden investieren, nicht in Krieg! Das Wahlprogramm der Linken zur Europawahl #shorts",2024-05-21T17:34:24Z,3059,290,44,PT54S,UCA95T5bSGxNOAODBdbR2rYQ,DieLinke,https://www.youtube.com/watch?v=8MSV1pGrgYM
2fSv493XzrY,Kostenfreier ÖPNV für alle statt Privatjets für Wenige! Das Wahlprogramm der Linken #shorts,2024-05-20T09:06:38Z,4611,414,111,PT55S,UCA95T5bSGxNOAODBdbR2rYQ,DieLinke,https://www.youtube.com/watch?v=2fSv493XzrY
oiMAjLwtiiQ,Stoppt die Diätenerhöhung! #Bundestag #Politik #shorts,2024-05-19T18:08:41Z,8521,695,48,PT58S,UCA95T5bSGxNOAODBdbR2rYQ,DieLinke,https://www.youtube.com/watch?v=oiMAjLwtiiQ
pmTo_ZuIeuk,Keine Rendite mit der Miete! Unser Wahlprogramm zur Europawahl #Wohnen #Wohnung #Geld,2024-05-19T12:20:49Z,4185,420,102,PT49S,UCA95T5bSGxNOAODBdbR2rYQ,DieLinke,https://www.youtube.com/watch?v=pmTo_ZuIeuk
YX-g8s3dnZA,Arzt entlarvt Absurdität der Zwei-Klassen-Medizin! #Gesundheit #Medizin #Pflege,2024-05-18T15:14:43Z,68487,5413,175,PT54S,UCA95T5bSGxNOAODBdbR2rYQ,DieLinke,https://www.youtube.com/watch?v=YX-g8s3dnZA
di1GPUBd90U,Keine Profite mit unserer #Gesundheit! Unser Wahlprogramm zur Europawahl #Pflege #Medizin,2024-05-18T09:35:46Z,2149,291,29,PT41S,UCA95T5bSGxNOAODBdbR2rYQ,DieLinke,https://www.youtube.com/watch?v=di1GPUBd90U
bVuMsq9RJLA,Reichtum der allen nutzt! Das Wahlprogramm der Linken zur #Europawahl #Europa #EU,2024-05-17T17:51:02Z,4585,394,50,PT52S,UCA95T5bSGxNOAODBdbR2rYQ,DieLinke,https://www.youtube.com/watch?v=bVuMsq9RJLA
ZPObK4_cRAA,Armut abschaffen! Das Wahlprogramm der Linken zur #Europawahl #Europa #EU,2024-05-16T14:57:33Z,6315,492,81,PT54S,UCA95T5bSGxNOAODBdbR2rYQ,DieLinke,https://www.youtube.com/watch?v=ZPObK4_cRAA
jpPUaD4NXGs,Der Döner ist zu teuer!,2024-05-15T15:15:19Z,5914,468,140,PT2M22S,UCA95T5bSGxNOAODBdbR2rYQ,DieLinke,https://www.youtube.com/watch?v=jpPUaD4NXGs
exLk8ZeRbNY,Kein Profit mit Krieg und Krise! #DAX #Geld #Politik,2024-05-15T08:22:11Z,2392,194,35,PT57S,UCA95T5bSGxNOAODBdbR2rYQ,DieLinke,https://www.youtube.com/watch?v=exLk8ZeRbNY
rZrO4t7DyWw,Janine Wissler & Özlem Demirel: Kein Profit mit Krieg und Krise!,2024-05-13T23:43:59Z,1390,115,33,PT30M41S,UCA95T5bSGxNOAODBdbR2rYQ,DieLinke,https://www.youtube.com/watch?v=rZrO4t7DyWw
8E2SHNWHgm4,Gerechtigkeit geht #nurmitlinks: Am 9. Juni Die Linke wählen!,2024-05-09T08:54:00Z,143717,653,161,PT1M11S,UCA95T5bSGxNOAODBdbR2rYQ,DieLinke,https://www.youtube.com/watch?v=8E2SHNWHgm4
s2bxxvwuGMo,Wissler: Wir erleben einen Klassenkampf! #Inflation #Geld #Gerechtigkeit,2024-05-08T14:54:30Z,56404,2211,293,PT56S,UCA95T5bSGxNOAODBdbR2rYQ,DieLinke,https://www.youtube.com/watch?v=s2bxxvwuGMo
wF_y6fuVq40,Wir kämpfen für bezahlbare Lebensmittel ❤️,2024-05-07T17:10:17Z,4342,345,85,PT40S,UCA95T5bSGxNOAODBdbR2rYQ,DieLinke,https://www.youtube.com/watch?v=wF_y6fuVq40
wf26tWnBbIw,Statt Altersarmut: Renten hoch! Mit Martin Schirdewan und Matthias W. Birkwald,2024-05-06T22:38:11Z,1048,78,20,PT47M31S,UCA95T5bSGxNOAODBdbR2rYQ,DieLinke,https://www.youtube.com/watch?v=wf26tWnBbIw
lffHGgjFtvg,Antifaschismus muss Grundkonsens sein! #Demokratie #Politik,2024-05-06T18:19:45Z,2921,205,50,PT52S,UCA95T5bSGxNOAODBdbR2rYQ,DieLinke,https://www.youtube.com/watch?v=lffHGgjFtvg
o1_ELqVrBno,Fast jeder 2. Rentner ARM?? Renten hoch statt Altersarmut! #Rente #Geld #Finanzen,2024-05-06T14:27:42Z,5582,315,67,PT47S,UCA95T5bSGxNOAODBdbR2rYQ,DieLinke,https://www.youtube.com/watch?v=o1_ELqVrBno
P7Rjs06EoDI,"""Das Sterben an den Außengrenzen beenden!"" Lea Reisner beim Wahlkampfauftakt der Linken",2024-05-05T13:00:30Z,1360,75,45,PT3M39S,UCA95T5bSGxNOAODBdbR2rYQ,DieLinke,https://www.youtube.com/watch?v=P7Rjs06EoDI
7_V5lpyiWz0,Das tägliche Sterben an den Außengrenzen beenden! #Europa #EU #Flucht,2024-05-05T08:55:53Z,2616,149,46,PT22S,UCA95T5bSGxNOAODBdbR2rYQ,DieLinke,https://www.youtube.com/watch?v=7_V5lpyiWz0
RIYRJdKMMfw,"""Wer Frieden will muss ihn politisch erkämpfen!"" Ines Schwerdtner beim Wahlkampfauftakt der Linken",2024-05-05T08:00:12Z,2897,130,62,PT6M13S,UCA95T5bSGxNOAODBdbR2rYQ,DieLinke,https://www.youtube.com/watch?v=RIYRJdKMMfw
TbwjVMTdLWg,"""Demokratie stärken, Ungerechtigkeit bekämpfen!"" Gerhard Trabert beim Wahlkampfauftakt der Linken",2024-05-04T13:00:23Z,966,93,43,PT9M57S,UCA95T5bSGxNOAODBdbR2rYQ,DieLinke,https://www.youtube.com/watch?v=TbwjVMTdLWg
7V9DOE_q84s,Die Flamme des antifaschistischen Widerstands: Carola Rackete beim Wahlkampfauftakt der Linken,2024-05-04T08:00:05Z,3154,131,116,PT3M20S,UCA95T5bSGxNOAODBdbR2rYQ,DieLinke,https://www.youtube.com/watch?v=7V9DOE_q84s
-3Jr2mRt94I,"""Für ein Europa der Solidarität!"" Martin Schirdewan auf dem Wahlkampfauftakt der Linken",2024-05-03T17:40:00Z,1466,121,34,PT17M34S,UCA95T5bSGxNOAODBdbR2rYQ,DieLinke,https://www.youtube.com/watch?v=-3Jr2mRt94I
rlrDW8kBN2c,Damit alle satt werden: Kostenloses Schulessen für alle! #Schule #Geld #Familie,2024-05-03T12:44:36Z,36161,4601,198,PT50S,UCA95T5bSGxNOAODBdbR2rYQ,DieLinke,https://www.youtube.com/watch?v=rlrDW8kBN2c
4HKfDPNda5Q,"Waffen nieder, Löhne hoch! Özlem erklärt warum sie antritt. #Europa #EU #Europawahl",2024-05-03T09:30:03Z,1933,164,18,PT59S,UCA95T5bSGxNOAODBdbR2rYQ,DieLinke,https://www.youtube.com/watch?v=4HKfDPNda5Q
hyEO-xNsI-s,1.Mai: Solidarität mit allen Streikenden! #Arbeit #Gerechtigkeit,2024-04-30T14:39:11Z,1720,180,16,PT44S,UCA95T5bSGxNOAODBdbR2rYQ,DieLinke,https://www.youtube.com/watch?v=hyEO-xNsI-s
uYOnSPOXcso,Unser Plan für gute Arbeit: Pressekonferenz mit Martin Schirdewan und Ines Schwerdtner,2024-04-29T23:32:25Z,1005,76,25,PT24M49S,UCA95T5bSGxNOAODBdbR2rYQ,DieLinke,https://www.youtube.com/watch?v=uYOnSPOXcso
vtIQ0WJg04o,"Gesundheit für alle! Pressekonferenz mit Partei-, Gruppen- und Landesvorsitzenden aus Templin",2024-04-29T01:29:14Z,691,53,6,PT22M6S,UCA95T5bSGxNOAODBdbR2rYQ,DieLinke,https://www.youtube.com/watch?v=vtIQ0WJg04o
YXwRDHGN1xM,Linke startet in den Europawahlkampf: Gerechtigkeit geht #nurmitlinks!,2024-04-27T16:48:03Z,3883,216,34,PT54S,UCA95T5bSGxNOAODBdbR2rYQ,DieLinke,https://www.youtube.com/watch?v=YXwRDHGN1xM
pG4FIHM6a7g,Gerechtigkeit geht #nurmitlinks! Linke startet in den Europawahlkampf,2024-04-27T15:42:09Z,34727,364,66,PT55S,UCA95T5bSGxNOAODBdbR2rYQ,DieLinke,https://www.youtube.com/watch?v=pG4FIHM6a7g
uA1MHvbM1fA,"Wahlkampfauftakt zur Europawahl mit Martin Schirdewan, Carola Rackete, Gerhard Trabert u.a.",2024-04-27T03:55:10Z,2343,136,22,PT1H24M59S,UCA95T5bSGxNOAODBdbR2rYQ,DieLinke,https://www.youtube.com/watch?v=uA1MHvbM1fA
0Cn_dUB5RYk,Lesbos: Gefängnis für Geflüchtete #RefugeesWelcome #asyl,2024-04-26T08:57:55Z,4284,212,73,PT38S,UCA95T5bSGxNOAODBdbR2rYQ,DieLinke,https://www.youtube.com/watch?v=0Cn_dUB5RYk
YTbMTyQmyQ0,Anzeige ist raus! Lieber Linke wählen und zum Auftakt des Europawahlkampfes in #Berlin kommen 🥳,2024-04-24T11:59:39Z,13952,439,140,PT33S,UCA95T5bSGxNOAODBdbR2rYQ,DieLinke,https://www.youtube.com/watch?v=YTbMTyQmyQ0
SZgX48RR6YY,Janine Wissler und Caren Lay: Gegen die Preisexplosion von Mieten und Energiekosten!,2024-04-22T23:28:10Z,931,78,15,PT23M45S,UCA95T5bSGxNOAODBdbR2rYQ,DieLinke,https://www.youtube.com/watch?v=SZgX48RR6YY
aHEcJSXwGzU,10 Gründe Die Linke zu wählen (Gebärdensprache),2024-04-22T15:25:08Z,1107,75,14,PT26M17S,UCA95T5bSGxNOAODBdbR2rYQ,DieLinke,https://www.youtube.com/watch?v=aHEcJSXwGzU
sNbVF9xEA0w,Martin Schirdewan: Spitzenkandidat zur Europawahl,2024-04-18T10:17:48Z,4777,230,65,PT2M21S,UCA95T5bSGxNOAODBdbR2rYQ,DieLinke,https://www.youtube.com/watch?v=sNbVF9xEA0w
R6i2pYj9QbA,Gysi vs. Strack-Zimmermann #Politik #Bundesregierung,2024-04-17T11:34:20Z,134807,7168,540,PT39S,UCA95T5bSGxNOAODBdbR2rYQ,DieLinke,https://www.youtube.com/watch?v=R6i2pYj9QbA
7LiuUNrti6c,"Steuerflüchtlinge aufhalten, Steueroasen trockenlegen! Mit Ates Gürpinar und Martin Günther",2024-04-15T23:40:17Z,1026,74,44,PT29M50S,UCA95T5bSGxNOAODBdbR2rYQ,DieLinke,https://www.youtube.com/watch?v=7LiuUNrti6c
12hFnjv6EKc,Carola Rackete: Spitzenkandidatin zur Europawahl,2024-04-12T10:51:27Z,13806,385,245,PT1M37S,UCA95T5bSGxNOAODBdbR2rYQ,DieLinke,https://www.youtube.com/watch?v=12hFnjv6EKc
VQVQOq3kLQs,Thüringen: Schwarzbraune Freak-Show stoppen!,2024-04-11T14:22:29Z,1995,143,92,PT1M38S,UCA95T5bSGxNOAODBdbR2rYQ,DieLinke,https://www.youtube.com/watch?v=VQVQOq3kLQs
IjhRWuCU7mo,Ist Lindner wie Gollum?  #politik #dielinke,2024-04-10T08:55:21Z,2339,189,20,PT24S,UCA95T5bSGxNOAODBdbR2rYQ,DieLinke,https://www.youtube.com/watch?v=IjhRWuCU7mo
u5wrsbY8vjY,Verkehrsminister Wissing sorgt für größte Verspätung ALLER ZEITEN! #Bahn #DeutscheBahn,2024-04-09T13:22:48Z,2799,163,37,PT1M,UCA95T5bSGxNOAODBdbR2rYQ,DieLinke,https://www.youtube.com/watch?v=u5wrsbY8vjY
MxLNWgfN2Gw,"""Züge Europas, vereinigt euch!"" Pressekonferenz für eine Bahn für Europa",2024-04-08T23:31:55Z,992,72,5,PT24M21S,UCA95T5bSGxNOAODBdbR2rYQ,DieLinke,https://www.youtube.com/watch?v=MxLNWgfN2Gw
YvdyMaBoLKs,Gerhard Trabert: Spitzenkandidat zur Europawahl,2024-04-05T13:00:37Z,2295,168,20,PT1M59S,UCA95T5bSGxNOAODBdbR2rYQ,DieLinke,https://www.youtube.com/watch?v=YvdyMaBoLKs
rGoX9QcYWqU,Wir sind nicht käuflich! #Politik #Bundestag,2024-04-05T10:42:36Z,22099,3033,127,PT57S,UCA95T5bSGxNOAODBdbR2rYQ,DieLinke,https://www.youtube.com/watch?v=rGoX9QcYWqU
3-LILll2_VY,Özlem Alev Demirel: Spitzenkandidatin zur Europawahl,2024-03-30T11:35:44Z,2113,152,47,PT2M18S,UCA95T5bSGxNOAODBdbR2rYQ,DieLinke,https://www.youtube.com/watch?v=3-LILll2_VY
Z_2P8AgUkbA,Nur noch 4 Tage die Woche arbeiten! #politik #arbeit #dielinke,2024-03-26T11:56:00Z,3122,246,42,PT59S,UCA95T5bSGxNOAODBdbR2rYQ,DieLinke,https://www.youtube.com/watch?v=Z_2P8AgUkbA
aV11T2f4QaE,In 4 Schritten zur 4-Tage-Woche: Pressekonferenz mit Ates Gürpinar,2024-03-25T13:51:13Z,1135,95,28,PT19M19S,UCA95T5bSGxNOAODBdbR2rYQ,DieLinke,https://www.youtube.com/watch?v=aV11T2f4QaE
T5DQONGbcDQ,Gerechtigkeit geht #NurmitLinks! Unsere Kampagne zur Europawahl 2024,2024-03-20T01:41:47Z,3319,135,16,PT1H21M16S,UCA95T5bSGxNOAODBdbR2rYQ,DieLinke,https://www.youtube.com/watch?v=T5DQONGbcDQ
78kSUKMVXJU,Zwei-Klassen-Medizin abschaffen! Mit Janine Wissler & Dr. Gerhard Trabert,2024-03-19T00:58:26Z,1094,89,18,PT53M56S,UCA95T5bSGxNOAODBdbR2rYQ,DieLinke,https://www.youtube.com/watch?v=78kSUKMVXJU
J-YvMvBqCT0,"Alleinerziehende besser unterstützen! Mit Janine Wissler & Delia Keller (""Fair für Kinder"")",2024-03-12T00:41:36Z,1161,91,25,PT30M,UCA95T5bSGxNOAODBdbR2rYQ,DieLinke,https://www.youtube.com/watch?v=J-YvMvBqCT0
LX0ch4SYDtE,Alleinerziehend: Schluss mit den Stigmatas! #Familie #Kinder #Feminismus,2024-03-11T17:32:17Z,3266,232,45,PT44S,UCA95T5bSGxNOAODBdbR2rYQ,DieLinke,https://www.youtube.com/watch?v=LX0ch4SYDtE
r5Hkj4bck0w,Menschen fliehen nicht wegen 400€ Sozialleistung!,2024-03-07T10:15:35Z,1463,134,77,PT2M6S,UCA95T5bSGxNOAODBdbR2rYQ,DieLinke,https://www.youtube.com/watch?v=r5Hkj4bck0w
gykVU3UGTlw,Frauen verdienen das Gleiche - tun sie aber nicht!?!,2024-03-06T11:20:14Z,1228,123,33,PT2M35S,UCA95T5bSGxNOAODBdbR2rYQ,DieLinke,https://www.youtube.com/watch?v=gykVU3UGTlw
xbYoYyoqhmA,Martin Schirdewan: Maßnahmen zur Rettung der Solarindustrie,2024-03-05T00:14:29Z,907,64,10,PT11M26S,UCA95T5bSGxNOAODBdbR2rYQ,DieLinke,https://www.youtube.com/watch?v=xbYoYyoqhmA
dAQ8EgfpS7o,"""Wir fahren zusammen und wir streiken zusammen!"" #ÖPNV #Klima #Verdi",2024-03-01T17:16:43Z,2406,153,17,PT1M,UCA95T5bSGxNOAODBdbR2rYQ,DieLinke,https://www.youtube.com/watch?v=dAQ8EgfpS7o
Sz6BCrjwee0,Klimaschutz braucht guten Nahverkehr! #Klima #ÖPNV #Verdi,2024-03-01T14:39:55Z,1311,138,14,PT41S,UCA95T5bSGxNOAODBdbR2rYQ,DieLinke,https://www.youtube.com/watch?v=Sz6BCrjwee0
ExiOo287cRQ,ZWANGSARBEIT für Geflüchtete?? #Politik #Migration #Asyl,2024-02-29T09:24:31Z,8103,285,220,PT34S,UCA95T5bSGxNOAODBdbR2rYQ,DieLinke,https://www.youtube.com/watch?v=ExiOo287cRQ
WU5wdZphxs4,"""Seid ihr eigentlich alle verrückt geworden?"" Martin Schirdewan (Die Linke) vs. Ursula von der Leyen",2024-02-28T15:16:56Z,10653,694,60,PT1M,UCA95T5bSGxNOAODBdbR2rYQ,DieLinke,https://www.youtube.com/watch?v=WU5wdZphxs4
tIT72SXyaEY,Aufrüstung ODER Sozialstaat? Top-Ökonom packt bei Illner aus! #Bundesregierung #politik,2024-02-27T15:32:01Z,40817,3246,91,PT1M,UCA95T5bSGxNOAODBdbR2rYQ,DieLinke,https://www.youtube.com/watch?v=tIT72SXyaEY
3zI6tJMLQ3s,"Lorenz Gösta Beutin: ""Die Beschäftigten im ÖPNV sind die Helden der Verkehrswende!""",2024-02-26T12:17:50Z,960,67,8,PT12M15S,UCA95T5bSGxNOAODBdbR2rYQ,DieLinke,https://www.youtube.com/watch?v=3zI6tJMLQ3s
0TeifrPDJvo,Nazipartei bleibt Nazipartei! #NoAfD #politik,2024-02-23T16:39:35Z,33918,2811,350,PT35S,UCA95T5bSGxNOAODBdbR2rYQ,DieLinke,https://www.youtube.com/watch?v=0TeifrPDJvo
J3oDGrUPTCo,Mut gegen die da Oben: Umverteilung jetzt! #Politik #Reichtum #Steuern,2024-02-22T14:16:48Z,2164,160,24,PT26S,UCA95T5bSGxNOAODBdbR2rYQ,DieLinke,https://www.youtube.com/watch?v=J3oDGrUPTCo
IDpahHasCAc,Martin fordert Asyl für russische Oppositionelle #dielinke #politik,2024-02-21T18:03:30Z,2166,145,25,PT59S,UCA95T5bSGxNOAODBdbR2rYQ,DieLinke,https://www.youtube.com/watch?v=IDpahHasCAc
fKhVoWoBGe8,Politischer Aschermittwoch der Linken 2024,2024-02-14T23:14:56Z,4245,158,69,PT1H38M38S,UCA95T5bSGxNOAODBdbR2rYQ,DieLinke,https://www.youtube.com/watch?v=fKhVoWoBGe8
6yZT29pdxJ8,Absurde Weltraumbahnhöfe von Söder und Privatjetverbot für Merz #dielinke #Aschermittwoch #politik,2024-02-14T15:46:59Z,4550,192,33,PT59S,UCA95T5bSGxNOAODBdbR2rYQ,DieLinke,https://www.youtube.com/watch?v=6yZT29pdxJ8
WO4_ByAfefQ,Digitalkonzerne fair besteuern! Pressekonferenz mit Martin Schirdewan & Christoph Trautvetter,2024-02-13T00:42:15Z,1460,73,18,PT37M27S,UCA95T5bSGxNOAODBdbR2rYQ,DieLinke,https://www.youtube.com/watch?v=WO4_ByAfefQ
qbkk9IIW53k,Gysi: Die Wahrheit über das Bürgergeld! #Politik #Arbeit #Links,2024-02-07T15:08:42Z,310125,19234,702,PT52S,UCA95T5bSGxNOAODBdbR2rYQ,DieLinke,https://www.youtube.com/watch?v=qbkk9IIW53k
Xm05UwM1uQw,Die Wahrheit über unser Steuersystem! #Steuern #Geld #Finanzen #Wirtschaft,2024-02-06T15:56:31Z,46960,2349,161,PT39S,UCA95T5bSGxNOAODBdbR2rYQ,DieLinke,https://www.youtube.com/watch?v=Xm05UwM1uQw
tMLR4ap6SAw,Streik der Beschäftigten im Nahverkehr,2024-02-06T00:45:08Z,1061,65,11,PT37M37S,UCA95T5bSGxNOAODBdbR2rYQ,DieLinke,https://www.youtube.com/watch?v=tMLR4ap6SAw
egin6zO6_3E,Wir sind zusammen die Brandmauer gegen Rechts - Gegen den Faschismus und die Politik der Spaltung,2024-02-03T18:56:27Z,2785,183,167,PT1M,UCA95T5bSGxNOAODBdbR2rYQ,DieLinke,https://www.youtube.com/watch?v=egin6zO6_3E
8zK_iWKC1es,Pressekonferenz: Unser Plan zur Signa-Pleite,2024-02-02T23:52:40Z,1239,75,18,PT16M36S,UCA95T5bSGxNOAODBdbR2rYQ,DieLinke,https://www.youtube.com/watch?v=8zK_iWKC1es
9qm5n19uZYM,#WirStreikenZusammen für Klima und Verkehrswende! #dielinke #politik #gerechtigkeit,2024-02-02T17:29:45Z,2388,155,10,PT57S,UCA95T5bSGxNOAODBdbR2rYQ,DieLinke,https://www.youtube.com/watch?v=9qm5n19uZYM
32peSR2TbmE,Solidarität mit dem Flughafenstreik! #Warnstreik #Verkehr #Flughafen,2024-02-01T15:05:15Z,1616,127,15,PT59S,UCA95T5bSGxNOAODBdbR2rYQ,DieLinke,https://www.youtube.com/watch?v=32peSR2TbmE
-WR45SBhz3E,"Pressekonferenz mit Ates Gürpinar: ""Die Linke wird gegen diesen unsozialen Haushalt stimmen.""",2024-01-30T00:28:57Z,1435,70,50,PT19M25S,UCA95T5bSGxNOAODBdbR2rYQ,DieLinke,https://www.youtube.com/watch?v=-WR45SBhz3E
5X6Teiawsyw,Reichtum besteuern statt Kürzungsdiktat! #Politik #Geld #Finanzen,2024-01-29T11:15:36Z,3369,174,22,PT26S,UCA95T5bSGxNOAODBdbR2rYQ,DieLinke,https://www.youtube.com/watch?v=5X6Teiawsyw
XkLXtTn4efE,"Was Lindner sagen würde, wären ihm Menschen und nicht Konzerne wichtig! #politik",2024-01-23T10:13:33Z,4696,174,58,PT30S,UCA95T5bSGxNOAODBdbR2rYQ,DieLinke,https://www.youtube.com/watch?v=XkLXtTn4efE
pKpQlOkTdTU,"Pressekonferenz mit Martin Schirdewan ""Wir brauchen einen Aufstand der Zuständigen""",2024-01-23T00:23:59Z,1364,88,23,PT25M6S,UCA95T5bSGxNOAODBdbR2rYQ,DieLinke,https://www.youtube.com/watch?v=pKpQlOkTdTU
zC3_rf7KP7Q,Linken-Abgeordneter Pascal Meiser stellt Strafanzeige gegen Rechtsradikalen! #DieLinke #NoNazis,2024-01-22T16:26:30Z,2295,157,122,PT2M2S,UCA95T5bSGxNOAODBdbR2rYQ,DieLinke,https://www.youtube.com/watch?v=zC3_rf7KP7Q
jBw4Rz5A5B8,100.000 Anrufe für eine starke Linke! #Politik #bundestag,2024-01-19T11:30:29Z,3438,185,28,PT37S,UCA95T5bSGxNOAODBdbR2rYQ,DieLinke,https://www.youtube.com/watch?v=jBw4Rz5A5B8
C05lKGbrzQg,"Jahresauftakt: Erneuerungsquote, Mandatszeitbegrenzung und andere Ideen",2024-01-17T10:41:50Z,777,32,29,PT44M57S,UCA95T5bSGxNOAODBdbR2rYQ,DieLinke,https://www.youtube.com/watch?v=C05lKGbrzQg
cH5yF2OnwSY,Jahresauftakt: Soli-Fonds - Die gesellschaftliche Linke durch Basisarbeit stärken.,2024-01-17T10:38:32Z,604,28,8,PT44M45S,UCA95T5bSGxNOAODBdbR2rYQ,DieLinke,https://www.youtube.com/watch?v=cH5yF2OnwSY
LOd4vtfVvIw,Jahresauftakt: Gemeinsam die Linke erneuern – Kampagnenvorstellung,2024-01-17T09:58:46Z,1523,75,47,PT16M57S,UCA95T5bSGxNOAODBdbR2rYQ,DieLinke,https://www.youtube.com/watch?v=LOd4vtfVvIw
qWgBZrJspPI,Pressekonferenz mit Janine Wissler,2024-01-16T00:42:20Z,1623,78,19,PT34M6S,UCA95T5bSGxNOAODBdbR2rYQ,DieLinke,https://www.youtube.com/watch?v=qWgBZrJspPI
4OOc58UxHmk,Jahresauftakt 2024: Europa für alle – Abschlussdiskussion,2024-01-14T07:56:15Z,1090,43,3,PT42M39S,UCA95T5bSGxNOAODBdbR2rYQ,DieLinke,https://www.youtube.com/watch?v=4OOc58UxHmk
g0V-zx6uJPk,Jahresauftakt 2024: Spitzenkandidat*innen zur Europawahl,2024-01-14T05:31:40Z,1495,44,2,PT46M50S,UCA95T5bSGxNOAODBdbR2rYQ,DieLinke,https://www.youtube.com/watch?v=g0V-zx6uJPk
unGm086P4Y8,"Jahresauftakt 2024: Klima, Klasse, Linkspartei - Wie gelingt uns Klimapolitik für alle?",2024-01-14T03:44:19Z,1035,35,2,PT53M36S,UCA95T5bSGxNOAODBdbR2rYQ,DieLinke,https://www.youtube.com/watch?v=unGm086P4Y8
fZvs32aFAcI,Jahresauftakt 2024: Mehr Sozialismus wagen? Linke Wirtschafts- und Industriepolitik heute,2024-01-14T02:37:00Z,1841,62,15,PT1H30M30S,UCA95T5bSGxNOAODBdbR2rYQ,DieLinke,https://www.youtube.com/watch?v=fZvs32aFAcI
2uY2NMNvIKg,Jahresauftakt 2024: Umverteilen für soziale Gerechtigkeit,2024-01-14T00:27:41Z,998,29,1,PT1H20M13S,UCA95T5bSGxNOAODBdbR2rYQ,DieLinke,https://www.youtube.com/watch?v=2uY2NMNvIKg
2nFIB1UPdb8,Jahresauftakt 2024: Auftaktrally,2024-01-13T23:54:15Z,3003,90,8,PT1H47M34S,UCA95T5bSGxNOAODBdbR2rYQ,DieLinke,https://www.youtube.com/watch?v=2nFIB1UPdb8
cZOM0jHU-XA,Jahresauftakt 2024: Keynote von Prof. Dr. Marcel Fratzscher,2024-01-13T07:58:35Z,3882,105,21,PT28M41S,UCA95T5bSGxNOAODBdbR2rYQ,DieLinke,https://www.youtube.com/watch?v=cZOM0jHU-XA
xyagYaJleI8,Pressekonferenz: Am Kipppunkt. Gerechtigkeit stark machen,2024-01-13T00:34:43Z,2220,73,7,PT40M58S,UCA95T5bSGxNOAODBdbR2rYQ,DieLinke,https://www.youtube.com/watch?v=xyagYaJleI8
zlYcE3Gy_8A,Nicht vergessen: Pflege streikt auch!  #dielinke #politik,2024-01-11T10:20:05Z,4162,228,48,PT52S,UCA95T5bSGxNOAODBdbR2rYQ,DieLinke,https://www.youtube.com/watch?v=zlYcE3Gy_8A
VvNqOe7bvgg,"Martin Schirdewan zu den Bauernprotesten: ""Aufschrei gegen eine verfehlte Agrarpolitik!""",2024-01-09T00:23:34Z,2059,94,80,PT18M53S,UCA95T5bSGxNOAODBdbR2rYQ,DieLinke,https://www.youtube.com/watch?v=VvNqOe7bvgg
FNNssNUuCZ8,Carola Rackete: Ja zu einer anderen Agrarpolitik. Nein zur Übernahme der Bauernproteste durch Rechte,2024-01-07T13:38:52Z,7412,280,226,PT2M19S,UCA95T5bSGxNOAODBdbR2rYQ,DieLinke,https://www.youtube.com/watch?v=FNNssNUuCZ8
m_NwzT2so6U,Frohe Weihnachten wünscht Die Linke! #Politik #FroheWeihnachten #Danke,2023-12-24T11:02:11Z,5395,184,57,PT28S,UCA95T5bSGxNOAODBdbR2rYQ,DieLinke,https://www.youtube.com/watch?v=m_NwzT2so6U
jCDrDJR_W9w,Pressekonferenz zum Urteil des Bundesverfassungsgerichts,2023-12-19T11:51:23Z,1487,70,34,PT14M1S,UCA95T5bSGxNOAODBdbR2rYQ,DieLinke,https://www.youtube.com/watch?v=jCDrDJR_W9w
w_y6opG4-I8,"Pressekonferenz: ""Das ist unser Sozialpakt für mehr Zusammenhalt!""",2023-12-19T00:44:18Z,1435,83,8,PT26M39S,UCA95T5bSGxNOAODBdbR2rYQ,DieLinke,https://www.youtube.com/watch?v=w_y6opG4-I8
SGwlmN_HOSM,"Pressekonferenz: ""Wir können uns Milliardäre nicht mehr leisten!""",2023-12-12T00:39:02Z,2182,115,134,PT24M21S,UCA95T5bSGxNOAODBdbR2rYQ,DieLinke,https://www.youtube.com/watch?v=SGwlmN_HOSM
onPQGWp7M58,Wir können uns die Milliardäre nicht mehr leisten.,2023-12-11T18:04:25Z,1541,130,91,PT58S,UCA95T5bSGxNOAODBdbR2rYQ,DieLinke,https://www.youtube.com/watch?v=onPQGWp7M58
8DeAt4baOws,Wir backen alle zusammen. Aber wer bekommt die Kekse?,2023-12-10T13:50:00Z,38157,296,51,PT45S,UCA95T5bSGxNOAODBdbR2rYQ,DieLinke,https://www.youtube.com/watch?v=8DeAt4baOws
xLx_XiVXoIk,Pressekonferenz mit Tobias Bank,2023-12-05T00:22:24Z,1428,72,48,PT18M33S,UCA95T5bSGxNOAODBdbR2rYQ,DieLinke,https://www.youtube.com/watch?v=xLx_XiVXoIk
e0XMf0iUiC0,Das sind die 5 Punkte gegen die Haushaltskrise! #politik,2023-11-28T16:30:34Z,1586,97,65,PT2M25S,UCA95T5bSGxNOAODBdbR2rYQ,DieLinke,https://www.youtube.com/watch?v=e0XMf0iUiC0
zo7XKagpMhc,5 Punkte gegen den Haushaltsnotstand: Pressekonferenz mit Janine Wissler & Martin Schirdewan,2023-11-28T00:25:13Z,1504,93,52,PT22M18S,UCA95T5bSGxNOAODBdbR2rYQ,DieLinke,https://www.youtube.com/watch?v=zo7XKagpMhc
uq8uVlXt8Hg,Die Linke ist zurück 🤗 #Politik #Frieden #deutschland,2023-11-24T10:16:26Z,3824,233,79,PT1M,UCA95T5bSGxNOAODBdbR2rYQ,DieLinke,https://www.youtube.com/watch?v=uq8uVlXt8Hg
lnCXw8shT6Y,Kampagne auf dem Parteitag: #Wirfahrenzusammen,2023-11-23T14:01:51Z,1204,51,55,PT39S,UCA95T5bSGxNOAODBdbR2rYQ,DieLinke,https://www.youtube.com/watch?v=lnCXw8shT6Y
aw0f_saEQys,Erneuerungskampagne: Eine Linke für alle!,2023-11-23T14:00:30Z,4985,353,145,PT1M54S,UCA95T5bSGxNOAODBdbR2rYQ,DieLinke,https://www.youtube.com/watch?v=aw0f_saEQys
cwGd48r1ofs,"Europaparteitag, 3. Tag (19. November 2023)",2023-11-19T18:24:42Z,9976,120,92,PT7H15M6S,UCA95T5bSGxNOAODBdbR2rYQ,DieLinke,https://www.youtube.com/watch?v=cwGd48r1ofs
ilQOA_AW8zM,"""Wir brauchen ein Europa der Menschlichkeit und Menschenrechte"". Bewerbungsrede von Gerhard Trabert",2023-11-19T14:08:47Z,1912,79,40,PT5M3S,UCA95T5bSGxNOAODBdbR2rYQ,DieLinke,https://www.youtube.com/watch?v=ilQOA_AW8zM
QT9ga9hKKr4,Carola Rackete & Martin Schirdewan im Interview beim Europaparteitag in Augsburg,2023-11-19T13:37:14Z,3118,102,88,PT16M6S,UCA95T5bSGxNOAODBdbR2rYQ,DieLinke,https://www.youtube.com/watch?v=QT9ga9hKKr4
spF3ax6SkRQ,"""Menschen müssen von ihrer Arbeit leben können."" Bewerbungsrede von Özlem Alev Demirel",2023-11-19T13:32:34Z,1225,49,25,PT5M16S,UCA95T5bSGxNOAODBdbR2rYQ,DieLinke,https://www.youtube.com/watch?v=spF3ax6SkRQ
-jc4cfE7Mok,"""Jetzt geht es um die Zukunft."" Bewerbungsrede von Carola Rackete",2023-11-19T12:49:18Z,3398,113,114,PT5M9S,UCA95T5bSGxNOAODBdbR2rYQ,DieLinke,https://www.youtube.com/watch?v=-jc4cfE7Mok
CExCkcY8Rx8,"""Es geht um die Zeitwende für Gerechtigkeit"". Kandidaturrede von Martin Schirdewan",2023-11-19T12:12:05Z,1020,40,19,PT5M1S,UCA95T5bSGxNOAODBdbR2rYQ,DieLinke,https://www.youtube.com/watch?v=CExCkcY8Rx8
7Et67DlAT7E,"Europaparteitag, 2. Tag, 2. Teil (18. November 2023)",2023-11-19T02:29:42Z,14059,172,145,PT6H56M48S,UCA95T5bSGxNOAODBdbR2rYQ,DieLinke,https://www.youtube.com/watch?v=7Et67DlAT7E
6Nui8Gl6rHY,Wir müssen über Vermögen und Eigentum reden. Rede von Bodo Ramelow,2023-11-18T19:20:04Z,3627,158,157,PT11M9S,UCA95T5bSGxNOAODBdbR2rYQ,DieLinke,https://www.youtube.com/watch?v=6Nui8Gl6rHY
9JRK0EZZL6Y,Eine Linke für alle,2023-11-18T16:58:47Z,2269,84,39,PT13M5S,UCA95T5bSGxNOAODBdbR2rYQ,DieLinke,https://www.youtube.com/watch?v=9JRK0EZZL6Y
El6CrlCEQJA,"Neumitglied Liza Pflaum: ""Ich habe wieder Hoffnung!"" #dielinke #politik #leavenoonebehind #refugees",2023-11-18T15:52:46Z,4408,159,38,PT48S,UCA95T5bSGxNOAODBdbR2rYQ,DieLinke,https://www.youtube.com/watch?v=El6CrlCEQJA
Pp-o-Vwd1Lw,"Europaparteitag, 2. Tag, 1. Teil (18. November 2023)",2023-11-18T14:33:26Z,8168,143,18,PT6H30M46S,UCA95T5bSGxNOAODBdbR2rYQ,DieLinke,https://www.youtube.com/watch?v=Pp-o-Vwd1Lw
LZOsRJ5U8r8,Das Land ist geeint in Unzufriedenheit mit der Ampel. Rede von Dietmar Bartsch,2023-11-18T14:32:44Z,3116,112,77,PT25M13S,UCA95T5bSGxNOAODBdbR2rYQ,DieLinke,https://www.youtube.com/watch?v=LZOsRJ5U8r8
xUYhDHrCSPw,Wir schlagen ein neues Kapitel auf. Rede von Janine Wissler,2023-11-18T14:29:02Z,2532,105,68,PT32M58S,UCA95T5bSGxNOAODBdbR2rYQ,DieLinke,https://www.youtube.com/watch?v=xUYhDHrCSPw
R1ZXfx1Ln4M,"Europaparteitag, 1. Tag (17. November 2023)",2023-11-17T23:26:48Z,11427,232,31,PT10H10M51S,UCA95T5bSGxNOAODBdbR2rYQ,DieLinke,https://www.youtube.com/watch?v=R1ZXfx1Ln4M
aoAeWE6MUvY,"Martin Schirdewan: ""Diese Zeiten verlangen nach der politischen Linken!""",2023-11-17T19:07:29Z,3424,129,109,PT34M49S,UCA95T5bSGxNOAODBdbR2rYQ,DieLinke,https://www.youtube.com/watch?v=aoAeWE6MUvY
zIEOCDj4Qjc,Wir haben einen neuen Look!  #dielinke #Nurmitlinks #Politik,2023-11-17T18:59:08Z,3172,168,58,PT1M,UCA95T5bSGxNOAODBdbR2rYQ,DieLinke,https://www.youtube.com/watch?v=zIEOCDj4Qjc
ZoW6aVsgBK0,Janine Wissler & Martin Schirdewan: Zeit für ein neues Corporate Design,2023-11-17T14:26:16Z,3754,158,96,PT10M51S,UCA95T5bSGxNOAODBdbR2rYQ,DieLinke,https://www.youtube.com/watch?v=ZoW6aVsgBK0
XnOHOgmqLuA,"Parteitag in Augsburg: ""Zeit, etwas zu wagen!""",2023-11-16T12:31:32Z,2320,127,89,PT1M13S,UCA95T5bSGxNOAODBdbR2rYQ,DieLinke,https://www.youtube.com/watch?v=XnOHOgmqLuA
y02r46EN77Q,Pressekonferenz mit Janine Wissler & Martin Schirdewan,2023-11-14T00:43:39Z,3217,112,59,PT36M47S,UCA95T5bSGxNOAODBdbR2rYQ,DieLinke,https://www.youtube.com/watch?v=y02r46EN77Q
gL7mmS8BvwA,"LINKER Bürgermeister: ""Die Wunden revitalisieren""",2023-11-11T10:38:00Z,1453,92,39,PT5M24S,UCA95T5bSGxNOAODBdbR2rYQ,DieLinke,https://www.youtube.com/watch?v=gL7mmS8BvwA
sec-AkmELY8,Wir haben ein Verteilungsproblem in diesem Land!  #Politik #Geld  #DIELINKE,2023-11-07T18:19:09Z,2431,207,27,PT1M,UCA95T5bSGxNOAODBdbR2rYQ,DieLinke,https://www.youtube.com/watch?v=sec-AkmELY8
_H_7a7wfn7A,Janine Wissler & Susanne Ferschl: Leitplanken für gute Arbeit und faire Löhne!,2023-11-07T00:58:55Z,2239,90,53,PT47M16S,UCA95T5bSGxNOAODBdbR2rYQ,DieLinke,https://www.youtube.com/watch?v=_H_7a7wfn7A
rN2aEt19HEA,"Pressekonferenz: ""DIE LINKE ist geschlossen und entschlossen!""",2023-11-05T16:37:29Z,5157,241,306,PT13M57S,UCA95T5bSGxNOAODBdbR2rYQ,DieLinke,https://www.youtube.com/watch?v=rN2aEt19HEA
kZq6Fi12BU4,Tobias Bank: Konsequente Friedenspolitik statt Aufrüstung!,2023-10-30T12:17:59Z,1842,83,152,PT15M8S,UCA95T5bSGxNOAODBdbR2rYQ,DieLinke,https://www.youtube.com/watch?v=kZq6Fi12BU4
xyYy7d6dWO0,"Martin Schirdewan: ""Für alle offen, die sich gegen Rechtsruck & Kürzungspolitik stellen wollen!""",2023-10-23T11:35:07Z,5455,170,289,PT29M5S,UCA95T5bSGxNOAODBdbR2rYQ,DieLinke,https://www.youtube.com/watch?v=xyYy7d6dWO0
GjyO-kGqVes,Janine an Volker Wissing: Das 49€-Ticket muss bleiben!,2023-10-18T10:52:59Z,6873,267,58,PT1M,UCA95T5bSGxNOAODBdbR2rYQ,DieLinke,https://www.youtube.com/watch?v=GjyO-kGqVes
RRQQRjS4azM,"Pressekonferenz mit Janine Wissler: ""Das 49-Euro-Ticket muss erhalten bleiben!""",2023-10-16T23:22:00Z,1977,80,106,PT20M16S,UCA95T5bSGxNOAODBdbR2rYQ,DieLinke,https://www.youtube.com/watch?v=RRQQRjS4azM
mMlT-EYFZlA,"Pressekonferenz mit Martin Schirdewan, Elisabeth Kula und Ates Gürpinar",2023-10-09T12:38:59Z,3595,0,0,PT17M58S,UCA95T5bSGxNOAODBdbR2rYQ,DieLinke,https://www.youtube.com/watch?v=mMlT-EYFZlA
XCYnk1hkHCU,Martin Schirdewan zu den Ergenissen der Landtagswahlen in Hessen & Bayern,2023-10-08T16:25:57Z,2179,98,116,PT9M31S,UCA95T5bSGxNOAODBdbR2rYQ,DieLinke,https://www.youtube.com/watch?v=XCYnk1hkHCU
gU8EHTpY664,"Ex-Obdachloser & Bestsellerautor: ""Ich will Armut & Obdachlosigkeit überwinden!""",2023-10-07T13:27:24Z,3015,246,104,PT1M21S,UCA95T5bSGxNOAODBdbR2rYQ,DieLinke,https://www.youtube.com/watch?v=gU8EHTpY664
wjJgQs1wdho,Ex-Grüne: Ab jetzt nur noch DIE LINKE!,2023-10-06T11:56:34Z,6419,381,213,PT2M27S,UCA95T5bSGxNOAODBdbR2rYQ,DieLinke,https://www.youtube.com/watch?v=wjJgQs1wdho
d_q8gNoTi5o,Wie gerecht ist DAS denn?? Holen wir uns den #Reichtum zurück! #Geld #Politik,2023-10-04T06:51:40Z,1530,142,37,PT42S,UCA95T5bSGxNOAODBdbR2rYQ,DieLinke,https://www.youtube.com/watch?v=d_q8gNoTi5o
4xd6YUZWNkw,Wenn alle eine Sandburg bauen ...,2023-10-03T12:11:36Z,2094,128,34,PT42S,UCA95T5bSGxNOAODBdbR2rYQ,DieLinke,https://www.youtube.com/watch?v=4xd6YUZWNkw
_v0MuTip4Lw,Die Linke vereint für Hessen! 🤝,2023-10-02T11:49:08Z,2319,153,83,PT1M30S,UCA95T5bSGxNOAODBdbR2rYQ,DieLinke,https://www.youtube.com/watch?v=_v0MuTip4Lw
tTNT8I5gG_w,Alleinerziehend & arm: Eine Betroffene spricht!,2023-09-28T12:03:11Z,4931,240,265,PT3M14S,UCA95T5bSGxNOAODBdbR2rYQ,DieLinke,https://www.youtube.com/watch?v=tTNT8I5gG_w
i1Dx2rM4mHQ,Wir haben was gegen Armut: eine Millionärsteuer! #Politik #Hessen,2023-09-26T15:26:05Z,1728,157,137,PT24S,UCA95T5bSGxNOAODBdbR2rYQ,DieLinke,https://www.youtube.com/watch?v=i1Dx2rM4mHQ
hbAHE5L73w4,Macht Hessen gerecht! Unser Spot zur Landtagswahl 2023,2023-09-26T13:48:20Z,21233,108,174,PT1M30S,UCA95T5bSGxNOAODBdbR2rYQ,DieLinke,https://www.youtube.com/watch?v=hbAHE5L73w4
uATZYi0DEFg,2 Jahre Ampel - gescheitert vor der zweiten Halbzeit? Pressekonferenz mit Martin Schirdewan,2023-09-25T11:22:20Z,1146,49,23,PT14M46S,UCA95T5bSGxNOAODBdbR2rYQ,DieLinke,https://www.youtube.com/watch?v=uATZYi0DEFg
s15ADZa3BvI,"""Das Haus Europa ist eine abgewirtschaftete Bruchbude geworden.""",2023-09-21T13:00:50Z,2330,170,60,PT4M53S,UCA95T5bSGxNOAODBdbR2rYQ,DieLinke,https://www.youtube.com/watch?v=s15ADZa3BvI
dUHFNJUeS5A,Martin Schirdewan vs. Ursula von der Leyen #Politik #EU #Europa,2023-09-21T08:45:02Z,4796,341,72,PT49S,UCA95T5bSGxNOAODBdbR2rYQ,DieLinke,https://www.youtube.com/watch?v=dUHFNJUeS5A
2S0udTlullY,Entschlossen gegen den Bildungsnotstand! mit Janine Wissler & Nicole Gohlke,2023-09-19T00:02:43Z,1800,78,35,PT46M46S,UCA95T5bSGxNOAODBdbR2rYQ,DieLinke,https://www.youtube.com/watch?v=2S0udTlullY
9UaxSz1_2S0,Das Klima retten: Nicht den Kapitalismus! Klimastreik am 15. September,2023-09-14T11:14:56Z,1043,79,40,PT57S,UCA95T5bSGxNOAODBdbR2rYQ,DieLinke,https://www.youtube.com/watch?v=9UaxSz1_2S0
UxDg_hrS_hw,"Wer Europa will, muss von den Reichen nehmen! Entwurf des Europawahlprogramms",2023-09-11T23:58:53Z,1740,95,51,PT48M41S,UCA95T5bSGxNOAODBdbR2rYQ,DieLinke,https://www.youtube.com/watch?v=UxDg_hrS_hw
CAiQCQB0MNc,Salvador Allende: Der Kampf geht weiter!,2023-09-11T16:35:41Z,4245,264,36,PT1M34S,UCA95T5bSGxNOAODBdbR2rYQ,DieLinke,https://www.youtube.com/watch?v=CAiQCQB0MNc
sk0ltj1KbK4,Nancy Faeser will die Ampel für #Hessen. Wir nicht! #DIELINKE #Politik,2023-09-09T13:23:41Z,3422,148,37,PT35S,UCA95T5bSGxNOAODBdbR2rYQ,DieLinke,https://www.youtube.com/watch?v=sk0ltj1KbK4
GOxPrUStBwc,"Janine Wissler in der Generaldebatte: ""Dieser Haushalt ist ein Kürzungshaushalt!""",2023-09-09T09:33:03Z,2535,130,47,PT5M25S,UCA95T5bSGxNOAODBdbR2rYQ,DieLinke,https://www.youtube.com/watch?v=GOxPrUStBwc
Yd_Sm1YO9to,Bayern braucht diese Opposition: DIE LINKE wählen!,2023-09-08T13:21:30Z,1844,89,27,PT1M32S,UCA95T5bSGxNOAODBdbR2rYQ,DieLinke,https://www.youtube.com/watch?v=Yd_Sm1YO9to
tdWzjLVcHdY,Ampelregierung plant Kürzungshammer,2023-09-04T23:19:36Z,1494,71,16,PT16M20S,UCA95T5bSGxNOAODBdbR2rYQ,DieLinke,https://www.youtube.com/watch?v=tdWzjLVcHdY
eUkry-YfJWI,"""Diese Kindergrundsicherung ist ein Schlag ins Gesicht armer Familien!"" #dielinke #politik #kinder",2023-09-01T08:10:58Z,1765,158,71,PT57S,UCA95T5bSGxNOAODBdbR2rYQ,DieLinke,https://www.youtube.com/watch?v=eUkry-YfJWI
YgW_HbUOkmw,Macht Hessen gerecht. Unser Frankfurter Team in den Landtag wählen.,2023-08-31T10:05:34Z,6228,94,42,PT2M27S,UCA95T5bSGxNOAODBdbR2rYQ,DieLinke,https://www.youtube.com/watch?v=YgW_HbUOkmw
1PZeWOOsMtw,"""Diese Kindergrundsicherung ist ein Schlag ins Gesicht für Familien, die in Armut leben"".",2023-08-28T23:38:57Z,1593,65,36,PT31M17S,UCA95T5bSGxNOAODBdbR2rYQ,DieLinke,https://www.youtube.com/watch?v=1PZeWOOsMtw
UcJVFXK5TwM,AfD-Wähler würden am MEISTEN unter der Politik der #AfD leiden!!! #NoAfD #Politik,2023-08-25T11:22:06Z,14926,625,453,PT15S,UCA95T5bSGxNOAODBdbR2rYQ,DieLinke,https://www.youtube.com/watch?v=UcJVFXK5TwM
n8HcLlo3uWY,Janine Wissler: „Kinderarmut ist Folge politischer Entscheidungen!“,2023-08-21T23:38:12Z,1624,89,41,PT36M46S,UCA95T5bSGxNOAODBdbR2rYQ,DieLinke,https://www.youtube.com/watch?v=n8HcLlo3uWY
GHD7dwUpGvA,Solidarität statt Hetze: Gegen die #NoAfD hilft nur soziale #Politik! #DIELINKE #Bundesregierung,2023-08-21T07:27:48Z,2527,210,79,PT1M,UCA95T5bSGxNOAODBdbR2rYQ,DieLinke,https://www.youtube.com/watch?v=GHD7dwUpGvA
5h9iSkZ-TL4,KPÖ: Was steckt hinter dem Alpen-Kommunismus? #Österreich #Politik,2023-08-18T15:54:22Z,2689,212,23,PT58S,UCA95T5bSGxNOAODBdbR2rYQ,DieLinke,https://www.youtube.com/watch?v=5h9iSkZ-TL4
YXuc-4P9ge8,Elke Kahr: Politik frei von Geldgier und Arroganz,2023-08-18T10:54:54Z,5248,230,64,PT21M28S,UCA95T5bSGxNOAODBdbR2rYQ,DieLinke,https://www.youtube.com/watch?v=YXuc-4P9ge8
C-R49qT4CB8,"Tobias Bank: ""Dieser Krieg wird nur am Verhandlungstisch beendet!""",2023-08-14T23:22:34Z,1956,69,64,PT19M4S,UCA95T5bSGxNOAODBdbR2rYQ,DieLinke,https://www.youtube.com/watch?v=C-R49qT4CB8
7qJOwcrRWa8,Pressekonferenz: Sofortprogramm für Klimaschutz,2023-08-07T23:49:33Z,1980,86,53,PT49M6S,UCA95T5bSGxNOAODBdbR2rYQ,DieLinke,https://www.youtube.com/watch?v=7qJOwcrRWa8
HOU-cHA60Iw,Gregor Gysi & Martin Schirdewan: Damit die Hoffnung zurückkehrt – unser Plan für ein gerechtes Land.,2023-07-24T22:03:28Z,6554,231,131,PT49M11S,UCA95T5bSGxNOAODBdbR2rYQ,DieLinke,https://www.youtube.com/watch?v=HOU-cHA60Iw
0jb1rSLZAhs,Als Christian Lindner für DIE LINKE warb... #Politik #Bundesregierung,2023-07-20T11:34:37Z,9800,528,182,PT41S,UCA95T5bSGxNOAODBdbR2rYQ,DieLinke,https://www.youtube.com/watch?v=0jb1rSLZAhs
BI60T6Dh1Sc,DARUM kandidiert Carola Rackete für DIE LINKE! #Klima #Klimaschutz,2023-07-19T09:21:50Z,10117,392,162,PT55S,UCA95T5bSGxNOAODBdbR2rYQ,DieLinke,https://www.youtube.com/watch?v=BI60T6Dh1Sc
s9DmIdRO224,"Unser Spitzenteam für Europa: Martin Schirdewan, Carola Rackete, Özlem Demirel & Gerhard Trabert",2023-07-18T00:13:43Z,8370,204,252,PT53M30S,UCA95T5bSGxNOAODBdbR2rYQ,DieLinke,https://www.youtube.com/watch?v=s9DmIdRO224
zRddXEZDdeI,Pressekonferenz der Bewegungsaktiven,2023-07-17T18:12:03Z,4415,109,81,PT16M13S,UCA95T5bSGxNOAODBdbR2rYQ,DieLinke,https://www.youtube.com/watch?v=zRddXEZDdeI
rMSMYbYVxqA,"Pressekonferenz mit Janine Wissler, Ates Gürpinar & Tobias Schulze",2023-07-14T21:43:32Z,1010,45,38,PT37M56S,UCA95T5bSGxNOAODBdbR2rYQ,DieLinke,https://www.youtube.com/watch?v=rMSMYbYVxqA
5CzoXQerPzw,Rettet die Schwimmbäder! #Familie #Kinder,2023-07-11T09:59:32Z,2869,135,39,PT56S,UCA95T5bSGxNOAODBdbR2rYQ,DieLinke,https://www.youtube.com/watch?v=5CzoXQerPzw
cSMMcfouoPM,SOS Seepferdchen in Not: Rettet die Schwimmbäder!,2023-07-11T06:59:16Z,1259,75,102,PT2M55S,UCA95T5bSGxNOAODBdbR2rYQ,DieLinke,https://www.youtube.com/watch?v=cSMMcfouoPM
-VirIxNOZTA,Pressekonferenz mit Janine Wissler und André Hahn: Rettet die Schwimmbäder!,2023-07-10T23:41:35Z,1172,54,14,PT47M41S,UCA95T5bSGxNOAODBdbR2rYQ,DieLinke,https://www.youtube.com/watch?v=-VirIxNOZTA
sL8S-sLaiig,Holen wir uns den Reichtum zurück! Zeit für Umverteilung! #Geld #Finanzen #Politik,2023-07-10T08:36:01Z,1172,115,29,PT24S,UCA95T5bSGxNOAODBdbR2rYQ,DieLinke,https://www.youtube.com/watch?v=sL8S-sLaiig
klqu05tip1g,Janine Wissler: FDP - Kein Herz für Kinder!,2023-07-03T23:21:33Z,1360,73,31,PT21M18S,UCA95T5bSGxNOAODBdbR2rYQ,DieLinke,https://www.youtube.com/watch?v=klqu05tip1g
V1melyYeePI,Martin Schirdewan & Caren Lay: Vergesellschaftung ist möglich!,2023-06-26T12:27:52Z,1664,74,85,PT22M25S,UCA95T5bSGxNOAODBdbR2rYQ,DieLinke,https://www.youtube.com/watch?v=V1melyYeePI
tWGHJvA0pXE,Deutsche Bahn: Verkehrsminister Wissing ist ein Totalausfall!,2023-06-23T13:40:06Z,2883,161,47,PT4M31S,UCA95T5bSGxNOAODBdbR2rYQ,DieLinke,https://www.youtube.com/watch?v=tWGHJvA0pXE
LIFU3vwxtVk,Janine Wissler: Deutschland braucht ein Wassermanagement,2023-06-19T23:34:31Z,1364,59,27,PT35M36S,UCA95T5bSGxNOAODBdbR2rYQ,DieLinke,https://www.youtube.com/watch?v=LIFU3vwxtVk
Cwi-cUV89Sw,EU-Migrationspolitik: Ein Anschlag auf die Menschenrechte!,2023-06-16T10:41:19Z,2283,135,144,PT4M35S,UCA95T5bSGxNOAODBdbR2rYQ,DieLinke,https://www.youtube.com/watch?v=Cwi-cUV89Sw
T4QMZxnHP5Q,Kinder in Lagerhaft?? Wohin steuert #Europa? #EU #Migration #Politik,2023-06-13T13:37:03Z,2613,253,54,PT1M,UCA95T5bSGxNOAODBdbR2rYQ,DieLinke,https://www.youtube.com/watch?v=T4QMZxnHP5Q
IvXIpZWRWe0,Janine Wissler Die EU-Migrationspolitik ist ein Anschlag auf die Menschenrechte,2023-06-12T23:54:00Z,2070,86,57,PT41M37S,UCA95T5bSGxNOAODBdbR2rYQ,DieLinke,https://www.youtube.com/watch?v=IvXIpZWRWe0
_73NjTOLt2I,Unserer Verantwortung gerecht werden: DIE LINKE als plurale sozialistische Partei erhalten!,2023-06-10T16:02:22Z,7556,290,406,PT11M15S,UCA95T5bSGxNOAODBdbR2rYQ,DieLinke,https://www.youtube.com/watch?v=_73NjTOLt2I
4COHvCS39ns,Martin Schirdewan & Clara Bünger zur geplanten Verschärfung des Asylrechts,2023-06-05T23:37:02Z,1841,66,37,PT27M51S,UCA95T5bSGxNOAODBdbR2rYQ,DieLinke,https://www.youtube.com/watch?v=4COHvCS39ns
kuwJ9fiVmJE,Klimakiller der Superreichen: Privatjets verbieten! #klimaschutz,2023-05-31T08:11:45Z,1505,0,20,PT50S,UCA95T5bSGxNOAODBdbR2rYQ,DieLinke,https://www.youtube.com/watch?v=kuwJ9fiVmJE
p07GUGUe15I,Janine Wissler rasiert die Union!,2023-05-30T08:31:56Z,6242,503,91,PT1M,UCA95T5bSGxNOAODBdbR2rYQ,DieLinke,https://www.youtube.com/watch?v=p07GUGUe15I
WUBG3aVhHoY,Martin Schirdewan: Habecks Heizungsgesetz ist Murks und muss nachgebessert werden,2023-05-22T23:22:37Z,1013,46,10,PT14M27S,UCA95T5bSGxNOAODBdbR2rYQ,DieLinke,https://www.youtube.com/watch?v=WUBG3aVhHoY
T1OXO9S2WRA,Pressekonferenz zu den Ergebnissen der Bürgerschaftswahl in Bremen,2023-05-15T22:36:13Z,1346,65,14,PT32M4S,UCA95T5bSGxNOAODBdbR2rYQ,DieLinke,https://www.youtube.com/watch?v=T1OXO9S2WRA
JvaeVxjo13o,Olaf Scholz wird GEGRILLT! #Inflation #Bundesregierung #EU #Europa #Geld #Politik,2023-05-11T09:22:43Z,8425,527,62,PT57S,UCA95T5bSGxNOAODBdbR2rYQ,DieLinke,https://www.youtube.com/watch?v=JvaeVxjo13o
l5abgjJlcE4,"Martin Schirdewan: ""Wer Europa will muss es den Reichen nehmen!""",2023-05-09T15:00:25Z,39597,1764,460,PT3M59S,UCA95T5bSGxNOAODBdbR2rYQ,DieLinke,https://www.youtube.com/watch?v=l5abgjJlcE4
EyGMmdEldio,Befreiung vom Faschismus: Wer nicht feiert hat verloren!,2023-05-09T08:51:38Z,2958,293,64,PT45S,UCA95T5bSGxNOAODBdbR2rYQ,DieLinke,https://www.youtube.com/watch?v=EyGMmdEldio
fZUs5DGzlxs,Keine Profite auf Kosten der Schwächsten! Für Gemeinwohlorientierung in der Altenpflege.,2023-05-08T23:34:27Z,2331,64,25,PT30M51S,UCA95T5bSGxNOAODBdbR2rYQ,DieLinke,https://www.youtube.com/watch?v=fZUs5DGzlxs
3jXqsVKNCKE,Befreiung! Den 8. Mai zum Europäischen Feiertag machen,2023-05-08T13:00:02Z,2638,90,119,PT46S,UCA95T5bSGxNOAODBdbR2rYQ,DieLinke,https://www.youtube.com/watch?v=3jXqsVKNCKE
VeTE0zVoN08,Deine Wahl für mehr soziale Gerechtigkeit in Bremen und Bremerhaven.,2023-04-25T09:02:46Z,1211,59,141,PT2M36S,UCA95T5bSGxNOAODBdbR2rYQ,DieLinke,https://www.youtube.com/watch?v=VeTE0zVoN08
fJWCWA25Pj0,Pressekonferenz mit Martin Schirdewan,2023-04-24T23:29:51Z,1323,65,39,PT21M26S,UCA95T5bSGxNOAODBdbR2rYQ,DieLinke,https://www.youtube.com/watch?v=fJWCWA25Pj0
S6aKNdIHzU0,Sofortpaket Wärmewende: Pressekonferenz mit Janine Wissler und Ralph Lenkert,2023-04-17T22:28:50Z,1173,45,18,PT38M11S,UCA95T5bSGxNOAODBdbR2rYQ,DieLinke,https://www.youtube.com/watch?v=S6aKNdIHzU0
3t-syKJMUis,Kein Geld im Kampf gegen Kinderarmut?,2023-04-03T14:00:01Z,1297,71,66,PT31S,UCA95T5bSGxNOAODBdbR2rYQ,DieLinke,https://www.youtube.com/watch?v=3t-syKJMUis
Lm-50xypIGc,Martin Schirdewan: Ampel-Streit um Kindergrundsicherung geht in die zweite Runde,2023-04-03T11:24:25Z,1354,62,14,PT16M2S,UCA95T5bSGxNOAODBdbR2rYQ,DieLinke,https://www.youtube.com/watch?v=Lm-50xypIGc
ojIEvperkQ0,Martin Schirdewan: Darum gehören Privatjets endlich verboten!,2023-04-02T08:15:02Z,2647,205,37,PT1M1S,UCA95T5bSGxNOAODBdbR2rYQ,DieLinke,https://www.youtube.com/watch?v=ojIEvperkQ0
J8zGu7F4mcA,Janine Wissler: Warum der Megastreik gerechtfertigt war!,2023-03-28T10:46:30Z,3149,169,20,PT56S,UCA95T5bSGxNOAODBdbR2rYQ,DieLinke,https://www.youtube.com/watch?v=J8zGu7F4mcA
N2MyjA6d07c,Tobias Bank: Der Streik der Angestellten des Öffentlichen Dienstes ist gerechtfertigt.,2023-03-27T11:13:59Z,1019,44,4,PT11M35S,UCA95T5bSGxNOAODBdbR2rYQ,DieLinke,https://www.youtube.com/watch?v=N2MyjA6d07c
5OtLTYdv2qk,Internationale Solidarität: Janine Wissler & Martin Schirdewan beim Generalstreik in Frankreich,2023-03-25T09:56:42Z,2706,143,95,PT2M22S,UCA95T5bSGxNOAODBdbR2rYQ,DieLinke,https://www.youtube.com/watch?v=5OtLTYdv2qk
IvOgQVkY7Pk,Die Gier der Wenigen führt zur Krise der Vielen. Martin Schirdewan zur Bankenkrise.,2023-03-20T12:22:45Z,2097,82,26,PT10M,UCA95T5bSGxNOAODBdbR2rYQ,DieLinke,https://www.youtube.com/watch?v=IvOgQVkY7Pk
o6vdXgHPEeQ,Pressekonferenz mit Janine Wissler,2023-03-13T12:25:00Z,1587,55,7,PT24M26S,UCA95T5bSGxNOAODBdbR2rYQ,DieLinke,https://www.youtube.com/watch?v=o6vdXgHPEeQ
PeRXk2Ee6n8,Preisverleihung: Clara-Zetkin-Frauen*preis,2023-03-07T12:35:20Z,908,29,24,PT1M30S,UCA95T5bSGxNOAODBdbR2rYQ,DieLinke,https://www.youtube.com/watch?v=PeRXk2Ee6n8
imOqrUaRgNw,Martin Schirdewan: Die Ampel ist eine Blockade für sozialen & ökologischen Fortschritt!,2023-03-06T12:38:48Z,1807,66,30,PT32M1S,UCA95T5bSGxNOAODBdbR2rYQ,DieLinke,https://www.youtube.com/watch?v=imOqrUaRgNw
QyzZvzD8gD4,Janine Wissler: Tarifkampf im öffentlichen Dienst - Zusammen geht mehr!,2023-03-03T13:53:43Z,3292,160,59,PT5M28S,UCA95T5bSGxNOAODBdbR2rYQ,DieLinke,https://www.youtube.com/watch?v=QyzZvzD8gD4
zoxVNmd5Nn4,Die Ampel hat kein Herz für Kinder. Janine Wissler über die Infragestellung der Kindergrundsicherung,2023-02-27T13:54:40Z,1843,53,87,PT31M6S,UCA95T5bSGxNOAODBdbR2rYQ,DieLinke,https://www.youtube.com/watch?v=zoxVNmd5Nn4
3z-sFPRn7VM,Martin Schirdewan: Ein Jahr Krieg in der Ukraine,2023-02-24T16:55:20Z,1486,66,105,PT3M7S,UCA95T5bSGxNOAODBdbR2rYQ,DieLinke,https://www.youtube.com/watch?v=3z-sFPRn7VM
OOyoOa8-ENY,"""Christian Lindner - Schutzpatron der Reichen."" Politischer Aschermittwoch 2023 mit Janine Wissler",2023-02-22T10:46:40Z,3357,97,43,PT48M44S,UCA95T5bSGxNOAODBdbR2rYQ,DieLinke,https://www.youtube.com/watch?v=OOyoOa8-ENY
_4ZND-MEZlw,Pressekonferenz mit Tobias Bank,2023-02-20T12:19:21Z,828,40,26,PT14M5S,UCA95T5bSGxNOAODBdbR2rYQ,DieLinke,https://www.youtube.com/watch?v=_4ZND-MEZlw
zfUXzQjoOdo,Tarifverhandlungen bei Post gescheitert - und jetzt? Ein Gespräch mit Betriebsrätin Isabell Senff,2023-02-16T15:25:41Z,806,39,11,PT10M21S,UCA95T5bSGxNOAODBdbR2rYQ,DieLinke,https://www.youtube.com/watch?v=zfUXzQjoOdo
w9zwvrYeB3U,Pressekonferenz zu den Ergebnissen der Abgeordnetenhauswahl in Berlin.,2023-02-13T12:30:25Z,2021,76,28,PT27M15S,UCA95T5bSGxNOAODBdbR2rYQ,DieLinke,https://www.youtube.com/watch?v=w9zwvrYeB3U
rGVALYhbwyE,Weil Frankfurt Euch gehört! Unsere OB-Kandidatin Daniela Mehler-Würzbach,2023-02-08T08:47:01Z,11855,73,33,PT2M10S,UCA95T5bSGxNOAODBdbR2rYQ,DieLinke,https://www.youtube.com/watch?v=rGVALYhbwyE
ts6OlU8s9ag,Pressekonferenz mit Martin Schirdewan und Katina Schubert,2023-02-06T12:23:14Z,1342,49,15,PT19M11S,UCA95T5bSGxNOAODBdbR2rYQ,DieLinke,https://www.youtube.com/watch?v=ts6OlU8s9ag
lp1FKYblgAY,Abschied von Wachstum — aber wie? Mit Ulrike Herrmann und Dr. Helge Peukert,2023-02-04T10:00:27Z,15863,200,117,PT2H2M21S,UCA95T5bSGxNOAODBdbR2rYQ,DieLinke,https://www.youtube.com/watch?v=lp1FKYblgAY
UwIPwnTaZ5k,"Janine Wissler bei Anne Will: ""Raus aus dem militärischen Tunnelblick!""",2023-01-30T16:14:02Z,3182,144,168,PT1M53S,UCA95T5bSGxNOAODBdbR2rYQ,DieLinke,https://www.youtube.com/watch?v=UwIPwnTaZ5k
L760i6uSSxc,Scholz stellt sich gegen demokratischen Willen der Berliner. Pressekonferenz mit Martin Schirdewan,2023-01-30T12:20:22Z,1070,64,10,PT14M26S,UCA95T5bSGxNOAODBdbR2rYQ,DieLinke,https://www.youtube.com/watch?v=L760i6uSSxc
y4cBajRNOcM,"Janine Wissler: ""Wir müssen raus aus dem militärischen Tunnelblick!""",2023-01-23T12:33:24Z,1638,86,37,PT20M37S,UCA95T5bSGxNOAODBdbR2rYQ,DieLinke,https://www.youtube.com/watch?v=y4cBajRNOcM
MNFr6SaZBnU,Das Wesentliche. Wahlspot der Berliner LINKEN,2023-01-20T14:00:11Z,6087,231,76,PT1M1S,UCA95T5bSGxNOAODBdbR2rYQ,DieLinke,https://www.youtube.com/watch?v=MNFr6SaZBnU
hx54dsLuSxc,"Saal-Rallye mit #IchBinArmutsbetroffen, DW & Co. enteignen, Krankenhausbewegung, Lützerath lebt u.a.",2023-01-18T12:25:17Z,1013,62,18,PT13M39S,UCA95T5bSGxNOAODBdbR2rYQ,DieLinke,https://www.youtube.com/watch?v=hx54dsLuSxc
zvmPRORedS4,"""Poverty Slam"" von Genoveva Jäckle | #IchBinArmutsbetroffen",2023-01-17T13:37:19Z,1716,98,36,PT6M24S,UCA95T5bSGxNOAODBdbR2rYQ,DieLinke,https://www.youtube.com/watch?v=zvmPRORedS4
LcuSVM12BKQ,Pressekonferenz mit Janine Wissler und Martin Schirdewan,2023-01-16T12:35:14Z,1352,51,12,PT33M36S,UCA95T5bSGxNOAODBdbR2rYQ,DieLinke,https://www.youtube.com/watch?v=LcuSVM12BKQ
Meq_7j_YC0E,"John McDonnell (Labour Party, UK) | Jahresauftakt der LINKEN 2023",2023-01-14T14:20:51Z,1078,57,9,PT15M18S,UCA95T5bSGxNOAODBdbR2rYQ,DieLinke,https://www.youtube.com/watch?v=Meq_7j_YC0E
b7KdW_-6ygg,Janine Wissler | Jahresauftakt der LINKEN 2023,2023-01-14T14:20:45Z,1860,73,33,PT18M44S,UCA95T5bSGxNOAODBdbR2rYQ,DieLinke,https://www.youtube.com/watch?v=b7KdW_-6ygg
9Q9MHoausQc,Martin Schirdewan | Jahresauftakt der LINKEN 2023,2023-01-14T14:20:29Z,1569,62,23,PT18M29S,UCA95T5bSGxNOAODBdbR2rYQ,DieLinke,https://www.youtube.com/watch?v=9Q9MHoausQc
BC9r8kcFkIU,Oliver Nachtwey beim Jahresauftakt der LINKEN 2023,2023-01-14T11:22:25Z,3438,83,17,PT18M52S,UCA95T5bSGxNOAODBdbR2rYQ,DieLinke,https://www.youtube.com/watch?v=BC9r8kcFkIU
SSkmCiZu3d4,Pressestatement von Janine Wissler und Martin Schirdewan zur Jahresauftaktsklausur 2023,2023-01-14T09:15:35Z,1189,61,30,PT22M9S,UCA95T5bSGxNOAODBdbR2rYQ,DieLinke,https://www.youtube.com/watch?v=SSkmCiZu3d4
NFjtHR18p1k,Räumung von Lützerath: Frontalangriff auf den Klimaschutz!,2023-01-09T12:32:17Z,1408,81,41,PT24M25S,UCA95T5bSGxNOAODBdbR2rYQ,DieLinke,https://www.youtube.com/watch?v=NFjtHR18p1k
sZFwKBDjLJE,Weg zum Frieden in der Ukraine,2022-12-19T12:19:54Z,1648,65,52,PT15M31S,UCA95T5bSGxNOAODBdbR2rYQ,DieLinke,https://www.youtube.com/watch?v=sZFwKBDjLJE
KLJBTxmT1Xk,Ein Jahr Ampel: Die besten Ideen kamen von uns.,2022-12-17T09:37:50Z,3809,171,85,PT1M,UCA95T5bSGxNOAODBdbR2rYQ,DieLinke,https://www.youtube.com/watch?v=KLJBTxmT1Xk
GJm1AXNrhiU,Auch die Türkei führt einen völkerrechtswidrigen Angriffskrieg. Martin Schirdewan bei Illner.,2022-12-13T11:48:53Z,2198,105,38,PT1M20S,UCA95T5bSGxNOAODBdbR2rYQ,DieLinke,https://www.youtube.com/watch?v=GJm1AXNrhiU
I9yzCmurc94,Es gibt ein strukturelles Problem in den Sicherheitsbehörden. Janine Wissler bei Anne Wiil.,2022-12-12T14:16:43Z,2278,103,59,PT2M34S,UCA95T5bSGxNOAODBdbR2rYQ,DieLinke,https://www.youtube.com/watch?v=I9yzCmurc94
TKWdfNCO7Q8,Pressekonferenz mit Janine Wissler und Martin Schirdewan,2022-12-12T12:43:04Z,2035,71,48,PT37M54S,UCA95T5bSGxNOAODBdbR2rYQ,DieLinke,https://www.youtube.com/watch?v=TKWdfNCO7Q8
FFg9z4i9lqM,"Ein Jahr Ampel-Regierung: Janine Wissler sagt, was Sache ist.",2022-12-06T14:24:20Z,2872,118,34,PT44S,UCA95T5bSGxNOAODBdbR2rYQ,DieLinke,https://www.youtube.com/watch?v=FFg9z4i9lqM
OHXOstUxSd0,"Janine Wissler und Caren Lay: Mieten deckeln, Räumungen stoppen!",2022-12-05T12:30:00Z,1802,60,18,PT24M15S,UCA95T5bSGxNOAODBdbR2rYQ,DieLinke,https://www.youtube.com/watch?v=OHXOstUxSd0
kQyutKyT-y8,Was hat Friedrich Merz für seinen Pass geleistet? Nichts. Janine Wissler on fire im Bundestag.,2022-12-01T18:03:47Z,71542,2765,569,PT5M47S,UCA95T5bSGxNOAODBdbR2rYQ,DieLinke,https://www.youtube.com/watch?v=kQyutKyT-y8
-hTcF3IqGek,Pressekonferenz mit Martin Schirdewan und Susanne Ferschl,2022-11-28T12:34:30Z,1427,72,26,PT23M39S,UCA95T5bSGxNOAODBdbR2rYQ,DieLinke,https://www.youtube.com/watch?v=-hTcF3IqGek
L3wllg-iZNg,Bundesrat stimmt über Bürgergeld ab. Ein Schätzung von Katja Kipping (DIE LINKE),2022-11-25T12:58:19Z,1717,106,21,PT1M28S,UCA95T5bSGxNOAODBdbR2rYQ,DieLinke,https://www.youtube.com/watch?v=L3wllg-iZNg
XXoNWEBvchk,Eva antwortet: die Rostocker OB-Kandidatin Eva-Maria Kröger im Interview,2022-11-25T07:40:39Z,1176,60,23,PT8M59S,UCA95T5bSGxNOAODBdbR2rYQ,DieLinke,https://www.youtube.com/watch?v=XXoNWEBvchk
YDqKBaaLlHA,Janine Wissler: Solidarität mit der kurdischen Freiheitsbewegung!,2022-11-21T12:20:10Z,1515,97,138,PT14M56S,UCA95T5bSGxNOAODBdbR2rYQ,DieLinke,https://www.youtube.com/watch?v=YDqKBaaLlHA
n7bbi2DAyFY,Katja Kipping grillt CDU-Linnemann bei Anne Will zum Thema Bürgergeld,2022-11-15T16:00:15Z,15490,553,270,PT1M23S,UCA95T5bSGxNOAODBdbR2rYQ,DieLinke,https://www.youtube.com/watch?v=n7bbi2DAyFY
0bp1DcQIS7k,"Martin Schirdewan zum Bürgergeld: ""Die Union setzt ihr unwürdiges Schauspiel fort.""",2022-11-14T12:18:11Z,1959,88,348,PT15M44S,UCA95T5bSGxNOAODBdbR2rYQ,DieLinke,https://www.youtube.com/watch?v=0bp1DcQIS7k
EHdQVUoP26I,Pressekonferenz mit Martin Schirdewan und Didem Aydurmuş,2022-11-07T12:25:51Z,2065,75,18,PT23M2S,UCA95T5bSGxNOAODBdbR2rYQ,DieLinke,https://www.youtube.com/watch?v=EHdQVUoP26I
O58UoloGd80,Martin Schirdewan: Bundesregierung muss die Gaspreisbremse vorziehen!,2022-10-31T20:06:15Z,789,41,12,PT17S,UCA95T5bSGxNOAODBdbR2rYQ,DieLinke,https://www.youtube.com/watch?v=O58UoloGd80
NZil6tPgyGY,Martin Schirdewan: Union will sich durch Bürgergeld-Blockade auf dem Rücken der Ärmsten profilieren.,2022-10-31T12:10:45Z,1070,43,13,PT6M33S,UCA95T5bSGxNOAODBdbR2rYQ,DieLinke,https://www.youtube.com/watch?v=NZil6tPgyGY
d_0i8Ge0agU,"""Inflation. Armut. Krieg. Die Welt am Scheideweg?"" Diskussion mit Martin Schirdewan",2022-10-26T18:00:26Z,2422,70,10,PT1H40M16S,UCA95T5bSGxNOAODBdbR2rYQ,DieLinke,https://www.youtube.com/watch?v=d_0i8Ge0agU
7dtQH1nZAwk,"Für einen Energiepreisdeckel, der wirklich hilft. Pressekonferenz mit Martin Schirdewan",2022-10-24T11:21:14Z,1253,51,53,PT16M43S,UCA95T5bSGxNOAODBdbR2rYQ,DieLinke,https://www.youtube.com/watch?v=7dtQH1nZAwk
s3k2n9AyY5w,Solidarischer Herbst: Bundesweite Demo am 22. Oktober,2022-10-18T15:39:49Z,32242,163,66,PT2M10S,UCA95T5bSGxNOAODBdbR2rYQ,DieLinke,https://www.youtube.com/watch?v=s3k2n9AyY5w
u4YJxD2wupE,Janine Wissler: Energiewende beschleunigen statt Laufzeitverlängerung für AKWs,2022-10-17T11:23:54Z,1699,73,20,PT15M38S,UCA95T5bSGxNOAODBdbR2rYQ,DieLinke,https://www.youtube.com/watch?v=u4YJxD2wupE
EVhh3iLYJVo,Martin Schirdewan und Heidi Reichinnek zu den Ergebnissen der Landtagswahl in Niedersachsen,2022-10-10T11:28:12Z,3507,107,60,PT32M41S,UCA95T5bSGxNOAODBdbR2rYQ,DieLinke,https://www.youtube.com/watch?v=EVhh3iLYJVo
ue8E5zQZ3uM,Pressestatement zur Landtagswahl in Niedersachsen,2022-10-09T16:21:58Z,1999,72,45,PT14M21S,UCA95T5bSGxNOAODBdbR2rYQ,DieLinke,https://www.youtube.com/watch?v=ue8E5zQZ3uM
MhMIWKQr1K0,Janine Wissler: Lützerath muss bleiben!,2022-10-04T10:17:06Z,1840,75,30,PT12M43S,UCA95T5bSGxNOAODBdbR2rYQ,DieLinke,https://www.youtube.com/watch?v=MhMIWKQr1K0
kCi14HuMCSs,Tobias Bank zum Wahlsieg der extremen Rechten in Italien,2022-09-26T11:24:59Z,2174,66,44,PT19M41S,UCA95T5bSGxNOAODBdbR2rYQ,DieLinke,https://www.youtube.com/watch?v=kCi14HuMCSs
0A284bw7rXU,"Pressekonferenz mit Janine Wissler, Jessica Kaußen und Lars Leopold",2022-09-19T11:27:59Z,2147,78,31,PT22M15S,UCA95T5bSGxNOAODBdbR2rYQ,DieLinke,https://www.youtube.com/watch?v=0A284bw7rXU
-TJURpzHKdE,Janine Wissler und Martin Schirdewan zu den Ergebnissen der Parteivorstandsklausur in Rathenow,2022-09-11T10:31:39Z,2782,97,71,PT22M38S,UCA95T5bSGxNOAODBdbR2rYQ,DieLinke,https://www.youtube.com/watch?v=-TJURpzHKdE
yVQ2wO0VBk4,Klartext! Der Wahlspot der LINKEN.Niedersachsen zur Landtagswahl 2022,2022-09-10T08:27:53Z,85530,375,171,PT1M30S,UCA95T5bSGxNOAODBdbR2rYQ,DieLinke,https://www.youtube.com/watch?v=yVQ2wO0VBk4
alJ-mLcKd54,Leipzig: Heißer Herbst gegen die soziale Kälte!,2022-09-07T12:00:02Z,4343,221,93,PT1H9M59S,UCA95T5bSGxNOAODBdbR2rYQ,DieLinke,https://www.youtube.com/watch?v=alJ-mLcKd54
b7C_xjkj5Uw,Martin Schirdewan zum dritten Entlastungspaket,2022-09-05T10:52:09Z,1531,73,23,PT14M6S,UCA95T5bSGxNOAODBdbR2rYQ,DieLinke,https://www.youtube.com/watch?v=b7C_xjkj5Uw
P9tMSasEvSk,Janine Wissler präsentiert die Herbstkampagne der LINKEN,2022-08-29T13:04:55Z,3300,138,59,PT38M15S,UCA95T5bSGxNOAODBdbR2rYQ,DieLinke,https://www.youtube.com/watch?v=P9tMSasEvSk
CbLw6ps-qi0,Janine Wissler: 30 Jahre Rostock-Lichtenhagen,2022-08-22T11:21:57Z,1671,85,79,PT19M4S,UCA95T5bSGxNOAODBdbR2rYQ,DieLinke,https://www.youtube.com/watch?v=CbLw6ps-qi0
WBHLFv8DMUI,"Martin Schirdewan: Gaspreise deckeln, Verbraucher entlasten!",2022-08-15T11:23:49Z,2321,125,43,PT20M6S,UCA95T5bSGxNOAODBdbR2rYQ,DieLinke,https://www.youtube.com/watch?v=WBHLFv8DMUI
MFLgCTm2iw0,Martin Schirdewan: Heißer Herbst gegen die soziale Kälte der Regierung,2022-08-08T11:37:38Z,2682,129,55,PT24M45S,UCA95T5bSGxNOAODBdbR2rYQ,DieLinke,https://www.youtube.com/watch?v=MFLgCTm2iw0
gCyMyOFRgA0,Martin Schirdewan: Managergehälter begrenzen!,2022-08-01T11:26:34Z,2007,96,112,PT24M17S,UCA95T5bSGxNOAODBdbR2rYQ,DieLinke,https://www.youtube.com/watch?v=gCyMyOFRgA0
B25UZb5EYBc,"Tobias Bank: ""Die Ampel muss jetzt liefern.""",2022-07-25T16:02:14Z,3700,253,66,PT1M,UCA95T5bSGxNOAODBdbR2rYQ,DieLinke,https://www.youtube.com/watch?v=B25UZb5EYBc
2z2BvOTbKXA,Tobias Bank: Wir brauchen eine armutsfeste Mindestsicherung!,2022-07-25T11:24:21Z,1886,89,56,PT22M2S,UCA95T5bSGxNOAODBdbR2rYQ,DieLinke,https://www.youtube.com/watch?v=2z2BvOTbKXA
CVrnCEv9GZw,Janine Wissler: Teurer als Klimaschutz ist kein Klimaschutz!,2022-07-18T11:19:33Z,1543,88,31,PT14M39S,UCA95T5bSGxNOAODBdbR2rYQ,DieLinke,https://www.youtube.com/watch?v=CVrnCEv9GZw
mFtT1krIT5M,Janine Wissler: Antworten auf die drohende Energiekrise,2022-07-11T11:19:14Z,2745,104,54,PT15M39S,UCA95T5bSGxNOAODBdbR2rYQ,DieLinke,https://www.youtube.com/watch?v=mFtT1krIT5M
UrYWJiNQ1J0,Janine Wissler: Wir brauchen ein drittes Entlastungspaket,2022-07-04T11:23:01Z,2646,100,34,PT18M26S,UCA95T5bSGxNOAODBdbR2rYQ,DieLinke,https://www.youtube.com/watch?v=UrYWJiNQ1J0
oBWjlVMMWo0,Janine Wissler und Martin Schirdewan im Interview beim Bundesparteitag in Erfurt,2022-06-27T08:00:15Z,4259,128,198,PT9M34S,UCA95T5bSGxNOAODBdbR2rYQ,DieLinke,https://www.youtube.com/watch?v=oBWjlVMMWo0
AfgTWP8Wpas,"Bundesparteitag DIE LINKE, Tag 3 (26. Juni 2022)",2022-06-26T14:29:54Z,13094,199,30,PT6H59M21S,UCA95T5bSGxNOAODBdbR2rYQ,DieLinke,https://www.youtube.com/watch?v=AfgTWP8Wpas
r3bP98LmFpw,Dietmar Bartsch: Es liegt an uns. Solidarität nach innen und Attacke nach aussen!,2022-06-26T12:49:26Z,3935,132,23,PT18M20S,UCA95T5bSGxNOAODBdbR2rYQ,DieLinke,https://www.youtube.com/watch?v=r3bP98LmFpw
Ej6f8rTMKFo,Gastrede von Olena Slobbodian,2022-06-26T09:43:06Z,2032,74,37,PT3M29S,UCA95T5bSGxNOAODBdbR2rYQ,DieLinke,https://www.youtube.com/watch?v=Ej6f8rTMKFo
ifQYWGHoK6Q,Grußrede von Oxana Timofeeva,2022-06-26T09:03:37Z,3963,122,54,PT7M7S,UCA95T5bSGxNOAODBdbR2rYQ,DieLinke,https://www.youtube.com/watch?v=ifQYWGHoK6Q
idTS2035DFA,"Bundesparteitag DIE LINKE, Tag 2, 2. Teil (25. Juni 2022)",2022-06-25T22:06:13Z,9394,141,24,PT4H5M11S,UCA95T5bSGxNOAODBdbR2rYQ,DieLinke,https://www.youtube.com/watch?v=idTS2035DFA
uU1DYR2iSMM,Clara-Zetkin-Frauenpreis 2022,2022-06-25T21:42:00Z,1187,36,6,PT1H5M42S,UCA95T5bSGxNOAODBdbR2rYQ,DieLinke,https://www.youtube.com/watch?v=uU1DYR2iSMM
0N4xJHMmkQ8,Pressekonferenz mit Janine Wissler und Martin Schirdewan,2022-06-25T19:52:25Z,3989,153,53,PT12M13S,UCA95T5bSGxNOAODBdbR2rYQ,DieLinke,https://www.youtube.com/watch?v=0N4xJHMmkQ8
YnFt7eE6VfM,Gerhard Trabert: Mein Herz schlägt links. Grußwort auf dem Bundesparteitag in Erfurt,2022-06-25T19:50:36Z,1678,87,13,PT12M58S,UCA95T5bSGxNOAODBdbR2rYQ,DieLinke,https://www.youtube.com/watch?v=YnFt7eE6VfM
UUU8Unzvswo,"Bundesparteitag DIE LINKE, Tag 2, 1. Teil (25. Juni 2022)",2022-06-25T18:23:49Z,25552,330,47,PT10H15M10S,UCA95T5bSGxNOAODBdbR2rYQ,DieLinke,https://www.youtube.com/watch?v=UUU8Unzvswo
HTn3bfv1NUs,"Gregor Gysi: Entschlossen, entschieden, leidenschaftlich und in Solidarität miteinander!",2022-06-25T11:32:30Z,29857,1144,304,PT18M45S,UCA95T5bSGxNOAODBdbR2rYQ,DieLinke,https://www.youtube.com/watch?v=HTn3bfv1NUs
YC6lbrGQHvg,Amira Mohamed Ali: Das Land braucht eine starke Linke - und die sind wir!,2022-06-25T09:16:29Z,2884,109,25,PT20M16S,UCA95T5bSGxNOAODBdbR2rYQ,DieLinke,https://www.youtube.com/watch?v=YC6lbrGQHvg
GehZZ1fPZho,"Bundesparteitag DIE LINKE, 1. Tag (24. Juni 2022)",2022-06-24T21:16:29Z,22690,412,96,PT10H23M30S,UCA95T5bSGxNOAODBdbR2rYQ,DieLinke,https://www.youtube.com/watch?v=GehZZ1fPZho
CpkPjjqCDxY,"Bodo Ramelow: Wir streiten gemeinsam, um die Welt zu verändern!",2022-06-24T20:17:17Z,7892,239,130,PT20M9S,UCA95T5bSGxNOAODBdbR2rYQ,DieLinke,https://www.youtube.com/watch?v=CpkPjjqCDxY
tVzPCL-724I,Janine Wissler: Die Ampel lässt viel Platz für linke Politik,2022-06-24T19:53:50Z,6567,236,74,PT42M55S,UCA95T5bSGxNOAODBdbR2rYQ,DieLinke,https://www.youtube.com/watch?v=tVzPCL-724I
mM4fzpVvfPw,"Janine Wissler: Übergewinne abschöpfen, untere und mittlere Einkommen entlasten!",2022-06-20T11:40:53Z,2160,81,26,PT34M42S,UCA95T5bSGxNOAODBdbR2rYQ,DieLinke,https://www.youtube.com/watch?v=mM4fzpVvfPw
98fOhuOJB3g,15 Jahre DIE LINKE: Antje von Broock gratuliert,2022-06-17T08:00:20Z,811,49,20,PT52S,UCA95T5bSGxNOAODBdbR2rYQ,DieLinke,https://www.youtube.com/watch?v=98fOhuOJB3g
N069_23Btd0,15 Jahre DIE LINKE: Ricardo Lange gratuliert,2022-06-16T15:39:31Z,2398,150,31,PT43S,UCA95T5bSGxNOAODBdbR2rYQ,DieLinke,https://www.youtube.com/watch?v=N069_23Btd0
HIaDSHy9-cE,15 Jahre DIE LINKE: Ulrich Schneider gratuliert,2022-06-16T14:20:07Z,1595,57,26,PT2M33S,UCA95T5bSGxNOAODBdbR2rYQ,DieLinke,https://www.youtube.com/watch?v=HIaDSHy9-cE
2JX5IkG6U_s,Krisengewinnler zur Kasse! Pressekonferenz mit Janine Wissler und Jörg Schindler,2022-06-13T11:45:40Z,2053,88,23,PT37M4S,UCA95T5bSGxNOAODBdbR2rYQ,DieLinke,https://www.youtube.com/watch?v=2JX5IkG6U_s
JKR6UvJ-biU,Janine Wissler: Mobilität muss für alle verfügbar sein!,2022-06-07T12:36:12Z,1942,93,26,PT31M13S,UCA95T5bSGxNOAODBdbR2rYQ,DieLinke,https://www.youtube.com/watch?v=JKR6UvJ-biU
Tkk50uya30g,Kein Sondervermögen für Aufrüstung! Kundgebung vor dem Bundestag,2022-06-03T15:57:41Z,1286,132,21,PT3M9S,UCA95T5bSGxNOAODBdbR2rYQ,DieLinke,https://www.youtube.com/watch?v=Tkk50uya30g
db5rpYBdjko,Janine Wissler: 100 Milliarden für Bildung und Klimaschutz statt für Aufrüstung!,2022-05-30T10:18:01Z,1679,103,52,PT13M49S,UCA95T5bSGxNOAODBdbR2rYQ,DieLinke,https://www.youtube.com/watch?v=db5rpYBdjko
e06dI0oTubw,Janine Wissler: Es braucht DIE LINKE in den Landtagen!,2022-05-24T15:52:24Z,2801,111,55,PT20M54S,UCA95T5bSGxNOAODBdbR2rYQ,DieLinke,https://www.youtube.com/watch?v=e06dI0oTubw
L5WhgzKSqlA,Pressekonferenz mit Jörg Schindler,2022-05-23T11:26:46Z,1091,63,12,PT26M41S,UCA95T5bSGxNOAODBdbR2rYQ,DieLinke,https://www.youtube.com/watch?v=L5WhgzKSqlA
IcClsK6t1JI,Unsere Vorsitzende Janine Wissler liest im Bundestag Tweets von #IchBinArmutsbetroffen vor.,2022-05-19T17:06:39Z,7715,363,116,PT5M27S,UCA95T5bSGxNOAODBdbR2rYQ,DieLinke,https://www.youtube.com/watch?v=IcClsK6t1JI
k6ptabHrO2Y,Pressestatement mit Jörg Schindler zum Ausgang der Landtagswahlen in NRW,2022-05-15T16:09:38Z,1618,46,38,PT12M56S,UCA95T5bSGxNOAODBdbR2rYQ,DieLinke,https://www.youtube.com/watch?v=k6ptabHrO2Y
WzjT3vosTAQ,"DIE LINKE live: Mit Janine Wissler, Gregor Gysi, Carolin Butterwegge und Jules El-Khatib",2022-05-13T16:03:55Z,2329,78,9,PT1H44M40S,UCA95T5bSGxNOAODBdbR2rYQ,DieLinke,https://www.youtube.com/watch?v=WzjT3vosTAQ
t7c1ZozDe0A,"Pressekonferenz mit Janine Wissler, Susanne Spethmann und Johann Knigge-Blietschau",2022-05-09T11:25:02Z,2747,94,29,PT18M55S,UCA95T5bSGxNOAODBdbR2rYQ,DieLinke,https://www.youtube.com/watch?v=t7c1ZozDe0A
vniSQTiKazA,Pressestatement zur Landtagswahl in Schleswig Holstein,2022-05-08T16:36:59Z,1794,58,41,PT8M2S,UCA95T5bSGxNOAODBdbR2rYQ,DieLinke,https://www.youtube.com/watch?v=vniSQTiKazA
ll4OIkedPNk,Janine Wissler: Ein neues Wettrüsten wird diese Welt nicht sicherer machen!,2022-05-02T12:56:23Z,2423,92,384,PT33M32S,UCA95T5bSGxNOAODBdbR2rYQ,DieLinke,https://www.youtube.com/watch?v=ll4OIkedPNk
VQXWEKB7zRY,Pressekonferenz mit Jörg Schindler,2022-04-25T12:50:02Z,1848,72,44,PT35M50S,UCA95T5bSGxNOAODBdbR2rYQ,DieLinke,https://www.youtube.com/watch?v=VQXWEKB7zRY
f0vDW7zBAe0,Pressestatement der Parteivorsitzenden Janine Wissler,2022-04-23T09:40:20Z,6026,255,136,PT10M5S,UCA95T5bSGxNOAODBdbR2rYQ,DieLinke,https://www.youtube.com/watch?v=f0vDW7zBAe0
dEQp7LysqYQ,Krieg in Europa: Wie helfen wir den Geflüchteten?,2022-04-07T13:18:30Z,1319,59,47,PT5M27S,UCA95T5bSGxNOAODBdbR2rYQ,DieLinke,https://www.youtube.com/watch?v=dEQp7LysqYQ
QuwIjvGTE-o,„Hart aber fair“: Löhne in der Pflege dürfen nicht länger in die Altersarmut führen,2022-04-05T12:10:55Z,8973,246,84,PT1M7S,UCA95T5bSGxNOAODBdbR2rYQ,DieLinke,https://www.youtube.com/watch?v=QuwIjvGTE-o
lCJ11T8yHPk,Susanne Hennig-Wellsow: Butscha - die Schuldigen müssen zur Verantwortung gezogen werden!,2022-04-04T11:23:31Z,2543,66,179,PT17M42S,UCA95T5bSGxNOAODBdbR2rYQ,DieLinke,https://www.youtube.com/watch?v=lCJ11T8yHPk
PwunePpqaqg,Mach's möglich: Das gute Leben für alle!,2022-03-31T10:48:32Z,15821,151,468,PT1M31S,UCA95T5bSGxNOAODBdbR2rYQ,DieLinke,https://www.youtube.com/watch?v=PwunePpqaqg
iVD8LI2s0nU,Gerechtigkeit braucht Deine Stimme!,2022-03-30T10:59:58Z,10367,286,78,PT1M31S,UCA95T5bSGxNOAODBdbR2rYQ,DieLinke,https://www.youtube.com/watch?v=iVD8LI2s0nU
iXhKtO0nA20,Zum Wahlausgang im Saarland,2022-03-27T16:39:41Z,2784,68,78,PT17M44S,UCA95T5bSGxNOAODBdbR2rYQ,DieLinke,https://www.youtube.com/watch?v=iXhKtO0nA20
kC_mtpsvUJo,"So stoppen wir die extreme Rechte! Mit Janine Wissler, Jeremy Corbyn und Heinz Bierbaum",2022-03-24T16:08:38Z,1359,97,74,PT9M39S,UCA95T5bSGxNOAODBdbR2rYQ,DieLinke,https://www.youtube.com/watch?v=kC_mtpsvUJo
Z0b9w5gyRDU,Jörg Schindler: 100 Tage Ampel-Regierung,2022-03-21T12:24:58Z,1354,80,25,PT19M46S,UCA95T5bSGxNOAODBdbR2rYQ,DieLinke,https://www.youtube.com/watch?v=Z0b9w5gyRDU
_0GGU-3plnM,Livestream: No pasarán-Konferenz 2022,2022-03-19T18:45:56Z,2080,0,0,PT8H22M56S,UCA95T5bSGxNOAODBdbR2rYQ,DieLinke,https://www.youtube.com/watch?v=_0GGU-3plnM
6JM29_wZjUw,Janine Wissler: Bei der Rüstungsindustrie knallen die Korken,2022-03-14T12:40:27Z,4463,148,373,PT32M51S,UCA95T5bSGxNOAODBdbR2rYQ,DieLinke,https://www.youtube.com/watch?v=6JM29_wZjUw
uuhtsyFOaMs,No pasarán! Konferenz zum Kampf gegen die extreme Rechte,2022-03-09T08:43:08Z,1247,64,32,PT53S,UCA95T5bSGxNOAODBdbR2rYQ,DieLinke,https://www.youtube.com/watch?v=uuhtsyFOaMs
KB2mFz530aM,Jörg Schindler: Solidarität mit der russischen Antikriegsbewegung!,2022-03-07T12:23:30Z,1485,60,31,PT19M55S,UCA95T5bSGxNOAODBdbR2rYQ,DieLinke,https://www.youtube.com/watch?v=KB2mFz530aM
KiJJFhxtIvk,"Erzieher*innen, Sozialarbeiter*innen, Lehrer*innen: Ihr verdient mehr!",2022-03-07T08:15:01Z,1632,82,41,PT1M28S,UCA95T5bSGxNOAODBdbR2rYQ,DieLinke,https://www.youtube.com/watch?v=KiJJFhxtIvk
qZ-wgZiCdAA,"Mehr Wertschätzung für Fürsorge, Erziehung und soziale Arbeit",2022-03-04T10:47:08Z,992,69,16,PT1M44S,UCA95T5bSGxNOAODBdbR2rYQ,DieLinke,https://www.youtube.com/watch?v=qZ-wgZiCdAA
wU31h7uv4uU,"Glaubt wirklich jemand, wir kommen mit immer mehr Aufrüstung weiter?",2022-03-03T12:30:03Z,3424,253,122,PT4M35S,UCA95T5bSGxNOAODBdbR2rYQ,DieLinke,https://www.youtube.com/watch?v=wU31h7uv4uU
RN--1yfC9fE,Janine Wissler: Aufrüstung schafft keine friedliche Welt!,2022-02-28T14:14:32Z,5284,173,339,PT37M38S,UCA95T5bSGxNOAODBdbR2rYQ,DieLinke,https://www.youtube.com/watch?v=RN--1yfC9fE
HCi0icnjISc,"Die Waffen nieder! Friedensmahnwache mit Janine Wissler, Amira Mohamed Ali und Anne Helm",2022-02-26T16:09:37Z,3226,181,45,PT2M21S,UCA95T5bSGxNOAODBdbR2rYQ,DieLinke,https://www.youtube.com/watch?v=HCi0icnjISc
aXRCRrRF2zk,"Susanne Hennig-Wellsow: ""Obdachlosigkeit ist nicht vom Himmel gefallen""",2022-02-14T12:11:25Z,1541,66,38,PT9M17S,UCA95T5bSGxNOAODBdbR2rYQ,DieLinke,https://www.youtube.com/watch?v=aXRCRrRF2zk
C9CB2rDk9RU,Gerhard Trabert: Mehr soziale Gerechtigkeit wagen,2022-02-10T09:59:31Z,698,80,14,PT2M4S,UCA95T5bSGxNOAODBdbR2rYQ,DieLinke,https://www.youtube.com/watch?v=C9CB2rDk9RU
VvEKpqoWHI8,Gerhard Trabert: Corona und Armut,2022-02-10T09:00:45Z,971,54,9,PT1M37S,UCA95T5bSGxNOAODBdbR2rYQ,DieLinke,https://www.youtube.com/watch?v=VvEKpqoWHI8
n14suOkHeOw,Gerhard Trabert über den Begriff der Gleichwürdigkeit,2022-02-10T08:39:11Z,560,51,4,PT55S,UCA95T5bSGxNOAODBdbR2rYQ,DieLinke,https://www.youtube.com/watch?v=n14suOkHeOw
iGeczdF50HA,Heizkostenzuschuss: Rentner und Hartz-IV-Bezieher gehen leer aus!,2022-02-07T12:22:55Z,1627,65,18,PT16M52S,UCA95T5bSGxNOAODBdbR2rYQ,DieLinke,https://www.youtube.com/watch?v=iGeczdF50HA
8YTzMBFaLBs,Pressekonferenz mit Jörg Schindler,2022-01-31T13:20:48Z,908,66,12,PT16M50S,UCA95T5bSGxNOAODBdbR2rYQ,DieLinke,https://www.youtube.com/watch?v=8YTzMBFaLBs
mIuT1uHiXXg,"Gerechtigkeit, Kapitalismus, Corona, Antifa, ...  - Gerhard Trabert beantwortet Instagram-Fragen",2022-01-26T10:18:22Z,2106,143,40,PT3M40S,UCA95T5bSGxNOAODBdbR2rYQ,DieLinke,https://www.youtube.com/watch?v=mIuT1uHiXXg
vz13FpBfL1c,Pressekonferenz mit Janine Wissler,2022-01-24T12:28:50Z,2071,111,41,PT17M35S,UCA95T5bSGxNOAODBdbR2rYQ,DieLinke,https://www.youtube.com/watch?v=vz13FpBfL1c
YW3HPaN9bV8,Janine Wissler: Der steigende Reichtum der Superreichen ist obszön,2022-01-17T12:36:06Z,2487,141,42,PT30M26S,UCA95T5bSGxNOAODBdbR2rYQ,DieLinke,https://www.youtube.com/watch?v=YW3HPaN9bV8
48EBvGAnXOM,Politischer Jahresauftakt der LINKEN 2022,2022-01-15T10:52:04Z,4977,165,22,PT1H31M16S,UCA95T5bSGxNOAODBdbR2rYQ,DieLinke,https://www.youtube.com/watch?v=48EBvGAnXOM
n5Vq1ffZmLQ,DIE LINKE stellt ihren Kandidaten zur Bundespräsidentenwahl vor,2022-01-11T17:13:51Z,2363,148,45,PT31M21S,UCA95T5bSGxNOAODBdbR2rYQ,DieLinke,https://www.youtube.com/watch?v=n5Vq1ffZmLQ
HLgLaLAE8F8,Senior*innen sollen raus aus ihren Wohnungen: Linke protestiert gegen MK Klinken AG,2021-12-30T13:03:08Z,2289,185,25,PT1M16S,UCA95T5bSGxNOAODBdbR2rYQ,DieLinke,https://www.youtube.com/watch?v=HLgLaLAE8F8
LR6W0oK34EI,Hennig-Wellsow & Wissler: Eine moderne Gerechtigkeitspartei mit sozialem Fundament,2021-12-13T12:38:06Z,2870,110,112,PT33M20S,UCA95T5bSGxNOAODBdbR2rYQ,DieLinke,https://www.youtube.com/watch?v=LR6W0oK34EI
r3cwuAviAd0,Die Ampel-Koalition zementiert die soziale Ungleichheit,2021-12-06T12:15:29Z,1972,109,24,PT14M5S,UCA95T5bSGxNOAODBdbR2rYQ,DieLinke,https://www.youtube.com/watch?v=r3cwuAviAd0
rmwHwFxEudM,Janine Wissler: Wir stehen vor einer Corona-Katastrophe,2021-11-29T12:26:12Z,3400,143,86,PT20M3S,UCA95T5bSGxNOAODBdbR2rYQ,DieLinke,https://www.youtube.com/watch?v=rmwHwFxEudM
RVUKsgcAF8Y,Jörg Schindler: Bundesregierung ist sehenden Auges in die vierte Coronawelle gelaufen,2021-11-22T13:12:25Z,1277,72,21,PT9M41S,UCA95T5bSGxNOAODBdbR2rYQ,DieLinke,https://www.youtube.com/watch?v=RVUKsgcAF8Y
NNnqSjsZhsU,Janine Wissler: Lassen Sie sich impfen!,2021-11-15T13:45:25Z,2463,138,89,PT31M59S,UCA95T5bSGxNOAODBdbR2rYQ,DieLinke,https://www.youtube.com/watch?v=NNnqSjsZhsU
ZzGPsKFbicM,Pressekonferenz mit Janine Wissler,2021-11-08T12:20:00Z,3267,140,20,PT15M19S,UCA95T5bSGxNOAODBdbR2rYQ,DieLinke,https://www.youtube.com/watch?v=ZzGPsKFbicM
LNQb8lmY0qg,Entlastungspaket Preissteigerung,2021-11-01T12:20:22Z,2563,133,83,PT15M13S,UCA95T5bSGxNOAODBdbR2rYQ,DieLinke,https://www.youtube.com/watch?v=LNQb8lmY0qg
_e65LCCADRs,Pressekonferenz der Parteivorsitzenden Janine Wissler,2021-10-11T11:14:45Z,3432,150,65,PT10M38S,UCA95T5bSGxNOAODBdbR2rYQ,DieLinke,https://www.youtube.com/watch?v=_e65LCCADRs
kqL246ce2Ps,Pressekonferenz: Beratung des Parteivorstandes zu den Ergebnissen der Bundestagswahl,2021-10-02T17:05:58Z,5553,198,140,PT33M28S,UCA95T5bSGxNOAODBdbR2rYQ,DieLinke,https://www.youtube.com/watch?v=kqL246ce2Ps
qqni9Zwa5IY,Ergebnisse der Bundestagswahl und der Landtagswahlen in Mecklenburg-Vorpommern und Berlin,2021-09-27T13:08:53Z,9766,300,256,PT30M5S,UCA95T5bSGxNOAODBdbR2rYQ,DieLinke,https://www.youtube.com/watch?v=qqni9Zwa5IY
xpVVIFKqHAU,Zu den Ergebnissen der Bundestagswahl,2021-09-26T17:01:29Z,5743,273,447,PT6M57S,UCA95T5bSGxNOAODBdbR2rYQ,DieLinke,https://www.youtube.com/watch?v=xpVVIFKqHAU
QhQgQ5YgQS4,Wahlkampfendspurt DIE LINKE in Berlin,2021-09-24T16:18:31Z,5207,275,96,PT2H20M3S,UCA95T5bSGxNOAODBdbR2rYQ,DieLinke,https://www.youtube.com/watch?v=QhQgQ5YgQS4
69OTIpm2L-g,Bundestagswahl: Ruft eure Enkelinnen und Enkel an! Oma Delia sagt euch warum.,2021-09-23T20:53:21Z,4423,251,47,PT1M,UCA95T5bSGxNOAODBdbR2rYQ,DieLinke,https://www.youtube.com/watch?v=69OTIpm2L-g
At-RJbygPDE,Trailer - Aufmischen – Wie will DIE LINKE eigentlich die Klimakrise lösen?,2021-09-23T16:19:16Z,3680,118,21,PT31S,UCA95T5bSGxNOAODBdbR2rYQ,DieLinke,https://www.youtube.com/watch?v=At-RJbygPDE
DITPEAhYTP0,Susanne Hennig-Wellsow und Bodo Ramelow:  Die gesellschaftlichen Herausforderungen in Ostdeutschland,2021-09-23T08:51:34Z,1540,99,30,PT44M1S,UCA95T5bSGxNOAODBdbR2rYQ,DieLinke,https://www.youtube.com/watch?v=DITPEAhYTP0
9yavH5ZqEDA,«Hartz IV muss weg!» Aktion an der Bundesagentur für Arbeit mit Jörg Schindler,2021-09-22T16:12:00Z,3631,264,48,PT58S,UCA95T5bSGxNOAODBdbR2rYQ,DieLinke,https://www.youtube.com/watch?v=9yavH5ZqEDA
87CWY9S2wME,Harekete geçme zamanı - 26 Eylül'de oylar DIE LINKE'ye!,2021-09-21T13:00:31Z,1474,84,17,PT1M34S,UCA95T5bSGxNOAODBdbR2rYQ,DieLinke,https://www.youtube.com/watch?v=87CWY9S2wME
vxb-a3xUD6I,Dema çalakiye - 26ê Îlonê rey ji Die Linkê re!,2021-09-21T12:59:22Z,965,57,12,PT1M40S,UCA95T5bSGxNOAODBdbR2rYQ,DieLinke,https://www.youtube.com/watch?v=vxb-a3xUD6I
64KBsz6BWsk,Das Wahlprogramm der LINKEN erklärt,2021-09-20T10:56:10Z,22791,876,342,PT18M3S,UCA95T5bSGxNOAODBdbR2rYQ,DieLinke,https://www.youtube.com/watch?v=64KBsz6BWsk
zN5YQIN5ep8,Gekaufte Politik? Nicht mit uns. Das Wahlprogramm der LINKEN zur Bundestagswahl 2021 erklärt,2021-09-20T10:08:51Z,3798,173,84,PT1M40S,UCA95T5bSGxNOAODBdbR2rYQ,DieLinke,https://www.youtube.com/watch?v=zN5YQIN5ep8
iQzSn-1ZECE,Wir machen den Sozialstaat sicher: Das Wahlprogramm der LINKEN zur Bundestagswahl 2021 erklärt,2021-09-20T09:00:16Z,10308,99,71,PT1M54S,UCA95T5bSGxNOAODBdbR2rYQ,DieLinke,https://www.youtube.com/watch?v=iQzSn-1ZECE
nPlHWPU1GBg,Pressekonferenz: Kernprojekte eines Politikwechsels,2021-09-20T08:03:28Z,1964,151,41,PT27M41S,UCA95T5bSGxNOAODBdbR2rYQ,DieLinke,https://www.youtube.com/watch?v=nPlHWPU1GBg
LgTAWmOCRMQ,Waffenexporte verbieten! Das Wahlprogramm der LINKEN zur Bundestagswahl 2021 erklärt,2021-09-16T07:30:03Z,9670,230,65,PT1M36S,UCA95T5bSGxNOAODBdbR2rYQ,DieLinke,https://www.youtube.com/watch?v=LgTAWmOCRMQ
lExTUuDHK2Q,Gregor Gysi und Dietmar Bartsch live aus Rostock,2021-09-15T21:42:14Z,7326,396,27,PT1H25M48S,UCA95T5bSGxNOAODBdbR2rYQ,DieLinke,https://www.youtube.com/watch?v=lExTUuDHK2Q
tnKvkjH2sr4,Renten für ein gutes Leben im Alter: Das Wahlprogramm der LINKEN zur Bundestagswahl 2021 erklärt,2021-09-14T15:17:40Z,2577,114,38,PT1M46S,UCA95T5bSGxNOAODBdbR2rYQ,DieLinke,https://www.youtube.com/watch?v=tnKvkjH2sr4
ww2X3TALRIk,Arbeit die zum Leben passt: Das Wahlprogramm der LINKEN zur Bundestagswahl 2021 erklärt,2021-09-14T11:52:35Z,8413,144,75,PT2M6S,UCA95T5bSGxNOAODBdbR2rYQ,DieLinke,https://www.youtube.com/watch?v=ww2X3TALRIk
ok_D2oSr2lo,Solidarische Gesundheitsversorgung: Das Wahlprogramm der LINKEN zur Bundestagswahl 2021 erklärt,2021-09-14T08:20:51Z,8343,118,27,PT1M45S,UCA95T5bSGxNOAODBdbR2rYQ,DieLinke,https://www.youtube.com/watch?v=ok_D2oSr2lo
5sOCsZGw9vA,"""Schluss mit der Politik der verlorenen Zeit.""  Schlussstatement von Janine Wissler",2021-09-13T20:50:37Z,3996,259,71,PT40S,UCA95T5bSGxNOAODBdbR2rYQ,DieLinke,https://www.youtube.com/watch?v=5sOCsZGw9vA
dUUlLloAPc0,Pressekonferenz: Unser sieben-Punkte-Plan für bezahlbares Wohnen,2021-09-13T11:48:26Z,2061,157,32,PT38M41S,UCA95T5bSGxNOAODBdbR2rYQ,DieLinke,https://www.youtube.com/watch?v=dUUlLloAPc0
bbqW_j02Tso,Gerechte Steuern und Umverteilung: Das Wahlprogramm der LINKEN zur Bundestagswahl 2021 erklärt,2021-09-13T07:03:54Z,7931,143,54,PT1M37S,UCA95T5bSGxNOAODBdbR2rYQ,DieLinke,https://www.youtube.com/watch?v=bbqW_j02Tso
_k3T2m3GatU,"10 Fragen, 10 Antworten // Folge 10: Was fehlt unserem Bildungssystem? (mit Janine Wissler)",2021-09-13T07:00:09Z,2329,165,32,PT1M52S,UCA95T5bSGxNOAODBdbR2rYQ,DieLinke,https://www.youtube.com/watch?v=_k3T2m3GatU
L3BWY8CWjjE,Wahlspot DIE LINKE: Gemeinsam machen wir das Land gerecht. JETZT.,2021-09-12T16:00:11Z,318937,2646,2582,PT1M30S,UCA95T5bSGxNOAODBdbR2rYQ,DieLinke,https://www.youtube.com/watch?v=L3BWY8CWjjE
VZr7ck5G4Ls,Linke Aktionskunst in Frankfurt,2021-09-11T06:23:59Z,1716,143,13,PT1M43S,UCA95T5bSGxNOAODBdbR2rYQ,DieLinke,https://www.youtube.com/watch?v=VZr7ck5G4Ls
e2zExvm_nIc,LINKE Städtetour: Sozial gerecht. Vor Ort. JETZT in Frankfurt am Main,2021-09-10T22:15:07Z,2163,152,9,PT2H17M1S,UCA95T5bSGxNOAODBdbR2rYQ,DieLinke,https://www.youtube.com/watch?v=e2zExvm_nIc
C1cg7eSC46o,ÖPNV überall und kostenlos. Das geht in 5 Jahren.,2021-09-10T12:46:23Z,1762,126,43,PT11M27S,UCA95T5bSGxNOAODBdbR2rYQ,DieLinke,https://www.youtube.com/watch?v=C1cg7eSC46o
MMgnLrKXyaM,Für Dresden: Am 26. September: Katja Kipping wählen,2021-09-10T10:46:15Z,10346,186,34,PT52S,UCA95T5bSGxNOAODBdbR2rYQ,DieLinke,https://www.youtube.com/watch?v=MMgnLrKXyaM
nZGICatiLdQ,Aufmischen – Wie will DIE LINKE eigentlich die Klimakrise lösen?,2021-09-09T12:52:49Z,3836,225,40,PT11M35S,UCA95T5bSGxNOAODBdbR2rYQ,DieLinke,https://www.youtube.com/watch?v=nZGICatiLdQ
QZEkTEIOSlI,Wir machen Wohnen bezahlbar: Das Wahlprogramm der LINKEN zur Bundestagswahl 2021 erklärt,2021-09-08T16:40:36Z,10041,179,30,PT1M51S,UCA95T5bSGxNOAODBdbR2rYQ,DieLinke,https://www.youtube.com/watch?v=QZEkTEIOSlI
4obdMi3Um_Q,Retten statt Rüsten! Aktionstag mit Janine Wissler in Bonn,2021-09-08T15:41:35Z,1533,149,20,PT2M21S,UCA95T5bSGxNOAODBdbR2rYQ,DieLinke,https://www.youtube.com/watch?v=4obdMi3Um_Q
WPDqtwuXiPk,Klimaschutz sozial gerecht: Das Wahlprogramm der LINKEN zur Bundestagswahl 2021 erklärt,2021-09-08T15:02:11Z,14469,197,84,PT1M40S,UCA95T5bSGxNOAODBdbR2rYQ,DieLinke,https://www.youtube.com/watch?v=WPDqtwuXiPk
zFlbgTCuVNM,Ein Dialog bei Anne Will über Störgefühle zwischen Janine Wissler und Helene Bubrowski,2021-09-06T16:20:17Z,9759,488,163,PT53S,UCA95T5bSGxNOAODBdbR2rYQ,DieLinke,https://www.youtube.com/watch?v=zFlbgTCuVNM
USaNYCRYfRY,Janine Wissler und Dietmar Bartsch: Sozial und klimagerecht. Wir machen das.,2021-09-06T08:57:18Z,9956,398,151,PT47M49S,UCA95T5bSGxNOAODBdbR2rYQ,DieLinke,https://www.youtube.com/watch?v=USaNYCRYfRY
XVogVjT7b0Y,"10 Fragen, 10 Antworten // Folge 9:  Sollte jede*r studieren? (mit Erik Zander)",2021-09-06T07:00:08Z,1291,87,5,PT1M58S,UCA95T5bSGxNOAODBdbR2rYQ,DieLinke,https://www.youtube.com/watch?v=XVogVjT7b0Y
WRmQpcEfd2U,Solidarität ist unteilbar: Das Wahlprogramm der LINKEN zur Bundestagswahl 2021 erklärt,2021-09-03T13:38:47Z,9436,201,91,PT1M16S,UCA95T5bSGxNOAODBdbR2rYQ,DieLinke,https://www.youtube.com/watch?v=WRmQpcEfd2U
MUgDgKGu5Bg,Jan Korte spricht Klartext:  Über Lindners FDP,2021-09-02T18:39:59Z,7248,425,380,PT1M16S,UCA95T5bSGxNOAODBdbR2rYQ,DieLinke,https://www.youtube.com/watch?v=MUgDgKGu5Bg
_zBd5BZZm0A,Jan Korte spricht Klartext: Die roten Socken aus der Mottenkiste,2021-09-02T18:39:44Z,3613,277,74,PT2M43S,UCA95T5bSGxNOAODBdbR2rYQ,DieLinke,https://www.youtube.com/watch?v=_zBd5BZZm0A
J6xVHlK1GsY,Fürsorgearbeit gerecht entlohnen! Kunstaktion mit Susanne Hennig-Wellsow und Ellen Ost,2021-09-01T17:44:01Z,975,98,13,PT3M22S,UCA95T5bSGxNOAODBdbR2rYQ,DieLinke,https://www.youtube.com/watch?v=J6xVHlK1GsY
EAnFhnf20yU,Seid dabei – mit der LINKEN App,2021-08-31T18:23:44Z,2419,150,21,PT1M7S,UCA95T5bSGxNOAODBdbR2rYQ,DieLinke,https://www.youtube.com/watch?v=EAnFhnf20yU
eeZdScaqYnc,Pressekonferenz mit Susanne Hennig-Wellsow am 30. August 2021,2021-08-30T11:17:20Z,2622,125,60,PT11M54S,UCA95T5bSGxNOAODBdbR2rYQ,DieLinke,https://www.youtube.com/watch?v=eeZdScaqYnc
-oF79KNjRmo,"10 Fragen, 10 Antworten // Folge 8: Lebenslanges Lernen - Ist man nicht irgendwann mal fertig?",2021-08-30T07:00:00Z,2233,120,37,PT1M29S,UCA95T5bSGxNOAODBdbR2rYQ,DieLinke,https://www.youtube.com/watch?v=-oF79KNjRmo
Vdtfq7uwrjE,16 Jahre: Genug Zeit verloren.  Machen wir das Land gerecht. - Wahlspot zur Bundestagswahl 2021,2021-08-28T08:00:06Z,317002,3550,325,PT37S,UCA95T5bSGxNOAODBdbR2rYQ,DieLinke,https://www.youtube.com/watch?v=Vdtfq7uwrjE
iEx1iMQ7IlY,LINKE Städtetour: Wahlkampfauftakt in Rostock,2021-08-27T16:22:45Z,2985,160,54,PT2H17M1S,UCA95T5bSGxNOAODBdbR2rYQ,DieLinke,https://www.youtube.com/watch?v=iEx1iMQ7IlY
pVXC0AcQ1kg,Janine Wissler und Dietmar Bartsch: Konzept für eine armutsfeste Rente,2021-08-23T11:59:57Z,3901,190,126,PT35M7S,UCA95T5bSGxNOAODBdbR2rYQ,DieLinke,https://www.youtube.com/watch?v=pVXC0AcQ1kg
ggp30g4IClI,"10 Fragen, 10 Antworten // Folge 7: Sollte Bildungspolitik Ländersache bleiben? (mit Regina Kittler)",2021-08-23T07:00:21Z,1277,84,31,PT1M37S,UCA95T5bSGxNOAODBdbR2rYQ,DieLinke,https://www.youtube.com/watch?v=ggp30g4IClI
R1HY5264o5Y,"10 Fragen, 10 Antworten // Folge 6: Sind Gemeinschaftsschulen Schulen der Gleichmacherei?",2021-08-16T14:15:00Z,1613,104,60,PT2M1S,UCA95T5bSGxNOAODBdbR2rYQ,DieLinke,https://www.youtube.com/watch?v=R1HY5264o5Y
urYSCa3VDeQ,Janine Wissler und Dietmar Bartsch: Afghanistan - Schnelle Hilfe und politische Aufarbeitung!,2021-08-16T10:33:05Z,2226,169,122,PT27M41S,UCA95T5bSGxNOAODBdbR2rYQ,DieLinke,https://www.youtube.com/watch?v=urYSCa3VDeQ
aqTcANaXhEI,Dietmar Bartsch: „Die Mehrheit entlasten: für eine gerechte Einkommenssteuer“,2021-08-09T11:39:21Z,2417,180,113,PT23M2S,UCA95T5bSGxNOAODBdbR2rYQ,DieLinke,https://www.youtube.com/watch?v=aqTcANaXhEI
Gnq9jyk7mdQ,"10 Fragen, 10 Antworten // Folge 5: Ist Inklusion realitätsfremd? (mit Luise Neuhaus-Wartenberg)",2021-08-09T07:00:14Z,1678,101,13,PT1M26S,UCA95T5bSGxNOAODBdbR2rYQ,DieLinke,https://www.youtube.com/watch?v=Gnq9jyk7mdQ
3eUjHCSuyME,Jörg Schindler: Existenzangst abschaffen - So geht Sozialstaat!,2021-08-02T11:22:54Z,1350,105,48,PT18M35S,UCA95T5bSGxNOAODBdbR2rYQ,DieLinke,https://www.youtube.com/watch?v=3eUjHCSuyME
PQPCtlH8564,"10 Fragen, 10 Antworten // Folge 4: Wofür lernen wir in der Schule? (mit Kathrin Dannenberg)",2021-08-02T07:00:06Z,1559,100,20,PT1M54S,UCA95T5bSGxNOAODBdbR2rYQ,DieLinke,https://www.youtube.com/watch?v=PQPCtlH8564
DnouInxfdYU,Jörg Schindler zum Konzept für ein Klima-Jobprogramm,2021-07-26T11:23:31Z,956,71,37,PT21M,UCA95T5bSGxNOAODBdbR2rYQ,DieLinke,https://www.youtube.com/watch?v=DnouInxfdYU
PivJ-BIYhgI,"10 Fragen, 10 Antworten // Folge 3: Hat der Digitalpakt alle Probleme gelöst?",2021-07-26T07:00:11Z,1361,103,40,PT1M46S,UCA95T5bSGxNOAODBdbR2rYQ,DieLinke,https://www.youtube.com/watch?v=PivJ-BIYhgI
1z8EgSmUndw,Soziale Gerechtigkeit wählen: Die Kampagne der LINKEN zur Bundestagswahl,2021-07-22T10:05:52Z,2501,179,61,PT1M,UCA95T5bSGxNOAODBdbR2rYQ,DieLinke,https://www.youtube.com/watch?v=1z8EgSmUndw
IzbBktmm_u8,DIE LINKE: Präsentation der Kampagne zur Bundestagswahl,2021-07-21T09:43:44Z,6139,305,87,PT35M26S,UCA95T5bSGxNOAODBdbR2rYQ,DieLinke,https://www.youtube.com/watch?v=IzbBktmm_u8
p-24a0Olh0E,"10 Fragen, 10 Antworten // Folge 2: Was können wir unseren Kindern nach der Pandemie zurückgeben??",2021-07-19T13:54:41Z,1755,130,22,PT1M18S,UCA95T5bSGxNOAODBdbR2rYQ,DieLinke,https://www.youtube.com/watch?v=p-24a0Olh0E
0zEbq--h8tI,Jörg Schindler zu den Konsequenzen aus der Hochwasserkatastrophe,2021-07-19T11:10:43Z,752,61,23,PT12M27S,UCA95T5bSGxNOAODBdbR2rYQ,DieLinke,https://www.youtube.com/watch?v=0zEbq--h8tI
CBPIIueD3L0,Pressekonferenz mit Susanne Hennig-Wellsow am 13. Juli 2021,2021-07-13T11:07:15Z,1088,95,28,PT5M46S,UCA95T5bSGxNOAODBdbR2rYQ,DieLinke,https://www.youtube.com/watch?v=CBPIIueD3L0
U_iiTwsQEcU,"10 Fragen, 10 Antworten // Folge 1: Was darf gute Bildung eigentlich kosten? (mit Gesine Dannenberg)",2021-07-12T07:00:06Z,3213,180,21,PT2M3S,UCA95T5bSGxNOAODBdbR2rYQ,DieLinke,https://www.youtube.com/watch?v=U_iiTwsQEcU
z9cSMsubNJc,Die CDU und die Immobilienlobby,2021-07-06T12:55:59Z,2705,284,62,PT1M,UCA95T5bSGxNOAODBdbR2rYQ,DieLinke,https://www.youtube.com/watch?v=z9cSMsubNJc
jjfJTKZ3eNk,Jörg Schindler: Manager-Gehälter begrenzen!,2021-07-05T12:13:40Z,1041,73,14,PT8M30S,UCA95T5bSGxNOAODBdbR2rYQ,DieLinke,https://www.youtube.com/watch?v=jjfJTKZ3eNk
SvAcEXa5_Bg,Pressekonferenz mit Susanne Hennig-Wellsow am 28. Juni 2021,2021-06-28T11:14:27Z,1448,73,36,PT11M10S,UCA95T5bSGxNOAODBdbR2rYQ,DieLinke,https://www.youtube.com/watch?v=SvAcEXa5_Bg
osH-FHJQctk,Wahlprogrammparteitag der LINKEN 2021 in 86 Sekunden,2021-06-23T13:54:33Z,122153,299,80,PT1M26S,UCA95T5bSGxNOAODBdbR2rYQ,DieLinke,https://www.youtube.com/watch?v=osH-FHJQctk
-Jdszwk2_Vk,Stimmen zum Wahlprogramm: Demokratie stärken,2021-06-22T12:34:46Z,937,93,1,PT3M20S,UCA95T5bSGxNOAODBdbR2rYQ,DieLinke,https://www.youtube.com/watch?v=-Jdszwk2_Vk
C7cqITSkYmY,Stimmen zum Wahlprogramm: Frieden,2021-06-22T12:34:21Z,1040,109,0,PT1M51S,UCA95T5bSGxNOAODBdbR2rYQ,DieLinke,https://www.youtube.com/watch?v=C7cqITSkYmY
dO9LIkvK3JM,Stimmen zum Wahlprogramm: Ostdeutschland,2021-06-22T12:24:24Z,1246,106,3,PT3M2S,UCA95T5bSGxNOAODBdbR2rYQ,DieLinke,https://www.youtube.com/watch?v=dO9LIkvK3JM
XZoxY8ke2ZI,Stimmen zum Wahlprogramm: Kommunen,2021-06-22T12:21:06Z,933,64,0,PT2M27S,UCA95T5bSGxNOAODBdbR2rYQ,DieLinke,https://www.youtube.com/watch?v=XZoxY8ke2ZI
BCZKcJ8F1O8,Stimmen zum Wahlprogramm: Feminismus,2021-06-22T12:11:44Z,1316,90,6,PT2M3S,UCA95T5bSGxNOAODBdbR2rYQ,DieLinke,https://www.youtube.com/watch?v=BCZKcJ8F1O8
O0JiICNlTIM,Stimmen zum Wahlprogramm: Umverteilung,2021-06-22T12:08:49Z,939,90,3,PT3M12S,UCA95T5bSGxNOAODBdbR2rYQ,DieLinke,https://www.youtube.com/watch?v=O0JiICNlTIM
ncka3rtTg6I,Stimmen zum Wahlprogramm: Kultur,2021-06-22T11:50:10Z,550,56,1,PT2M19S,UCA95T5bSGxNOAODBdbR2rYQ,DieLinke,https://www.youtube.com/watch?v=ncka3rtTg6I
BJTegOO6rdU,Stimmen zum Wahlprogramm: Klimaschutz,2021-06-22T11:48:00Z,881,89,0,PT2M52S,UCA95T5bSGxNOAODBdbR2rYQ,DieLinke,https://www.youtube.com/watch?v=BJTegOO6rdU
HHKF72NDucE,Stimmen zum Wahlprogramm: Arbeit,2021-06-22T11:42:56Z,650,65,0,PT2M42S,UCA95T5bSGxNOAODBdbR2rYQ,DieLinke,https://www.youtube.com/watch?v=HHKF72NDucE
hpJKXD0eZlQ,Stimmen zum Wahlprogramm: Miete,2021-06-22T11:37:05Z,701,88,2,PT2M13S,UCA95T5bSGxNOAODBdbR2rYQ,DieLinke,https://www.youtube.com/watch?v=hpJKXD0eZlQ
3PXKl4IKilw,Stimmen zum Wahlprogramm: Gesundheit,2021-06-22T11:24:53Z,695,86,0,PT2M24S,UCA95T5bSGxNOAODBdbR2rYQ,DieLinke,https://www.youtube.com/watch?v=3PXKl4IKilw
XVehiXiyJ74,Sozial und klimagerecht. Das Wahlprogramm der LINKEN.,2021-06-22T10:53:49Z,6189,252,4,PT5M19S,UCA95T5bSGxNOAODBdbR2rYQ,DieLinke,https://www.youtube.com/watch?v=XVehiXiyJ74
G43AiXI8CTk,Jörg Schindler: Jetzt legen wir los mit unseren Themen!,2021-06-21T11:22:05Z,975,68,10,PT19M42S,UCA95T5bSGxNOAODBdbR2rYQ,DieLinke,https://www.youtube.com/watch?v=G43AiXI8CTk
ictJD5Wwe7A,"Wahlprogrammparteitag 2021, 2. Tag (20.6.2021)",2021-06-20T16:59:30Z,3799,138,0,PT10H9M11S,UCA95T5bSGxNOAODBdbR2rYQ,DieLinke,https://www.youtube.com/watch?v=ictJD5Wwe7A
kiQNy7Km_rw,Dietmar Bartsch: Wir stellen die Verteilungsfrage,2021-06-20T16:02:04Z,6026,269,15,PT34M8S,UCA95T5bSGxNOAODBdbR2rYQ,DieLinke,https://www.youtube.com/watch?v=kiQNy7Km_rw
JdiwKNvoO7Q,Janine Wissler: Für eine starke LINKE und einen Politikwechsel,2021-06-20T14:57:44Z,8009,315,20,PT29M41S,UCA95T5bSGxNOAODBdbR2rYQ,DieLinke,https://www.youtube.com/watch?v=JdiwKNvoO7Q
coqyOEeAB64,"Janine Wissler: Wenn Menschen im Mittelmeer ertrinken, ist das kein Unglück, sondern Kalkül",2021-06-20T13:11:59Z,896,98,1,PT59S,UCA95T5bSGxNOAODBdbR2rYQ,DieLinke,https://www.youtube.com/watch?v=coqyOEeAB64
HiDfZJGsamI,"Wahlprogrammparteitag 2021, 1. Tag (Teil 2) (19.6.2021)",2021-06-19T20:08:51Z,1490,71,0,PT1H27M20S,UCA95T5bSGxNOAODBdbR2rYQ,DieLinke,https://www.youtube.com/watch?v=HiDfZJGsamI
pmAxePFhAIw,Amira Mohamed Ali: Wir legen uns jeden Tag mit den Reichen und Mächtigen an,2021-06-19T19:46:26Z,2671,138,4,PT18M49S,UCA95T5bSGxNOAODBdbR2rYQ,DieLinke,https://www.youtube.com/watch?v=pmAxePFhAIw
iNYgWcY8YK0,"Wahlprogrammparteitag 2021, 1. Tag (Teil 1, 19.6.2021)",2021-06-19T19:27:26Z,5374,217,3,PT11H26M38S,UCA95T5bSGxNOAODBdbR2rYQ,DieLinke,https://www.youtube.com/watch?v=iNYgWcY8YK0
M-qo2aF8REg,Susanne Hennig-Wellsow: Damit es den Menschen besser geht,2021-06-19T11:38:45Z,3458,107,1,PT12M9S,UCA95T5bSGxNOAODBdbR2rYQ,DieLinke,https://www.youtube.com/watch?v=M-qo2aF8REg
80Bu-HY64Eo,Susanne Hennig-Wellsow: Pressekonferenz am 14. Juni 2021,2021-06-14T11:23:32Z,1515,74,16,PT20M46S,UCA95T5bSGxNOAODBdbR2rYQ,DieLinke,https://www.youtube.com/watch?v=80Bu-HY64Eo
zH2aPKk2liM,Fest der Linken 2021 - The Toten Crackhuren im Kofferraum,2021-06-11T11:42:51Z,2621,81,0,PT12M50S,UCA95T5bSGxNOAODBdbR2rYQ,DieLinke,https://www.youtube.com/watch?v=zH2aPKk2liM
KsNAsGEfxl8,Pressestatement zur Landtagswahl in Sachsen-Anhalt,2021-06-06T16:42:39Z,1541,96,0,PT2M50S,UCA95T5bSGxNOAODBdbR2rYQ,DieLinke,https://www.youtube.com/watch?v=KsNAsGEfxl8
lyP-oGrcYkA,Das war das Fest der Linken 2021,2021-06-05T10:56:15Z,733,46,0,PT1M36S,UCA95T5bSGxNOAODBdbR2rYQ,DieLinke,https://www.youtube.com/watch?v=lyP-oGrcYkA
nYO8FHPaSKc,Das war das Fest der Linken 2020,2021-06-04T09:51:42Z,518,33,0,PT53S,UCA95T5bSGxNOAODBdbR2rYQ,DieLinke,https://www.youtube.com/watch?v=nYO8FHPaSKc
wzUwlz92wgs,Janine Wissler und Dietmar Bartsch im Talk zur Bundestagswahl,2021-06-03T17:33:58Z,2322,91,2,PT32M1S,UCA95T5bSGxNOAODBdbR2rYQ,DieLinke,https://www.youtube.com/watch?v=wzUwlz92wgs
P_sRHniNAdg,Klaus Lederer im Gespräch mit Gloria Viagra,2021-06-03T17:32:48Z,1352,43,2,PT31M1S,UCA95T5bSGxNOAODBdbR2rYQ,DieLinke,https://www.youtube.com/watch?v=P_sRHniNAdg
IhD6a5rG5kk,Clara Zetkin-Frauenpreis 2021,2021-06-02T10:26:12Z,372,23,0,PT27M2S,UCA95T5bSGxNOAODBdbR2rYQ,DieLinke,https://www.youtube.com/watch?v=IhD6a5rG5kk
IxQsX4yttdA,Besser DIE LINKE. Am 6. Juni eine gerechte Zukunft wählen.,2021-06-01T15:12:57Z,11085,220,0,PT1M30S,UCA95T5bSGxNOAODBdbR2rYQ,DieLinke,https://www.youtube.com/watch?v=IxQsX4yttdA
2sCfbOmWTUk,Ab an die Tür! Beim bundesweiten Haustür-Aktionstag am 5. Juni,2021-05-31T15:01:34Z,1465,108,0,PT2M29S,UCA95T5bSGxNOAODBdbR2rYQ,DieLinke,https://www.youtube.com/watch?v=2sCfbOmWTUk
Rs2z0iNamkk,Pressekonferenz mit Jörg Schindler,2021-05-31T11:32:05Z,721,54,0,PT23M20S,UCA95T5bSGxNOAODBdbR2rYQ,DieLinke,https://www.youtube.com/watch?v=Rs2z0iNamkk
32Bd3Lkolfg,Fundstücke aus dem Keller des Karl-Liebknecht-Haus,2021-05-31T08:22:20Z,2443,125,0,PT6M35S,UCA95T5bSGxNOAODBdbR2rYQ,DieLinke,https://www.youtube.com/watch?v=32Bd3Lkolfg
8XnDaYaFAqQ,Fest der Linken 2021,2021-05-29T19:47:18Z,3803,160,0,PT3H27M6S,UCA95T5bSGxNOAODBdbR2rYQ,DieLinke,https://www.youtube.com/watch?v=8XnDaYaFAqQ
eRtCE80FLcA,Janine Wissler und Sofia Leonidakis über ihren Besuch im Geflüchtetenlager Kara Tepe auf Lesbos,2021-05-27T12:54:14Z,807,75,0,PT16M45S,UCA95T5bSGxNOAODBdbR2rYQ,DieLinke,https://www.youtube.com/watch?v=eRtCE80FLcA
42CIbVn87UQ,Janine Wissler: CDU und Grüne blockieren zusammen Nazi-Aufklärung,2021-05-26T14:51:36Z,3533,287,6,PT5M36S,UCA95T5bSGxNOAODBdbR2rYQ,DieLinke,https://www.youtube.com/watch?v=42CIbVn87UQ
CpQWKL6Gbw4,Nehmt den Wessis das Kommando?,2021-05-20T18:10:47Z,769,49,0,PT31M51S,UCA95T5bSGxNOAODBdbR2rYQ,DieLinke,https://www.youtube.com/watch?v=CpQWKL6Gbw4
IGvG9NaoknI,Teaser-Trailer: Fest der Linken 2021,2021-05-20T09:36:49Z,9862,44,0,PT38S,UCA95T5bSGxNOAODBdbR2rYQ,DieLinke,https://www.youtube.com/watch?v=IGvG9NaoknI
6_MRD1hUPR4,Susanne Hennig-Wellsow: Antisemitismus entschieden entgegentreten,2021-05-17T11:08:58Z,1398,87,2,PT5M52S,UCA95T5bSGxNOAODBdbR2rYQ,DieLinke,https://www.youtube.com/watch?v=6_MRD1hUPR4
r0AEz_wEgE8,Politisches Nachtgebet zum Ökumenischen Kirchentag 2021 mit Bodo Ramelow,2021-05-12T17:00:16Z,2157,82,0,PT55M5S,UCA95T5bSGxNOAODBdbR2rYQ,DieLinke,https://www.youtube.com/watch?v=r0AEz_wEgE8
j_AS5WOaylM,Macht das Land gerecht. Jetzt.,2021-05-10T12:57:25Z,151882,4368,64,PT1M38S,UCA95T5bSGxNOAODBdbR2rYQ,DieLinke,https://www.youtube.com/watch?v=j_AS5WOaylM
yT1c7kwob3w,Gemeinsam mit Janine Wissler und Dietmar Bartsch machen wir das Land gerecht,2021-05-10T11:03:40Z,7473,324,25,PT53M8S,UCA95T5bSGxNOAODBdbR2rYQ,DieLinke,https://www.youtube.com/watch?v=yT1c7kwob3w
5LD5pWRFdAk,Bundesverfassungsgericht: Klimaschutzgesetz reicht nicht aus,2021-05-03T11:21:58Z,1668,90,2,PT17M34S,UCA95T5bSGxNOAODBdbR2rYQ,DieLinke,https://www.youtube.com/watch?v=5LD5pWRFdAk
cD6ooy2h3zU,Better than Trump? 100 Tage Joe Biden.,2021-04-29T16:58:09Z,766,49,1,PT37M21S,UCA95T5bSGxNOAODBdbR2rYQ,DieLinke,https://www.youtube.com/watch?v=cD6ooy2h3zU
TG0GnFWo-6g,"Hotspots, Pushbacks, Seenotrettung. LINKE Forderungen an deutsche EU-Grenzpolitik",2021-04-27T18:07:56Z,520,32,2,PT51M55S,UCA95T5bSGxNOAODBdbR2rYQ,DieLinke,https://www.youtube.com/watch?v=TG0GnFWo-6g
QuRtUVqsP50,SIPRI-Bericht: Rüstungsausgaben weltweit gestiegen,2021-04-26T11:11:03Z,1127,59,1,PT8M25S,UCA95T5bSGxNOAODBdbR2rYQ,DieLinke,https://www.youtube.com/watch?v=QuRtUVqsP50
MohHHj8Rilc,Jetzt erst recht: Mietendeckel bundesweit!,2021-04-22T16:50:44Z,706,53,2,PT32M43S,UCA95T5bSGxNOAODBdbR2rYQ,DieLinke,https://www.youtube.com/watch?v=MohHHj8Rilc
OJJAxyynWj8,"Infektionsschutzgesetz atmet mehr den Geist des politischen Konsens, als des Gesundheitsschutz.",2021-04-20T04:59:42Z,1522,79,0,PT13M47S,UCA95T5bSGxNOAODBdbR2rYQ,DieLinke,https://www.youtube.com/watch?v=OJJAxyynWj8
5AaKUUETPHw,Mietendeckel bundesweit,2021-04-17T12:39:15Z,36391,388,1,PT57S,UCA95T5bSGxNOAODBdbR2rYQ,DieLinke,https://www.youtube.com/watch?v=5AaKUUETPHw
9RoVI9tbAs8,Westsahara - die letzte Kolonie Afrikas,2021-04-15T16:54:01Z,1219,54,8,PT43M13S,UCA95T5bSGxNOAODBdbR2rYQ,DieLinke,https://www.youtube.com/watch?v=9RoVI9tbAs8
flX5J6mpLLA,Janine Wissler & Susanne Hennig-Wellsow: Vorstellung des Entwurfs zum Wahlprogramm,2021-04-12T12:01:24Z,6956,221,15,PT51M29S,UCA95T5bSGxNOAODBdbR2rYQ,DieLinke,https://www.youtube.com/watch?v=flX5J6mpLLA
YuALLehII2E,Mindestlohnbetrug aufdecken!,2021-04-08T16:43:43Z,696,47,1,PT37M52S,UCA95T5bSGxNOAODBdbR2rYQ,DieLinke,https://www.youtube.com/watch?v=YuALLehII2E
q25OTdpsvqI,Impfgerechtigkeit: Warum die Welt nicht auf den Markt warten kann,2021-04-07T16:39:33Z,1252,107,0,PT1M23S,UCA95T5bSGxNOAODBdbR2rYQ,DieLinke,https://www.youtube.com/watch?v=q25OTdpsvqI
BhRUcmnUZ1U,Janine Wissler: Wir brauchen einen konsequenten und solidarischen Lockdown,2021-03-29T11:13:41Z,2805,151,3,PT9M40S,UCA95T5bSGxNOAODBdbR2rYQ,DieLinke,https://www.youtube.com/watch?v=BhRUcmnUZ1U
Qls3ieUxC-I,Deutsche mit Ossi-Hintergrund,2021-03-25T17:48:59Z,749,49,0,PT41M28S,UCA95T5bSGxNOAODBdbR2rYQ,DieLinke,https://www.youtube.com/watch?v=Qls3ieUxC-I
1kukV4bVmuQ,Corona-Pandemie: Die Bundesregierung leitet nicht die notwendigen Schritte ein,2021-03-22T12:21:26Z,1904,65,0,PT12M39S,UCA95T5bSGxNOAODBdbR2rYQ,DieLinke,https://www.youtube.com/watch?v=1kukV4bVmuQ
wLGu4xZu7Zo,Erkämpft das Menschenrecht - 150 Jahre Pariser Kommune,2021-03-18T17:43:51Z,754,42,0,PT37M25S,UCA95T5bSGxNOAODBdbR2rYQ,DieLinke,https://www.youtube.com/watch?v=wLGu4xZu7Zo
johsvofQjQk,Zum HDP-Verbotsverfahren in der Türkei,2021-03-18T15:53:54Z,1736,93,1,PT26M8S,UCA95T5bSGxNOAODBdbR2rYQ,DieLinke,https://www.youtube.com/watch?v=johsvofQjQk
9JxKFj8W2Nk,Janine Wissler: Statement zu den Landtagswahlen in Baden-Württemberg und Rheinland-Pfalz,2021-03-14T17:27:39Z,2528,172,0,PT2M46S,UCA95T5bSGxNOAODBdbR2rYQ,DieLinke,https://www.youtube.com/watch?v=9JxKFj8W2Nk
Ap4HJGS8Tcc,DIE LINKE: 1 - Hohenzollern: 0,2021-03-11T18:33:43Z,879,69,0,PT26M9S,UCA95T5bSGxNOAODBdbR2rYQ,DieLinke,https://www.youtube.com/watch?v=Ap4HJGS8Tcc
tWo9bvRtq_c,"Moritz Damoune: ""Wir brauchen mehr Personal in der Pflege""",2021-03-10T09:59:24Z,1065,67,0,PT4M25S,UCA95T5bSGxNOAODBdbR2rYQ,DieLinke,https://www.youtube.com/watch?v=tWo9bvRtq_c
atIhf3Wed-I,#8märz: Mehr als Blumen und Applaus,2021-03-08T21:35:13Z,2649,145,0,PT1H56M5S,UCA95T5bSGxNOAODBdbR2rYQ,DieLinke,https://www.youtube.com/watch?v=atIhf3Wed-I
2RicsYP0uTw,Janine Wissler zum Internationalen Frauenkampftag,2021-03-08T12:27:19Z,2921,168,5,PT23M13S,UCA95T5bSGxNOAODBdbR2rYQ,DieLinke,https://www.youtube.com/watch?v=2RicsYP0uTw
nUAUANtQABE,Bringt Bewegung in die Landtage!,2021-03-04T17:45:47Z,818,49,1,PT23M46S,UCA95T5bSGxNOAODBdbR2rYQ,DieLinke,https://www.youtube.com/watch?v=nUAUANtQABE
Ya6X_xHYzes,Pressekonferenz mit Janine Wissler zum Corona-Gipfel,2021-03-04T07:49:12Z,2464,149,0,PT9M49S,UCA95T5bSGxNOAODBdbR2rYQ,DieLinke,https://www.youtube.com/watch?v=Ya6X_xHYzes
7BhVk9eLurc,Kein Einzelfall – Hanau Gedenken,2021-03-03T14:57:35Z,948,101,0,PT1M43S,UCA95T5bSGxNOAODBdbR2rYQ,DieLinke,https://www.youtube.com/watch?v=7BhVk9eLurc
d-zq0p_duQg,"Was Gregor sagt! Seid mutig, wählt DIE LINKE.",2021-03-03T14:41:57Z,25195,378,0,PT1M27S,UCA95T5bSGxNOAODBdbR2rYQ,DieLinke,https://www.youtube.com/watch?v=d-zq0p_duQg
RVX8ysz523U,Wir haben eine Welt zu gewinnen! Tritt jetzt in DIE LINKE ein.,2021-03-02T21:37:52Z,17879,307,1,PT39S,UCA95T5bSGxNOAODBdbR2rYQ,DieLinke,https://www.youtube.com/watch?v=RVX8ysz523U
bfIVVuFaQWs,"Organizing – Wir können alles organisieren, wir müssen nur anfangen.",2021-03-02T13:38:30Z,1540,106,0,PT16M,UCA95T5bSGxNOAODBdbR2rYQ,DieLinke,https://www.youtube.com/watch?v=bfIVVuFaQWs
tbBt4TeYlb8,1. Pressekonferenz mit Susanne Hennig-Wellsow und Janine Wissler,2021-03-01T12:53:59Z,8632,312,0,PT47M25S,UCA95T5bSGxNOAODBdbR2rYQ,DieLinke,https://www.youtube.com/watch?v=tbBt4TeYlb8
KJCVQtLGHms,"Parteitag DIE LINKE, 2. Tag (27.2.2021)",2021-02-27T20:28:52Z,11364,336,2,PT11H55M,UCA95T5bSGxNOAODBdbR2rYQ,DieLinke,https://www.youtube.com/watch?v=KJCVQtLGHms
p41mETuQQ-E,Der LINKE Internationale-Chor,2021-02-27T19:40:13Z,63718,2383,5,PT2M59S,UCA95T5bSGxNOAODBdbR2rYQ,DieLinke,https://www.youtube.com/watch?v=p41mETuQQ-E
6AXNTEF5nC4,Bodo Ramelow: „Solidarität wird nicht an der Börse gehandelt.“,2021-02-27T15:17:21Z,1440,97,0,PT5M16S,UCA95T5bSGxNOAODBdbR2rYQ,DieLinke,https://www.youtube.com/watch?v=6AXNTEF5nC4
3NKJcevXt-o,Interview mit Rika Müller-Vahl von Fridays for Future,2021-02-27T15:12:54Z,2143,91,0,PT3M43S,UCA95T5bSGxNOAODBdbR2rYQ,DieLinke,https://www.youtube.com/watch?v=3NKJcevXt-o
kZKZRm7KiCM,"""Die Umzufriedenheit muss zur Anklage und zum Aufbegehren werden."" Janine Wissler",2021-02-27T14:33:01Z,1260,71,0,PT2M11S,UCA95T5bSGxNOAODBdbR2rYQ,DieLinke,https://www.youtube.com/watch?v=kZKZRm7KiCM
Yz4IzKEjx9s,"""Ich werbe dafür, dass wir die CDU aus der Bundesregierung vertreiben."" Susanne Hennig-Wellsow",2021-02-27T14:31:49Z,4716,144,1,PT1M50S,UCA95T5bSGxNOAODBdbR2rYQ,DieLinke,https://www.youtube.com/watch?v=Yz4IzKEjx9s
aLZYL7poy0E,"Wir wollen, dass alle Menschen sozial abgesichert sind. Amira Mohamed Ali",2021-02-27T13:23:18Z,332,30,1,PT58S,UCA95T5bSGxNOAODBdbR2rYQ,DieLinke,https://www.youtube.com/watch?v=aLZYL7poy0E
7Z8-4u9XYBo,Rouzbeh Taheri: „Nicht locker lassen!“,2021-02-27T13:10:58Z,547,28,0,PT1M35S,UCA95T5bSGxNOAODBdbR2rYQ,DieLinke,https://www.youtube.com/watch?v=7Z8-4u9XYBo
tzMsX-qpSAk,Rouzbeh Taheri (Deutsche Wohnen & Co Enteignen) im Interview,2021-02-27T12:46:14Z,2734,61,0,PT18M49S,UCA95T5bSGxNOAODBdbR2rYQ,DieLinke,https://www.youtube.com/watch?v=tzMsX-qpSAk
2CHDwBnE2to,"Susanne Hennig-Wellsow: Millionen Menschen sind davon abhängig, wie wir Politik machen!",2021-02-27T11:35:16Z,3017,91,0,PT4M51S,UCA95T5bSGxNOAODBdbR2rYQ,DieLinke,https://www.youtube.com/watch?v=2CHDwBnE2to
rUgx2gNjeW8,Janine Wissler: „Lasst uns diesen Parteitag als Aufbruch nutzen.“,2021-02-27T10:51:57Z,6907,210,0,PT7M14S,UCA95T5bSGxNOAODBdbR2rYQ,DieLinke,https://www.youtube.com/watch?v=rUgx2gNjeW8
l5vxXBKoOFA,"""Lasst uns zusammen, DIE LINKE noch stärker machen."" Katja Kipping",2021-02-27T10:18:04Z,437,27,0,PT1M,UCA95T5bSGxNOAODBdbR2rYQ,DieLinke,https://www.youtube.com/watch?v=l5vxXBKoOFA
8gxBBYu_Nis,"""Lasst uns aufbrechen in eine neue Zeit."" Kandidaturrede von Susanne Hennig-Wellsow",2021-02-27T10:15:59Z,10421,128,0,PT7M33S,UCA95T5bSGxNOAODBdbR2rYQ,DieLinke,https://www.youtube.com/watch?v=8gxBBYu_Nis
hLUHIUrYuNU,"""Nach der Krise dürfen nicht die DAX-Vorstände im Fokus der Politik stehen."" Dietmar Bartsch",2021-02-27T10:05:40Z,267,17,0,PT1M11S,UCA95T5bSGxNOAODBdbR2rYQ,DieLinke,https://www.youtube.com/watch?v=hLUHIUrYuNU
JmqUnOYVcKI,"""Lasst uns gemeinsam den Pol der Hoffnung von links stärken."" Kandidaturrede von Janine Wissler",2021-02-27T09:58:04Z,5745,204,1,PT10M1S,UCA95T5bSGxNOAODBdbR2rYQ,DieLinke,https://www.youtube.com/watch?v=JmqUnOYVcKI
ZBBXVtKvWKM,"Parteitag DIE LINKE, 1. Tag (26.2.2021)",2021-02-27T04:07:20Z,12316,394,0,PT10H33M46S,UCA95T5bSGxNOAODBdbR2rYQ,DieLinke,https://www.youtube.com/watch?v=ZBBXVtKvWKM
r-QGOLXpnKk,Katja Kipping: Das ist die neue Zeit!,2021-02-26T18:36:34Z,5174,139,0,PT21M12S,UCA95T5bSGxNOAODBdbR2rYQ,DieLinke,https://www.youtube.com/watch?v=r-QGOLXpnKk
cAXF_jkwIwQ,Amira Mohamed Ali,2021-02-26T18:01:39Z,1585,79,0,PT13M21S,UCA95T5bSGxNOAODBdbR2rYQ,DieLinke,https://www.youtube.com/watch?v=cAXF_jkwIwQ
7nhbOqAxHr8,Dietmar Bartsch: Wir sind die Sozialstaatspartei,2021-02-26T18:00:25Z,1923,77,0,PT15M18S,UCA95T5bSGxNOAODBdbR2rYQ,DieLinke,https://www.youtube.com/watch?v=7nhbOqAxHr8
JQH1vtk8tVc,"Grüne Klimapolitik ähnelt dem Versuch, Haifische zu Vegetarier:innen zu erziehen. Bernd Riexinger.",2021-02-26T15:44:39Z,558,26,0,PT47S,UCA95T5bSGxNOAODBdbR2rYQ,DieLinke,https://www.youtube.com/watch?v=JQH1vtk8tVc
A3_qNemEGYM,Bernd Riexinger: Für die Solidarität der Vielen - gegen die Herrschaft der Wenigen,2021-02-26T15:40:48Z,904,53,0,PT21M39S,UCA95T5bSGxNOAODBdbR2rYQ,DieLinke,https://www.youtube.com/watch?v=A3_qNemEGYM
WDyCPW70B4Y,"Kriege verhindern, aber wie?",2021-02-25T19:58:03Z,388,30,0,PT34M9S,UCA95T5bSGxNOAODBdbR2rYQ,DieLinke,https://www.youtube.com/watch?v=WDyCPW70B4Y
m0Q1N9BbKKo,DIE LINKE in den Landtag von Baden-Württemberg!,2021-02-25T07:33:08Z,50328,132,0,PT1M30S,UCA95T5bSGxNOAODBdbR2rYQ,DieLinke,https://www.youtube.com/watch?v=m0Q1N9BbKKo
AeCfgqo_E4o,Bei den Schulöffnungen zeigt sich weiter die Planlosigkeit des Corona-Managements,2021-02-22T13:13:51Z,493,38,2,PT24M52S,UCA95T5bSGxNOAODBdbR2rYQ,DieLinke,https://www.youtube.com/watch?v=AeCfgqo_E4o
8fEHpLpQsT0,Kunst & Kultur: system(ir)relevant,2021-02-18T17:12:00Z,346,28,0,PT34M21S,UCA95T5bSGxNOAODBdbR2rYQ,DieLinke,https://www.youtube.com/watch?v=8fEHpLpQsT0
GdU0_bK0dQ0,Wissler & Ramelow beim Politischen Aschermittwoch 2021,2021-02-17T11:37:05Z,4641,171,0,PT2H35M55S,UCA95T5bSGxNOAODBdbR2rYQ,DieLinke,https://www.youtube.com/watch?v=GdU0_bK0dQ0
Lo-q0h1ZcJQ,Corona-Stufenplan: Nichts aus dem 1. Lockdown gelernt?,2021-02-15T12:21:40Z,1177,55,0,PT15M22S,UCA95T5bSGxNOAODBdbR2rYQ,DieLinke,https://www.youtube.com/watch?v=Lo-q0h1ZcJQ
SqRuoC0GObU,Verwaltung: Bleiben Almans unter sich?,2021-02-11T18:25:07Z,589,34,0,PT42M14S,UCA95T5bSGxNOAODBdbR2rYQ,DieLinke,https://www.youtube.com/watch?v=SqRuoC0GObU
0WPokHiydCA,"Corona-Krise: Kein Weiter so, sondern endlich richtig machen!",2021-02-11T07:08:17Z,469,33,0,PT6M4S,UCA95T5bSGxNOAODBdbR2rYQ,DieLinke,https://www.youtube.com/watch?v=0WPokHiydCA
-JgLYrNVu9M,Zeit zu handeln! Vorstellung des Wahlprogrammentwurfs zur Bundestagswahl,2021-02-08T12:34:29Z,15183,439,4,PT26M47S,UCA95T5bSGxNOAODBdbR2rYQ,DieLinke,https://www.youtube.com/watch?v=-JgLYrNVu9M
SV-V_r1uiZI,Abstand halten? Gewerkschaften und Linke. Ulrike Eifler im Talk mit Jörg Schindler.,2021-02-04T18:58:07Z,497,29,0,PT49M28S,UCA95T5bSGxNOAODBdbR2rYQ,DieLinke,https://www.youtube.com/watch?v=SV-V_r1uiZI
glT4ocjLu7o,Wir steigern das Bruttosozialprodukt. Ulrike Herrmann im Talk mit Jörg Schindler.,2021-02-01T12:24:29Z,3862,97,1,PT55M18S,UCA95T5bSGxNOAODBdbR2rYQ,DieLinke,https://www.youtube.com/watch?v=glT4ocjLu7o
HnwvnfuwCd0,Gebt die Impfstoff-Lizenzen frei!,2021-02-01T12:17:26Z,2104,45,0,PT13M58S,UCA95T5bSGxNOAODBdbR2rYQ,DieLinke,https://www.youtube.com/watch?v=HnwvnfuwCd0
k5oHTKWIPEQ,Ein Jahr Corona: Die Menschen verdienen eine andere Politik.,2021-01-25T12:25:35Z,1503,81,0,PT20M2S,UCA95T5bSGxNOAODBdbR2rYQ,DieLinke,https://www.youtube.com/watch?v=k5oHTKWIPEQ
dEwCofWBlCA,Die Bewältigung der Corona-Krise - Jörg Schindler im Talk mit Fabio de Masi,2021-01-22T13:01:46Z,396,21,0,PT53M43S,UCA95T5bSGxNOAODBdbR2rYQ,DieLinke,https://www.youtube.com/watch?v=dEwCofWBlCA
8f-7Sd7LTq8,Pressestatement: Die Haltung der Arbeitgeberlobby ist unverantwortlich hoch zehn!,2021-01-19T16:08:17Z,984,81,0,PT6M50S,UCA95T5bSGxNOAODBdbR2rYQ,DieLinke,https://www.youtube.com/watch?v=8f-7Sd7LTq8
zfBvJ6sSk8E,Es muss einen klaren Rechtsanspruch auf Home Office geben,2021-01-18T12:11:20Z,608,42,0,PT8M56S,UCA95T5bSGxNOAODBdbR2rYQ,DieLinke,https://www.youtube.com/watch?v=zfBvJ6sSk8E
NyNX-ajT0e0,"Katja Kipping zur Wahl des ""Flip-Flop""-Kandidaten Armin Laschet zum CDU-Vorsitzenden",2021-01-16T13:52:45Z,6708,211,1,PT2M3S,UCA95T5bSGxNOAODBdbR2rYQ,DieLinke,https://www.youtube.com/watch?v=NyNX-ajT0e0
dFITmD-ff7s,Haribo macht nicht alle Froh. Jörg Schindler im Talk mit Thomas Lißner (NGG),2021-01-15T14:21:57Z,412,29,0,PT40M4S,UCA95T5bSGxNOAODBdbR2rYQ,DieLinke,https://www.youtube.com/watch?v=dFITmD-ff7s
6zJZ1jUh58w,Umsteuern jetzt. Für einen sozial-ökologischen Weg aus der Krise,2021-01-11T16:11:53Z,11716,100,0,PT46S,UCA95T5bSGxNOAODBdbR2rYQ,DieLinke,https://www.youtube.com/watch?v=6zJZ1jUh58w
TMSxPc7QRAM,Die Pandemie macht nicht vor Betrieben halt!,2021-01-11T14:41:17Z,633,49,1,PT18M11S,UCA95T5bSGxNOAODBdbR2rYQ,DieLinke,https://www.youtube.com/watch?v=TMSxPc7QRAM
F6JLwpWeois,Umsteuern jetzt: Für einen sozial-ökologischen Weg aus der Krise - Pressekonferenz am 11.1.2021,2021-01-10T18:29:04Z,764,47,0,PT19M47S,UCA95T5bSGxNOAODBdbR2rYQ,DieLinke,https://www.youtube.com/watch?v=F6JLwpWeois
Qa9_v2y1Npo,»Macht das Land sozial«: Politischer Jahresauftakt der LINKEN,2021-01-10T11:46:40Z,3031,135,1,PT1H9M55S,UCA95T5bSGxNOAODBdbR2rYQ,DieLinke,https://www.youtube.com/watch?v=Qa9_v2y1Npo
ekvJMG4Sq-c,Corona-Impfstoff: Gebt die Patente frei! Jörg Schindler im Gespräch mit Dr. Achim Kessler,2021-01-08T11:28:32Z,1017,43,0,PT27M58S,UCA95T5bSGxNOAODBdbR2rYQ,DieLinke,https://www.youtube.com/watch?v=ekvJMG4Sq-c
CTEGwXOJqo0,Wir brauchen endlich einen solidarischen Lockdown!,2021-01-04T13:37:33Z,2202,107,0,PT10M,UCA95T5bSGxNOAODBdbR2rYQ,DieLinke,https://www.youtube.com/watch?v=CTEGwXOJqo0
X58kxWJpOY8,Anschluss verpasst? Schulen und Digitalisierung - Jörg Schindler im Gespräch mit Birke Bull-Bischoff,2020-12-24T10:17:45Z,334,19,0,PT43M8S,UCA95T5bSGxNOAODBdbR2rYQ,DieLinke,https://www.youtube.com/watch?v=X58kxWJpOY8
YZLto03iorU,Pressekonferenz am 21.12.2020,2020-12-21T12:14:49Z,545,46,0,PT16M,UCA95T5bSGxNOAODBdbR2rYQ,DieLinke,https://www.youtube.com/watch?v=YZLto03iorU
dSyMp2PzVzw,Klatschen reicht nicht. Talk mit Frank Werneke (ver.di) und  Bernd Riexinger (DIE LINKE),2020-12-18T12:46:32Z,414,24,0,PT1H30M30S,UCA95T5bSGxNOAODBdbR2rYQ,DieLinke,https://www.youtube.com/watch?v=dSyMp2PzVzw
iL7ITVzecAg,Menschen vor Profite: Nein zur Privatisierung von Krankenhäusern!,2020-12-16T10:58:59Z,1308,129,0,PT3M40S,UCA95T5bSGxNOAODBdbR2rYQ,DieLinke,https://www.youtube.com/watch?v=iL7ITVzecAg
OqnbpUvLKss,Für einen solidarischen Lockdown!,2020-12-14T13:27:22Z,774,54,0,PT12M50S,UCA95T5bSGxNOAODBdbR2rYQ,DieLinke,https://www.youtube.com/watch?v=OqnbpUvLKss
EjAkkBliI5Y,Keinen Winter mehr. Lager evakuieren!,2020-12-13T10:00:09Z,835,80,0,PT2M28S,UCA95T5bSGxNOAODBdbR2rYQ,DieLinke,https://www.youtube.com/watch?v=EjAkkBliI5Y
L_8-z6Bi6S0,Sozialismus in der Kommune? Jörg Schinder im Gespräch mit Hannes Rockenbauch,2020-12-11T11:22:41Z,494,28,0,PT30M9S,UCA95T5bSGxNOAODBdbR2rYQ,DieLinke,https://www.youtube.com/watch?v=L_8-z6Bi6S0
e2FjxG9fgbw,Kniefall in Warschau: Willy Brandt schrieb demokratische Geschichte,2020-12-07T12:22:15Z,1100,51,0,PT17M34S,UCA95T5bSGxNOAODBdbR2rYQ,DieLinke,https://www.youtube.com/watch?v=e2FjxG9fgbw
SIXZEmbDMJo,Die Umwelt kann warten – oder nicht? Jürgen Resch (Deutsche Umwelthilfe) im Talk mit Jörg Schindler,2020-12-05T16:00:07Z,417,20,0,PT40M30S,UCA95T5bSGxNOAODBdbR2rYQ,DieLinke,https://www.youtube.com/watch?v=SIXZEmbDMJo
1-MSnrM1ozg,Menschen mit Behinderungen von Corona-Pandemie besonders betroffen,2020-11-30T12:36:31Z,748,48,0,PT26M5S,UCA95T5bSGxNOAODBdbR2rYQ,DieLinke,https://www.youtube.com/watch?v=1-MSnrM1ozg
Mc40EYH6PLA,"Ein sicherer Weg durch die Corona-Krise erfordert Mut, der den Regierenden fehlt.",2020-11-25T17:25:16Z,707,47,1,PT5M15S,UCA95T5bSGxNOAODBdbR2rYQ,DieLinke,https://www.youtube.com/watch?v=Mc40EYH6PLA
aaJNOjEhV8Y,Haustürwahlkampf: Türen öffnen und Herzen gewinnen,2020-11-24T14:48:56Z,2353,86,1,PT2M27S,UCA95T5bSGxNOAODBdbR2rYQ,DieLinke,https://www.youtube.com/watch?v=aaJNOjEhV8Y
R0-jOz5yYRo,Die Corona-Politik der Bundesregierung ist nicht alternativlos,2020-11-24T07:18:55Z,1266,60,0,PT20M29S,UCA95T5bSGxNOAODBdbR2rYQ,DieLinke,https://www.youtube.com/watch?v=R0-jOz5yYRo
jo-_epJBxQg,Zwischen Unkenntnis und Bigotterie. Was tun gegen Islamismus? Lamya Kaddor im Talk mit J. Schindler,2020-11-21T19:53:44Z,1024,35,0,PT1H5M58S,UCA95T5bSGxNOAODBdbR2rYQ,DieLinke,https://www.youtube.com/watch?v=jo-_epJBxQg
wYXDaZ0eGDs,Langfristiger Corona-Plan statt Ad-hoc-Aktionen,2020-11-16T12:23:13Z,1025,53,0,PT16M44S,UCA95T5bSGxNOAODBdbR2rYQ,DieLinke,https://www.youtube.com/watch?v=wYXDaZ0eGDs
0ACLu1z9odM,Prof. Dr. Achim Truger im Gespräch mit Jörg Schindler über Progressive Wege aus der Wirtschaftskrise,2020-11-13T16:32:43Z,726,18,0,PT48M42S,UCA95T5bSGxNOAODBdbR2rYQ,DieLinke,https://www.youtube.com/watch?v=0ACLu1z9odM
9VKGI2gATRM,Antisemitismus entschieden entgegenstellen!,2020-11-09T12:13:41Z,713,47,0,PT11M49S,UCA95T5bSGxNOAODBdbR2rYQ,DieLinke,https://www.youtube.com/watch?v=9VKGI2gATRM
vqgFdypWWz0,Katja Kipping zum Ausgang der US-Wahlen,2020-11-07T19:27:03Z,1864,143,0,PT4M38S,UCA95T5bSGxNOAODBdbR2rYQ,DieLinke,https://www.youtube.com/watch?v=vqgFdypWWz0
TpcBNT4zm9Q,Jörg Schindler: Dezentraler Bundesparteitag im Februar 2021,2020-11-07T17:59:23Z,496,29,0,PT7M14S,UCA95T5bSGxNOAODBdbR2rYQ,DieLinke,https://www.youtube.com/watch?v=TpcBNT4zm9Q
NV28CK7vk5w,Die USA nach der Wahl - Talk mit Jörg Schindler,2020-11-07T17:40:30Z,425,16,0,PT38M14S,UCA95T5bSGxNOAODBdbR2rYQ,DieLinke,https://www.youtube.com/watch?v=NV28CK7vk5w
Pk1t6GTwqjY,Autos zu Pflugscharen? Klaus Ernst im Talk mit Bundesgeschäftsführer Jörg Schindler,2020-11-04T14:46:07Z,338,11,0,PT51M14S,UCA95T5bSGxNOAODBdbR2rYQ,DieLinke,https://www.youtube.com/watch?v=Pk1t6GTwqjY
yDBwKn6FiEs,Wien mit LINKS: Jörg Schindler (DIE LINKE) im Talk mit Anna Svec und Can Gülcü (beide LINKS Wien),2020-11-04T14:45:58Z,691,23,0,PT42M51S,UCA95T5bSGxNOAODBdbR2rYQ,DieLinke,https://www.youtube.com/watch?v=yDBwKn6FiEs
MDztx2nA0AQ,DIE LINKE Livestream,2020-11-03T14:51:11Z,445,11,0,PT2M44S,UCA95T5bSGxNOAODBdbR2rYQ,DieLinke,https://www.youtube.com/watch?v=MDztx2nA0AQ
vNWc7w4uBAk,DIE LINKE Livestream,2020-11-03T14:31:15Z,1103,10,0,PT1M55S,UCA95T5bSGxNOAODBdbR2rYQ,DieLinke,https://www.youtube.com/watch?v=vNWc7w4uBAk
gwXFdrAW1Z8,Teil-Lockdown weil Bundesregierung nicht früher gehandelt hat,2020-11-02T15:03:25Z,532,41,0,PT15M24S,UCA95T5bSGxNOAODBdbR2rYQ,DieLinke,https://www.youtube.com/watch?v=gwXFdrAW1Z8
kuMHvCBcOSM,Wellenbrecher-Lockdown darf keine Welle sozialer Not mit sich führen!,2020-10-28T12:09:19Z,811,70,0,PT2M13S,UCA95T5bSGxNOAODBdbR2rYQ,DieLinke,https://www.youtube.com/watch?v=kuMHvCBcOSM
8LS5ed9VEYU,Sofort-Programm gegen den Corona-Notstand,2020-10-26T13:20:05Z,917,54,0,PT20M6S,UCA95T5bSGxNOAODBdbR2rYQ,DieLinke,https://www.youtube.com/watch?v=8LS5ed9VEYU
fCnijtywEag,Bundesgeschäftsführer Jörg Schindler zur Verkürzung des Erfurter Parteitages,2020-10-24T15:38:56Z,695,52,0,PT5M24S,UCA95T5bSGxNOAODBdbR2rYQ,DieLinke,https://www.youtube.com/watch?v=fCnijtywEag
b62YE06ZeEQ,#unverzichtbar: DIE LINKE an der Seite der Beschäftigten im Öffentlichen Dienst,2020-10-20T14:48:42Z,426,37,0,PT52S,UCA95T5bSGxNOAODBdbR2rYQ,DieLinke,https://www.youtube.com/watch?v=b62YE06ZeEQ
HlP67AJW-f8,Eine epidemiologische Not darf nicht zur einer Notlage der Demokratie werden.,2020-10-19T14:26:49Z,770,51,0,PT16M6S,UCA95T5bSGxNOAODBdbR2rYQ,DieLinke,https://www.youtube.com/watch?v=HlP67AJW-f8
p8xpZNHOBNk,Antifaschismus im Kinoformat. Regisseurin Julia von Heinz im Gespräch mit Jörg Schindler,2020-10-17T17:00:51Z,1024,46,0,PT34M26S,UCA95T5bSGxNOAODBdbR2rYQ,DieLinke,https://www.youtube.com/watch?v=p8xpZNHOBNk
QnGUJhEEzFI,Schulen und Corona: Luftfilter und Digitalisierungsschub nötig,2020-10-12T14:18:03Z,667,44,0,PT16M15S,UCA95T5bSGxNOAODBdbR2rYQ,DieLinke,https://www.youtube.com/watch?v=QnGUJhEEzFI
7oG2pLMUqnE,LINKS BEWEGT: Wie Heinz einen dubiosen Immobiliendeal verhinderte,2020-10-06T07:09:54Z,1308,98,0,PT8M15S,UCA95T5bSGxNOAODBdbR2rYQ,DieLinke,https://www.youtube.com/watch?v=7oG2pLMUqnE
pWXuCYaZ3DM,Wir brauchen eine Pflege-Vollversicherung,2020-10-05T13:42:06Z,386,39,0,PT18M27S,UCA95T5bSGxNOAODBdbR2rYQ,DieLinke,https://www.youtube.com/watch?v=pWXuCYaZ3DM
Dfye27SH2ss,30 Jahre Deutsche Einheit. Talk mit Jörg Schindler und Gregor Gysi,2020-10-02T13:29:59Z,943,53,0,PT32M51S,UCA95T5bSGxNOAODBdbR2rYQ,DieLinke,https://www.youtube.com/watch?v=Dfye27SH2ss
ldYk3q-f2Ew,Systemwechsel im Krankenhaus: Gemeinwohl vor Profit!,2020-09-30T09:50:45Z,1878,128,0,PT1M12S,UCA95T5bSGxNOAODBdbR2rYQ,DieLinke,https://www.youtube.com/watch?v=ldYk3q-f2Ew
lIX3vSYeiCM,Systemwechsel im Krankenhaus: Gemeinwohl vor Profit,2020-09-28T12:34:10Z,608,44,0,PT49M28S,UCA95T5bSGxNOAODBdbR2rYQ,DieLinke,https://www.youtube.com/watch?v=lIX3vSYeiCM
A2_c4lddCnk,Bleibt alles anders? Corona-Krise und Klimaschutz. Der Talk mit Jörg Schindler und Amira Mohamed Ali,2020-09-25T16:31:47Z,428,25,0,PT45M6S,UCA95T5bSGxNOAODBdbR2rYQ,DieLinke,https://www.youtube.com/watch?v=A2_c4lddCnk
Rza_3n4zk0E,Tarifrunde Öffentlicher Dienst: Den Beschäftigten steht ein Plus in der Lohntüte zu.,2020-09-21T11:20:54Z,882,54,46,PT16M36S,UCA95T5bSGxNOAODBdbR2rYQ,DieLinke,https://www.youtube.com/watch?v=Rza_3n4zk0E
-xQA88RBvMI,Systemchange durch Green New Deal? Riexinger trifft Neubauer,2020-09-16T13:55:12Z,1735,76,0,PT2H17M33S,UCA95T5bSGxNOAODBdbR2rYQ,DieLinke,https://www.youtube.com/watch?v=-xQA88RBvMI
0vOlXY9tQMY,Fahrplan für den Corona-Winter,2020-09-14T12:20:34Z,1323,68,0,PT20M17S,UCA95T5bSGxNOAODBdbR2rYQ,DieLinke,https://www.youtube.com/watch?v=0vOlXY9tQMY
-fpKaih0vq8,Talk mit Jörg Schindler – Thema: Bedingungslos (un)sozial?,2020-09-11T09:11:48Z,705,31,0,PT50M33S,UCA95T5bSGxNOAODBdbR2rYQ,DieLinke,https://www.youtube.com/watch?v=-fpKaih0vq8
fYQ5RVktyxs,Automobilindustrie muss sich auf die Bedürfnisse der Zukunft einstellen,2020-09-07T13:15:16Z,955,56,12,PT22M12S,UCA95T5bSGxNOAODBdbR2rYQ,DieLinke,https://www.youtube.com/watch?v=fYQ5RVktyxs
owCgKiwYtD0,Talk mit Jörg Schindler – Thema: Atomwaffen abschaffen,2020-09-04T09:22:58Z,509,32,0,PT47M7S,UCA95T5bSGxNOAODBdbR2rYQ,DieLinke,https://www.youtube.com/watch?v=owCgKiwYtD0
NlNMG7BE-nI,Drohnenkriege stoppen!,2020-09-01T12:32:00Z,939,88,1,PT4M,UCA95T5bSGxNOAODBdbR2rYQ,DieLinke,https://www.youtube.com/watch?v=NlNMG7BE-nI
SVnOGRwvz30,"Capitalist Pandemic, Socialist Solutions: A European and South East Asian Left Perspective",2020-08-31T14:07:53Z,964,42,2,PT1H21M39S,UCA95T5bSGxNOAODBdbR2rYQ,DieLinke,https://www.youtube.com/watch?v=SVnOGRwvz30
iHWP5-KQ5eM,Katja Kipping und Bernd Riexinger kandidieren nicht erneut für den Parteivorsitz,2020-08-31T13:44:59Z,1804,87,0,PT33M16S,UCA95T5bSGxNOAODBdbR2rYQ,DieLinke,https://www.youtube.com/watch?v=iHWP5-KQ5eM
p8vHCBLAKRo,Wir brauchen dringend ein zweites Investitionspaket in der Corona-Krise,2020-08-24T12:44:51Z,824,51,0,PT20M51S,UCA95T5bSGxNOAODBdbR2rYQ,DieLinke,https://www.youtube.com/watch?v=p8vHCBLAKRo
Vs4R2r1oEAU,Digitale Teilhabe für alle statt digitale Spaltung,2020-08-18T06:50:36Z,1132,83,53,PT23M31S,UCA95T5bSGxNOAODBdbR2rYQ,DieLinke,https://www.youtube.com/watch?v=Vs4R2r1oEAU
YUi4hQADm8s,Quo vadis Türkei?,2020-08-17T11:44:22Z,659,20,0,PT36M10S,UCA95T5bSGxNOAODBdbR2rYQ,DieLinke,https://www.youtube.com/watch?v=YUi4hQADm8s
RN5P_IwYWec,Olaf Scholz? Wir kämpfen für eine andere Politik!,2020-08-11T10:36:16Z,1660,86,69,PT20M49S,UCA95T5bSGxNOAODBdbR2rYQ,DieLinke,https://www.youtube.com/watch?v=RN5P_IwYWec
AXzaftJeJcU,Fortschritt im Kampf gegen Corona nicht leichtfertig verspielen.,2020-08-07T17:51:11Z,1118,59,41,PT9M26S,UCA95T5bSGxNOAODBdbR2rYQ,DieLinke,https://www.youtube.com/watch?v=AXzaftJeJcU
sfiTXg1jBm0,Gift der Ungleichheit. Jörg Schindler im Talk mit Dr. Dierk Hirschel (Chefökonom ver.di),2020-08-07T07:54:26Z,727,35,0,PT56M38S,UCA95T5bSGxNOAODBdbR2rYQ,DieLinke,https://www.youtube.com/watch?v=sfiTXg1jBm0
sNGp-gYYYHM,Jörg Schindler spricht mit Natascha Strobl – Thema: Extreme Rechte zwischen Parlament und Terror?,2020-07-24T08:30:00Z,1756,65,0,PT43M24S,UCA95T5bSGxNOAODBdbR2rYQ,DieLinke,https://www.youtube.com/watch?v=sNGp-gYYYHM
oPnBzZgXlSY,"LINKS BEWEGT, unser neues Online-Magazin!",2020-07-15T12:36:40Z,8906,93,0,PT48S,UCA95T5bSGxNOAODBdbR2rYQ,DieLinke,https://www.youtube.com/watch?v=oPnBzZgXlSY
gPSwtpXoTXE,Talk mit Jörg Schindler – ÖPNV stärken – sozial und ökologisch,2020-07-10T10:03:24Z,578,20,0,PT28M43S,UCA95T5bSGxNOAODBdbR2rYQ,DieLinke,https://www.youtube.com/watch?v=gPSwtpXoTXE
74SAATL7axk,Talk mit Jörg Schindler – Thema: Knast – und dann?,2020-07-10T06:40:02Z,585,18,0,PT51M50S,UCA95T5bSGxNOAODBdbR2rYQ,DieLinke,https://www.youtube.com/watch?v=74SAATL7axk
eK0pL83-34g,Reproduktive Rechte von Frauen* stärken – Schutzmaßnahmen vor häuslicher Gewalt bereitstellen,2020-07-10T06:35:08Z,660,28,10,PT1H7M45S,UCA95T5bSGxNOAODBdbR2rYQ,DieLinke,https://www.youtube.com/watch?v=eK0pL83-34g
aYFzwDfd3VA,Racial-Profiling-Debatte darf nicht unterdrückt werden.,2020-07-07T08:00:08Z,762,59,13,PT21M49S,UCA95T5bSGxNOAODBdbR2rYQ,DieLinke,https://www.youtube.com/watch?v=aYFzwDfd3VA
OD9FLuSKp6o,Systemrelevante Heldinnen in Not? Arbeit in Pflege und Einzelhandel,2020-07-02T13:00:04Z,814,19,17,PT1H6M15S,UCA95T5bSGxNOAODBdbR2rYQ,DieLinke,https://www.youtube.com/watch?v=OD9FLuSKp6o
Ioa-cYNxXBc,Feministische Politik: Rolle rückwärts in die 50er?,2020-07-01T06:15:22Z,1184,28,5,PT1H1M39S,UCA95T5bSGxNOAODBdbR2rYQ,DieLinke,https://www.youtube.com/watch?v=Ioa-cYNxXBc
vkrWYivfXCc,"Frühlingsakademie: ""Just transition"" konkret. Konversion in der Automobilindustrie",2020-07-01T05:59:15Z,384,7,0,PT55M15S,UCA95T5bSGxNOAODBdbR2rYQ,DieLinke,https://www.youtube.com/watch?v=vkrWYivfXCc
_MTIgke1q5s,Corona macht es sichtbar: Die Ausbeutung in der Fleischindustrie - Talk mit Jörg Schindler,2020-07-01T05:56:15Z,385,17,0,PT43M7S,UCA95T5bSGxNOAODBdbR2rYQ,DieLinke,https://www.youtube.com/watch?v=_MTIgke1q5s
Am4437YNeZg,Das Konjunkturpaket der Bundesregierung ist eine vertane Chance.,2020-06-30T08:34:52Z,803,39,17,PT12M6S,UCA95T5bSGxNOAODBdbR2rYQ,DieLinke,https://www.youtube.com/watch?v=Am4437YNeZg
WJ-CoE7bNi4,"Freiräume retten, queere Strukturen stärken!",2020-06-29T10:11:12Z,1809,158,1,PT5M30S,UCA95T5bSGxNOAODBdbR2rYQ,DieLinke,https://www.youtube.com/watch?v=WJ-CoE7bNi4
4JZzHeeS1i4,Das Schweinesystem bei Tönnies ist in hohem Maße kriminell,2020-06-22T13:00:08Z,1444,71,7,PT33M17S,UCA95T5bSGxNOAODBdbR2rYQ,DieLinke,https://www.youtube.com/watch?v=4JZzHeeS1i4
6wHsrIEmyFg,La cucina del Popolo – Kochen mit Idil Baydar (Jilet Ayşe) & Bernd Riexinger,2020-06-20T17:00:12Z,9121,120,0,PT49M49S,UCA95T5bSGxNOAODBdbR2rYQ,DieLinke,https://www.youtube.com/watch?v=6wHsrIEmyFg
RicDUsmz6TQ,"Rap und Empowerment – Wir sind HipHop, was seid ihr?",2020-06-19T18:00:10Z,1134,42,0,PT29M38S,UCA95T5bSGxNOAODBdbR2rYQ,DieLinke,https://www.youtube.com/watch?v=RicDUsmz6TQ
sV0akxEqbbU,Die Zentrale - Die Geschichte des Karl-Liebknecht-Hauses,2020-06-19T15:30:11Z,17580,433,0,PT42M3S,UCA95T5bSGxNOAODBdbR2rYQ,DieLinke,https://www.youtube.com/watch?v=sV0akxEqbbU
V0VgkzDDzZk,Alles muss anders werden! Feministische Politik in Zeiten von und nach Corona,2020-06-17T20:22:49Z,1352,35,17,PT1H6M26S,UCA95T5bSGxNOAODBdbR2rYQ,DieLinke,https://www.youtube.com/watch?v=V0VgkzDDzZk
G-a2CQcMZ0g,Frühlingsakademie: Neben uns die Sintflut? Streitgespräch zum Konzept der Imperialen Lebensweise,2020-06-16T20:36:57Z,1766,57,5,PT1H44M23S,UCA95T5bSGxNOAODBdbR2rYQ,DieLinke,https://www.youtube.com/watch?v=G-a2CQcMZ0g
kQ5Qbjm2ZTY,Pressekonferenz „Solidarität heißt: niemanden vergessen!“,2020-06-16T19:10:41Z,843,57,10,PT16M25S,UCA95T5bSGxNOAODBdbR2rYQ,DieLinke,https://www.youtube.com/watch?v=kQ5Qbjm2ZTY
lBf70kAE4xM,„Solidarität heißt: niemanden vergessen!“ | Kurzfassung,2020-06-15T19:03:37Z,896,58,0,PT3M23S,UCA95T5bSGxNOAODBdbR2rYQ,DieLinke,https://www.youtube.com/watch?v=lBf70kAE4xM
WwczSS7zboc,Solidarität heißt: niemanden vergessen!,2020-06-15T11:19:12Z,747,69,0,PT46S,UCA95T5bSGxNOAODBdbR2rYQ,DieLinke,https://www.youtube.com/watch?v=WwczSS7zboc
7r4rJ0Ut4pM,Rassisten keine Chance! #SoGehtSolidarisch,2020-06-14T18:41:20Z,1351,96,2,PT1M8S,UCA95T5bSGxNOAODBdbR2rYQ,DieLinke,https://www.youtube.com/watch?v=7r4rJ0Ut4pM
eyogatCdGNc,Kochen mit Idil Baydar und Bernd Riexinger (Trailer) beim Fest der Linken,2020-06-14T07:16:48Z,875,46,0,PT41S,UCA95T5bSGxNOAODBdbR2rYQ,DieLinke,https://www.youtube.com/watch?v=eyogatCdGNc
OeSYyzKU5JY,"Frühlingsakademie: Wie sieht eine ökologische, solidarische Gesellschaft der Zukunft aus?",2020-06-13T10:11:32Z,795,42,4,PT1H35M49S,UCA95T5bSGxNOAODBdbR2rYQ,DieLinke,https://www.youtube.com/watch?v=OeSYyzKU5JY
cUgCPqd975M,Talk mit Jörg Schindler – Thema: Sexarbeit und Kontaktverbot.,2020-06-12T09:54:51Z,665,25,1,PT41M10S,UCA95T5bSGxNOAODBdbR2rYQ,DieLinke,https://www.youtube.com/watch?v=cUgCPqd975M
yH1vDgSuGs4,"Jörg Schindler: Rassismus bekämpfen, den Rechtsstaat stärken.",2020-06-08T13:32:19Z,889,71,22,PT21M57S,UCA95T5bSGxNOAODBdbR2rYQ,DieLinke,https://www.youtube.com/watch?v=yH1vDgSuGs4
mP5OsLkpM6A,Die Mieten steigen überall? Talk mit Jörg Schindler und Katalin Gennburg über den Mietendeckel,2020-06-05T11:12:56Z,456,33,0,PT37M56S,UCA95T5bSGxNOAODBdbR2rYQ,DieLinke,https://www.youtube.com/watch?v=mP5OsLkpM6A
76_f7fcMwIQ,Frühlingsakademie: Grünes Wachstum oder linker Green New Deal?,2020-06-02T10:05:03Z,1210,50,6,PT1H42M40S,UCA95T5bSGxNOAODBdbR2rYQ,DieLinke,https://www.youtube.com/watch?v=76_f7fcMwIQ
uxeqNXkObuE,"Lockerungen oder Gesundheitsschutz in der Schule? - Talk ""DIE LINKE in Corona-Zeiten""",2020-05-29T14:24:24Z,835,27,0,PT44M12S,UCA95T5bSGxNOAODBdbR2rYQ,DieLinke,https://www.youtube.com/watch?v=uxeqNXkObuE
4u9w8E-OsBk,Frühlingsakademie: Was ist linke Klimapolitik?,2020-05-28T06:18:42Z,1112,64,1,PT1H44M16S,UCA95T5bSGxNOAODBdbR2rYQ,DieLinke,https://www.youtube.com/watch?v=4u9w8E-OsBk
z54DD7Kp5xc,Die Einigung von Lufthansa und Bundesregierung ist ein schlechter Witz,2020-05-25T12:05:37Z,955,56,8,PT22M36S,UCA95T5bSGxNOAODBdbR2rYQ,DieLinke,https://www.youtube.com/watch?v=z54DD7Kp5xc
3juaDpiz3_4,Solidarität … aber nicht für Geflüchtete? Talk. Die Linke in Zeiten von Corona.,2020-05-25T08:02:20Z,562,36,1,PT43M49S,UCA95T5bSGxNOAODBdbR2rYQ,DieLinke,https://www.youtube.com/watch?v=3juaDpiz3_4
bc31uQ9qBFQ,Eine globale Pandemie läßt sich nur durch globale Zusammenarbeit bekämpfen.,2020-05-18T12:15:37Z,874,61,11,PT8M37S,UCA95T5bSGxNOAODBdbR2rYQ,DieLinke,https://www.youtube.com/watch?v=bc31uQ9qBFQ
Ttm8bc3K264,CDU klagt gegen Mietendeckel: Wir klagen die CDU an!,2020-05-16T15:27:26Z,2284,267,6,PT5M33S,UCA95T5bSGxNOAODBdbR2rYQ,DieLinke,https://www.youtube.com/watch?v=Ttm8bc3K264
nZGIQazOtBU,Pflegenotstand stoppen! Protestaktion vor dem Bundeskanzleramt,2020-05-13T07:22:35Z,715,95,7,PT1M50S,UCA95T5bSGxNOAODBdbR2rYQ,DieLinke,https://www.youtube.com/watch?v=nZGIQazOtBU
e2PPlnkgWyY,Mietendeckel überall!,2020-05-11T17:06:52Z,5659,113,4,PT1M,UCA95T5bSGxNOAODBdbR2rYQ,DieLinke,https://www.youtube.com/watch?v=e2PPlnkgWyY
iy8Qiikr4i8,Bernd Riexinger: Der Anstieg der Corona-Reproduktionszahl ist alarmierend,2020-05-11T11:51:34Z,856,56,2,PT14M9S,UCA95T5bSGxNOAODBdbR2rYQ,DieLinke,https://www.youtube.com/watch?v=iy8Qiikr4i8
peMGGa6CfQQ,44leningrad - Konzert zum 75. Jahrestag der Befreiung,2020-05-09T21:45:08Z,1025,58,3,PT1H17M28S,UCA95T5bSGxNOAODBdbR2rYQ,DieLinke,https://www.youtube.com/watch?v=peMGGa6CfQQ
plCfD9A7Tuk,Diskussion zum Protesttag zur Gleichstellung von Menschen mit Behinderungen,2020-05-06T13:26:08Z,931,63,2,PT44M47S,UCA95T5bSGxNOAODBdbR2rYQ,DieLinke,https://www.youtube.com/watch?v=plCfD9A7Tuk
ANP3U-SFcnM,Die Welt braucht Abrüstung und keine Atomwaffen,2020-05-04T17:25:37Z,843,40,2,PT16M57S,UCA95T5bSGxNOAODBdbR2rYQ,DieLinke,https://www.youtube.com/watch?v=ANP3U-SFcnM
vOq7WfYSabg,Pflege im Ausnahmezustand: Ein Krankenpfleger berichtet,2020-05-02T09:09:58Z,3060,153,22,PT3M43S,UCA95T5bSGxNOAODBdbR2rYQ,DieLinke,https://www.youtube.com/watch?v=vOq7WfYSabg
9mbfTJQznV8,Klassenpolitik in Zeiten von Corona,2020-04-30T17:48:03Z,1030,66,3,PT43M34S,UCA95T5bSGxNOAODBdbR2rYQ,DieLinke,https://www.youtube.com/watch?v=9mbfTJQznV8
MJUXUPvoWkU,Katja Kipping zur Neubewertung der Corona-Krise,2020-04-30T16:21:35Z,2149,71,32,PT5M29S,UCA95T5bSGxNOAODBdbR2rYQ,DieLinke,https://www.youtube.com/watch?v=MJUXUPvoWkU
lEjV8ueLCAg,Bernd Riexinger: Lufthansa  in öffentliches Eigentum überführen!,2020-04-27T14:27:01Z,1314,73,45,PT16M3S,UCA95T5bSGxNOAODBdbR2rYQ,DieLinke,https://www.youtube.com/watch?v=lEjV8ueLCAg
iaSWF8RISpo,Forderungen nach weiteren Lockerungen der Corona-Maßnahmen bereiten Sorgen,2020-04-20T13:12:44Z,1669,90,62,PT21M18S,UCA95T5bSGxNOAODBdbR2rYQ,DieLinke,https://www.youtube.com/watch?v=iaSWF8RISpo
Hk_NTgsPKFo,Schutz von Menschenleben hat Vorrang vor dem Ankurbeln der Wirtschaft,2020-04-15T12:05:26Z,1773,100,71,PT17M57S,UCA95T5bSGxNOAODBdbR2rYQ,DieLinke,https://www.youtube.com/watch?v=Hk_NTgsPKFo
zIC8LfTwkwU,"Nicht einmalig, sondern monatlich 500 Euro mehr für Pflegekräfte",2020-04-06T14:15:31Z,2571,96,50,PT20M27S,UCA95T5bSGxNOAODBdbR2rYQ,DieLinke,https://www.youtube.com/watch?v=zIC8LfTwkwU
L06Z7juMLRs,"5 Punkte, um solidarisch aus der Corona-Krise zu kommen",2020-04-06T08:45:59Z,2861,148,1,PT1M,UCA95T5bSGxNOAODBdbR2rYQ,DieLinke,https://www.youtube.com/watch?v=L06Z7juMLRs
7Isw3TVyklA,Unterzeichne unseren Aufruf: Entschlossen und solidarisch gegen den Pflegenotstand!,2020-04-06T08:40:34Z,14934,149,24,PT2M,UCA95T5bSGxNOAODBdbR2rYQ,DieLinke,https://www.youtube.com/watch?v=7Isw3TVyklA
M0xY4pIlL2A,Corona-Krise: Gesundheit vor Wirtschaftsinteressen,2020-03-31T07:31:42Z,526,39,6,PT19M7S,UCA95T5bSGxNOAODBdbR2rYQ,DieLinke,https://www.youtube.com/watch?v=M0xY4pIlL2A
Lgz4sylEf8w,Die Strategiekonferenz der LINKEN in Kassel | Der Film,2020-03-27T13:07:38Z,2797,84,0,PT33M27S,UCA95T5bSGxNOAODBdbR2rYQ,DieLinke,https://www.youtube.com/watch?v=Lgz4sylEf8w
1iZcqdPxb6s,Corona-Krise: Grundrechtseinschränkungen müssen zeitlich beschränkt sein,2020-03-23T13:02:45Z,3012,125,185,PT11M55S,UCA95T5bSGxNOAODBdbR2rYQ,DieLinke,https://www.youtube.com/watch?v=1iZcqdPxb6s
xxcGHhBDJXE,Rassismus tötet,2020-03-21T12:53:45Z,2016,253,0,PT6M43S,UCA95T5bSGxNOAODBdbR2rYQ,DieLinke,https://www.youtube.com/watch?v=xxcGHhBDJXE
HK7cauFCS3I,"Corona-Krise: Füreinander da sein, Solidarität stiften!",2020-03-16T15:01:02Z,2114,85,149,PT21M4S,UCA95T5bSGxNOAODBdbR2rYQ,DieLinke,https://www.youtube.com/watch?v=HK7cauFCS3I
Jr4zOt4lc4I,Sookee: Ein Blick zurück und einer nach vorn,2020-03-15T16:46:21Z,4821,142,2,PT28M42S,UCA95T5bSGxNOAODBdbR2rYQ,DieLinke,https://www.youtube.com/watch?v=Jr4zOt4lc4I
tOaM30PVrQk,Katja Kipping zur Corona-Pandemie: Wir müssen kleine Unternehmen unterstützen,2020-03-12T14:37:06Z,3342,95,0,PT46S,UCA95T5bSGxNOAODBdbR2rYQ,DieLinke,https://www.youtube.com/watch?v=tOaM30PVrQk
t5geV_Lxg0A,Katja Kipping: Warum ich niemals einen AfDler wählen werde.,2020-03-12T14:33:35Z,55737,1505,4,PT1M18S,UCA95T5bSGxNOAODBdbR2rYQ,DieLinke,https://www.youtube.com/watch?v=t5geV_Lxg0A
zUB-xsXgSec,Sookee: Laudatio von Friederike Benda | Clara-Zetkin-Frauenpreis 2020,2020-03-12T11:16:29Z,686,18,0,PT4M4S,UCA95T5bSGxNOAODBdbR2rYQ,DieLinke,https://www.youtube.com/watch?v=zUB-xsXgSec
35y_uSRnDys,Fraueninitiative in Torgau: Laudatio von Luise Neuhaus-Wartenberg | Clara-Zetkin-Frauenpreis 2020,2020-03-12T11:16:26Z,335,7,0,PT11M35S,UCA95T5bSGxNOAODBdbR2rYQ,DieLinke,https://www.youtube.com/watch?v=35y_uSRnDys
J9GZkZtZTJY,Eröffnung durch Katja Kipping | Clara-Zetkin-Frauenpreis 2020,2020-03-12T11:16:24Z,554,22,0,PT7M30S,UCA95T5bSGxNOAODBdbR2rYQ,DieLinke,https://www.youtube.com/watch?v=J9GZkZtZTJY
7JGXW53ebpk,Clara-Zetkin-Frauenpreis 2020,2020-03-12T11:16:20Z,440,16,0,PT7M39S,UCA95T5bSGxNOAODBdbR2rYQ,DieLinke,https://www.youtube.com/watch?v=7JGXW53ebpk
K4oKmC09vbo,Brasiliens Ex-Präsident Lula zu Gast bei der LINKEN,2020-03-11T13:33:54Z,2198,135,0,PT2M57S,UCA95T5bSGxNOAODBdbR2rYQ,DieLinke,https://www.youtube.com/watch?v=K4oKmC09vbo
gougzuf4Fp4,Die Corona-Krise zeigt: Die Privatisierung des Gesundheitssystems ist gescheitert.,2020-03-09T15:10:56Z,1758,77,49,PT31M53S,UCA95T5bSGxNOAODBdbR2rYQ,DieLinke,https://www.youtube.com/watch?v=gougzuf4Fp4
G31Q_2a0iOs,10 Jahre Clara-Zetkin-Frauenpreis: Der Jubiläumsfilm,2020-03-08T13:01:20Z,1175,53,0,PT11M1S,UCA95T5bSGxNOAODBdbR2rYQ,DieLinke,https://www.youtube.com/watch?v=G31Q_2a0iOs
a2FnTV5or5Y,Syrien-Krieg: Die humanitäre Katastrophe muss aufhören!,2020-03-02T14:02:44Z,1643,66,19,PT32M20S,UCA95T5bSGxNOAODBdbR2rYQ,DieLinke,https://www.youtube.com/watch?v=a2FnTV5or5Y
yPOmNmtscVQ,Abschlussplenum unserer Strategiekonferenz,2020-03-01T14:47:04Z,8009,109,6,PT1H16M8S,UCA95T5bSGxNOAODBdbR2rYQ,DieLinke,https://www.youtube.com/watch?v=yPOmNmtscVQ
pM8nA4-knqA,"Wie die Verhältnisse nach links schieben? Mit Katja Kipping, Bodo Ramelow und Amira Mohamed Ali",2020-03-01T14:45:25Z,4485,122,11,PT1H8M16S,UCA95T5bSGxNOAODBdbR2rYQ,DieLinke,https://www.youtube.com/watch?v=pM8nA4-knqA
HXXPd6z868Q,Green New Deal – ein mögliches Zukunftsprojekt? Es diskutieren Bernd Riexinger und Raul Zelik,2020-03-01T07:49:42Z,7312,71,11,PT1H22M27S,UCA95T5bSGxNOAODBdbR2rYQ,DieLinke,https://www.youtube.com/watch?v=HXXPd6z868Q
jBo7bwe15qY,Das Land verändern: für einen sozial-ökologischen Systemwechsel.,2020-02-29T14:48:06Z,13096,135,27,PT2H22M50S,UCA95T5bSGxNOAODBdbR2rYQ,DieLinke,https://www.youtube.com/watch?v=jBo7bwe15qY
gPlXztJIiA8,Wie hält es DIE LINKE mit der Arbeiter*innenklasse?,2020-02-26T15:46:29Z,3006,104,43,PT21M42S,UCA95T5bSGxNOAODBdbR2rYQ,DieLinke,https://www.youtube.com/watch?v=gPlXztJIiA8
_6fC5L6vxfo,"Politischer Aschermittwoch mit Urban Priol, Gregor Gysi und Janine Wissler",2020-02-26T12:50:59Z,82420,918,241,PT3H15M20S,UCA95T5bSGxNOAODBdbR2rYQ,DieLinke,https://www.youtube.com/watch?v=_6fC5L6vxfo
AtsIYJnR4xg,Wahlen in Hamburg: Ein echter Erfolg für DIE LINKE,2020-02-23T17:54:38Z,2918,186,109,PT2M54S,UCA95T5bSGxNOAODBdbR2rYQ,DieLinke,https://www.youtube.com/watch?v=AtsIYJnR4xg
9ZL4BUCYbNE,Thüringen: CDU muss jetzt springen!,2020-02-17T14:10:07Z,1104,63,25,PT26M8S,UCA95T5bSGxNOAODBdbR2rYQ,DieLinke,https://www.youtube.com/watch?v=9ZL4BUCYbNE
Kl4OMB6vCNk,AKK-Rückzug: Hufeisentheorie entsorgen!,2020-02-10T15:19:17Z,3300,144,154,PT15M50S,UCA95T5bSGxNOAODBdbR2rYQ,DieLinke,https://www.youtube.com/watch?v=Kl4OMB6vCNk
9xz4kFopykQ,Katja Kipping zum Rückzug von Annegret Kramp-Karrenbauer,2020-02-10T10:21:40Z,3005,132,0,PT7M38S,UCA95T5bSGxNOAODBdbR2rYQ,DieLinke,https://www.youtube.com/watch?v=9xz4kFopykQ
FfJUdSwQVfw,CDU und FDP in Thüringen sind Steigbügelhalter für die AfD,2020-02-05T16:36:57Z,4789,234,0,PT7M36S,UCA95T5bSGxNOAODBdbR2rYQ,DieLinke,https://www.youtube.com/watch?v=FfJUdSwQVfw
4c22_Fyr1zk,Wahlwerbespot DIE LINKE Hamburg zur Bürgerschaftswahl,2020-02-04T12:38:23Z,11058,391,297,PT1M26S,UCA95T5bSGxNOAODBdbR2rYQ,DieLinke,https://www.youtube.com/watch?v=4c22_Fyr1zk
C4AAWVIA5L4,Brexit-Verhandlungen: Handelsbeziehungen dürfen nicht zulasten der Bevölkerungen gehen,2020-02-03T15:30:20Z,512,31,11,PT16M37S,UCA95T5bSGxNOAODBdbR2rYQ,DieLinke,https://www.youtube.com/watch?v=C4AAWVIA5L4
dLsPIDow7g0,Katja Kipping: Allen Schüler*innen Besuche in KZ-Gedenkstätten ermöglichen,2020-01-27T14:44:42Z,823,65,0,PT9M43S,UCA95T5bSGxNOAODBdbR2rYQ,DieLinke,https://www.youtube.com/watch?v=dLsPIDow7g0
mW41SCd7XVI,Weg mit den Hartz-IV-Sanktionen,2020-01-13T14:42:06Z,2217,136,41,PT19M6S,UCA95T5bSGxNOAODBdbR2rYQ,DieLinke,https://www.youtube.com/watch?v=mW41SCd7XVI
VXFsCm0J27s,Konzept für einen demokratischen Sozialstaat der Zukunft,2020-01-13T13:57:50Z,2252,93,22,PT23M23S,UCA95T5bSGxNOAODBdbR2rYQ,DieLinke,https://www.youtube.com/watch?v=VXFsCm0J27s
64MjOdB8giw,Prof. Klaus Dörre beim Jahresauftakt der LINKEN,2020-01-13T13:45:13Z,2050,33,5,PT40M11S,UCA95T5bSGxNOAODBdbR2rYQ,DieLinke,https://www.youtube.com/watch?v=64MjOdB8giw
rEr9nji_3fw,Jean-Philippe Kindler beim Jahresauftakt der LINKEN,2020-01-13T12:50:02Z,30170,735,35,PT23M55S,UCA95T5bSGxNOAODBdbR2rYQ,DieLinke,https://www.youtube.com/watch?v=rEr9nji_3fw
dtmmj03hpAY,Ulrich Schneider beim Jahresauftakt der LINKEN,2020-01-13T10:36:20Z,2097,64,5,PT11M52S,UCA95T5bSGxNOAODBdbR2rYQ,DieLinke,https://www.youtube.com/watch?v=dtmmj03hpAY
UH4_uw8cHrU,Trumps unkalkulierbare Eskalationspolitik,2020-01-07T16:38:42Z,912,64,9,PT19M8S,UCA95T5bSGxNOAODBdbR2rYQ,DieLinke,https://www.youtube.com/watch?v=UH4_uw8cHrU
RFD-GT30wZw,(K)eine Revolution automatische Revolution - Konferenz zu Digitalisierung und sozialer Gerechtigkeit,2019-12-21T10:00:04Z,1086,52,11,PT4M7S,UCA95T5bSGxNOAODBdbR2rYQ,DieLinke,https://www.youtube.com/watch?v=RFD-GT30wZw
mfpuIi6WB8E,Trauerspiel Klimaschutz,2019-12-16T14:48:20Z,698,57,3,PT22M40S,UCA95T5bSGxNOAODBdbR2rYQ,DieLinke,https://www.youtube.com/watch?v=mfpuIi6WB8E
nOSH3JgrPS4,Digitaler Klassenkampf? Podiumsdiskussion der Digitalkonferenz,2019-12-13T13:07:54Z,1065,28,6,PT1H52M23S,UCA95T5bSGxNOAODBdbR2rYQ,DieLinke,https://www.youtube.com/watch?v=nOSH3JgrPS4
UWPi_7jN1wI,»geDRUCKtes« Nr. 73 Gesine Lötzsch und Katja Oskamp,2019-12-13T09:43:09Z,892,10,5,PT1H24M35S,UCA95T5bSGxNOAODBdbR2rYQ,DieLinke,https://www.youtube.com/watch?v=UWPi_7jN1wI
oSpMwt-ElvA,Sozialstaatsdialog über die Zukunft des Sozialstaates führen!,2019-12-10T09:05:01Z,763,50,4,PT8M2S,UCA95T5bSGxNOAODBdbR2rYQ,DieLinke,https://www.youtube.com/watch?v=oSpMwt-ElvA
1gGx4mIOwtQ,"Gysi & Wissler: Die DDR, Marx und der Demokratische Sozialismus",2019-12-05T16:36:17Z,208534,5042,781,PT25M20S,UCA95T5bSGxNOAODBdbR2rYQ,DieLinke,https://www.youtube.com/watch?v=1gGx4mIOwtQ
FpYPCqj8sPE,Inklusion: Barrierefreiheit überall sichern!,2019-12-02T14:10:16Z,610,46,1,PT17M2S,UCA95T5bSGxNOAODBdbR2rYQ,DieLinke,https://www.youtube.com/watch?v=FpYPCqj8sPE
ILC9CYg5d7o,Klimastreik: Gemeinsam für die Klimawende,2019-11-30T09:21:17Z,1568,112,37,PT1M30S,UCA95T5bSGxNOAODBdbR2rYQ,DieLinke,https://www.youtube.com/watch?v=ILC9CYg5d7o
7oYKt-1gQSA,Bernd Riexinger: Solide finanziertes Netz aus Frauenhäusern ist nötig!,2019-11-25T13:58:22Z,409,31,10,PT14M58S,UCA95T5bSGxNOAODBdbR2rYQ,DieLinke,https://www.youtube.com/watch?v=7oYKt-1gQSA
F9UU5bJeMYE,Bodo Ramelow nach der Thüringenwahl im Parteivorstand,2019-11-19T08:22:45Z,5083,108,3,PT14M25S,UCA95T5bSGxNOAODBdbR2rYQ,DieLinke,https://www.youtube.com/watch?v=F9UU5bJeMYE
SQvJVPMuJks,Seehofer hat beim Schutz der Mieterinnen und Mieter versagt,2019-11-18T13:20:13Z,596,42,2,PT7M19S,UCA95T5bSGxNOAODBdbR2rYQ,DieLinke,https://www.youtube.com/watch?v=SQvJVPMuJks
dsDVLsebrTs,Katja Kipping: Groko durch neue linke Mehrheiten ablösen,2019-11-11T12:51:08Z,1581,80,28,PT11M27S,UCA95T5bSGxNOAODBdbR2rYQ,DieLinke,https://www.youtube.com/watch?v=dsDVLsebrTs
35yCb1A9bmc,Janine Wissler (DIE LINKE): Nachhilfe für die AfD in Sachen Meinungsfreiheit,2019-11-07T10:36:18Z,261132,7462,65,PT5M36S,UCA95T5bSGxNOAODBdbR2rYQ,DieLinke,https://www.youtube.com/watch?v=35yCb1A9bmc
mofIwv9LuQA,Rentenblockade der CDU geht zulasten von Millionen Menschen,2019-11-04T15:02:25Z,778,55,2,PT14M58S,UCA95T5bSGxNOAODBdbR2rYQ,DieLinke,https://www.youtube.com/watch?v=mofIwv9LuQA
8pjDRVsWJiI,Burg Rheinfels nicht den Hohenzollern schenken!,2019-11-01T11:03:25Z,8530,362,4,PT1M44S,UCA95T5bSGxNOAODBdbR2rYQ,DieLinke,https://www.youtube.com/watch?v=8pjDRVsWJiI
ClbFaYDX5lk,Bernd Riexinger: Ein grandioser Wahlerfolg in Thüringen!,2019-10-27T18:09:49Z,1102,113,12,PT3M55S,UCA95T5bSGxNOAODBdbR2rYQ,DieLinke,https://www.youtube.com/watch?v=ClbFaYDX5lk
oRNV_NFRIIU,Mietendeckel: Gemeinsamer Erfolg von Regierungslinken und Bewegungsaktivisten,2019-10-21T12:07:01Z,897,51,13,PT14M19S,UCA95T5bSGxNOAODBdbR2rYQ,DieLinke,https://www.youtube.com/watch?v=oRNV_NFRIIU
5UhvKUK3jvU,Gewerkschafterinnen und Gewerkschafter wählen links,2019-10-19T10:28:21Z,1141,94,8,PT3M16S,UCA95T5bSGxNOAODBdbR2rYQ,DieLinke,https://www.youtube.com/watch?v=5UhvKUK3jvU
cAfHSoZS8Jc,Erdoğan führt einen Vernichtungskrieg gegen die Kurden,2019-10-16T13:40:20Z,3057,134,1,PT13M47S,UCA95T5bSGxNOAODBdbR2rYQ,DieLinke,https://www.youtube.com/watch?v=cAfHSoZS8Jc
0avyhvaXUM4,Niedrige Löhne im Osten heute - neue Altersarmut morgen!,2019-10-14T12:19:09Z,575,41,5,PT24M3S,UCA95T5bSGxNOAODBdbR2rYQ,DieLinke,https://www.youtube.com/watch?v=0avyhvaXUM4
ygmKAFmvyG4,Bernd Riexinger: Erdoğan will demokratisches Projekt Rojava zerstören,2019-10-07T11:54:15Z,3573,169,0,PT13M57S,UCA95T5bSGxNOAODBdbR2rYQ,DieLinke,https://www.youtube.com/watch?v=ygmKAFmvyG4
xfoP3XnnBEU,»geDRUCKtes« Nr. 72 Gesine Lötzsch und Marcus Böick,2019-10-07T11:31:43Z,889,36,0,PT1H36M50S,UCA95T5bSGxNOAODBdbR2rYQ,DieLinke,https://www.youtube.com/watch?v=xfoP3XnnBEU
kwA7rXXZrac,Bodo Ramelow: Geschichte ist der Rahmen unserer Identität.,2019-09-30T15:18:09Z,6979,418,157,PT1M25S,UCA95T5bSGxNOAODBdbR2rYQ,DieLinke,https://www.youtube.com/watch?v=kwA7rXXZrac
T-O5wpbTUsM,Katja Kipping: Wir brauchen couragierten und konsequenten Klimaschutz,2019-09-30T13:13:13Z,845,50,14,PT16M58S,UCA95T5bSGxNOAODBdbR2rYQ,DieLinke,https://www.youtube.com/watch?v=T-O5wpbTUsM
mO7jwSy-ToE,Bernd Riexinger: „Mit dem Klima kann man nicht verhandeln!“,2019-09-23T12:27:20Z,733,51,11,PT20M52S,UCA95T5bSGxNOAODBdbR2rYQ,DieLinke,https://www.youtube.com/watch?v=mO7jwSy-ToE
UnmGy0aT-P4,Was ist linker Feminismus?,2019-09-17T13:00:21Z,2168,87,0,PT48S,UCA95T5bSGxNOAODBdbR2rYQ,DieLinke,https://www.youtube.com/watch?v=UnmGy0aT-P4
4BUotae08yI,Unser Plan für Klimagerechtigkeit,2019-09-16T13:00:39Z,1207,66,10,PT20M39S,UCA95T5bSGxNOAODBdbR2rYQ,DieLinke,https://www.youtube.com/watch?v=4BUotae08yI
gWXvQFGRCXk,Caren Lay: Immobilienkonzerne dürfen enteignet werden,2019-09-11T15:31:59Z,3030,153,1,PT1M,UCA95T5bSGxNOAODBdbR2rYQ,DieLinke,https://www.youtube.com/watch?v=gWXvQFGRCXk
wQhpuC6AbIg,Personalmangel in Psychiatrien,2019-09-09T13:13:07Z,490,34,5,PT9M35S,UCA95T5bSGxNOAODBdbR2rYQ,DieLinke,https://www.youtube.com/watch?v=wQhpuC6AbIg
hOvoPy-1EIM,Bodo Ramelow: Für ein Thüringen des sozialen Zusammenhaltes,2019-09-06T07:32:32Z,3772,123,0,PT1M,UCA95T5bSGxNOAODBdbR2rYQ,DieLinke,https://www.youtube.com/watch?v=hOvoPy-1EIM
TVaP3ICZxFQ,Bernd Riexinger zu den Landtagswahlen in Brandenburg und Sachsen,2019-09-01T17:04:53Z,1346,90,0,PT2M58S,UCA95T5bSGxNOAODBdbR2rYQ,DieLinke,https://www.youtube.com/watch?v=TVaP3ICZxFQ
gsAblv971AI,Jörg Schindler zu den Landtagswahlen in Brandenburg und Sachsen,2019-09-01T16:58:01Z,945,59,0,PT2M28S,UCA95T5bSGxNOAODBdbR2rYQ,DieLinke,https://www.youtube.com/watch?v=gsAblv971AI
MFEYVEXjh48,Plan für eine lebenswerte Zukunft in Ostdeutschland,2019-08-26T12:46:33Z,930,51,27,PT36M12S,UCA95T5bSGxNOAODBdbR2rYQ,DieLinke,https://www.youtube.com/watch?v=MFEYVEXjh48
ltiNN3-okRs,»geDRUCKtes« Nr. 71 Gesine Lötzsch und Tino Eisbrenner,2019-08-21T08:50:39Z,2710,92,4,PT2H5M21S,UCA95T5bSGxNOAODBdbR2rYQ,DieLinke,https://www.youtube.com/watch?v=ltiNN3-okRs
q8bge6AAT6k,Investitionsprogramm in Daseinsvorsorge und Infrastruktur,2019-08-19T12:17:53Z,596,42,11,PT15M8S,UCA95T5bSGxNOAODBdbR2rYQ,DieLinke,https://www.youtube.com/watch?v=q8bge6AAT6k
C-CWvbtHj9U,Fest der Linken 2019,2019-08-15T11:31:55Z,1216,73,0,PT1M45S,UCA95T5bSGxNOAODBdbR2rYQ,DieLinke,https://www.youtube.com/watch?v=C-CWvbtHj9U
yQBkqAs84OY,Katja Kipping: Keine Geschenke den Hohenzollern,2019-08-12T12:04:36Z,5099,153,153,PT9M41S,UCA95T5bSGxNOAODBdbR2rYQ,DieLinke,https://www.youtube.com/watch?v=yQBkqAs84OY
5RetftOUc4M,Katja Kipping: Kommt zur #unteilbar-Demo in Dresden,2019-08-07T10:05:58Z,1900,102,7,PT43S,UCA95T5bSGxNOAODBdbR2rYQ,DieLinke,https://www.youtube.com/watch?v=5RetftOUc4M
yPHorj3isgI,Bernd Riexinger: Wir brauchen eine radikale Verkehrswende,2019-08-05T13:51:47Z,841,63,3,PT33M36S,UCA95T5bSGxNOAODBdbR2rYQ,DieLinke,https://www.youtube.com/watch?v=yPHorj3isgI
hCkyoXbWlA0,Nein zu deutschem Militär in der Straße von Hormus!,2019-07-29T14:31:08Z,990,64,0,PT20M26S,UCA95T5bSGxNOAODBdbR2rYQ,DieLinke,https://www.youtube.com/watch?v=hCkyoXbWlA0
2V9TYxVWggA,Interview mit dem Parteivorsitzenden Bernd Riexinger,2019-07-18T13:23:21Z,1416,68,0,PT11M42S,UCA95T5bSGxNOAODBdbR2rYQ,DieLinke,https://www.youtube.com/watch?v=2V9TYxVWggA
a32Sia0uqyg,Gesundheit ist keine Ware – Gegen den Krankenhauskahlschlag,2019-07-15T13:58:39Z,778,50,0,PT21M52S,UCA95T5bSGxNOAODBdbR2rYQ,DieLinke,https://www.youtube.com/watch?v=a32Sia0uqyg
3wYbZKXBTrM,Carola Rackete freilassen und Kriminalisierung der Seenotretter*innen beenden!,2019-07-01T11:52:47Z,1232,87,5,PT14M41S,UCA95T5bSGxNOAODBdbR2rYQ,DieLinke,https://www.youtube.com/watch?v=3wYbZKXBTrM
1lbQToPGsXM,„Den rechten Terror stoppen!“ Martina Renner stellt das Aktionsprogramm der LINKEN vor.,2019-06-25T16:00:03Z,1294,79,8,PT16M51S,UCA95T5bSGxNOAODBdbR2rYQ,DieLinke,https://www.youtube.com/watch?v=1lbQToPGsXM
kG4epjwm6wc,Deutschland darf sich auf keinen Fall in kriegerische Handlungen verwickeln lassen!,2019-06-17T13:04:59Z,1632,130,32,PT9M58S,UCA95T5bSGxNOAODBdbR2rYQ,DieLinke,https://www.youtube.com/watch?v=kG4epjwm6wc
_xKFTTPZ93Q,»geDRUCKtes« Nr. 70 Gesine Lötzsch und Bettina Kenter-Götte,2019-06-12T09:27:43Z,1429,58,7,PT1H36M10S,UCA95T5bSGxNOAODBdbR2rYQ,DieLinke,https://www.youtube.com/watch?v=_xKFTTPZ93Q
rv6gfvG53fo,Pressekonferenz mit Katja Kipping,2019-06-03T11:48:21Z,2041,117,22,PT9M50S,UCA95T5bSGxNOAODBdbR2rYQ,DieLinke,https://www.youtube.com/watch?v=rv6gfvG53fo
8AiOt3u8a4w,Auftakt zum Wahlkampfendspurt,2019-05-25T15:27:19Z,1660,89,9,PT2H1M55S,UCA95T5bSGxNOAODBdbR2rYQ,DieLinke,https://www.youtube.com/watch?v=8AiOt3u8a4w
RRvBjx58UTc,"So machen wir Europa sozial. Mach mit, wähle am Sonntag DIE LINKE!",2019-05-25T12:19:35Z,1687,110,2,PT13S,UCA95T5bSGxNOAODBdbR2rYQ,DieLinke,https://www.youtube.com/watch?v=RRvBjx58UTc
FrNGdXWxoJo,Gregor Gysi: Bitte gehen Sie zur Wahl!,2019-05-24T17:25:41Z,11107,861,20,PT39S,UCA95T5bSGxNOAODBdbR2rYQ,DieLinke,https://www.youtube.com/watch?v=FrNGdXWxoJo
UBVJK8coxHE,"Unsere Antwort auf Rezo Video ""Die Zerstörung der CDU""",2019-05-23T12:45:01Z,90518,2759,323,PT11S,UCA95T5bSGxNOAODBdbR2rYQ,DieLinke,https://www.youtube.com/watch?v=UBVJK8coxHE
isrDA9U6Mig,70 Jahre Grundgesetz - Lasst uns Grundrechte leben!,2019-05-23T10:19:59Z,924,83,2,PT25S,UCA95T5bSGxNOAODBdbR2rYQ,DieLinke,https://www.youtube.com/watch?v=isrDA9U6Mig
-YFl7txl1iE,Özlem Demirel (DIE LINKE) - Spitzenkandidatin zur Europawahl 2019,2019-05-22T16:49:55Z,4232,157,8,PT1M29S,UCA95T5bSGxNOAODBdbR2rYQ,DieLinke,https://www.youtube.com/watch?v=-YFl7txl1iE
imi47A9ki9E,Endspurt zur Europawahl,2019-05-21T10:33:09Z,1768,84,1,PT49S,UCA95T5bSGxNOAODBdbR2rYQ,DieLinke,https://www.youtube.com/watch?v=imi47A9ki9E
kSXGhzqn8ZQ,Der LINKE Plan für eine lebenswerte Zukunft in Ostdeutschland,2019-05-20T15:35:22Z,1746,96,1,PT34S,UCA95T5bSGxNOAODBdbR2rYQ,DieLinke,https://www.youtube.com/watch?v=kSXGhzqn8ZQ
6jBJK7KyMPE,Der LINKE Plan für eine lebenswerte Zukunft in Ostdeutschland,2019-05-20T13:29:06Z,1778,83,11,PT49M21S,UCA95T5bSGxNOAODBdbR2rYQ,DieLinke,https://www.youtube.com/watch?v=6jBJK7KyMPE
8zKE4m7fKC8,Ein Europa für Alle,2019-05-19T16:54:55Z,1336,98,4,PT51S,UCA95T5bSGxNOAODBdbR2rYQ,DieLinke,https://www.youtube.com/watch?v=8zKE4m7fKC8
QoxHGCCJdig,Europa-Konvent: Tadzio Müller von der „Climate Justice Action“,2019-05-17T10:17:23Z,4890,80,1,PT8M10S,UCA95T5bSGxNOAODBdbR2rYQ,DieLinke,https://www.youtube.com/watch?v=QoxHGCCJdig
vfHxTvyTvwc,Europa-Konvent: Karin Zauner-Lohmeyer von der EBI „Housing for all,2019-05-17T10:12:27Z,671,20,0,PT7M50S,UCA95T5bSGxNOAODBdbR2rYQ,DieLinke,https://www.youtube.com/watch?v=vfHxTvyTvwc
BvRfea5LEJ0,Europa-Konvent: Orry Mittenmayer von „Liefern am Limit“,2019-05-17T10:08:07Z,1291,51,0,PT5M15S,UCA95T5bSGxNOAODBdbR2rYQ,DieLinke,https://www.youtube.com/watch?v=BvRfea5LEJ0
kaY8zSC2QGU,Europa-Konvent: Ruben Neugebauer von „Sea Watch“,2019-05-16T12:03:58Z,1973,0,0,PT9M30S,UCA95T5bSGxNOAODBdbR2rYQ,DieLinke,https://www.youtube.com/watch?v=kaY8zSC2QGU
JGX4JnAIcuA,Haustürwahlkampf - Europawahl 2019,2019-05-16T09:28:59Z,640,47,0,PT31S,UCA95T5bSGxNOAODBdbR2rYQ,DieLinke,https://www.youtube.com/watch?v=JGX4JnAIcuA
S4cm2ij33pc,Besuch bei Rheinmetall - Rüstungsexporte stoppen!,2019-05-15T09:19:06Z,2852,157,4,PT2M24S,UCA95T5bSGxNOAODBdbR2rYQ,DieLinke,https://www.youtube.com/watch?v=S4cm2ij33pc
I5TxzJSUz98,Fünf Punkte für LINKEN Klimaschutz,2019-05-13T14:27:04Z,2800,116,33,PT14M26S,UCA95T5bSGxNOAODBdbR2rYQ,DieLinke,https://www.youtube.com/watch?v=I5TxzJSUz98
Lf3gXqApLZ8,Sahra Wagenknecht: Wahlkampfrede zur Europawahl in Düsseldorf,2019-05-13T13:47:21Z,14414,492,10,PT20M46S,UCA95T5bSGxNOAODBdbR2rYQ,DieLinke,https://www.youtube.com/watch?v=Lf3gXqApLZ8
Ly94UPp-wwk,Martin Schirdewan: Wahlkampfrede zur Europawahl in Düsseldorf,2019-05-13T13:05:29Z,783,41,1,PT11M34S,UCA95T5bSGxNOAODBdbR2rYQ,DieLinke,https://www.youtube.com/watch?v=Ly94UPp-wwk
9ZwGflBBtEo,Bernd Riexinger: Wahlkampfrede zur Europawahl in Düsseldorf,2019-05-13T12:56:11Z,375,22,0,PT14M23S,UCA95T5bSGxNOAODBdbR2rYQ,DieLinke,https://www.youtube.com/watch?v=9ZwGflBBtEo
fWoA-l889QI,Özlem Demirel: Wahlkampfrede zur Europawahl in Düsseldorf,2019-05-13T12:49:30Z,1509,60,0,PT13M24S,UCA95T5bSGxNOAODBdbR2rYQ,DieLinke,https://www.youtube.com/watch?v=fWoA-l889QI
rXoveUj-7ZM,5 Punkte für sozialen Klimaschutz,2019-05-13T08:37:46Z,2172,144,0,PT46S,UCA95T5bSGxNOAODBdbR2rYQ,DieLinke,https://www.youtube.com/watch?v=rXoveUj-7ZM
5ph-9Jfaoqg,Links bewegt (4): Der Einsatz für bessere Pflege lohnt sich!,2019-05-12T10:23:14Z,1293,0,0,PT7M14S,UCA95T5bSGxNOAODBdbR2rYQ,DieLinke,https://www.youtube.com/watch?v=5ph-9Jfaoqg
ngI87ufbD9s,Macht Europa Sozial. Konvent zur Europawahl,2019-05-12T10:05:28Z,974,52,0,PT3H4M12S,UCA95T5bSGxNOAODBdbR2rYQ,DieLinke,https://www.youtube.com/watch?v=ngI87ufbD9s
ZLAgjn6W9Kw,"Überzeuge andere Menschen davon, DIE LINKE zu wählen!",2019-05-09T13:41:25Z,3123,143,58,PT49S,UCA95T5bSGxNOAODBdbR2rYQ,DieLinke,https://www.youtube.com/watch?v=ZLAgjn6W9Kw
Xpda1_GWlx0,5 Punkte für gute Gesundheit und gute Pflege,2019-05-06T14:16:55Z,1173,89,1,PT31S,UCA95T5bSGxNOAODBdbR2rYQ,DieLinke,https://www.youtube.com/watch?v=Xpda1_GWlx0
7IaJnbOpf94,Der LINKE Plan für gute Gesundheit und gute Pflege in Europa,2019-05-06T12:36:14Z,567,51,5,PT16M36S,UCA95T5bSGxNOAODBdbR2rYQ,DieLinke,https://www.youtube.com/watch?v=7IaJnbOpf94
ZHjQvQopLYw,5-Punkte-Plan für gute Arbeit,2019-04-29T14:50:34Z,2471,147,23,PT40S,UCA95T5bSGxNOAODBdbR2rYQ,DieLinke,https://www.youtube.com/watch?v=ZHjQvQopLYw
J2nowPBolJI,Fünf Forderungen für gute Arbeit,2019-04-29T12:30:25Z,773,63,4,PT11M23S,UCA95T5bSGxNOAODBdbR2rYQ,DieLinke,https://www.youtube.com/watch?v=J2nowPBolJI
B6ZFRY5yXqI,Europawahl: Jetzt Briefwahlunterlagen beantragen!,2019-04-28T06:30:16Z,1200,63,11,PT27S,UCA95T5bSGxNOAODBdbR2rYQ,DieLinke,https://www.youtube.com/watch?v=B6ZFRY5yXqI
j-GoyDi0NUA,DIE LINKE: Für ein solidarisches Europa! Unser Wahlwerbespot zur Europawahl 2019,2019-04-22T16:35:47Z,211058,1713,40,PT1M31S,UCA95T5bSGxNOAODBdbR2rYQ,DieLinke,https://www.youtube.com/watch?v=j-GoyDi0NUA
-KBKjqDVKpc,Aktion vor dem Verteidigungsministerium,2019-04-18T11:59:56Z,711,69,0,PT7M35S,UCA95T5bSGxNOAODBdbR2rYQ,DieLinke,https://www.youtube.com/watch?v=-KBKjqDVKpc
8yLswOlDYUs,Trailer: Wahlspot Europawahl,2019-04-18T07:00:00Z,2217,121,12,PT21S,UCA95T5bSGxNOAODBdbR2rYQ,DieLinke,https://www.youtube.com/watch?v=8yLswOlDYUs
fA-Y3fiA5_Y,Kurz erklärt: Fünf Punkte für ein friedliches Europa,2019-04-16T08:02:29Z,7057,740,3,PT29S,UCA95T5bSGxNOAODBdbR2rYQ,DieLinke,https://www.youtube.com/watch?v=fA-Y3fiA5_Y
fjusuCfgqu4,"Fünf Punkte für ein Europa, das den Friedensnobelpreis verdient",2019-04-15T12:11:09Z,654,45,3,PT19M12S,UCA95T5bSGxNOAODBdbR2rYQ,DieLinke,https://www.youtube.com/watch?v=fjusuCfgqu4
9BqfPg9Bf1E,Uploadfilter stoppen!,2019-04-12T13:37:01Z,4430,342,15,PT50S,UCA95T5bSGxNOAODBdbR2rYQ,DieLinke,https://www.youtube.com/watch?v=9BqfPg9Bf1E
CGNQfEbQcsg,"Volksbegehren ""Deutsche Wohnen enteignen"" startet in Berlin.",2019-04-09T12:31:20Z,2162,124,1,PT2M17S,UCA95T5bSGxNOAODBdbR2rYQ,DieLinke,https://www.youtube.com/watch?v=CGNQfEbQcsg
Dt4j4LbNMzg,Pressekonferenz mit Katja Kipping,2019-04-08T12:32:06Z,859,50,3,PT17M3S,UCA95T5bSGxNOAODBdbR2rYQ,DieLinke,https://www.youtube.com/watch?v=Dt4j4LbNMzg
t8FFEYFBEVA,Martin Schirdewan - Spitzenkandidat zur Europawahl 2019 stellt sich vor,2019-04-05T11:17:51Z,2394,77,0,PT1M31S,UCA95T5bSGxNOAODBdbR2rYQ,DieLinke,https://www.youtube.com/watch?v=t8FFEYFBEVA
vtVRYzwDCVw,Özlem Alev Demirel - Spitzenkandidatin zur Europawahl 2019 stellt sich vor,2019-04-05T11:17:07Z,2547,68,0,PT1M,UCA95T5bSGxNOAODBdbR2rYQ,DieLinke,https://www.youtube.com/watch?v=vtVRYzwDCVw
1mjniZ6ySYo,Cornelia Ernst - Kandidatin zur Europawahl stellt sich vor,2019-04-05T11:16:35Z,735,24,0,PT1M,UCA95T5bSGxNOAODBdbR2rYQ,DieLinke,https://www.youtube.com/watch?v=1mjniZ6ySYo
2lyBcpEYGPI,Helmut Scholz - Kandidat zur Europawahl 2019 stellt sich vor,2019-04-05T11:16:08Z,1069,23,0,PT1M,UCA95T5bSGxNOAODBdbR2rYQ,DieLinke,https://www.youtube.com/watch?v=2lyBcpEYGPI
9DC619q6mVA,Martina Michels - Kandidatin zur Europawahl 2019 stellt sich vor,2019-04-05T11:15:42Z,641,24,0,PT1M,UCA95T5bSGxNOAODBdbR2rYQ,DieLinke,https://www.youtube.com/watch?v=9DC619q6mVA
FJj2vsaZBoI,Ali Al-Dailami - Kandidat zur Europawahl 2019 stellt sich vor,2019-04-05T11:15:17Z,3767,77,0,PT1M,UCA95T5bSGxNOAODBdbR2rYQ,DieLinke,https://www.youtube.com/watch?v=FJj2vsaZBoI
B0zLkBfSQXw,Claudia Haydt - Kandidatin zur Europawahl 2019 stellt sich vor,2019-04-05T11:14:47Z,1255,26,0,PT1M,UCA95T5bSGxNOAODBdbR2rYQ,DieLinke,https://www.youtube.com/watch?v=B0zLkBfSQXw
5RSbT70Mo64,Malte Fiedler - Kandidat zur Europawahl 2019 stellt sich vor,2019-04-05T11:13:55Z,1761,54,1,PT1M,UCA95T5bSGxNOAODBdbR2rYQ,DieLinke,https://www.youtube.com/watch?v=5RSbT70Mo64
ZMg5nVrcDr4,Marianne Kolter - Kandidatin zur Europawahl 2019 stellt sich vor,2019-04-05T11:13:09Z,540,20,0,PT1M,UCA95T5bSGxNOAODBdbR2rYQ,DieLinke,https://www.youtube.com/watch?v=ZMg5nVrcDr4
92JuEA4jzP4,Murat Yilmaz - Kandidat zur Europawahl 2019 stellt sich vor,2019-04-05T11:11:55Z,2824,69,0,PT1M,UCA95T5bSGxNOAODBdbR2rYQ,DieLinke,https://www.youtube.com/watch?v=92JuEA4jzP4
ELt93LdXKMQ,"Uploadfilter: „Man kann es verschieden bezeichnen, aber es bleibt Kacke!“",2019-04-05T09:16:58Z,17870,526,45,PT36S,UCA95T5bSGxNOAODBdbR2rYQ,DieLinke,https://www.youtube.com/watch?v=ELt93LdXKMQ
hbY0Q8SVrsI,Fünf-Punkte-Plan für bezahlbare Wohnungen,2019-04-05T08:51:08Z,4425,452,45,PT29S,UCA95T5bSGxNOAODBdbR2rYQ,DieLinke,https://www.youtube.com/watch?v=hbY0Q8SVrsI
JqHf9l7V2v8,»geDRUCKtes« Nr. 69 Gesine Lötzsch und Christian Grashof,2019-04-04T13:15:56Z,634,21,0,PT1H22M31S,UCA95T5bSGxNOAODBdbR2rYQ,DieLinke,https://www.youtube.com/watch?v=JqHf9l7V2v8
QiIeKyCajOk,Europa nur solidarisch! Präsentation unserer Wahlkampagne zur Europawahl,2019-04-03T09:54:33Z,1661,71,2,PT11M53S,UCA95T5bSGxNOAODBdbR2rYQ,DieLinke,https://www.youtube.com/watch?v=QiIeKyCajOk
ZqQKCpLP5H4,Fünf-Punkte Plan für Wohnungsbau und bezahlbare Mieten,2019-04-01T12:39:59Z,632,35,3,PT24M47S,UCA95T5bSGxNOAODBdbR2rYQ,DieLinke,https://www.youtube.com/watch?v=ZqQKCpLP5H4
PM_UR4zK9vg,Berlin: Franziska ergreift Partei - Der Kampf für bezahlbare Mieten,2019-03-30T13:47:44Z,17550,161,0,PT2M38S,UCA95T5bSGxNOAODBdbR2rYQ,DieLinke,https://www.youtube.com/watch?v=PM_UR4zK9vg
899pOaqKmjg,Newroz-Fest: Grußbotschaft an alle Kurdinnen und Kurden,2019-03-20T13:41:53Z,13898,1000,60,PT1M49S,UCA95T5bSGxNOAODBdbR2rYQ,DieLinke,https://www.youtube.com/watch?v=899pOaqKmjg
y11NbGpXPt0,Politischer Aschermittwoch: Klaus Ernst,2019-03-20T08:32:51Z,808,30,1,PT55M25S,UCA95T5bSGxNOAODBdbR2rYQ,DieLinke,https://www.youtube.com/watch?v=y11NbGpXPt0
K5TgXD0jfHE,Politischer Aschermittwoch: Janine Wissler,2019-03-19T11:17:53Z,2356,70,1,PT33M20S,UCA95T5bSGxNOAODBdbR2rYQ,DieLinke,https://www.youtube.com/watch?v=K5TgXD0jfHE
NFJqlO107Ec,Politischer Aschermittwoch: Eva Bulling-Schröter,2019-03-19T10:54:28Z,391,9,0,PT18M27S,UCA95T5bSGxNOAODBdbR2rYQ,DieLinke,https://www.youtube.com/watch?v=NFJqlO107Ec
uDCRvtsYGB0,Politischer Aschermittwoch: Josef Ilsanker,2019-03-19T10:22:00Z,369,7,0,PT17M50S,UCA95T5bSGxNOAODBdbR2rYQ,DieLinke,https://www.youtube.com/watch?v=uDCRvtsYGB0
neY2eWuAPJY,Pressekonferenz mit Bernd Riexinger,2019-03-18T13:35:32Z,497,29,0,PT14M30S,UCA95T5bSGxNOAODBdbR2rYQ,DieLinke,https://www.youtube.com/watch?v=neY2eWuAPJY
ezlLqn0tf2Q,»geDRUCKtes« Nr. 68 Gesine Lötzsch und Franziska Troegner,2019-03-12T14:50:54Z,964,24,2,PT1H27M28S,UCA95T5bSGxNOAODBdbR2rYQ,DieLinke,https://www.youtube.com/watch?v=ezlLqn0tf2Q
P2D1ya5xaJg,Pressekonferenz mit Katja Kipping,2019-03-11T15:47:30Z,813,38,6,PT9M21S,UCA95T5bSGxNOAODBdbR2rYQ,DieLinke,https://www.youtube.com/watch?v=P2D1ya5xaJg
nGlOiqHFhHo,Amazon: Christian ergreift Partei - Der Kampf der Beschäftigten,2019-03-10T21:45:43Z,17602,106,15,PT2M27S,UCA95T5bSGxNOAODBdbR2rYQ,DieLinke,https://www.youtube.com/watch?v=nGlOiqHFhHo
cTJiUwHO70g,Clara-Zetkin-Frauenpreis 2019,2019-03-07T15:36:30Z,566,16,1,PT2M8S,UCA95T5bSGxNOAODBdbR2rYQ,DieLinke,https://www.youtube.com/watch?v=cTJiUwHO70g
sQqfkT_ADhg,Europaparteitag: Generaldebatte,2019-03-07T14:33:32Z,1164,33,0,PT1H33M46S,UCA95T5bSGxNOAODBdbR2rYQ,DieLinke,https://www.youtube.com/watch?v=sQqfkT_ADhg
6U47EkfJavA,Europaparteitag: Rede von Hans Modrow,2019-03-07T11:23:53Z,3630,73,3,PT16M55S,UCA95T5bSGxNOAODBdbR2rYQ,DieLinke,https://www.youtube.com/watch?v=6U47EkfJavA
wS5gAd3knqE,Pressekonferenz mit Bernd Riexinger,2019-03-04T16:45:44Z,506,19,2,PT15M59S,UCA95T5bSGxNOAODBdbR2rYQ,DieLinke,https://www.youtube.com/watch?v=wS5gAd3knqE
FI57l_mO9WI,Europaparteitag: Grußwort von Michael Faber,2019-03-04T14:50:58Z,291,10,0,PT5M8S,UCA95T5bSGxNOAODBdbR2rYQ,DieLinke,https://www.youtube.com/watch?v=FI57l_mO9WI
LzqrWciVerc,Europaparteitag: Grußwort von Christian Leye,2019-03-04T12:13:32Z,405,20,0,PT5M6S,UCA95T5bSGxNOAODBdbR2rYQ,DieLinke,https://www.youtube.com/watch?v=LzqrWciVerc
IxCCy99yvH8,Europaparteitag: Rede von Gabi Zimmer,2019-03-04T12:12:47Z,910,30,1,PT26M14S,UCA95T5bSGxNOAODBdbR2rYQ,DieLinke,https://www.youtube.com/watch?v=IxCCy99yvH8
Hb2wQ3is0Dk,Martin Schirdewan und Özlem Demirel,2019-02-25T11:29:17Z,2028,51,0,PT14M21S,UCA95T5bSGxNOAODBdbR2rYQ,DieLinke,https://www.youtube.com/watch?v=Hb2wQ3is0Dk
K9JGrgX5308,Drei Tage in drei Minuten: Unser Europaparteitag 2019,2019-02-24T17:40:56Z,14403,203,6,PT3M15S,UCA95T5bSGxNOAODBdbR2rYQ,DieLinke,https://www.youtube.com/watch?v=K9JGrgX5308
1p8yo1UkJp4,Kapitänin Pia Klemp von Seawatch: Mit jedem Ertrinkenden im Mittelmeer ertrinkt das Menschenrecht,2019-02-24T11:17:37Z,30535,853,11,PT11M8S,UCA95T5bSGxNOAODBdbR2rYQ,DieLinke,https://www.youtube.com/watch?v=1p8yo1UkJp4
uhz6JXDYCNY,Özlem Demirel: Rede für die Kandidatur zur Europwawahl 2019,2019-02-23T22:07:16Z,7436,126,1,PT5M57S,UCA95T5bSGxNOAODBdbR2rYQ,DieLinke,https://www.youtube.com/watch?v=uhz6JXDYCNY
CsJzRxpko94,Martin Schirdewan: Rede für die Kandidatur zur Europawahl 2019,2019-02-23T22:06:24Z,14221,159,1,PT5M10S,UCA95T5bSGxNOAODBdbR2rYQ,DieLinke,https://www.youtube.com/watch?v=CsJzRxpko94
Baw0tTCH5Uw,"Bernd Riexinger: Für die Solidarität der Vielen, gegen die Herrschaft der Wenigen.",2019-02-23T15:04:46Z,1834,42,2,PT21M38S,UCA95T5bSGxNOAODBdbR2rYQ,DieLinke,https://www.youtube.com/watch?v=Baw0tTCH5Uw
RVQV1eTAcGk,"Gregor Gysi: Europa ist kein notwendiges Übel, sondern eine Chance",2019-02-23T13:00:53Z,24965,657,193,PT25M13S,UCA95T5bSGxNOAODBdbR2rYQ,DieLinke,https://www.youtube.com/watch?v=RVQV1eTAcGk
vaisKC4BPDg,Dietmar Bartsch auf unserem Europaparteitag in Bonn,2019-02-23T10:37:57Z,4817,119,16,PT25M39S,UCA95T5bSGxNOAODBdbR2rYQ,DieLinke,https://www.youtube.com/watch?v=vaisKC4BPDg
mvA6brUbedo,Katja Kipping: Speerspitze für einen starken Sozialstaat,2019-02-22T17:24:51Z,3909,106,25,PT22M37S,UCA95T5bSGxNOAODBdbR2rYQ,DieLinke,https://www.youtube.com/watch?v=mvA6brUbedo
i7pKi5WxL94,Pressekonferenz mit Bernd Riexinger & Katja Kipping,2019-02-18T13:58:44Z,929,35,1,PT26M54S,UCA95T5bSGxNOAODBdbR2rYQ,DieLinke,https://www.youtube.com/watch?v=i7pKi5WxL94
a5Hff4lZxBE,Pressekonferenz mit Bernd Riexinger,2019-02-11T14:37:01Z,472,29,5,PT21M16S,UCA95T5bSGxNOAODBdbR2rYQ,DieLinke,https://www.youtube.com/watch?v=a5Hff4lZxBE
pwmPpq2hy20,»geDRUCKtes« Nr. 67 Gesine Lötzsch und Wolfgang Engler,2019-01-31T14:04:21Z,1795,31,2,PT1H30M53S,UCA95T5bSGxNOAODBdbR2rYQ,DieLinke,https://www.youtube.com/watch?v=pwmPpq2hy20
Wi3D_loCKK0,Pressekonferenz mit Bernd Riexinger,2019-01-28T13:22:07Z,581,44,2,PT18M43S,UCA95T5bSGxNOAODBdbR2rYQ,DieLinke,https://www.youtube.com/watch?v=Wi3D_loCKK0
vc_yuACvPY4,Pressekonferenz mit Katja Kipping,2019-01-21T13:51:32Z,792,45,1,PT12M28S,UCA95T5bSGxNOAODBdbR2rYQ,DieLinke,https://www.youtube.com/watch?v=vc_yuACvPY4
Soaka8vIw9c,Wir haben es satt!,2019-01-18T14:34:34Z,1428,135,6,PT51S,UCA95T5bSGxNOAODBdbR2rYQ,DieLinke,https://www.youtube.com/watch?v=Soaka8vIw9c
NQ4AiFTfEis,Frag die Parteivorsitzenden!,2019-01-16T20:40:11Z,1926,80,2,PT43M54S,UCA95T5bSGxNOAODBdbR2rYQ,DieLinke,https://www.youtube.com/watch?v=NQ4AiFTfEis
BdtLnXXiEVk,Jörg Schindler beim Jahresauftakt der LINKEN,2019-01-16T09:18:47Z,324,8,0,PT1M58S,UCA95T5bSGxNOAODBdbR2rYQ,DieLinke,https://www.youtube.com/watch?v=BdtLnXXiEVk
7CrO6ntrcE4,Ruben Neugebauer (Seawatch) und Katina Schubert (DIE LINKE. Berlin) beim Jahresauftakt der LINKEN,2019-01-16T09:18:20Z,534,15,1,PT14M24S,UCA95T5bSGxNOAODBdbR2rYQ,DieLinke,https://www.youtube.com/watch?v=7CrO6ntrcE4
2W4hukzU5YA,İdil Baydar als Jilet Ayşe beim Jahresauftakt der LINKEN,2019-01-16T09:11:20Z,39633,639,9,PT23M5S,UCA95T5bSGxNOAODBdbR2rYQ,DieLinke,https://www.youtube.com/watch?v=2W4hukzU5YA
Qrd3pFzXM9E,Özlem Alev Demirel beim Jahresauftakt der LINKEN,2019-01-16T09:09:58Z,819,15,0,PT3M47S,UCA95T5bSGxNOAODBdbR2rYQ,DieLinke,https://www.youtube.com/watch?v=Qrd3pFzXM9E
IfU46UMpjRc,Carolin Emcke beim Jahresauftakt 2019 der LINKEN,2019-01-16T09:08:33Z,7542,73,1,PT20M9S,UCA95T5bSGxNOAODBdbR2rYQ,DieLinke,https://www.youtube.com/watch?v=IfU46UMpjRc
LRTFKbL9Hws,Martin Schirdewan beim Jahresauftakt der LINKEN,2019-01-16T09:06:32Z,242,12,0,PT5M56S,UCA95T5bSGxNOAODBdbR2rYQ,DieLinke,https://www.youtube.com/watch?v=LRTFKbL9Hws
I-Ed5-6JHJk,Katja Kipping / Bernd Riexinger beim Jahresauftakt der LINKEN,2019-01-16T08:52:42Z,192,11,0,PT16M13S,UCA95T5bSGxNOAODBdbR2rYQ,DieLinke,https://www.youtube.com/watch?v=I-Ed5-6JHJk
FK5LKa86ip8,Pressekonferenz mit Katja Kipping,2019-01-14T16:23:05Z,592,43,2,PT11M13S,UCA95T5bSGxNOAODBdbR2rYQ,DieLinke,https://www.youtube.com/watch?v=FK5LKa86ip8
dEHh_4ywJdg,Özlem Alex Demirel / Martin Schirdewan: Jahresauftakt 2019,2019-01-14T15:22:06Z,559,14,0,PT9M42S,UCA95T5bSGxNOAODBdbR2rYQ,DieLinke,https://www.youtube.com/watch?v=dEHh_4ywJdg
nQ778uzKYTc,Dietmar Bartsch – Rede zum Jahresauftakt 2019,2019-01-14T15:10:39Z,573,25,0,PT19M2S,UCA95T5bSGxNOAODBdbR2rYQ,DieLinke,https://www.youtube.com/watch?v=nQ778uzKYTc
7l_M3fz85CY,Frank Bsirske – Beitrag zum Jahresauftakt 2019,2019-01-14T14:50:20Z,274,7,0,PT36M38S,UCA95T5bSGxNOAODBdbR2rYQ,DieLinke,https://www.youtube.com/watch?v=7l_M3fz85CY
8D-hZMo2boY,Katja Kipping  – Rede zum Jahresauftakt 2019,2019-01-14T14:06:07Z,1155,40,4,PT16M58S,UCA95T5bSGxNOAODBdbR2rYQ,DieLinke,https://www.youtube.com/watch?v=8D-hZMo2boY
j4VulMF9DWg,Bernd Riexinger – Rede zum Jahresauftakt 2019,2019-01-14T14:00:32Z,392,18,1,PT20M,UCA95T5bSGxNOAODBdbR2rYQ,DieLinke,https://www.youtube.com/watch?v=j4VulMF9DWg
52B4DBQw7qU,Gremiensitzung zum Jahresauftakt 2019,2019-01-12T22:27:35Z,996,50,6,PT1H46M32S,UCA95T5bSGxNOAODBdbR2rYQ,DieLinke,https://www.youtube.com/watch?v=52B4DBQw7qU
1Adb7zlPn5M,Daten-Skandal ist vor allem ein Behördenskandal,2019-01-07T15:20:37Z,481,41,8,PT14M14S,UCA95T5bSGxNOAODBdbR2rYQ,DieLinke,https://www.youtube.com/watch?v=1Adb7zlPn5M
c6c2TdB6vC4,Pflegenotstand stoppen!,2018-12-19T13:08:43Z,18472,158,5,PT2M1S,UCA95T5bSGxNOAODBdbR2rYQ,DieLinke,https://www.youtube.com/watch?v=c6c2TdB6vC4
oqXGeI4_PrY,Brasilien auf dem Weg zur Diktatur? Die Lage nach den Wahlen,2018-12-14T13:12:08Z,944,37,1,PT1H48M27S,UCA95T5bSGxNOAODBdbR2rYQ,DieLinke,https://www.youtube.com/watch?v=oqXGeI4_PrY
Lq_lLS3g6x0,Schuld am Bahnstreik sind Konzernbosse und Verkehrsminister,2018-12-10T13:57:50Z,606,33,3,PT20M22S,UCA95T5bSGxNOAODBdbR2rYQ,DieLinke,https://www.youtube.com/watch?v=Lq_lLS3g6x0
jPtJ_e98bpY,»geDRUCKtes« Nr. 66 Gesine Lötzsch und Wolfgang Schorlau,2018-12-10T10:10:47Z,757,19,1,PT1H48M18S,UCA95T5bSGxNOAODBdbR2rYQ,DieLinke,https://www.youtube.com/watch?v=jPtJ_e98bpY
zQOoGX-ZNXg,Bernd Riexinger - Statement zur Wahl von Annegret Kramp-Karrenbauer,2018-12-07T17:12:58Z,1216,107,7,PT1M58S,UCA95T5bSGxNOAODBdbR2rYQ,DieLinke,https://www.youtube.com/watch?v=zQOoGX-ZNXg
Hbur1Rc-EJU,Barrierefreiheit ist die Grundlage für die Teilhabe aller Menschen,2018-12-03T13:00:39Z,500,39,0,PT17M4S,UCA95T5bSGxNOAODBdbR2rYQ,DieLinke,https://www.youtube.com/watch?v=Hbur1Rc-EJU
thsWrPlTCHU,Stefan Liebich zerpflückt die Fakenews der AfD zum Migrationspakt,2018-11-30T22:36:11Z,744935,17914,96,PT6M32S,UCA95T5bSGxNOAODBdbR2rYQ,DieLinke,https://www.youtube.com/watch?v=thsWrPlTCHU
dpnVnpBqDQM,Eröffungsrede der Regionalkonferenz in Berlin mit Harald Wolf,2018-11-28T10:46:19Z,353,25,2,PT23M35S,UCA95T5bSGxNOAODBdbR2rYQ,DieLinke,https://www.youtube.com/watch?v=dpnVnpBqDQM
KEmk_2Xrf8U,Frag den Parteivorsitzenden! Mit Bernd Riexinger und Björn Harras,2018-11-27T14:24:59Z,820,37,11,PT41M16S,UCA95T5bSGxNOAODBdbR2rYQ,DieLinke,https://www.youtube.com/watch?v=KEmk_2Xrf8U
MInNYVXoQsI,"Sozial, friedlich, demokratisch: Für ein ganz anderes Europa",2018-11-26T13:11:19Z,678,41,3,PT21M52S,UCA95T5bSGxNOAODBdbR2rYQ,DieLinke,https://www.youtube.com/watch?v=MInNYVXoQsI
81rSfZnwgCc,Pressekonferenz am 19. November 2018,2018-11-19T12:39:20Z,697,33,8,PT26M23S,UCA95T5bSGxNOAODBdbR2rYQ,DieLinke,https://www.youtube.com/watch?v=81rSfZnwgCc
hHjksipd9oE,Partei in Bewegung,2018-11-16T21:30:34Z,1451,109,9,PT49S,UCA95T5bSGxNOAODBdbR2rYQ,DieLinke,https://www.youtube.com/watch?v=hHjksipd9oE
Hn1IY5EHRuA,Game isch over für Heimat-Horst,2018-11-12T13:39:01Z,757,36,2,PT34M38S,UCA95T5bSGxNOAODBdbR2rYQ,DieLinke,https://www.youtube.com/watch?v=Hn1IY5EHRuA
jYIjE951INc,»geDRUCKtes« Nr. 65 Gesine Lötzsch und Bernd Stegemann,2018-11-08T10:52:20Z,2669,57,3,PT1H27M25S,UCA95T5bSGxNOAODBdbR2rYQ,DieLinke,https://www.youtube.com/watch?v=jYIjE951INc
F4iY6_yvY1Y,Gemeinsame Abschiedsparty für Seehofer und Maaßen,2018-11-05T14:02:03Z,1032,69,8,PT5M16S,UCA95T5bSGxNOAODBdbR2rYQ,DieLinke,https://www.youtube.com/watch?v=F4iY6_yvY1Y
oNubWqhuw-c,Landtagswahl in Hessen: Ergebnis von 2013 klar verbessert,2018-10-28T17:55:28Z,1262,84,15,PT4M19S,UCA95T5bSGxNOAODBdbR2rYQ,DieLinke,https://www.youtube.com/watch?v=oNubWqhuw-c
30RV4ar0YEM,Katja Kipping: Keine Waffenlieferungen an Saudi-Arabien,2018-10-22T13:19:23Z,904,57,5,PT8M28S,UCA95T5bSGxNOAODBdbR2rYQ,DieLinke,https://www.youtube.com/watch?v=30RV4ar0YEM
KmWAImGW-WY,"Katja Kipping warnt vor dem rechten Terror, den die AfD befördert",2018-10-19T11:43:04Z,4475,167,13,PT45S,UCA95T5bSGxNOAODBdbR2rYQ,DieLinke,https://www.youtube.com/watch?v=KmWAImGW-WY
mmC5o2ELatY,Wir sind #unteilbar!,2018-10-15T14:42:35Z,2571,112,12,PT1M48S,UCA95T5bSGxNOAODBdbR2rYQ,DieLinke,https://www.youtube.com/watch?v=mmC5o2ELatY
3CFsyoCHWm4,Bayernwahl: DIE LINKE ist ein wichtiger Teil des widerständigen Bayern,2018-10-14T16:53:17Z,1540,80,3,PT3M45S,UCA95T5bSGxNOAODBdbR2rYQ,DieLinke,https://www.youtube.com/watch?v=3CFsyoCHWm4
gELMy-FuHYc,Mehr für die Mehrheit - DIE LINKE. Bayern wählen,2018-10-11T09:40:10Z,33132,257,18,PT1M31S,UCA95T5bSGxNOAODBdbR2rYQ,DieLinke,https://www.youtube.com/watch?v=gELMy-FuHYc
mXxakev3Acg,Kohleausstieg muss noch schneller organisiert werden,2018-10-08T12:24:36Z,446,42,6,PT11M35S,UCA95T5bSGxNOAODBdbR2rYQ,DieLinke,https://www.youtube.com/watch?v=mXxakev3Acg
O6WNqX0be9k,#unteilbar - Für eine offene und freie Gesellschaft,2018-10-04T13:23:37Z,2445,144,6,PT2M3S,UCA95T5bSGxNOAODBdbR2rYQ,DieLinke,https://www.youtube.com/watch?v=O6WNqX0be9k
pIpp1p84TBg,Jörg Schindler: Scheuer will Autoindustrie für Betrug belohnen,2018-10-01T13:15:43Z,589,37,3,PT10M52S,UCA95T5bSGxNOAODBdbR2rYQ,DieLinke,https://www.youtube.com/watch?v=pIpp1p84TBg
SfwcAhRVKoo,#unteilbar - Für Solidarität statt Ausgrenzung,2018-09-27T15:24:15Z,12562,90,8,PT1M55S,UCA95T5bSGxNOAODBdbR2rYQ,DieLinke,https://www.youtube.com/watch?v=SfwcAhRVKoo
VEG8-ZJjIqQ,»geDRUCKtes« Nr. 64 Gesine Lötzsch und Manja Präkels,2018-09-26T10:08:07Z,2046,19,0,PT1H18M18S,UCA95T5bSGxNOAODBdbR2rYQ,DieLinke,https://www.youtube.com/watch?v=VEG8-ZJjIqQ
quIkOTiaCSA,Bezahlbare Miete statt fetter Rendite - Kampagnenauftakt,2018-09-26T09:05:17Z,1011,75,2,PT1M59S,UCA95T5bSGxNOAODBdbR2rYQ,DieLinke,https://www.youtube.com/watch?v=quIkOTiaCSA
vY-18KGGgj0,Bernd Riexinger: Maaßen ist ein Sicherheitsrisiko für die Verfassung,2018-09-24T12:48:32Z,528,37,0,PT19M13S,UCA95T5bSGxNOAODBdbR2rYQ,DieLinke,https://www.youtube.com/watch?v=vY-18KGGgj0
AwJ0RRCKHJo,»Lifeline«-Kapitän Claus-Peter Reisch,2018-09-24T11:36:47Z,811,55,4,PT1M9S,UCA95T5bSGxNOAODBdbR2rYQ,DieLinke,https://www.youtube.com/watch?v=AwJ0RRCKHJo
5_nPj9eZTWM,Wohngipfel: Merkel im Faktencheck,2018-09-20T12:17:11Z,3074,142,11,PT1M21S,UCA95T5bSGxNOAODBdbR2rYQ,DieLinke,https://www.youtube.com/watch?v=5_nPj9eZTWM
WiXAh5_LG9Y,Der Rückzug von Maaßen ist mehr als überfällig,2018-09-17T12:56:45Z,819,45,3,PT9M34S,UCA95T5bSGxNOAODBdbR2rYQ,DieLinke,https://www.youtube.com/watch?v=WiXAh5_LG9Y
1Nr63pQC-9Q,Wie wir die Zukunft gewinnen - Linken Woche der Zukunft,2018-09-17T07:59:59Z,1087,36,4,PT2H1M14S,UCA95T5bSGxNOAODBdbR2rYQ,DieLinke,https://www.youtube.com/watch?v=1Nr63pQC-9Q
7EWzXu6IL2w,Die Zukunft gehört uns - Fem.Lab auf der Linken Woche der Zukunft,2018-09-17T07:56:24Z,660,25,1,PT2H10M46S,UCA95T5bSGxNOAODBdbR2rYQ,DieLinke,https://www.youtube.com/watch?v=7EWzXu6IL2w
Qiy9aho35x4,Für eine neue Internationale der Hoffnung - Linke Woche der Zukunft,2018-09-17T07:52:33Z,662,31,2,PT1H58M23S,UCA95T5bSGxNOAODBdbR2rYQ,DieLinke,https://www.youtube.com/watch?v=Qiy9aho35x4
18c4m_ercrs,Auf unser Nein zu Bombenattacken auf Syrien ist Verlass!,2018-09-11T09:02:24Z,840,40,6,PT12M15S,UCA95T5bSGxNOAODBdbR2rYQ,DieLinke,https://www.youtube.com/watch?v=18c4m_ercrs
cEOCfF6y8Dw,"Migrantisch, weiblich, selbstbestimmt!",2018-09-06T12:06:00Z,803,41,5,PT53S,UCA95T5bSGxNOAODBdbR2rYQ,DieLinke,https://www.youtube.com/watch?v=cEOCfF6y8Dw
zZchf9BAYpc,DIE LINKE stärken und für Mehrheiten zum Politikwechsel kämpfen,2018-09-04T11:30:51Z,1190,51,2,PT3M16S,UCA95T5bSGxNOAODBdbR2rYQ,DieLinke,https://www.youtube.com/watch?v=zZchf9BAYpc
djC8lkGhbFE,Bernd Riexinger: Es muss jetzt ein Ruck durch die Gesellschaft gehen.,2018-09-03T12:51:41Z,666,32,5,PT27M3S,UCA95T5bSGxNOAODBdbR2rYQ,DieLinke,https://www.youtube.com/watch?v=djC8lkGhbFE
D-nQYY5Q-b8,Es ist Zeit für einen linken Aufbruch,2018-09-03T07:48:10Z,1890,125,8,PT2M42S,UCA95T5bSGxNOAODBdbR2rYQ,DieLinke,https://www.youtube.com/watch?v=D-nQYY5Q-b8
oqEX2nAKw0A,Sabine Leidig: Nulltarif für Bus und Bahn,2018-08-29T19:02:56Z,556,48,15,PT55S,UCA95T5bSGxNOAODBdbR2rYQ,DieLinke,https://www.youtube.com/watch?v=oqEX2nAKw0A
-gVrbJ0Jq6I,Dietmar Bartsch: Wir sehen uns auf der Linken Woche der Zukunft,2018-08-29T18:56:20Z,1006,46,1,PT38S,UCA95T5bSGxNOAODBdbR2rYQ,DieLinke,https://www.youtube.com/watch?v=-gVrbJ0Jq6I
pR133ALMOkA,Bernd Riexinger: Die Bundesregierung versagt bei der Rentenpolitik,2018-08-29T09:00:47Z,751,50,3,PT2M4S,UCA95T5bSGxNOAODBdbR2rYQ,DieLinke,https://www.youtube.com/watch?v=pR133ALMOkA
gi7a3BCL6aQ,"Linker Aufbruch für soziale Gerechtigkeit, Solidarität und Klimaschutz",2018-08-27T12:28:54Z,831,43,7,PT37M3S,UCA95T5bSGxNOAODBdbR2rYQ,DieLinke,https://www.youtube.com/watch?v=gi7a3BCL6aQ
AxceB-9CxHY,Laura Roth: Unfehlbarkeit von Führung in Frage stellen,2018-08-21T09:14:32Z,702,25,4,PT1M18S,UCA95T5bSGxNOAODBdbR2rYQ,DieLinke,https://www.youtube.com/watch?v=AxceB-9CxHY
9Jop455-gM0,Tarik Tesfu: Boys don't cry? So ein Blödsinn!,2018-08-21T09:03:38Z,17948,127,37,PT56S,UCA95T5bSGxNOAODBdbR2rYQ,DieLinke,https://www.youtube.com/watch?v=9Jop455-gM0
rdyHEjyfNsI,Renten-Plan gegen Altersarmut,2018-08-20T12:50:48Z,708,53,1,PT9M14S,UCA95T5bSGxNOAODBdbR2rYQ,DieLinke,https://www.youtube.com/watch?v=rdyHEjyfNsI
GMvn_5g0mw4,Nick Srnicek über Plattform-Kapitalismus,2018-08-17T09:12:30Z,1252,39,6,PT2M59S,UCA95T5bSGxNOAODBdbR2rYQ,DieLinke,https://www.youtube.com/watch?v=GMvn_5g0mw4
vJV_EquM1_0,Sofortprogramm für die Klimawende,2018-08-15T13:04:37Z,681,45,10,PT16M17S,UCA95T5bSGxNOAODBdbR2rYQ,DieLinke,https://www.youtube.com/watch?v=vJV_EquM1_0
pxqkQ-vzhzY,Adrian Garcia-Landa und Christoph Trautvetter: Wem zahle ich eigentlich Miete?,2018-08-14T07:31:47Z,1528,49,0,PT10M52S,UCA95T5bSGxNOAODBdbR2rYQ,DieLinke,https://www.youtube.com/watch?v=pxqkQ-vzhzY
i6JQrf-lJUg,Julia Kaiser über Hochschulproteste in Spanien,2018-08-03T13:48:26Z,1140,36,0,PT4M45S,UCA95T5bSGxNOAODBdbR2rYQ,DieLinke,https://www.youtube.com/watch?v=i6JQrf-lJUg
06Lsvy0A7Sk,Auf zur Linken Woche der Zukunft,2018-07-27T08:35:15Z,1117,69,6,PT1M32S,UCA95T5bSGxNOAODBdbR2rYQ,DieLinke,https://www.youtube.com/watch?v=06Lsvy0A7Sk
kUsZ_IoFDX4,Bernd Riexinger über verbindende Klassenpolitik,2018-07-27T08:22:17Z,1097,43,0,PT6M22S,UCA95T5bSGxNOAODBdbR2rYQ,DieLinke,https://www.youtube.com/watch?v=kUsZ_IoFDX4
E1WB4_7Bx2E,Jetzt sind die fortschrittlichen Kräfte der Gesellschaft gefragt.,2018-07-23T13:56:52Z,1010,53,2,PT9M35S,UCA95T5bSGxNOAODBdbR2rYQ,DieLinke,https://www.youtube.com/watch?v=E1WB4_7Bx2E
8GjbgNtxkxk,Politik könnte Menschen Angst vor Altersarmut nehmen,2018-07-16T12:31:51Z,750,50,1,PT7M26S,UCA95T5bSGxNOAODBdbR2rYQ,DieLinke,https://www.youtube.com/watch?v=8GjbgNtxkxk
YDDVD-1ztXw,Fest der Linken 2018,2018-07-16T08:24:45Z,903,58,2,PT2M18S,UCA95T5bSGxNOAODBdbR2rYQ,DieLinke,https://www.youtube.com/watch?v=YDDVD-1ztXw
xcCo35Xzejc,Gerechte Rente - das will DIE LINKE,2018-07-12T09:14:20Z,1137,102,5,PT57S,UCA95T5bSGxNOAODBdbR2rYQ,DieLinke,https://www.youtube.com/watch?v=xcCo35Xzejc
VAzxJ7UAydg,"Zeit, dass Seehofer geht!",2018-07-11T14:07:12Z,1572,100,8,PT25S,UCA95T5bSGxNOAODBdbR2rYQ,DieLinke,https://www.youtube.com/watch?v=VAzxJ7UAydg
Dnja8CQxFnA,Mehr Wohnungen bauen und weniger gegen Flüchtlinge hetzen,2018-07-09T12:54:42Z,792,50,8,PT12M59S,UCA95T5bSGxNOAODBdbR2rYQ,DieLinke,https://www.youtube.com/watch?v=Dnja8CQxFnA
k5b6tzky_ao,Dietmar Bartsch: Unter Merkel hat sich die Zahl der Millonäre und der Kinder in Armut verdoppelt,2018-07-05T10:03:33Z,1635,93,5,PT41S,UCA95T5bSGxNOAODBdbR2rYQ,DieLinke,https://www.youtube.com/watch?v=k5b6tzky_ao
kRLPMODlfFc,Seehofer treibt Union nach rechts,2018-07-03T08:54:48Z,894,52,10,PT14M48S,UCA95T5bSGxNOAODBdbR2rYQ,DieLinke,https://www.youtube.com/watch?v=kRLPMODlfFc
6ibVtFa-nS4,»geDRUCKtes« Nr. 63: Gesine Lötzsch und Jens Sparschuh,2018-07-02T08:44:01Z,739,15,3,PT1H22M2S,UCA95T5bSGxNOAODBdbR2rYQ,DieLinke,https://www.youtube.com/watch?v=6ibVtFa-nS4
oIjQtuoOJio,"""Schmeißen Sie diesen Seehofer endlich raus!""",2018-06-28T12:25:31Z,4816,330,22,PT5M27S,UCA95T5bSGxNOAODBdbR2rYQ,DieLinke,https://www.youtube.com/watch?v=oIjQtuoOJio
sisjWkNXMp0,"""Mindesthohn"" – Poetry Slam von Jean-Phillip Kindler",2018-06-26T13:49:29Z,14413,641,5,PT7M36S,UCA95T5bSGxNOAODBdbR2rYQ,DieLinke,https://www.youtube.com/watch?v=sisjWkNXMp0
b7qsALCMhk0,Mehr Personal für Krankenhäuser und Altenpflege! Pflegedemo in Düsseldorf,2018-06-26T13:39:53Z,950,66,4,PT59S,UCA95T5bSGxNOAODBdbR2rYQ,DieLinke,https://www.youtube.com/watch?v=b7qsALCMhk0
uFHwoHEvypU,"Abschottung ist das einzige, was der EU einfällt",2018-06-26T08:37:58Z,602,36,1,PT13M34S,UCA95T5bSGxNOAODBdbR2rYQ,DieLinke,https://www.youtube.com/watch?v=uFHwoHEvypU
0fSSmZ_0ZnQ,Bernd Riexinger: Ein schlechtes Wahlergebnis für die Demokratie in der Türkei,2018-06-25T13:27:16Z,695,48,10,PT1M49S,UCA95T5bSGxNOAODBdbR2rYQ,DieLinke,https://www.youtube.com/watch?v=0fSSmZ_0ZnQ
GSfgp8r9h3A,Katja Kipping: Aktuelles Statement zum Streit der Unionsparteien,2018-06-18T14:03:08Z,2776,89,7,PT2M11S,UCA95T5bSGxNOAODBdbR2rYQ,DieLinke,https://www.youtube.com/watch?v=GSfgp8r9h3A
LtyzThOt0Xo,Katja Kipping: Mit dem Unionsstreit droht die Orbanisierung der EU,2018-06-18T12:41:49Z,1008,58,9,PT6M53S,UCA95T5bSGxNOAODBdbR2rYQ,DieLinke,https://www.youtube.com/watch?v=LtyzThOt0Xo
Y2IjZ1GNDcE,"Leipziger Parteitag: Rede von Margit Glasow, Inklusionsbeauftragte der LINKEN",2018-06-14T12:46:38Z,700,26,3,PT8M14S,UCA95T5bSGxNOAODBdbR2rYQ,DieLinke,https://www.youtube.com/watch?v=Y2IjZ1GNDcE
vEY7gDkvU3M,"Leipziger Parteitag: Rede von Hans Modrow, Vorsitzender des Ältestenrates",2018-06-14T12:45:41Z,3294,50,1,PT13M6S,UCA95T5bSGxNOAODBdbR2rYQ,DieLinke,https://www.youtube.com/watch?v=vEY7gDkvU3M
XXJZKpYZveA,Leipziger Parteitag: Generaldebatte,2018-06-14T12:27:27Z,3159,41,4,PT1H42M38S,UCA95T5bSGxNOAODBdbR2rYQ,DieLinke,https://www.youtube.com/watch?v=XXJZKpYZveA
e-lB-FUJ3A0,"Leipziger Parteitag: Rede von Gabi Zimmer, Vorsitzende der Fraktion GUE/NGL im Europaparlament",2018-06-12T12:25:42Z,1400,30,0,PT9M47S,UCA95T5bSGxNOAODBdbR2rYQ,DieLinke,https://www.youtube.com/watch?v=e-lB-FUJ3A0
CUToNoFaMC0,Leipziger Parteitag: Grußworte der Leipziger Bürgermeister Skadi Jennicke und Heiko Rosenthal,2018-06-11T13:42:15Z,1565,32,3,PT5M3S,UCA95T5bSGxNOAODBdbR2rYQ,DieLinke,https://www.youtube.com/watch?v=CUToNoFaMC0
u-ZF4Ro_N_0,"Leipziger Parteitag: Eröffnung durch Antje Feiks, Vorsitzende des Landesverbands Sachsen",2018-06-11T13:37:11Z,1612,36,2,PT9M41S,UCA95T5bSGxNOAODBdbR2rYQ,DieLinke,https://www.youtube.com/watch?v=u-ZF4Ro_N_0
Bvz7J6fyNHE,Zum Leipziger Parteitag,2018-06-11T13:10:04Z,2341,44,7,PT14M18S,UCA95T5bSGxNOAODBdbR2rYQ,DieLinke,https://www.youtube.com/watch?v=Bvz7J6fyNHE
1zQcg06et-8,"Leipziger Parteitag: Rede von Bodo Ramelow, Ministerpräsident des Freistaats Thüringen",2018-06-11T11:23:45Z,8979,209,9,PT12M34S,UCA95T5bSGxNOAODBdbR2rYQ,DieLinke,https://www.youtube.com/watch?v=1zQcg06et-8
02Zw1gUdGpQ,"Leipziger Parteitag: Rede von Sahra Wagenknecht, Fraktionsvorsitzende im Bundestag",2018-06-10T12:50:56Z,86742,1792,328,PT20M6S,UCA95T5bSGxNOAODBdbR2rYQ,DieLinke,https://www.youtube.com/watch?v=02Zw1gUdGpQ
q8xHDfkgRPU,"Leipziger Parteitag: Rede von Dietmar Bartsch, Fraktionsvorsitzender der LINKEN im Bundestag",2018-06-09T19:05:16Z,13414,233,23,PT18M34S,UCA95T5bSGxNOAODBdbR2rYQ,DieLinke,https://www.youtube.com/watch?v=q8xHDfkgRPU
Wiu25JoIREo,"Leipziger Parteitag: Rede von Gregor Gysi, Präsident der Europäischen Linken",2018-06-09T15:22:04Z,28039,471,60,PT21M12S,UCA95T5bSGxNOAODBdbR2rYQ,DieLinke,https://www.youtube.com/watch?v=Wiu25JoIREo
v0r3J2SnkoE,Leipziger Parteitag: Rede der Parteivorsitzenden Katja Kipping,2018-06-09T10:47:26Z,10428,188,76,PT23M2S,UCA95T5bSGxNOAODBdbR2rYQ,DieLinke,https://www.youtube.com/watch?v=v0r3J2SnkoE
0EljroBzUX4,Leipziger Parteitag: Rede des Parteivorsitzenden Bernd Riexinger,2018-06-08T20:33:00Z,6262,109,22,PT26M12S,UCA95T5bSGxNOAODBdbR2rYQ,DieLinke,https://www.youtube.com/watch?v=0EljroBzUX4
6tKZ_aZ6jC0,"""Partei in Bewegung"" – Die Regionalforen 2018",2018-06-07T08:40:45Z,871,65,0,PT3M31S,UCA95T5bSGxNOAODBdbR2rYQ,DieLinke,https://www.youtube.com/watch?v=6tKZ_aZ6jC0
DQTOxnUgPSE,Bernd Riexinger: Gauland muss zurücktreten!,2018-06-04T14:29:06Z,1972,96,2,PT22M42S,UCA95T5bSGxNOAODBdbR2rYQ,DieLinke,https://www.youtube.com/watch?v=DQTOxnUgPSE
QFVwGRxvUgA,Keine Stimme für Untersuchungsausschuss von AfD und FDP,2018-05-28T11:57:04Z,2020,82,2,PT18M45S,UCA95T5bSGxNOAODBdbR2rYQ,DieLinke,https://www.youtube.com/watch?v=QFVwGRxvUgA
KHGBvPuHCA0,"Die Aktionskonferenz ""Menschen vor Profite Pflegenotstand stoppen!""",2018-05-16T12:39:35Z,1255,69,4,PT4M10S,UCA95T5bSGxNOAODBdbR2rYQ,DieLinke,https://www.youtube.com/watch?v=KHGBvPuHCA0
xG-scz82JMM,Katja Kipping: Stoppt den Hass!,2018-05-16T11:13:56Z,1947,131,6,PT38S,UCA95T5bSGxNOAODBdbR2rYQ,DieLinke,https://www.youtube.com/watch?v=xG-scz82JMM
3DeqDywuW-0,Bernd Riexinger: Stoppt den Hass!,2018-05-16T11:12:43Z,878,68,1,PT31S,UCA95T5bSGxNOAODBdbR2rYQ,DieLinke,https://www.youtube.com/watch?v=3DeqDywuW-0
qJM6B5swrEY,"Zauberei? Spahn, Merkel und Co. wollen mit 8000 neuen Stellen den Pflegenotstand stoppen?",2018-05-15T07:31:30Z,1570,86,9,PT51S,UCA95T5bSGxNOAODBdbR2rYQ,DieLinke,https://www.youtube.com/watch?v=qJM6B5swrEY
sEKwixWatwM,Bernd Riexinger: Rassismus von Dobrindt und Lindner ist unerträglich,2018-05-14T13:07:36Z,880,50,3,PT19M58S,UCA95T5bSGxNOAODBdbR2rYQ,DieLinke,https://www.youtube.com/watch?v=sEKwixWatwM
NwW-UByPhQ4,Die Lange Nacht der Pflege,2018-05-12T13:48:21Z,517,55,2,PT1M4S,UCA95T5bSGxNOAODBdbR2rYQ,DieLinke,https://www.youtube.com/watch?v=NwW-UByPhQ4
8lYAOjQqYvY,Fragen & Antworten mit Harald Wolf,2018-05-08T20:57:15Z,287,12,0,PT22M22S,UCA95T5bSGxNOAODBdbR2rYQ,DieLinke,https://www.youtube.com/watch?v=8lYAOjQqYvY
4dYMzntUqpc,Fragen & Antworten mit Stefan Liebich,2018-05-08T20:56:56Z,794,24,2,PT14M49S,UCA95T5bSGxNOAODBdbR2rYQ,DieLinke,https://www.youtube.com/watch?v=4dYMzntUqpc
R5cENzt9nK8,Fragen & Antworten mit Pascal Meiser,2018-05-08T20:56:33Z,424,21,1,PT17M16S,UCA95T5bSGxNOAODBdbR2rYQ,DieLinke,https://www.youtube.com/watch?v=R5cENzt9nK8
cXDNIn5Jgok,Katja Kipping: Aktiv werden gegen den Pflegenotstand,2018-05-08T12:26:35Z,2390,51,4,PT44S,UCA95T5bSGxNOAODBdbR2rYQ,DieLinke,https://www.youtube.com/watch?v=cXDNIn5Jgok
exchtgC0vBY,Bernd Riexinger: Druck machen gegen den Pflegenotstand!,2018-05-08T11:56:56Z,351,45,1,PT1M45S,UCA95T5bSGxNOAODBdbR2rYQ,DieLinke,https://www.youtube.com/watch?v=exchtgC0vBY
v98MTfHGKzI,Pflegenotstand stoppen!,2018-05-07T12:02:06Z,748,44,4,PT17M7S,UCA95T5bSGxNOAODBdbR2rYQ,DieLinke,https://www.youtube.com/watch?v=v98MTfHGKzI
TxLj32K9uHc,Katja Kipping beim Regionalforum in Berlin,2018-04-29T08:12:23Z,1359,71,5,PT21M17S,UCA95T5bSGxNOAODBdbR2rYQ,DieLinke,https://www.youtube.com/watch?v=TxLj32K9uHc
-3fFL4kuO3s,Bernd Riexinger beim Regionalforum in Berlin,2018-04-29T08:12:13Z,452,39,0,PT33M53S,UCA95T5bSGxNOAODBdbR2rYQ,DieLinke,https://www.youtube.com/watch?v=-3fFL4kuO3s
XQ2jiZ9vjqg,»geDRUCKtes« Nr. 62: Gesine Lötzsch und Matthias Biskupek,2018-04-26T12:07:24Z,656,16,2,PT1H19M41S,UCA95T5bSGxNOAODBdbR2rYQ,DieLinke,https://www.youtube.com/watch?v=XQ2jiZ9vjqg
T3MIl1UJYa0,Ist #spderneuern mehr als ein reiner PR-Gag?,2018-04-23T13:15:52Z,761,51,5,PT6M14S,UCA95T5bSGxNOAODBdbR2rYQ,DieLinke,https://www.youtube.com/watch?v=T3MIl1UJYa0
EnW_IvOepAk,Gegen Profitorientierung in der Wohnungspolitik,2018-04-16T13:23:27Z,878,38,3,PT17M2S,UCA95T5bSGxNOAODBdbR2rYQ,DieLinke,https://www.youtube.com/watch?v=EnW_IvOepAk
jEDL6D6i8dY,Bernd Riexinger: Merkels Autorität ist erodiert,2018-04-09T12:03:34Z,743,43,5,PT24M6S,UCA95T5bSGxNOAODBdbR2rYQ,DieLinke,https://www.youtube.com/watch?v=jEDL6D6i8dY
QMOgHwvmD3o,Fragen & Antworten mit Harald Wolf,2018-04-04T13:28:15Z,803,40,3,PT42M15S,UCA95T5bSGxNOAODBdbR2rYQ,DieLinke,https://www.youtube.com/watch?v=QMOgHwvmD3o
BmMTrlHaxjA,»geDRUCKtes« Nr. 61: Gesine Lötzsch und Daniel H. Rapoport,2018-03-28T09:18:25Z,1643,36,0,PT1H39M42S,UCA95T5bSGxNOAODBdbR2rYQ,DieLinke,https://www.youtube.com/watch?v=BmMTrlHaxjA
dC94X7be3Qw,Bernd Riexinger: Puigdemont darf nicht ausgeliefert werden,2018-03-26T11:59:37Z,966,54,6,PT9M38S,UCA95T5bSGxNOAODBdbR2rYQ,DieLinke,https://www.youtube.com/watch?v=dC94X7be3Qw
Txo6HaQrHhk,Katja Kipping: Bundesregierung tritt nach unten und buckelt gegenüber Superreichen,2018-03-19T13:44:18Z,1102,72,9,PT6M57S,UCA95T5bSGxNOAODBdbR2rYQ,DieLinke,https://www.youtube.com/watch?v=Txo6HaQrHhk
Vek1rO1CJ0s,Bernd Riexinger beim Regionalforum in Hannover,2018-03-17T19:25:18Z,919,81,7,PT37M44S,UCA95T5bSGxNOAODBdbR2rYQ,DieLinke,https://www.youtube.com/watch?v=Vek1rO1CJ0s
Ul6Ehy0m10k,"CSU ist, wenn uncoole Kids auf cool machen wollen",2018-03-05T16:03:52Z,1451,105,10,PT1M,UCA95T5bSGxNOAODBdbR2rYQ,DieLinke,https://www.youtube.com/watch?v=Ul6Ehy0m10k
pfFMgdpUuqE,Schwarz-Rot ohne Zukunftsplan,2018-03-05T13:03:18Z,1122,58,14,PT26M3S,UCA95T5bSGxNOAODBdbR2rYQ,DieLinke,https://www.youtube.com/watch?v=pfFMgdpUuqE
wNS-7ab52fc,Katja Kipping zum Mitgliedervotum der SPD,2018-03-04T12:29:17Z,2449,143,23,PT2M8S,UCA95T5bSGxNOAODBdbR2rYQ,DieLinke,https://www.youtube.com/watch?v=wNS-7ab52fc
av9zutotJBs,Bernd Riexinger zum Mitgliedervotum der SPD,2018-03-04T12:02:35Z,1092,80,11,PT4M40S,UCA95T5bSGxNOAODBdbR2rYQ,DieLinke,https://www.youtube.com/watch?v=av9zutotJBs
PI5DFdrmNtA,Katja Kipping beim Regionalforum in München,2018-03-04T11:30:55Z,1518,56,1,PT26M19S,UCA95T5bSGxNOAODBdbR2rYQ,DieLinke,https://www.youtube.com/watch?v=PI5DFdrmNtA
sXnSJ8w5SE8,Fragen & Antworten mit Bernd Riexinger,2018-02-28T13:37:39Z,1501,48,8,PT29M46S,UCA95T5bSGxNOAODBdbR2rYQ,DieLinke,https://www.youtube.com/watch?v=sXnSJ8w5SE8
KamFYuIxIn4,"Feuerwehrleute, Erzieher und Sozialarbeiter haben Lohnerhöhung verdient",2018-02-26T12:53:59Z,825,38,3,PT11M2S,UCA95T5bSGxNOAODBdbR2rYQ,DieLinke,https://www.youtube.com/watch?v=KamFYuIxIn4
sYcpjYx919Q,Solidarische Gesundheitsversicherung - das will DIE LINKE,2018-02-25T20:07:36Z,1217,107,4,PT57S,UCA95T5bSGxNOAODBdbR2rYQ,DieLinke,https://www.youtube.com/watch?v=sYcpjYx919Q
otslcM36gD4,"Faktencheck Koalitionsvertrag: ""Groko"" versagt bei Miete und Wohnen",2018-02-25T20:05:29Z,1540,133,10,PT2M20S,UCA95T5bSGxNOAODBdbR2rYQ,DieLinke,https://www.youtube.com/watch?v=otslcM36gD4
xJ2_ykd3qQg,"Caren Lay nimmt die AfD-Männer auseinander, die angeblich Frauenrechte verteidigen",2018-02-22T10:42:13Z,1023826,28030,141,PT5M56S,UCA95T5bSGxNOAODBdbR2rYQ,DieLinke,https://www.youtube.com/watch?v=xJ2_ykd3qQg
B-sDSPT67t4,Abrüstung statt Aufrüstung ist Gebot der Stunde,2018-02-19T16:12:03Z,968,64,8,PT8M51S,UCA95T5bSGxNOAODBdbR2rYQ,DieLinke,https://www.youtube.com/watch?v=B-sDSPT67t4
4t2GskBHIy8,Politischer Aschermittwoch der LINKEN in Passau,2018-02-14T12:07:43Z,5570,112,4,PT2H16M33S,UCA95T5bSGxNOAODBdbR2rYQ,DieLinke,https://www.youtube.com/watch?v=4t2GskBHIy8
KU9MvrbaEQk,Personalquerelen in der SPD und keine Erneuerung weit und breit,2018-02-12T14:45:24Z,823,53,23,PT10M4S,UCA95T5bSGxNOAODBdbR2rYQ,DieLinke,https://www.youtube.com/watch?v=KU9MvrbaEQk
bcAysBeruro,»geDRUCKtes« Nr. 60 Gesine Lötzsch und Andrej Hermlin,2018-02-05T15:22:18Z,2444,26,1,PT1H41M14S,UCA95T5bSGxNOAODBdbR2rYQ,DieLinke,https://www.youtube.com/watch?v=bcAysBeruro
xwlhGXVgd4I,Groko Episode III: Kleinklein ohne visionäre Substanz,2018-02-05T14:30:34Z,982,82,4,PT8M7S,UCA95T5bSGxNOAODBdbR2rYQ,DieLinke,https://www.youtube.com/watch?v=xwlhGXVgd4I
X-r5cuFzIsw,Hartz-IV-Sanktionen sind ein Angriff auf die Menschenwürde,2018-02-02T14:24:32Z,8241,302,21,PT4M38S,UCA95T5bSGxNOAODBdbR2rYQ,DieLinke,https://www.youtube.com/watch?v=X-r5cuFzIsw
kaW_d3NGLGQ,"Familiennachzug ist richtig, weil...",2018-01-31T10:24:17Z,3642,316,6,PT23S,UCA95T5bSGxNOAODBdbR2rYQ,DieLinke,https://www.youtube.com/watch?v=kaW_d3NGLGQ
4nVrZm_xoco,Parteivorsitzende der LINKEN treffen den Bundesvorstand des DGB,2018-01-29T14:06:20Z,1343,85,5,PT6M42S,UCA95T5bSGxNOAODBdbR2rYQ,DieLinke,https://www.youtube.com/watch?v=4nVrZm_xoco
_rY0qAsJ9rk,Große Koalition ohne Lösung für Pflegenotstand,2018-01-29T13:37:00Z,786,58,3,PT8M55S,UCA95T5bSGxNOAODBdbR2rYQ,DieLinke,https://www.youtube.com/watch?v=_rY0qAsJ9rk
hyhsVr-qv1M,Nein zur Groko ist ein Ja für eine soziale Republik,2018-01-22T14:40:18Z,1808,105,9,PT7M17S,UCA95T5bSGxNOAODBdbR2rYQ,DieLinke,https://www.youtube.com/watch?v=hyhsVr-qv1M
YU_LNcKwAP0,"Gregor Gysi, 70. Geburtstag",2018-01-16T14:11:15Z,10813,586,23,PT2M16S,UCA95T5bSGxNOAODBdbR2rYQ,DieLinke,https://www.youtube.com/watch?v=YU_LNcKwAP0
O3yRohFvPv4,Linke Opposition gegen Schwarz-Rot,2018-01-15T14:51:00Z,1029,75,8,PT16M59S,UCA95T5bSGxNOAODBdbR2rYQ,DieLinke,https://www.youtube.com/watch?v=O3yRohFvPv4
Yh8r9HtTvmg,DIe Parteivorsitzenden sprechen zum Jahresauftakt,2018-01-15T08:43:02Z,1478,73,9,PT38M49S,UCA95T5bSGxNOAODBdbR2rYQ,DieLinke,https://www.youtube.com/watch?v=Yh8r9HtTvmg
jT4TFKBXt6o,Warnstreik bei Stadler in Berlin,2018-01-12T14:24:29Z,833,71,6,PT2M24S,UCA95T5bSGxNOAODBdbR2rYQ,DieLinke,https://www.youtube.com/watch?v=jT4TFKBXt6o
WnXV3ZmC_mI,Diese Groko wird die zentralen sozialen Probleme leider nicht lösen,2018-01-12T11:45:34Z,1745,104,10,PT7M9S,UCA95T5bSGxNOAODBdbR2rYQ,DieLinke,https://www.youtube.com/watch?v=WnXV3ZmC_mI
KfeHiiWgJI8,Große Koalition ohne Lösungen,2018-01-08T14:42:42Z,1052,57,39,PT10M44S,UCA95T5bSGxNOAODBdbR2rYQ,DieLinke,https://www.youtube.com/watch?v=KfeHiiWgJI8
40lFaoBBHV4,Ausbildungsberufe müssen aufgewertet werden,2017-12-18T13:50:21Z,1234,61,31,PT8M7S,UCA95T5bSGxNOAODBdbR2rYQ,DieLinke,https://www.youtube.com/watch?v=40lFaoBBHV4
cToqFjho-T4,»geDRUCKtes« Nr. 59 Gesine Lötzsch und Ingo Schulze,2017-12-12T16:38:44Z,1011,25,12,PT1H49M6S,UCA95T5bSGxNOAODBdbR2rYQ,DieLinke,https://www.youtube.com/watch?v=cToqFjho-T4
21nJ6Sa4hKA,"CDU und Arbeitgeber  betreiben ""Kassenlobbyismus""",2017-12-11T13:33:45Z,849,59,8,PT9M41S,UCA95T5bSGxNOAODBdbR2rYQ,DieLinke,https://www.youtube.com/watch?v=21nJ6Sa4hKA
XehHvUHi2W4,Partei in Bewegung - Linker Fahrplan 2018,2017-12-04T13:43:44Z,1738,86,24,PT14M29S,UCA95T5bSGxNOAODBdbR2rYQ,DieLinke,https://www.youtube.com/watch?v=XehHvUHi2W4
ceKh90cxVK4,"Arbeitswelt umgestalten, Barrieren abbauen",2017-11-27T15:13:50Z,820,47,6,PT15M28S,UCA95T5bSGxNOAODBdbR2rYQ,DieLinke,https://www.youtube.com/watch?v=ceKh90cxVK4
PF6GoQTyltk,Genitalverstümmelungen sind Verbrechen,2017-11-24T12:34:50Z,1845,108,35,PT1M32S,UCA95T5bSGxNOAODBdbR2rYQ,DieLinke,https://www.youtube.com/watch?v=PF6GoQTyltk
ggQZuqlfdKY,Es ist Zeit für eine soziale Alternative links der CDU,2017-11-20T14:27:27Z,1447,101,26,PT7M8S,UCA95T5bSGxNOAODBdbR2rYQ,DieLinke,https://www.youtube.com/watch?v=ggQZuqlfdKY
RiZY6sRtYzo,Die Sondierungsgespräche zur schwarzen Ampel sind eine schlechte Operette.,2017-11-17T10:51:35Z,1226,75,13,PT3M44S,UCA95T5bSGxNOAODBdbR2rYQ,DieLinke,https://www.youtube.com/watch?v=RiZY6sRtYzo
0TPnnxpUPDI,Weitere Arbeitszeit-Flexibilisierung wäre eine Schweinerei,2017-11-14T10:08:17Z,915,60,7,PT54S,UCA95T5bSGxNOAODBdbR2rYQ,DieLinke,https://www.youtube.com/watch?v=0TPnnxpUPDI
V3OrP78zEpY,"Präsenz der Partei in sozialen Brennpunkten, im ländlichen Raum verstärken",2017-11-13T16:23:20Z,1044,59,10,PT19M3S,UCA95T5bSGxNOAODBdbR2rYQ,DieLinke,https://www.youtube.com/watch?v=V3OrP78zEpY
eN7DawebLDk,"Jamaika, Bermuda und Fidschi",2017-11-06T15:12:35Z,1157,88,21,PT5M48S,UCA95T5bSGxNOAODBdbR2rYQ,DieLinke,https://www.youtube.com/watch?v=eN7DawebLDk
GAxMLhwQT3c,DIE LINKE als soziale Opposition zwischen Jamaika und Rechtspopulisten,2017-10-23T14:50:14Z,1095,57,8,PT8M42S,UCA95T5bSGxNOAODBdbR2rYQ,DieLinke,https://www.youtube.com/watch?v=GAxMLhwQT3c
t6qm7Na3Kgc,Fragen & Antworten mit Katja Kipping,2017-10-19T13:51:28Z,5096,170,21,PT16M31S,UCA95T5bSGxNOAODBdbR2rYQ,DieLinke,https://www.youtube.com/watch?v=t6qm7Na3Kgc
syCAyMS1l7I,"»geDRUCKtes« Nr. 58 mit Kathrin Gerlof, 18. Oktober 2017",2017-10-19T11:59:35Z,670,10,0,PT1H27M26S,UCA95T5bSGxNOAODBdbR2rYQ,DieLinke,https://www.youtube.com/watch?v=syCAyMS1l7I
CDZYUI2O2Ek,Zur Landtagswahl in Niedersachsen,2017-10-16T14:12:11Z,1339,72,21,PT11M57S,UCA95T5bSGxNOAODBdbR2rYQ,DieLinke,https://www.youtube.com/watch?v=CDZYUI2O2Ek
eTj89a3Duic,»geDRUCKtes« Nr. 57 mit Rosemarie Schuder,2017-10-12T13:08:30Z,733,22,3,PT1H7M29S,UCA95T5bSGxNOAODBdbR2rYQ,DieLinke,https://www.youtube.com/watch?v=eTj89a3Duic
CsQfS34enNY,Konservativ ist immer noch nicht sexy,2017-10-09T12:14:00Z,3131,194,65,PT6M27S,UCA95T5bSGxNOAODBdbR2rYQ,DieLinke,https://www.youtube.com/watch?v=CsQfS34enNY
O_MkelBT8II,Am 15. Oktober in Niedersachsen DIE LINKE wählen!,2017-09-27T09:11:34Z,3646,178,56,PT1M31S,UCA95T5bSGxNOAODBdbR2rYQ,DieLinke,https://www.youtube.com/watch?v=O_MkelBT8II
dTQUltEHzko,"Bernd Riexinger & Katja Kipping: ""Wir haben einen tollen Wahlkampf gemacht""",2017-09-24T19:37:17Z,5772,137,46,PT12M46S,UCA95T5bSGxNOAODBdbR2rYQ,DieLinke,https://www.youtube.com/watch?v=dTQUltEHzko
53rIIcZcpP0,Matthias Höhn: Das zweitbeste Ergebnis unserer Geschichte,2017-09-24T18:43:14Z,1323,84,20,PT4M43S,UCA95T5bSGxNOAODBdbR2rYQ,DieLinke,https://www.youtube.com/watch?v=53rIIcZcpP0
KhexOsLZ-Ac,"Sahra Wagenknecht: ""Wir werden der soziale Oppositionsführer bleiben.""",2017-09-24T18:10:20Z,7458,322,54,PT7M47S,UCA95T5bSGxNOAODBdbR2rYQ,DieLinke,https://www.youtube.com/watch?v=KhexOsLZ-Ac
H19EAf74pw8,Zentrale Wahlkampfveranstaltung in Berlin,2017-09-23T14:52:20Z,2732,102,20,PT2H31M18S,UCA95T5bSGxNOAODBdbR2rYQ,DieLinke,https://www.youtube.com/watch?v=H19EAf74pw8
0dAFabCf-lY,Katja Kipping nimmt die Hetzer der AfD auseinander.,2017-09-22T10:45:07Z,58176,1319,206,PT5M34S,UCA95T5bSGxNOAODBdbR2rYQ,DieLinke,https://www.youtube.com/watch?v=0dAFabCf-lY
Sq_g8ybG4lo,Klare Kante gegen Rechts - das will DIE LINKE,2017-09-22T10:07:34Z,23689,153,18,PT52S,UCA95T5bSGxNOAODBdbR2rYQ,DieLinke,https://www.youtube.com/watch?v=Sq_g8ybG4lo
sEOJK9G6GCM,Solidarische Gesundheitsversicherung - das will DIE LINKE,2017-09-20T12:56:05Z,1575,88,4,PT52S,UCA95T5bSGxNOAODBdbR2rYQ,DieLinke,https://www.youtube.com/watch?v=sEOJK9G6GCM
FOmAFqg5zyg,Umverteilen - das will DIE LINKE,2017-09-19T07:53:15Z,32705,198,33,PT49S,UCA95T5bSGxNOAODBdbR2rYQ,DieLinke,https://www.youtube.com/watch?v=FOmAFqg5zyg
NTfknw1gC70,Gerechte Rente -  das will DIE LINKE,2017-09-19T07:53:15Z,37019,160,21,PT57S,UCA95T5bSGxNOAODBdbR2rYQ,DieLinke,https://www.youtube.com/watch?v=NTfknw1gC70
M7-7516WCJY,Gesetzliche Rente auch für Politiker,2017-09-18T13:45:38Z,965,66,8,PT10M29S,UCA95T5bSGxNOAODBdbR2rYQ,DieLinke,https://www.youtube.com/watch?v=M7-7516WCJY
61x6hlTqamQ,Matthias Höhn – Wahlkampfveranstaltung in Bitterfeld,2017-09-18T12:31:50Z,657,43,4,PT11M2S,UCA95T5bSGxNOAODBdbR2rYQ,DieLinke,https://www.youtube.com/watch?v=61x6hlTqamQ
qTa7yVrLPAc,Bernd Riexinger – Wahlkampfveranstaltung in Frankfurt,2017-09-18T08:37:36Z,602,45,8,PT16M54S,UCA95T5bSGxNOAODBdbR2rYQ,DieLinke,https://www.youtube.com/watch?v=qTa7yVrLPAc
56LyPOhk2ks,Katja Kipping – Wahlkampfveranstaltung in Frankfurt,2017-09-18T08:37:25Z,1376,67,6,PT13M50S,UCA95T5bSGxNOAODBdbR2rYQ,DieLinke,https://www.youtube.com/watch?v=56LyPOhk2ks
nHpQFAGNyUs,Lets Talk About Reichtum - Wahlwerbung zur Bundestagswahl 2017 - DIE LINKE,2017-09-17T17:31:06Z,28685,312,29,PT2M2S,UCA95T5bSGxNOAODBdbR2rYQ,DieLinke,https://www.youtube.com/watch?v=nHpQFAGNyUs
G5ffYM5uu7k,Wahlkampfveranstaltung in Frankfurt/Main,2017-09-12T13:36:15Z,2222,91,36,PT1H57M7S,UCA95T5bSGxNOAODBdbR2rYQ,DieLinke,https://www.youtube.com/watch?v=G5ffYM5uu7k
VspOPYQiiSg,GewerkschafterInnen wählen links,2017-09-12T09:59:13Z,7039,272,36,PT1M28S,UCA95T5bSGxNOAODBdbR2rYQ,DieLinke,https://www.youtube.com/watch?v=VspOPYQiiSg
ZVRiJaCSdPs,DIE LINKE macht den Unterschied – soziale Gerechtigkeit ist wählbar,2017-09-11T13:49:42Z,5000,210,74,PT13M52S,UCA95T5bSGxNOAODBdbR2rYQ,DieLinke,https://www.youtube.com/watch?v=ZVRiJaCSdPs
kWMDM5lm50U,Sahra Wagenknecht — Wahlkampfveranstaltung in Hamburg,2017-09-05T14:48:16Z,8247,270,64,PT34M4S,UCA95T5bSGxNOAODBdbR2rYQ,DieLinke,https://www.youtube.com/watch?v=kWMDM5lm50U
wqgrPC7m-5g,Dietmar Bartsch — Wahlkampfveranstaltung in Hamburg,2017-09-05T14:17:05Z,2958,125,24,PT27M40S,UCA95T5bSGxNOAODBdbR2rYQ,DieLinke,https://www.youtube.com/watch?v=wqgrPC7m-5g
I6pYTAg2VJ4,Das ist Amira. Das ist DIE LINKE!,2017-09-04T15:36:22Z,2753,154,1,PT3M13S,UCA95T5bSGxNOAODBdbR2rYQ,DieLinke,https://www.youtube.com/watch?v=I6pYTAg2VJ4
n6-9hN9EzNI,"Links bewegt (3): Wie ""Mieten-Kalle"" sich nicht aus seiner Wohnung vertreiben ließ",2017-08-31T15:37:23Z,6919,122,8,PT7M54S,UCA95T5bSGxNOAODBdbR2rYQ,DieLinke,https://www.youtube.com/watch?v=n6-9hN9EzNI
QI8J8hbD7Gg,Für ein Neues Normalarbeitsverhältnis,2017-08-28T14:18:04Z,1800,64,31,PT17M58S,UCA95T5bSGxNOAODBdbR2rYQ,DieLinke,https://www.youtube.com/watch?v=QI8J8hbD7Gg
qFxVjsxrPBM,"Katja Kipping bei ""Ende Gelände 2017""",2017-08-26T15:36:32Z,1550,71,11,PT38S,UCA95T5bSGxNOAODBdbR2rYQ,DieLinke,https://www.youtube.com/watch?v=qFxVjsxrPBM
Ydt7QWGH4M4,Gregor Gysi: Briefwahl sollten Sie auch machen!,2017-08-25T09:50:27Z,59412,611,49,PT1M,UCA95T5bSGxNOAODBdbR2rYQ,DieLinke,https://www.youtube.com/watch?v=Ydt7QWGH4M4
V-aAbzoCarQ,Linksaktiv werden!,2017-08-24T14:55:30Z,4160,173,38,PT32S,UCA95T5bSGxNOAODBdbR2rYQ,DieLinke,https://www.youtube.com/watch?v=V-aAbzoCarQ
a4ykwcgootg,Unboxing Wahlprogramm DIE LINKE,2017-08-23T09:20:39Z,7955,159,24,PT1M26S,UCA95T5bSGxNOAODBdbR2rYQ,DieLinke,https://www.youtube.com/watch?v=a4ykwcgootg
o2Zcj-kyhxg,Los geht's: Haustürwahlkampf,2017-08-22T11:34:07Z,2364,111,24,PT1M55S,UCA95T5bSGxNOAODBdbR2rYQ,DieLinke,https://www.youtube.com/watch?v=o2Zcj-kyhxg
1fMx4G8vFDg,10 Punkte für eine digitale Agenda,2017-08-21T14:30:26Z,2849,106,58,PT17M51S,UCA95T5bSGxNOAODBdbR2rYQ,DieLinke,https://www.youtube.com/watch?v=1fMx4G8vFDg
tve9U9TcJRk,„Allianz für Ostdeutschland“ für  gleichwertige Lebensverhältnisse,2017-08-14T14:03:42Z,1055,50,8,PT8M41S,UCA95T5bSGxNOAODBdbR2rYQ,DieLinke,https://www.youtube.com/watch?v=tve9U9TcJRk
rl39cBcJ4K4,Trailer Links bewegt (2): Dr. Kirsten Tackmann - Wie die Heide frei wurde,2017-08-14T10:05:01Z,4369,73,4,PT44S,UCA95T5bSGxNOAODBdbR2rYQ,DieLinke,https://www.youtube.com/watch?v=rl39cBcJ4K4
v22Q7oBAuRA,Links bewegt (2): Dr. Kirsten Tackmann - Wie die Heide frei wurde,2017-08-12T11:01:49Z,2255,54,1,PT6M36S,UCA95T5bSGxNOAODBdbR2rYQ,DieLinke,https://www.youtube.com/watch?v=v22Q7oBAuRA
tmepnpUZlGQ,Flächendeckendes Staatsversagen im Diesel-Sumpf,2017-08-07T14:09:50Z,970,45,13,PT11M49S,UCA95T5bSGxNOAODBdbR2rYQ,DieLinke,https://www.youtube.com/watch?v=tmepnpUZlGQ
keVFgAj77bA,Dieselgate: Vorsprung durch Betrugstechnik.,2017-07-31T13:25:47Z,987,56,1,PT5M59S,UCA95T5bSGxNOAODBdbR2rYQ,DieLinke,https://www.youtube.com/watch?v=keVFgAj77bA
5PbLBlWTwAA,Keine Lust auf Weiterso — Kampagne der LINKEN zur Bundestagswahl 2017,2017-07-27T11:16:30Z,6965,176,28,PT25S,UCA95T5bSGxNOAODBdbR2rYQ,DieLinke,https://www.youtube.com/watch?v=5PbLBlWTwAA
iUSASuhCBec,"CDU/CSU, SPD und Kretschmann von den Grünen verhalten sich wie Lobbyisten der Autokonzerne",2017-07-24T13:04:52Z,1422,68,15,PT9M2S,UCA95T5bSGxNOAODBdbR2rYQ,DieLinke,https://www.youtube.com/watch?v=iUSASuhCBec
T8nbUk-DhPU,Christopher Street Day 2017 in Berlin,2017-07-22T18:39:33Z,3579,92,18,PT1M29S,UCA95T5bSGxNOAODBdbR2rYQ,DieLinke,https://www.youtube.com/watch?v=T8nbUk-DhPU
unXCfXwSv08,Präsentation der Wahlkampagne,2017-07-21T15:38:01Z,4416,175,30,PT1M9S,UCA95T5bSGxNOAODBdbR2rYQ,DieLinke,https://www.youtube.com/watch?v=unXCfXwSv08
rZv9PalTm_8,"Kanzlerin ohne Klimaschutz, Zukunftsplan ohne Steuergerechtigkeit",2017-07-17T12:56:28Z,1755,72,8,PT16M56S,UCA95T5bSGxNOAODBdbR2rYQ,DieLinke,https://www.youtube.com/watch?v=rZv9PalTm_8
Up2JObb2qd8,Bernd Riexinger: Kein Freibrief für Eingriff ins Streikrecht,2017-07-11T10:15:24Z,775,34,7,PT4M32S,UCA95T5bSGxNOAODBdbR2rYQ,DieLinke,https://www.youtube.com/watch?v=Up2JObb2qd8
OhupO-tJWbU,Der G20-Gipfel hat die Welt der Lösung der Probleme keinen Schritt näher gebracht,2017-07-10T13:21:13Z,1690,73,20,PT15M6S,UCA95T5bSGxNOAODBdbR2rYQ,DieLinke,https://www.youtube.com/watch?v=OhupO-tJWbU
vLrxZuvrFeo,"Demo "" Für Grenzenlose Solidarität statt G20"" in Hamburg",2017-07-08T18:59:27Z,5606,185,8,PT2M39S,UCA95T5bSGxNOAODBdbR2rYQ,DieLinke,https://www.youtube.com/watch?v=vLrxZuvrFeo
nLrJDa8Ew9w,CDU/CSU-Wahlprogramm ist ein Dokument der ungedeckten Schecks,2017-07-03T13:33:21Z,1442,83,5,PT6M5S,UCA95T5bSGxNOAODBdbR2rYQ,DieLinke,https://www.youtube.com/watch?v=nLrJDa8Ew9w
MT43IzfuFAc,"Es brauche es eine starke LINKE, die immer wieder Druck ausübt",2017-06-26T13:14:09Z,780,52,15,PT7M22S,UCA95T5bSGxNOAODBdbR2rYQ,DieLinke,https://www.youtube.com/watch?v=MT43IzfuFAc
sLAWn7cdynM,10 Jahre DIE LINKE: Gesine Lötzsch und Klaus Ernst im Gespräch,2017-06-20T14:46:26Z,2177,32,1,PT20M50S,UCA95T5bSGxNOAODBdbR2rYQ,DieLinke,https://www.youtube.com/watch?v=sLAWn7cdynM
kIsyqbFwCXg,10 Jahre DIE LINKE: Rede Oskar Lafontaine,2017-06-20T12:21:15Z,16343,343,29,PT12M40S,UCA95T5bSGxNOAODBdbR2rYQ,DieLinke,https://www.youtube.com/watch?v=kIsyqbFwCXg
PlwvMCG_iVk,10 Jahre DIE LINKE: Frauen und feministische Ansprüche an DIE LINKE,2017-06-20T11:07:13Z,1478,23,0,PT21M1S,UCA95T5bSGxNOAODBdbR2rYQ,DieLinke,https://www.youtube.com/watch?v=PlwvMCG_iVk
SjgPWGTZLc8,10 Jahre DIE LINKE: Sahra Wagenknecht und Dietmar Bartsch im Gespräch,2017-06-20T11:03:24Z,11855,162,8,PT24M28S,UCA95T5bSGxNOAODBdbR2rYQ,DieLinke,https://www.youtube.com/watch?v=SjgPWGTZLc8
LdJc0aJ-Mhs,10 Jahre DIE LINKE: Rede von Gregor Gysi,2017-06-20T10:53:44Z,17807,408,46,PT23M26S,UCA95T5bSGxNOAODBdbR2rYQ,DieLinke,https://www.youtube.com/watch?v=LdJc0aJ-Mhs
N-_pf7x9Hlw,SPD-Steuerkonzept ist mutlos / Gewerkschafter*innen wählen links,2017-06-19T15:08:10Z,835,37,5,PT16M11S,UCA95T5bSGxNOAODBdbR2rYQ,DieLinke,https://www.youtube.com/watch?v=N-_pf7x9Hlw
cjAGXtf9-3Q,10 Jahre DIE LINKE: Grußwort von Volker Lösch,2017-06-19T13:55:24Z,8301,148,19,PT25M11S,UCA95T5bSGxNOAODBdbR2rYQ,DieLinke,https://www.youtube.com/watch?v=cjAGXtf9-3Q
UUo60f_27vw,10 Jahre DIE LINKE: Rede von Katja Kipping,2017-06-19T13:53:46Z,2610,82,9,PT15M18S,UCA95T5bSGxNOAODBdbR2rYQ,DieLinke,https://www.youtube.com/watch?v=UUo60f_27vw
MR3NyVmLBn0,10 Jahre DIE LINKE,2017-06-17T16:58:07Z,6221,237,13,PT5M10S,UCA95T5bSGxNOAODBdbR2rYQ,DieLinke,https://www.youtube.com/watch?v=MR3NyVmLBn0
IPynuWgvWSs,Hannoverscher Parteitag: Grußwort von Erugrul Kürkcü,2017-06-15T09:07:43Z,326,17,5,PT6M35S,UCA95T5bSGxNOAODBdbR2rYQ,DieLinke,https://www.youtube.com/watch?v=IPynuWgvWSs
hW1hzV8no5Q,Hannoverscher Parteitag: Rede von Malalai Joya,2017-06-15T08:20:47Z,2515,75,3,PT6M8S,UCA95T5bSGxNOAODBdbR2rYQ,DieLinke,https://www.youtube.com/watch?v=hW1hzV8no5Q
zYdoxTvoe7A,Hannoverscher Parteitag: Grußwort von Giorgos Chondros,2017-06-14T14:01:09Z,635,28,2,PT7M44S,UCA95T5bSGxNOAODBdbR2rYQ,DieLinke,https://www.youtube.com/watch?v=zYdoxTvoe7A
s3S1p8SVjTE,Hannoverscher Parteitag: Rede von Gabi Zimmer,2017-06-14T13:28:57Z,581,18,1,PT22M24S,UCA95T5bSGxNOAODBdbR2rYQ,DieLinke,https://www.youtube.com/watch?v=s3S1p8SVjTE
LbBCh17fUZs,Hannoverscher Parteitag: Rede von Hans Modrow,2017-06-14T12:42:12Z,1878,37,4,PT12M49S,UCA95T5bSGxNOAODBdbR2rYQ,DieLinke,https://www.youtube.com/watch?v=LbBCh17fUZs
6oAprf-JTr0,Hannoverscher Parteitag: Generaldebatte,2017-06-14T12:09:27Z,1750,40,2,PT1H44M46S,UCA95T5bSGxNOAODBdbR2rYQ,DieLinke,https://www.youtube.com/watch?v=6oAprf-JTr0
huo49X1eydw,Hannoverscher Parteitag: Grußwort von Wolfram Friedersdorf,2017-06-14T10:32:10Z,307,9,0,PT3M40S,UCA95T5bSGxNOAODBdbR2rYQ,DieLinke,https://www.youtube.com/watch?v=huo49X1eydw
soI34xjTC6M,Hannoverscher Parteitag: Eröffnung durch Pia Zimmermann,2017-06-14T10:22:33Z,494,19,1,PT9M6S,UCA95T5bSGxNOAODBdbR2rYQ,DieLinke,https://www.youtube.com/watch?v=soI34xjTC6M
wddS9dCXXGc,Holen wir uns das Land zurück! Sozial. Gerecht. Frieden. Für alle.,2017-06-13T11:25:39Z,122819,2041,205,PT2M11S,UCA95T5bSGxNOAODBdbR2rYQ,DieLinke,https://www.youtube.com/watch?v=wddS9dCXXGc
ATpz8-9Mu2A,"Hannoverscher Parteitag: Rede von Sahra Wagenknecht, Spitzenkandidatin zur Bundestagswahl",2017-06-11T10:42:08Z,52546,941,146,PT40M52S,UCA95T5bSGxNOAODBdbR2rYQ,DieLinke,https://www.youtube.com/watch?v=ATpz8-9Mu2A
WRynxyqSfcw,"Hannoverscher Parteitag: Rede von Gregor Gysi, Präsident der Europäischen Linken",2017-06-10T18:27:42Z,20553,443,71,PT15M35S,UCA95T5bSGxNOAODBdbR2rYQ,DieLinke,https://www.youtube.com/watch?v=WRynxyqSfcw
5fySjpgcZjs,Hannoverscher Parteitag: Rede unseres Spitzenkandidaten Dietmar Bartsch,2017-06-10T16:08:53Z,9791,206,36,PT29M24S,UCA95T5bSGxNOAODBdbR2rYQ,DieLinke,https://www.youtube.com/watch?v=5fySjpgcZjs
mZdVk3zOYa0,Hannoverscher Parteitag: Rede des Parteivorsitzenden Bernd Riexinger,2017-06-10T10:43:13Z,5113,118,39,PT32M34S,UCA95T5bSGxNOAODBdbR2rYQ,DieLinke,https://www.youtube.com/watch?v=mZdVk3zOYa0
gWqikwTfgAw,Hannoverscher Parteitag: Rede der Parteivorsitzenden Katja Kipping,2017-06-09T17:18:21Z,12816,212,51,PT28M47S,UCA95T5bSGxNOAODBdbR2rYQ,DieLinke,https://www.youtube.com/watch?v=gWqikwTfgAw
5f3grOYsHIU,Hannoverscher Parteitag: Hinter den Kulissen,2017-06-09T11:21:21Z,2109,78,14,PT6M31S,UCA95T5bSGxNOAODBdbR2rYQ,DieLinke,https://www.youtube.com/watch?v=5f3grOYsHIU
KZbXIAHW79w,»geDRUCKtes« Nr. 56 mit Paul Werner Wagner,2017-06-07T10:16:11Z,501,7,0,PT1H25M52S,UCA95T5bSGxNOAODBdbR2rYQ,DieLinke,https://www.youtube.com/watch?v=KZbXIAHW79w
OEkUNI_WG18,Der G7-Gipfel ist gescheitert,2017-05-29T13:19:45Z,1047,65,17,PT8M9S,UCA95T5bSGxNOAODBdbR2rYQ,DieLinke,https://www.youtube.com/watch?v=OEkUNI_WG18
116hZrdVNUo,Katja Kipping und Bodo Ramelow auf dem Evangelischen Kirchentag 2017 in Berlin,2017-05-27T05:08:41Z,4425,82,31,PT42M,UCA95T5bSGxNOAODBdbR2rYQ,DieLinke,https://www.youtube.com/watch?v=116hZrdVNUo
ziQHQkJtTgg,Halbherzigkeit und Mutlosigkeit = Vizekanzleramt  für SPD,2017-05-22T13:21:58Z,991,49,9,PT13M26S,UCA95T5bSGxNOAODBdbR2rYQ,DieLinke,https://www.youtube.com/watch?v=ziQHQkJtTgg
Cv3o3XPsBsg,Landtagswahl in NRW,2017-05-15T14:23:51Z,1206,69,13,PT9M59S,UCA95T5bSGxNOAODBdbR2rYQ,DieLinke,https://www.youtube.com/watch?v=Cv3o3XPsBsg
zQQwPQLJLHc,Erstes Statement von Katja Kipping zur Landtagswahl in Nordrhein-Westfalen,2017-05-14T18:08:32Z,3123,107,41,PT3M21S,UCA95T5bSGxNOAODBdbR2rYQ,DieLinke,https://www.youtube.com/watch?v=zQQwPQLJLHc
2yMylC_v4Ds,Menschen vor Profite! Pflegenotstand stoppen!,2017-05-12T13:07:26Z,847,57,9,PT10M30S,UCA95T5bSGxNOAODBdbR2rYQ,DieLinke,https://www.youtube.com/watch?v=2yMylC_v4Ds
uEM7iAGSNow,Landtagswahl in Schleswig-Holstein,2017-05-09T09:29:41Z,955,43,8,PT10M54S,UCA95T5bSGxNOAODBdbR2rYQ,DieLinke,https://www.youtube.com/watch?v=uEM7iAGSNow
4F_nZs81TTk,Katja Kipping (DIE LINKE) über Ralf Stegner (SPD) letztes Viagra.,2017-05-08T19:10:46Z,53443,2095,21,PT34S,UCA95T5bSGxNOAODBdbR2rYQ,DieLinke,https://www.youtube.com/watch?v=4F_nZs81TTk
9w18G_jwg6Y,»geDRUCKtes« Nr. 55 mit Ulrich Schneider,2017-05-02T11:31:17Z,807,19,3,PT1H34M51S,UCA95T5bSGxNOAODBdbR2rYQ,DieLinke,https://www.youtube.com/watch?v=9w18G_jwg6Y
n4TX9pkYG7A,"Das System Pflege - über Hoffnung, Stress und Verzweiflung und Wut.",2017-04-30T14:04:19Z,6827,67,12,PT3M24S,UCA95T5bSGxNOAODBdbR2rYQ,DieLinke,https://www.youtube.com/watch?v=n4TX9pkYG7A
N-3EfjAcikk,"Wer die AfD wählt, wählt Neonazis",2017-04-24T13:18:46Z,2321,137,128,PT6M31S,UCA95T5bSGxNOAODBdbR2rYQ,DieLinke,https://www.youtube.com/watch?v=N-3EfjAcikk
To1xidzuxEA,Aufstehen gegen rechte Hetze! Proteste anlässlich des AfD-Parteitags am 22.4.17 in Köln,2017-04-22T23:14:30Z,3108,133,36,PT2M43S,UCA95T5bSGxNOAODBdbR2rYQ,DieLinke,https://www.youtube.com/watch?v=To1xidzuxEA
YKUr_Rq79LE,el kongress Bericht,2017-04-21T09:31:01Z,712,43,0,PT4M16S,UCA95T5bSGxNOAODBdbR2rYQ,DieLinke,https://www.youtube.com/watch?v=YKUr_Rq79LE
yokcWtrHr2I,Kanonenbootpolitik ist nicht die richtige Antwort,2017-04-13T10:16:01Z,533,26,8,PT9M12S,UCA95T5bSGxNOAODBdbR2rYQ,DieLinke,https://www.youtube.com/watch?v=yokcWtrHr2I
zuLqKyEoWfY,Weltgeshundheitstag DIE LINKE,2017-04-11T09:53:40Z,385,0,0,PT2M54S,UCA95T5bSGxNOAODBdbR2rYQ,DieLinke,https://www.youtube.com/watch?v=zuLqKyEoWfY
BtJ-49Xi29s,»geDRUCKtes« Nr. 54 mit Ulrike Herrmann,2017-04-07T12:57:28Z,3682,31,5,PT1H33M12S,UCA95T5bSGxNOAODBdbR2rYQ,DieLinke,https://www.youtube.com/watch?v=BtJ-49Xi29s
EOvlIhXitkI,Interview mit Feleknas Uca,2017-04-04T13:12:25Z,4975,76,1,PT14M54S,UCA95T5bSGxNOAODBdbR2rYQ,DieLinke,https://www.youtube.com/watch?v=EOvlIhXitkI
Vxj1Pjpryjk,Leitantrag für Bundestagswahlprogramm verabschiedet,2017-04-04T07:48:32Z,4090,77,15,PT21M24S,UCA95T5bSGxNOAODBdbR2rYQ,DieLinke,https://www.youtube.com/watch?v=Vxj1Pjpryjk
nYTi15CrvMM,Zum Ergebnis der Landtagswahl im Saarland,2017-03-26T17:46:13Z,1797,65,22,PT3M43S,UCA95T5bSGxNOAODBdbR2rYQ,DieLinke,https://www.youtube.com/watch?v=nYTi15CrvMM
tX-9b67nf2E,Oskar Lafontaine: Klare Ansagen für unser Land,2017-03-26T11:27:47Z,1739,86,8,PT1M3S,UCA95T5bSGxNOAODBdbR2rYQ,DieLinke,https://www.youtube.com/watch?v=tX-9b67nf2E
GAKijlE3dBo,"Niedriglöhne, Dauerbefristungen, Leiharbeit: Nicht mit uns!",2017-03-22T15:26:20Z,804,38,7,PT1M33S,UCA95T5bSGxNOAODBdbR2rYQ,DieLinke,https://www.youtube.com/watch?v=GAKijlE3dBo
kesFsq5S6vc,Renten rauf wie in Österreich: Im Schnitt 800 € mehr!,2017-03-22T15:25:55Z,2640,95,14,PT1M26S,UCA95T5bSGxNOAODBdbR2rYQ,DieLinke,https://www.youtube.com/watch?v=kesFsq5S6vc
JSkf1WPBIpE,Gesund pflegen statt krank sparen: Mehr Personal!,2017-03-21T08:46:57Z,455,38,6,PT1M28S,UCA95T5bSGxNOAODBdbR2rYQ,DieLinke,https://www.youtube.com/watch?v=JSkf1WPBIpE
q79fqIrHeaM,"100% für Martin bei der SPD, 100% sozial nur mit der LINKEN",2017-03-20T15:50:04Z,1562,76,17,PT5M31S,UCA95T5bSGxNOAODBdbR2rYQ,DieLinke,https://www.youtube.com/watch?v=q79fqIrHeaM
oOk7ori_ExE,Windräder im Wald? Schluss mit der Zerstörung unserer Natur,2017-03-17T12:49:01Z,1940,76,19,PT1M18S,UCA95T5bSGxNOAODBdbR2rYQ,DieLinke,https://www.youtube.com/watch?v=oOk7ori_ExE
3S15C_vxPqg,Linke Alternativen zur Merkel-Regierung  graben den Rechstpopulisten das Wasser ab,2017-03-13T14:53:26Z,1051,54,13,PT7M50S,UCA95T5bSGxNOAODBdbR2rYQ,DieLinke,https://www.youtube.com/watch?v=3S15C_vxPqg
CAL8A55B9-Y,Matthias Höhn: Kreisvorsitzenden- und Aktionskonferenz,2017-03-13T11:35:29Z,232,13,3,PT30M57S,UCA95T5bSGxNOAODBdbR2rYQ,DieLinke,https://www.youtube.com/watch?v=CAL8A55B9-Y
r1vvGZPsOyc,Bernd Riexinger: Kreisvorsitzenden- und Aktionskonferenz,2017-03-13T11:21:40Z,457,24,2,PT36M34S,UCA95T5bSGxNOAODBdbR2rYQ,DieLinke,https://www.youtube.com/watch?v=r1vvGZPsOyc
ZgclQdwCMLw,Katja Kipping: Kreisvorsitzenden- und Aktionskonferenz,2017-03-13T11:17:35Z,352,20,0,PT20M58S,UCA95T5bSGxNOAODBdbR2rYQ,DieLinke,https://www.youtube.com/watch?v=ZgclQdwCMLw
JXfQV3iMpEs,Eltern entlasten: Kita und Schulessen kostenfrei!,2017-03-13T10:24:51Z,1026,50,9,PT1M21S,UCA95T5bSGxNOAODBdbR2rYQ,DieLinke,https://www.youtube.com/watch?v=JXfQV3iMpEs
8ZpG53Ew2p4,Genug gezahlt: Jetzt sind die Reichen dran!,2017-03-13T10:05:33Z,1846,106,14,PT1M7S,UCA95T5bSGxNOAODBdbR2rYQ,DieLinke,https://www.youtube.com/watch?v=8ZpG53Ew2p4
oRp1HOo2Chs,Nicht nur am Frauentag: Pflegearbeit ist mehr wert,2017-03-08T16:27:32Z,609,51,9,PT1M40S,UCA95T5bSGxNOAODBdbR2rYQ,DieLinke,https://www.youtube.com/watch?v=oRp1HOo2Chs
Dfth3iHi30Y,»geDRUCKtes« Nr. 53 mit Vera Friedländer,2017-03-07T12:02:56Z,560,14,0,PT1H20M29S,UCA95T5bSGxNOAODBdbR2rYQ,DieLinke,https://www.youtube.com/watch?v=Dfth3iHi30Y
keeM6tPuAkI,Kurswechsel für soziale Gerechtigkeit nur mit Rückabwickelung der Agenda 2010,2017-03-06T16:04:12Z,459,40,5,PT9M56S,UCA95T5bSGxNOAODBdbR2rYQ,DieLinke,https://www.youtube.com/watch?v=keeM6tPuAkI
pRQKOO3_jl4,Oskar Lafontaine beim Politischen Aschermittwoch im Saarland,2017-03-03T15:32:00Z,8845,161,16,PT42M44S,UCA95T5bSGxNOAODBdbR2rYQ,DieLinke,https://www.youtube.com/watch?v=pRQKOO3_jl4
018loELVS4g,Sahra Wagenknecht beim Politischen Aschermittwoch im Saarland,2017-03-03T09:33:50Z,12012,276,28,PT30M39S,UCA95T5bSGxNOAODBdbR2rYQ,DieLinke,https://www.youtube.com/watch?v=018loELVS4g
1yv1c72GcI0,Katja Kipping beim Politischen Aschermittwoch in Passau,2017-03-02T11:25:02Z,1400,33,3,PT38M26S,UCA95T5bSGxNOAODBdbR2rYQ,DieLinke,https://www.youtube.com/watch?v=1yv1c72GcI0
MyOJKQaYKls,Die Agenda 2010 ist der schlimmste Angriff auf den Sozialstaat in der Bundesrepublik,2017-02-27T16:25:21Z,1216,63,11,PT13M19S,UCA95T5bSGxNOAODBdbR2rYQ,DieLinke,https://www.youtube.com/watch?v=MyOJKQaYKls
tTAWRm19EWI,"1,25 Millionen Sozialwohnungen statt 1775 Schützenpanzer",2017-02-20T13:39:27Z,1482,91,21,PT7M44S,UCA95T5bSGxNOAODBdbR2rYQ,DieLinke,https://www.youtube.com/watch?v=tTAWRm19EWI
yiehx-1DB4I,"Bundespräsidentenwahl, Vermögenssteuer, Türkei und Leiharbeit bei VW",2017-02-13T16:27:31Z,813,28,5,PT16M1S,UCA95T5bSGxNOAODBdbR2rYQ,DieLinke,https://www.youtube.com/watch?v=yiehx-1DB4I
2aUWrWRoMfw,Faire Handelsbeziehungen statt ungehemmter Freihandel,2017-02-06T16:34:52Z,667,35,5,PT4M11S,UCA95T5bSGxNOAODBdbR2rYQ,DieLinke,https://www.youtube.com/watch?v=2aUWrWRoMfw
wm_OvcRRu7Y,Trumps Kreuzzug gegen Muslime und Menschenrechte,2017-01-30T14:20:38Z,2855,92,37,PT7M47S,UCA95T5bSGxNOAODBdbR2rYQ,DieLinke,https://www.youtube.com/watch?v=wm_OvcRRu7Y
pObrJukrNJI,»geDRUCKtes« Nr. 52 mit Uwe-Karsten Heye,2017-01-26T12:50:24Z,836,13,2,PT1H37M58S,UCA95T5bSGxNOAODBdbR2rYQ,DieLinke,https://www.youtube.com/watch?v=pObrJukrNJI
rSKYJAAkLdA,"Vermögenssteuer, Rente, Friedensverhandlungen und Trump",2017-01-23T16:01:41Z,844,36,6,PT10M56S,UCA95T5bSGxNOAODBdbR2rYQ,DieLinke,https://www.youtube.com/watch?v=rSKYJAAkLdA
pDCHOvYUZT0,Freispruch wegen Bedeutungslosigkeit für die NPD,2017-01-17T14:17:27Z,1260,30,18,PT2M22S,UCA95T5bSGxNOAODBdbR2rYQ,DieLinke,https://www.youtube.com/watch?v=pDCHOvYUZT0
M2L1vhPrYPQ,Steuergerechtigkeit statt staatlicher Reichtumspflege,2017-01-16T14:37:12Z,830,30,1,PT7M12S,UCA95T5bSGxNOAODBdbR2rYQ,DieLinke,https://www.youtube.com/watch?v=M2L1vhPrYPQ
hhsD8XqzUws,"Kurzfassung: Vorstellung Wahlprogramm-Entwurf, SpitzenkandidatInnen und Spitzenteam",2017-01-15T13:58:41Z,34382,387,86,PT3M36S,UCA95T5bSGxNOAODBdbR2rYQ,DieLinke,https://www.youtube.com/watch?v=hhsD8XqzUws
sZ95wdOy56g,"Präsentation des Wahlprogramm-Entwurfs, des Spitzenteams und der SpitzenkandidatInnen.",2017-01-14T18:01:37Z,28500,415,88,PT52M4S,UCA95T5bSGxNOAODBdbR2rYQ,DieLinke,https://www.youtube.com/watch?v=sZ95wdOy56g
NjUGwEedKQM,Was muss drin sein? - Trailer,2017-01-13T15:30:15Z,539,24,3,PT1M25S,UCA95T5bSGxNOAODBdbR2rYQ,DieLinke,https://www.youtube.com/watch?v=NjUGwEedKQM
VTHdp8SQRJw,Was muss drin sein - DIE LINKE diskutiert ihr Wahlprogramm,2017-01-13T15:24:29Z,3622,92,13,PT7M2S,UCA95T5bSGxNOAODBdbR2rYQ,DieLinke,https://www.youtube.com/watch?v=VTHdp8SQRJw
UH00N-rwPu4,Debatte um Innere Sicherheit soll vom Versagen des Innenministers ablenken,2017-01-09T14:19:54Z,1043,39,5,PT11M3S,UCA95T5bSGxNOAODBdbR2rYQ,DieLinke,https://www.youtube.com/watch?v=UH00N-rwPu4
BmBMnGnQ-GA,Wir Linken müssen wieder rebellischer werden,2017-01-02T09:18:08Z,58123,1016,158,PT32M33S,UCA95T5bSGxNOAODBdbR2rYQ,DieLinke,https://www.youtube.com/watch?v=BmBMnGnQ-GA
OKK9ROq2L_4,Christoph Butterwegge im Gespräch - Trailer,2016-12-25T16:07:15Z,371,17,1,PT1M45S,UCA95T5bSGxNOAODBdbR2rYQ,DieLinke,https://www.youtube.com/watch?v=OKK9ROq2L_4
3E4lKpGwnr8,Christoph Butterwegge im Gespräch mit Disput - Mitgliedermagazin DIE LINKE,2016-12-25T15:46:57Z,9133,145,6,PT20M10S,UCA95T5bSGxNOAODBdbR2rYQ,DieLinke,https://www.youtube.com/watch?v=3E4lKpGwnr8
GY-U7RgeK9s,Katja Kipping über ökologische Gerechtigkeit,2016-12-20T14:51:15Z,2033,0,0,PT2M38S,UCA95T5bSGxNOAODBdbR2rYQ,DieLinke,https://www.youtube.com/watch?v=GY-U7RgeK9s
AcEyTNybJII,"Sozialpolitischer Jahresrückblick, Präsident der Partei der Europäischen Linken",2016-12-19T15:08:29Z,2616,87,10,PT35M17S,UCA95T5bSGxNOAODBdbR2rYQ,DieLinke,https://www.youtube.com/watch?v=AcEyTNybJII
JC1618-gcdg,Pressekonferenz zum 5. Kongress der Partei der Europäischen Linken,2016-12-18T13:18:32Z,1639,51,8,PT8M24S,UCA95T5bSGxNOAODBdbR2rYQ,DieLinke,https://www.youtube.com/watch?v=JC1618-gcdg
wmZ66RvnWx8,DISPUT-Interview mit Giorgos Chondros,2016-12-14T11:53:10Z,654,23,3,PT10M31S,UCA95T5bSGxNOAODBdbR2rYQ,DieLinke,https://www.youtube.com/watch?v=wmZ66RvnWx8
s51E_-bJzFI,»geDRUCKtes« Nr. 51 mit Gisela Steineckert,2016-12-12T16:39:43Z,2606,33,3,PT1H41M41S,UCA95T5bSGxNOAODBdbR2rYQ,DieLinke,https://www.youtube.com/watch?v=s51E_-bJzFI
YnaAGH4qcUY,"Anschlag in der Türkei, Milliarden-Pakt von Staat und Stromkonzernen, Waffenexporte",2016-12-12T15:17:13Z,1252,32,26,PT15M11S,UCA95T5bSGxNOAODBdbR2rYQ,DieLinke,https://www.youtube.com/watch?v=YnaAGH4qcUY
r_HncU5lbDw,Wir haben eine politische Repräsentationskrise,2016-12-06T10:18:51Z,500,30,0,PT58S,UCA95T5bSGxNOAODBdbR2rYQ,DieLinke,https://www.youtube.com/watch?v=r_HncU5lbDw
xM7UJHZ6tA4,Parteivorstand stellt Weichen für Bundestagswahl 2017,2016-12-05T14:49:08Z,1124,28,31,PT8M4S,UCA95T5bSGxNOAODBdbR2rYQ,DieLinke,https://www.youtube.com/watch?v=xM7UJHZ6tA4
clWSWDWp1m0,»geDRUCKtes«: Lesung und Gespräch im Karl-Liebknecht-Haus mit Gesine Lötzsch und Gisela Steineckert.,2016-12-05T12:25:19Z,263,5,0,PT1M5S,UCA95T5bSGxNOAODBdbR2rYQ,DieLinke,https://www.youtube.com/watch?v=clWSWDWp1m0
io8wxj_EB8A,Parteivorstand beruft Spitzenteam aus Parteivorsitzenden und Spitzenkandidaten.,2016-12-04T16:27:00Z,867,27,4,PT4M38S,UCA95T5bSGxNOAODBdbR2rYQ,DieLinke,https://www.youtube.com/watch?v=io8wxj_EB8A
1Ps5LNBrbG8,"Volle, wirksame und gleichberechtigte Teilhabe aller Menschen ohne Wenn und Aber!",2016-11-30T09:16:29Z,279,12,0,PT1M51S,UCA95T5bSGxNOAODBdbR2rYQ,DieLinke,https://www.youtube.com/watch?v=1Ps5LNBrbG8
0qOKLryHAvs,Welttag der Menschen mit Behinderungen,2016-11-28T14:08:43Z,378,12,0,PT16M19S,UCA95T5bSGxNOAODBdbR2rYQ,DieLinke,https://www.youtube.com/watch?v=0qOKLryHAvs
KPIRGR8gjB8,»geDRUCKtes« Nr. 50 mit Raul Zelik,2016-11-28T11:09:17Z,967,10,0,PT1H39M21S,UCA95T5bSGxNOAODBdbR2rYQ,DieLinke,https://www.youtube.com/watch?v=KPIRGR8gjB8
IGsQMCgHrh0,"Wer über Armut spricht, muss auch über Recihtum sprechen",2016-11-24T10:16:55Z,895,46,6,PT1M44S,UCA95T5bSGxNOAODBdbR2rYQ,DieLinke,https://www.youtube.com/watch?v=IGsQMCgHrh0
L4TwujHTkTw,Haustürgespräche - Canvassing,2016-11-17T12:51:38Z,7312,97,11,PT5M26S,UCA95T5bSGxNOAODBdbR2rYQ,DieLinke,https://www.youtube.com/watch?v=L4TwujHTkTw
ORr_xZBt4Jw,Miethaie zu Fischstäbchen,2016-11-16T09:53:39Z,1319,50,7,PT1M23S,UCA95T5bSGxNOAODBdbR2rYQ,DieLinke,https://www.youtube.com/watch?v=ORr_xZBt4Jw
lpPCytiflCc,Auftakt Aktionswoche „Bezahlbarer Wohnraum für Alle“ und „Miethaie zu Fischstäbchen“,2016-11-14T15:24:21Z,569,23,1,PT16M24S,UCA95T5bSGxNOAODBdbR2rYQ,DieLinke,https://www.youtube.com/watch?v=lpPCytiflCc
8iZ3BQMZAGo,„Tyrannei der Mehrheit“: LINKE verurteilt Verhaftung der HDP-Vorsitzenden,2016-11-09T09:47:14Z,1152,34,6,PT6M32S,UCA95T5bSGxNOAODBdbR2rYQ,DieLinke,https://www.youtube.com/watch?v=8iZ3BQMZAGo
EM_cpKPXKaQ,"""Was muss drin sein""-Veranstaltung Frankfurt a.M. #3",2016-11-05T10:21:58Z,342,12,4,PT18S,UCA95T5bSGxNOAODBdbR2rYQ,DieLinke,https://www.youtube.com/watch?v=EM_cpKPXKaQ
Lk9B8CnmYrI,"""Was muss drin sein""-Veranstaltung Frankfurt a.M. #2",2016-11-05T10:21:55Z,294,11,1,PT27S,UCA95T5bSGxNOAODBdbR2rYQ,DieLinke,https://www.youtube.com/watch?v=Lk9B8CnmYrI
qzK_A6BnN-M,"""Was muss drin sein""-Veranstaltung Frankfurt a.M. #4",2016-11-05T10:21:55Z,349,13,0,PT1M4S,UCA95T5bSGxNOAODBdbR2rYQ,DieLinke,https://www.youtube.com/watch?v=qzK_A6BnN-M
fbwzY9hg-sQ,"""Was muss drin sein""-Veranstaltung Frankfurt a.M. #1",2016-11-05T10:21:54Z,483,14,0,PT33S,UCA95T5bSGxNOAODBdbR2rYQ,DieLinke,https://www.youtube.com/watch?v=fbwzY9hg-sQ
AdT6xKA7H9E,Der Protest gegen CETA wird weitergehen,2016-10-31T14:08:44Z,792,37,2,PT11M12S,UCA95T5bSGxNOAODBdbR2rYQ,DieLinke,https://www.youtube.com/watch?v=AdT6xKA7H9E
MVHms5IIU8I,Ein Programm der Hoffnung: Was muss drin sein? DIE LINKE hört zu,2016-10-24T14:13:59Z,1023,38,12,PT10M59S,UCA95T5bSGxNOAODBdbR2rYQ,DieLinke,https://www.youtube.com/watch?v=MVHms5IIU8I
RP8Lw3r6h4A,Das Nichtstun gegen Altersarmut spielt den Rechten in die Hände,2016-10-10T13:38:54Z,704,24,2,PT8M9S,UCA95T5bSGxNOAODBdbR2rYQ,DieLinke,https://www.youtube.com/watch?v=RP8Lw3r6h4A
A6Bsw9Egyug,»geDRUCKtes« Nr. 49 mit Katja Kipping,2016-10-05T12:54:09Z,3612,33,3,PT1H31M46S,UCA95T5bSGxNOAODBdbR2rYQ,DieLinke,https://www.youtube.com/watch?v=A6Bsw9Egyug
zEQ6a4RhwjM,Für eine schnellstmögliche Waffenruhe in Syrien,2016-09-26T13:33:07Z,367,13,0,PT8M2S,UCA95T5bSGxNOAODBdbR2rYQ,DieLinke,https://www.youtube.com/watch?v=zEQ6a4RhwjM
eQE9e-wtmsI,»geDRUCKtes« am 27. September mit Katja Kipping,2016-09-26T09:29:42Z,253,6,0,PT57S,UCA95T5bSGxNOAODBdbR2rYQ,DieLinke,https://www.youtube.com/watch?v=eQE9e-wtmsI
hto7LWlDx6Y,Erbschaftsteuer: Kniefall vor den reichsten Sprösslingen des Landes.,2016-09-22T11:02:24Z,944,58,3,PT2M30S,UCA95T5bSGxNOAODBdbR2rYQ,DieLinke,https://www.youtube.com/watch?v=hto7LWlDx6Y
DWI-eZGjpNA,Berliner Abgeordnetenhauswahl: Wahlsieg mit bundesweiter Signalwirkung,2016-09-19T13:54:13Z,1333,44,2,PT6M41S,UCA95T5bSGxNOAODBdbR2rYQ,DieLinke,https://www.youtube.com/watch?v=DWI-eZGjpNA
u5jQiTeMTJg,"Ein guter Tag für Berlin, ein guter Tag für DIE LINKE",2016-09-18T17:37:41Z,1637,73,17,PT4M19S,UCA95T5bSGxNOAODBdbR2rYQ,DieLinke,https://www.youtube.com/watch?v=u5jQiTeMTJg
--6sYGDZdhA,TTIP-Demo am 17. September 2016 in Berlin,2016-09-17T18:39:36Z,1585,55,23,PT1M7S,UCA95T5bSGxNOAODBdbR2rYQ,DieLinke,https://www.youtube.com/watch?v=--6sYGDZdhA
rlJzhiys4RE,Bundesregierung beschließt Fahrplan für den Koalitionsstreit,2016-09-12T12:57:13Z,470,14,0,PT9M12S,UCA95T5bSGxNOAODBdbR2rYQ,DieLinke,https://www.youtube.com/watch?v=rlJzhiys4RE
yiEp94xQZ60,Landtagswahl in Mecklenburg-Vorpommern,2016-09-05T14:41:38Z,1256,24,27,PT13M48S,UCA95T5bSGxNOAODBdbR2rYQ,DieLinke,https://www.youtube.com/watch?v=yiEp94xQZ60
WrKlKgrg6t8,Wir müssen und werden angriffslustiger in sozialen Fragen werden.,2016-09-04T17:26:06Z,1331,39,25,PT3M57S,UCA95T5bSGxNOAODBdbR2rYQ,DieLinke,https://www.youtube.com/watch?v=WrKlKgrg6t8
OODajttPKcs,CETA ist TTIP durch die Hintertür,2016-08-29T15:40:04Z,1061,40,1,PT6M44S,UCA95T5bSGxNOAODBdbR2rYQ,DieLinke,https://www.youtube.com/watch?v=OODajttPKcs
WqaeNcR6eAQ,"""In der Union herrscht ein Wettlauf um die absurdesten Vorschläge.""",2016-08-22T14:33:42Z,701,27,14,PT8M25S,UCA95T5bSGxNOAODBdbR2rYQ,DieLinke,https://www.youtube.com/watch?v=WqaeNcR6eAQ
9j8fcKl9gso,Wir brauchen Obergrenzen für Reichtum!,2016-08-15T12:55:34Z,958,39,20,PT11M53S,UCA95T5bSGxNOAODBdbR2rYQ,DieLinke,https://www.youtube.com/watch?v=9j8fcKl9gso
AYkmkihtAuI,Katja Kipping kommentiert die Pressekonferenz von Angela Merkel,2016-07-28T13:51:48Z,2445,52,20,PT2M7S,UCA95T5bSGxNOAODBdbR2rYQ,DieLinke,https://www.youtube.com/watch?v=AYkmkihtAuI
NFAhNTYJ3C0,Auf den militärischen folgt jetzt ein ziviler Putschversuch.,2016-07-18T13:35:24Z,693,29,2,PT10M44S,UCA95T5bSGxNOAODBdbR2rYQ,DieLinke,https://www.youtube.com/watch?v=NFAhNTYJ3C0
N2Z-DgaQplw,Flüchtlingsdramen verhindern – legale Wege nach Europa schaffen,2016-07-11T13:31:00Z,381,19,3,PT6M15S,UCA95T5bSGxNOAODBdbR2rYQ,DieLinke,https://www.youtube.com/watch?v=N2Z-DgaQplw
d_3bwrJbvTA,»geDRUCKtes« Nr. 48 mit Wolfgang Kohlhaase,2016-07-08T09:33:15Z,830,9,0,PT1H40M6S,UCA95T5bSGxNOAODBdbR2rYQ,DieLinke,https://www.youtube.com/watch?v=d_3bwrJbvTA
FPS1Ads_9aQ,Brexit ist auch eine Quittung für Merkels rigide Austeritätspolitik,2016-06-27T12:46:01Z,691,23,3,PT10M58S,UCA95T5bSGxNOAODBdbR2rYQ,DieLinke,https://www.youtube.com/watch?v=FPS1Ads_9aQ
csSc7gdR0Lo,Pressestatement von Katja kipping und Bernd Riexinger zum Brexit,2016-06-24T09:54:51Z,1207,41,11,PT2M45S,UCA95T5bSGxNOAODBdbR2rYQ,DieLinke,https://www.youtube.com/watch?v=csSc7gdR0Lo
HH2LRCLOF7E,"Wir sind bereit, aber es muss einen konkreten Politikwechsel geben",2016-06-20T13:24:53Z,680,38,3,PT13M35S,UCA95T5bSGxNOAODBdbR2rYQ,DieLinke,https://www.youtube.com/watch?v=HH2LRCLOF7E
K_5lVv4rU9U,Magdeburger Parteitag: Kandidaturen (Teil 2),2016-06-16T09:47:47Z,800,6,0,PT51M54S,UCA95T5bSGxNOAODBdbR2rYQ,DieLinke,https://www.youtube.com/watch?v=K_5lVv4rU9U
CiHadyhRoCs,"Wer links blinkt, muss auch irgendwann abbiegen.",2016-06-13T11:55:49Z,618,34,3,PT4M47S,UCA95T5bSGxNOAODBdbR2rYQ,DieLinke,https://www.youtube.com/watch?v=CiHadyhRoCs
6c8H0vdJTpk,"Bundespräsidentenwahl zum Zeichen für Weltoffenheit, Solidarität und Frieden machen",2016-06-06T13:21:22Z,537,31,8,PT5M9S,UCA95T5bSGxNOAODBdbR2rYQ,DieLinke,https://www.youtube.com/watch?v=6c8H0vdJTpk
nPDb-eHOn14,Magdeburger Parteitag: Kandidaturen (Teil 1),2016-06-02T09:15:09Z,1441,14,0,PT1H39S,UCA95T5bSGxNOAODBdbR2rYQ,DieLinke,https://www.youtube.com/watch?v=nPDb-eHOn14
UfhXclGKsh8,Magdeburger Parteitag: Rede von Hans Modrow,2016-06-01T12:54:41Z,2178,25,3,PT12M50S,UCA95T5bSGxNOAODBdbR2rYQ,DieLinke,https://www.youtube.com/watch?v=UfhXclGKsh8
2Ubhn55LOFU,Magdeburger Parteitag: Kandidatur von Thomas Nord,2016-05-31T07:58:28Z,196,5,3,PT3M32S,UCA95T5bSGxNOAODBdbR2rYQ,DieLinke,https://www.youtube.com/watch?v=2Ubhn55LOFU
Q37B9uyLP50,Magdeburger Parteitag: Kandidatur von Matthias Höhn,2016-05-31T07:53:47Z,430,12,0,PT1M26S,UCA95T5bSGxNOAODBdbR2rYQ,DieLinke,https://www.youtube.com/watch?v=Q37B9uyLP50
yx25Dlj2nNc,Magdeburger Parteitag: Kandidatur von Axel Troost,2016-05-31T07:48:45Z,446,12,0,PT7M49S,UCA95T5bSGxNOAODBdbR2rYQ,DieLinke,https://www.youtube.com/watch?v=yx25Dlj2nNc
JbJ0PBFx6yQ,Magdeburger Parteitag: Kandidatur von Tobias Pflüger,2016-05-31T07:42:02Z,746,11,0,PT7M27S,UCA95T5bSGxNOAODBdbR2rYQ,DieLinke,https://www.youtube.com/watch?v=JbJ0PBFx6yQ
qkOKt76DrVY,Magdeburger Parteitag: Kandidatur von Janine Wissler,2016-05-31T07:33:06Z,3641,67,6,PT7M35S,UCA95T5bSGxNOAODBdbR2rYQ,DieLinke,https://www.youtube.com/watch?v=qkOKt76DrVY
cCQQl8pPTzw,Parteitag in Magdeburg,2016-05-31T07:13:39Z,3519,33,1,PT9M2S,UCA95T5bSGxNOAODBdbR2rYQ,DieLinke,https://www.youtube.com/watch?v=cCQQl8pPTzw
v3L93c5ZUNg,Magdeburger Parteitag: Kandidatur von Caren Lay,2016-05-31T06:14:37Z,806,16,2,PT7M25S,UCA95T5bSGxNOAODBdbR2rYQ,DieLinke,https://www.youtube.com/watch?v=v3L93c5ZUNg
fezK_DLDT-c,Magdeburger Parteitag: Kandidatur von Katja Kipping,2016-05-30T11:32:09Z,779,19,0,PT4M1S,UCA95T5bSGxNOAODBdbR2rYQ,DieLinke,https://www.youtube.com/watch?v=fezK_DLDT-c
6ixfxHrIeeE,Magdeburger Parteitag: Kandidatur von Bernd Riexinger,2016-05-30T11:31:41Z,333,11,0,PT6M41S,UCA95T5bSGxNOAODBdbR2rYQ,DieLinke,https://www.youtube.com/watch?v=6ixfxHrIeeE
tycUHlJbO-k,Magdeburger Parteitag: Rede von Susanne Henning-Wellsow,2016-05-30T10:21:55Z,2156,17,4,PT8M18S,UCA95T5bSGxNOAODBdbR2rYQ,DieLinke,https://www.youtube.com/watch?v=tycUHlJbO-k
KaLap843DPE,Magdeburger Parteitag: Grußwort von Ulrich Schneider,2016-05-30T10:11:50Z,2816,53,1,PT3M54S,UCA95T5bSGxNOAODBdbR2rYQ,DieLinke,https://www.youtube.com/watch?v=KaLap843DPE
MYoSMSdgm70,Magdeburger Parteitag: Rede von Klaus Lederer,2016-05-30T09:25:29Z,1462,19,0,PT3M49S,UCA95T5bSGxNOAODBdbR2rYQ,DieLinke,https://www.youtube.com/watch?v=MYoSMSdgm70
OdYFa_yYgWA,Magdeburger Parteitag: Rede von Helmut Holter,2016-05-30T09:20:59Z,624,14,0,PT3M31S,UCA95T5bSGxNOAODBdbR2rYQ,DieLinke,https://www.youtube.com/watch?v=OdYFa_yYgWA
uRctm6qa5i0,Magdeburger Parteitag: Rede von Özlem Alev Demirel,2016-05-30T09:16:13Z,2297,46,2,PT3M37S,UCA95T5bSGxNOAODBdbR2rYQ,DieLinke,https://www.youtube.com/watch?v=uRctm6qa5i0
RkbgZA6Lrzg,Magdeburger Parteitag: Grußwort von Aiman A. Mazyek,2016-05-30T08:42:07Z,1790,27,15,PT7M42S,UCA95T5bSGxNOAODBdbR2rYQ,DieLinke,https://www.youtube.com/watch?v=RkbgZA6Lrzg
Uc21cIPmHf0,Magdeburger Parteitag: Begrüßung durch Wilhelm Polte,2016-05-30T08:27:36Z,462,8,1,PT9M32S,UCA95T5bSGxNOAODBdbR2rYQ,DieLinke,https://www.youtube.com/watch?v=Uc21cIPmHf0
wU5r1YXdtTw,Magdeburger Parteitag: Eröffnung durch Birke Bull,2016-05-30T08:16:47Z,520,8,0,PT8M,UCA95T5bSGxNOAODBdbR2rYQ,DieLinke,https://www.youtube.com/watch?v=wU5r1YXdtTw
ZI3ZXvzJDbs,Magdeburger Parteitag: Rede von Sahra Wagenknecht,2016-05-30T05:09:42Z,29048,504,73,PT42M34S,UCA95T5bSGxNOAODBdbR2rYQ,DieLinke,https://www.youtube.com/watch?v=ZI3ZXvzJDbs
7PFVWxS3eXY,Magdeburger Parteitag: Rede von Dietmar Bartsch,2016-05-29T09:55:14Z,3283,75,6,PT25M14S,UCA95T5bSGxNOAODBdbR2rYQ,DieLinke,https://www.youtube.com/watch?v=7PFVWxS3eXY
OcLQ1efQ_Fg,Magdeburger Parteitag: Rede von Katja Kipping,2016-05-28T17:39:02Z,4882,83,17,PT37M23S,UCA95T5bSGxNOAODBdbR2rYQ,DieLinke,https://www.youtube.com/watch?v=OcLQ1efQ_Fg
RFNA19-4PKc,Magdeburger Parteitag: Rede von Bernd Riexinger,2016-05-28T16:54:51Z,3432,62,18,PT44M32S,UCA95T5bSGxNOAODBdbR2rYQ,DieLinke,https://www.youtube.com/watch?v=RFNA19-4PKc
1VTSjRsNzpU,Magdeburger Parteitag: Unsere Solidarität gilt Sahra,2016-05-28T11:05:19Z,3949,89,37,PT2M48S,UCA95T5bSGxNOAODBdbR2rYQ,DieLinke,https://www.youtube.com/watch?v=1VTSjRsNzpU
9PBf8v2m1dQ,Schmutzige Geschäfte mit der personifizierten Fluchtursache,2016-05-23T13:43:01Z,590,14,3,PT12M5S,UCA95T5bSGxNOAODBdbR2rYQ,DieLinke,https://www.youtube.com/watch?v=9PBf8v2m1dQ
ss9SLzg90Wg,9. Fest der Linken,2016-05-19T11:04:05Z,520,14,0,PT53S,UCA95T5bSGxNOAODBdbR2rYQ,DieLinke,https://www.youtube.com/watch?v=ss9SLzg90Wg
4-whszmtm6Y,»geDRUCKtes« Nr. 47 mit Gregor Gysi,2016-05-12T12:43:50Z,7571,86,6,PT1H16M1S,UCA95T5bSGxNOAODBdbR2rYQ,DieLinke,https://www.youtube.com/watch?v=4-whszmtm6Y
IEKwiQk0FUM,Wortbruch statt Durchbruch!,2016-05-11T12:42:15Z,474,27,2,PT2M34S,UCA95T5bSGxNOAODBdbR2rYQ,DieLinke,https://www.youtube.com/watch?v=IEKwiQk0FUM
pf1iD7nTo50,"Griechenland, Betriebsrenten-Zuschuss und die Krise der SPD",2016-05-09T12:58:02Z,394,18,4,PT10M57S,UCA95T5bSGxNOAODBdbR2rYQ,DieLinke,https://www.youtube.com/watch?v=pf1iD7nTo50
zBmnW4IMiDU,Für die Gleichstellung von Männern und Frauen in der Gesellschaft,2016-05-04T10:22:18Z,941,22,28,PT5M41S,UCA95T5bSGxNOAODBdbR2rYQ,DieLinke,https://www.youtube.com/watch?v=zBmnW4IMiDU
uM_DQuZG9Z4,"#ttipleaks, Boni-Gier und Sanktionen",2016-05-02T13:04:55Z,1361,61,5,PT6M43S,UCA95T5bSGxNOAODBdbR2rYQ,DieLinke,https://www.youtube.com/watch?v=uM_DQuZG9Z4
bRFG0RSfIOc,Aktionskonferenz: Vortrag von Jana Seppelt,2016-04-27T10:44:57Z,335,9,1,PT18M41S,UCA95T5bSGxNOAODBdbR2rYQ,DieLinke,https://www.youtube.com/watch?v=bRFG0RSfIOc
A1zCRQFSTj4,Aktionskonferenz: Vortrag von Ulrich Schneider,2016-04-27T10:44:38Z,348,9,0,PT33M46S,UCA95T5bSGxNOAODBdbR2rYQ,DieLinke,https://www.youtube.com/watch?v=A1zCRQFSTj4
SexCVD_B6vI,Aktionskonferenz: Vortrag von Klaus Dörre,2016-04-27T10:44:03Z,1241,14,0,PT38M14S,UCA95T5bSGxNOAODBdbR2rYQ,DieLinke,https://www.youtube.com/watch?v=SexCVD_B6vI
2hVAyqDqVr0,Aktionskonferenz: Eröffnung durch Bernd Riexinger,2016-04-27T10:40:59Z,163,11,1,PT22M27S,UCA95T5bSGxNOAODBdbR2rYQ,DieLinke,https://www.youtube.com/watch?v=2hVAyqDqVr0
xEN4oBCLlUQ,Revolution für soziale Gerechtigkeit und Demokratie!,2016-04-25T12:26:51Z,836,31,11,PT14M20S,UCA95T5bSGxNOAODBdbR2rYQ,DieLinke,https://www.youtube.com/watch?v=xEN4oBCLlUQ
SSpdn91api8,TTIP-Demo in Hannover,2016-04-23T17:03:36Z,2304,78,8,PT1M3S,UCA95T5bSGxNOAODBdbR2rYQ,DieLinke,https://www.youtube.com/watch?v=SSpdn91api8
ZyxP4FUixUQ,"Teilprivatisierung der Rente zurücknehmen, Rentenniveau anheben",2016-04-18T14:37:53Z,397,20,2,PT9M32S,UCA95T5bSGxNOAODBdbR2rYQ,DieLinke,https://www.youtube.com/watch?v=ZyxP4FUixUQ
fZFxcv4RXC0,Altersarmut: Die betrogene Generation,2016-04-12T11:04:22Z,829,54,5,PT3M54S,UCA95T5bSGxNOAODBdbR2rYQ,DieLinke,https://www.youtube.com/watch?v=fZFxcv4RXC0
UwLj8ZDkqnk,10-Punkte-Plan gegen Steueroasen: Warum erst jetzt?,2016-04-11T13:11:55Z,521,25,0,PT8M15S,UCA95T5bSGxNOAODBdbR2rYQ,DieLinke,https://www.youtube.com/watch?v=UwLj8ZDkqnk
uy5UI7A12wQ,Panama-Papers: Steueroasen endlich trockenlegen,2016-04-04T12:35:52Z,750,32,4,PT10M33S,UCA95T5bSGxNOAODBdbR2rYQ,DieLinke,https://www.youtube.com/watch?v=uy5UI7A12wQ
bVFAd29WfxI,Umbrüche in der Weltordnung und neue Kriege,2016-03-24T09:49:06Z,605,8,0,PT1H5M45S,UCA95T5bSGxNOAODBdbR2rYQ,DieLinke,https://www.youtube.com/watch?v=bVFAd29WfxI
S98CaBTpt2M,Kräfte bündeln für Frieden und globale Gerechtigkeit – Strategien für eine neue Friedensbewegung,2016-03-24T09:48:51Z,793,9,1,PT46M11S,UCA95T5bSGxNOAODBdbR2rYQ,DieLinke,https://www.youtube.com/watch?v=S98CaBTpt2M
IlXenIxa7T4,Linke Alternativen für eine neue Friedenspolitik,2016-03-24T09:48:42Z,342,7,0,PT1H4M55S,UCA95T5bSGxNOAODBdbR2rYQ,DieLinke,https://www.youtube.com/watch?v=IlXenIxa7T4
1WrTQEfLHfE,Neue Deutsche Rolle in der Welt? Zwischen Hegemonie und Zwang,2016-03-24T09:48:32Z,437,4,1,PT49M9S,UCA95T5bSGxNOAODBdbR2rYQ,DieLinke,https://www.youtube.com/watch?v=1WrTQEfLHfE
NIVlt1ZMVqk,Eröffnungsrede von Dietmar Bartsch,2016-03-24T09:48:18Z,191,3,0,PT24M57S,UCA95T5bSGxNOAODBdbR2rYQ,DieLinke,https://www.youtube.com/watch?v=NIVlt1ZMVqk
dSsu9l7KZqw,Krieg schafft keinen Frieden. Linke Strategien gegen Krieg und Terror,2016-03-24T09:47:53Z,334,6,2,PT1H54M38S,UCA95T5bSGxNOAODBdbR2rYQ,DieLinke,https://www.youtube.com/watch?v=dSsu9l7KZqw
7HeRXqh1Hxg,"Nach dem Scheitern des War on Terror – für einen New Deal gegen Krieg, Fundamentalismus und Gewalt",2016-03-24T09:47:25Z,550,13,1,PT23M38S,UCA95T5bSGxNOAODBdbR2rYQ,DieLinke,https://www.youtube.com/watch?v=7HeRXqh1Hxg
f713nW5RWFk,Guter und leistungsfähiger Öffentlicher Dienst braucht gute Löhne,2016-03-21T14:35:29Z,325,21,2,PT10M33S,UCA95T5bSGxNOAODBdbR2rYQ,DieLinke,https://www.youtube.com/watch?v=f713nW5RWFk
IX0WaBZbipM,Solidarität mit den Beschäftigten von Vaillant,2016-03-21T10:45:47Z,153,7,2,PT2M,UCA95T5bSGxNOAODBdbR2rYQ,DieLinke,https://www.youtube.com/watch?v=IX0WaBZbipM
GqMjQuwLgCQ,Wir hatten uns mehr erhofft,2016-03-14T15:26:06Z,1297,46,28,PT19M35S,UCA95T5bSGxNOAODBdbR2rYQ,DieLinke,https://www.youtube.com/watch?v=GqMjQuwLgCQ
J8doJXacnII,Kein guter Tag fürs Land,2016-03-13T18:15:57Z,2797,97,93,PT2M35S,UCA95T5bSGxNOAODBdbR2rYQ,DieLinke,https://www.youtube.com/watch?v=J8doJXacnII
DDEd6WF7BcA,"Das muss drin sein: Mehr Personal für Bildung, Pflege und Gesundheit!",2016-03-07T15:38:13Z,4309,24,14,PT20M16S,UCA95T5bSGxNOAODBdbR2rYQ,DieLinke,https://www.youtube.com/watch?v=DDEd6WF7BcA
uVuRyh4HLIo,Soziale Offensive für alle,2016-02-29T15:46:06Z,658,35,2,PT8M40S,UCA95T5bSGxNOAODBdbR2rYQ,DieLinke,https://www.youtube.com/watch?v=uVuRyh4HLIo
wE1wfsiYMUk,Das Unterlassen von Ulbig kommt einer Mittäterschaft gefährlich nahe,2016-02-22T14:17:19Z,471,24,7,PT9M59S,UCA95T5bSGxNOAODBdbR2rYQ,DieLinke,https://www.youtube.com/watch?v=wE1wfsiYMUk
6RrM8m-Aw4A,Integrationsmodell der Union heißt Spaltung,2016-02-15T13:37:35Z,590,21,3,PT5M42S,UCA95T5bSGxNOAODBdbR2rYQ,DieLinke,https://www.youtube.com/watch?v=6RrM8m-Aw4A
RPfktIoeJO8,Regierungskrise statt Flüchtlingskrise:  Asylpaket II muss sofort gestoppt werden,2016-02-08T15:57:34Z,935,34,33,PT4M47S,UCA95T5bSGxNOAODBdbR2rYQ,DieLinke,https://www.youtube.com/watch?v=RPfktIoeJO8
wNCpowZhsxU,"Sozialer Kurswechsel statt Scheinlösungen und andere Zuarbeiten für AfD, Pegida & Co.",2016-02-01T14:51:48Z,797,41,5,PT10M23S,UCA95T5bSGxNOAODBdbR2rYQ,DieLinke,https://www.youtube.com/watch?v=wNCpowZhsxU
y_Mp_PiimVI,Clara-Zetkin-Frauenpreis 2016: Schnell bewerben und gewinnen!,2016-01-26T14:41:44Z,396,18,0,PT1M27S,UCA95T5bSGxNOAODBdbR2rYQ,DieLinke,https://www.youtube.com/watch?v=y_Mp_PiimVI
spBPGNm7Avc,"Scheitern der Bundesregierung im Umgang mit Flüchtlingen wird durch jeden neuen ""Plan"" deutlich",2016-01-25T15:49:45Z,471,23,2,PT13M,UCA95T5bSGxNOAODBdbR2rYQ,DieLinke,https://www.youtube.com/watch?v=spBPGNm7Avc
74i4R_VSC1I,Linke Positionen in der Gesellschaft mehrheitsfähig machen,2016-01-22T13:22:03Z,445,31,2,PT14M,UCA95T5bSGxNOAODBdbR2rYQ,DieLinke,https://www.youtube.com/watch?v=74i4R_VSC1I
1LSDfkmt7xg,Solidarischer Umgang mit Flüchtlingen und Kampf für soziale Gerechtigkeit,2016-01-18T16:27:14Z,629,30,2,PT4M51S,UCA95T5bSGxNOAODBdbR2rYQ,DieLinke,https://www.youtube.com/watch?v=1LSDfkmt7xg
S0fB64yue7E,"""Wir haben es satt!"" Demo am 16. Januar 2016",2016-01-18T08:25:31Z,787,32,4,PT58S,UCA95T5bSGxNOAODBdbR2rYQ,DieLinke,https://www.youtube.com/watch?v=S0fB64yue7E
bD4d8PtqOgQ,"Wir brauchen einen New Deal, einen neuen Gesellschaftsvertrag gegen Krieg und Terror",2016-01-15T08:37:57Z,845,24,0,PT14M6S,UCA95T5bSGxNOAODBdbR2rYQ,DieLinke,https://www.youtube.com/watch?v=bD4d8PtqOgQ
a5vNE0b0RZ8,Asylrecht ist Menschenrecht,2016-01-14T13:55:04Z,782,21,8,PT18M41S,UCA95T5bSGxNOAODBdbR2rYQ,DieLinke,https://www.youtube.com/watch?v=a5vNE0b0RZ8
Z3F-8hkfVZo,Weihnachtsgeld für Alle,2015-12-21T14:22:26Z,865,38,7,PT10M22S,UCA95T5bSGxNOAODBdbR2rYQ,DieLinke,https://www.youtube.com/watch?v=Z3F-8hkfVZo
wW2tzCSH4BI,"Klimaschutzabkommen, Frontex, Regionalwahlen in Frankreich, Bundesparteitage von SPD und CDU",2015-12-14T16:07:21Z,344,22,1,PT15M51S,UCA95T5bSGxNOAODBdbR2rYQ,DieLinke,https://www.youtube.com/watch?v=wW2tzCSH4BI
X-AmHqeQB34,Terror lässt sich nicht weg bomben,2015-12-07T14:18:34Z,611,36,6,PT9M49S,UCA95T5bSGxNOAODBdbR2rYQ,DieLinke,https://www.youtube.com/watch?v=X-AmHqeQB34
5lqWKAwUC-M,Auftakt zur Aktionsphase »Sanktionsfreie Mindestsicherung statt Hartz IV!«,2015-12-03T14:03:05Z,674,36,5,PT50S,UCA95T5bSGxNOAODBdbR2rYQ,DieLinke,https://www.youtube.com/watch?v=5lqWKAwUC-M
QGGN3aWiLYc,Der Klimakollaps ist keine abstrakte Bedrohung mehr,2015-12-01T08:10:13Z,401,15,0,PT5M6S,UCA95T5bSGxNOAODBdbR2rYQ,DieLinke,https://www.youtube.com/watch?v=QGGN3aWiLYc
Lw_530-4gvA,Falsche Schlussfolgerungen aus 15 Jahren erfolglosem Krieg gegen den Terror,2015-12-01T08:08:13Z,390,10,3,PT4M17S,UCA95T5bSGxNOAODBdbR2rYQ,DieLinke,https://www.youtube.com/watch?v=Lw_530-4gvA
ASrycvGgPrw,Hartz IV verfestigt die Armut,2015-12-01T08:04:32Z,571,27,2,PT5M47S,UCA95T5bSGxNOAODBdbR2rYQ,DieLinke,https://www.youtube.com/watch?v=ASrycvGgPrw
8YOiIMDQ6ZA,Teilhabe ist ein Menschenrecht,2015-12-01T08:02:57Z,271,10,0,PT4M35S,UCA95T5bSGxNOAODBdbR2rYQ,DieLinke,https://www.youtube.com/watch?v=8YOiIMDQ6ZA
syfRFyoTst8,Hartz IV hat versagt,2015-12-01T08:00:50Z,2495,58,2,PT3M51S,UCA95T5bSGxNOAODBdbR2rYQ,DieLinke,https://www.youtube.com/watch?v=syfRFyoTst8
AXp1XWy7c94,Bomben und Krieg sind die falsche Antwort auf den Terror.,2015-11-23T14:41:47Z,374,25,3,PT15M36S,UCA95T5bSGxNOAODBdbR2rYQ,DieLinke,https://www.youtube.com/watch?v=AXp1XWy7c94
1T596M-q6Qw,Flucht-Umlage: Für ein solidarische und freizügige EU-Flüchtlingspolitik,2015-11-09T15:36:09Z,521,21,2,PT15M5S,UCA95T5bSGxNOAODBdbR2rYQ,DieLinke,https://www.youtube.com/watch?v=1T596M-q6Qw
U88hylpFTvw,"Paartherapie auf Koalitionsgipfel, Staatsversagen beim Schutz von Flüchtlingen",2015-11-02T14:57:36Z,660,26,7,PT14M55S,UCA95T5bSGxNOAODBdbR2rYQ,DieLinke,https://www.youtube.com/watch?v=U88hylpFTvw
mQzKIWqfRgc,Jeder Euro für Stacheldrahtzäune ist eine Bankrotterklärung der EU,2015-10-26T14:54:45Z,537,27,22,PT14M27S,UCA95T5bSGxNOAODBdbR2rYQ,DieLinke,https://www.youtube.com/watch?v=mQzKIWqfRgc
3DPXvlRD-TE,Gesellschaftliches Bündnis gegen den braunen Mob,2015-10-19T13:14:17Z,577,29,13,PT12M48S,UCA95T5bSGxNOAODBdbR2rYQ,DieLinke,https://www.youtube.com/watch?v=3DPXvlRD-TE
XP_pt6-RlfI,Zeit zu handeln statt zu hetzen,2015-10-13T08:12:31Z,433,19,4,PT12M34S,UCA95T5bSGxNOAODBdbR2rYQ,DieLinke,https://www.youtube.com/watch?v=XP_pt6-RlfI
_5Ej3cT-oLs,Anti-TTIP Demo am 10. Oktober 2015 in Berlin,2015-10-10T15:54:52Z,2990,73,7,PT1M5S,UCA95T5bSGxNOAODBdbR2rYQ,DieLinke,https://www.youtube.com/watch?v=_5Ej3cT-oLs
BPH1AlMHfNI,Der Bund muss Verfahrenskosten für Flüchtlinge übernehmen,2015-10-06T08:30:56Z,472,17,12,PT12M50S,UCA95T5bSGxNOAODBdbR2rYQ,DieLinke,https://www.youtube.com/watch?v=BPH1AlMHfNI
oftm82vJTuE,Wir brauchen Lösungen und keine Zuspitzung der Diskussionen,2015-10-05T12:45:57Z,255,21,8,PT7M29S,UCA95T5bSGxNOAODBdbR2rYQ,DieLinke,https://www.youtube.com/watch?v=oftm82vJTuE
sT5-3K3khRY,TTIP Stoppen! Demo am 10. Oktober in Berlin,2015-09-17T08:06:05Z,1001,61,7,PT2M22S,UCA95T5bSGxNOAODBdbR2rYQ,DieLinke,https://www.youtube.com/watch?v=sT5-3K3khRY
kxauFcvwBbc,"Schwarz-rote Flüchtlingspolitik: Abschrecken, abschieben, abstrafen",2015-09-14T12:59:37Z,889,32,19,PT8M27S,UCA95T5bSGxNOAODBdbR2rYQ,DieLinke,https://www.youtube.com/watch?v=kxauFcvwBbc
w_P-pflXeU4,Das muss drin sein: Auftakt zur bundesweiten Aktionswoche „Befristung und Leiharbeit stoppen!“,2015-08-31T13:09:28Z,769,39,6,PT19M4S,UCA95T5bSGxNOAODBdbR2rYQ,DieLinke,https://www.youtube.com/watch?v=w_P-pflXeU4
u-h6eViiOYc,Massives Versagen bei der Bekämpfung sozialer Nöte,2015-08-24T15:41:40Z,1030,46,11,PT14M21S,UCA95T5bSGxNOAODBdbR2rYQ,DieLinke,https://www.youtube.com/watch?v=u-h6eViiOYc
Nhsuqz7MpnE,Gegen weitere Kürzungen in Griechenland,2015-08-18T05:04:52Z,489,12,5,PT8M20S,UCA95T5bSGxNOAODBdbR2rYQ,DieLinke,https://www.youtube.com/watch?v=Nhsuqz7MpnE
Rbiv3jWfpz4,Ein klares Signal der Erzieherinnen und Sozialarbeiterinnen,2015-08-10T14:10:22Z,510,25,3,PT12M55S,UCA95T5bSGxNOAODBdbR2rYQ,DieLinke,https://www.youtube.com/watch?v=Rbiv3jWfpz4
uCpDqqlDdbs,Ermittlungen gegen netzpolitik.org statt Kampf gegen rechten Terror,2015-08-03T11:45:52Z,591,28,3,PT6M16S,UCA95T5bSGxNOAODBdbR2rYQ,DieLinke,https://www.youtube.com/watch?v=uCpDqqlDdbs
GerfnYRsDPA,Sicherheit von Flüchtlingen muss garantiert werden,2015-07-27T11:47:56Z,443,20,10,PT5M7S,UCA95T5bSGxNOAODBdbR2rYQ,DieLinke,https://www.youtube.com/watch?v=GerfnYRsDPA
ttEL4YLPajI,Refugees Welcome - Konzert am 20. Juni 2015,2015-07-21T08:16:22Z,293,15,3,PT36M29S,UCA95T5bSGxNOAODBdbR2rYQ,DieLinke,https://www.youtube.com/watch?v=ttEL4YLPajI
RsZYRiQPpKE,Für einen Neustart in Europa,2015-07-20T12:54:28Z,649,22,1,PT11M28S,UCA95T5bSGxNOAODBdbR2rYQ,DieLinke,https://www.youtube.com/watch?v=RsZYRiQPpKE
Rq3DgLhTZ6Q,Bernd Riexinger: Schäuble ist als Verhandlungsführer nicht mehr tragbar,2015-07-13T13:03:32Z,1095,48,7,PT9M17S,UCA95T5bSGxNOAODBdbR2rYQ,DieLinke,https://www.youtube.com/watch?v=Rq3DgLhTZ6Q
zhDJAHWeLU8,Bielefelder Parteitag: Diskussion zum Bedingungslosen Grundeinkommen,2015-07-08T07:55:35Z,3085,43,17,PT4H51M40S,UCA95T5bSGxNOAODBdbR2rYQ,DieLinke,https://www.youtube.com/watch?v=zhDJAHWeLU8
u3RKq1M35Q4,Deutliches OXI zur Todsparpolitik,2015-07-07T11:31:11Z,1124,45,15,PT10M37S,UCA95T5bSGxNOAODBdbR2rYQ,DieLinke,https://www.youtube.com/watch?v=u3RKq1M35Q4
7TAaUskMCC0,Kurswechsel oder Anfang vom Ende der Eurozone,2015-06-30T09:17:49Z,483,27,6,PT8M4S,UCA95T5bSGxNOAODBdbR2rYQ,DieLinke,https://www.youtube.com/watch?v=7TAaUskMCC0
tMOL-J0gCgg,Kanzlerin des Euro-Zusammenbruchs?,2015-06-30T09:10:22Z,2803,73,17,PT7M33S,UCA95T5bSGxNOAODBdbR2rYQ,DieLinke,https://www.youtube.com/watch?v=tMOL-J0gCgg
BHjkkr66SqA,Scharfe Kritik am Umgang mit griechischer Regierung,2015-06-23T07:08:16Z,688,24,1,PT10M33S,UCA95T5bSGxNOAODBdbR2rYQ,DieLinke,https://www.youtube.com/watch?v=BHjkkr66SqA
Yxp5TsrAsn4,Weltflüchtlingstag 2015,2015-06-22T13:38:41Z,451,19,1,PT4M52S,UCA95T5bSGxNOAODBdbR2rYQ,DieLinke,https://www.youtube.com/watch?v=Yxp5TsrAsn4
JObTfLAo5Gs,»geDRUCKtes« am 22. Juni mit Ursula Werner,2015-06-19T08:30:14Z,570,5,0,PT32S,UCA95T5bSGxNOAODBdbR2rYQ,DieLinke,https://www.youtube.com/watch?v=JObTfLAo5Gs
E6ltpufjTtY,Bielefelder Parteitag: Inge Hannemann,2015-06-19T06:01:04Z,818,29,3,PT6M9S,UCA95T5bSGxNOAODBdbR2rYQ,DieLinke,https://www.youtube.com/watch?v=E6ltpufjTtY
RbQYenpyfhI,Bielefelder Parteitag: Angelika Gramkow,2015-06-19T05:59:34Z,576,9,0,PT6M53S,UCA95T5bSGxNOAODBdbR2rYQ,DieLinke,https://www.youtube.com/watch?v=RbQYenpyfhI
K1cQLKCcU8E,Bielefelder Parteitag: Michael Faber,2015-06-19T05:51:27Z,185,2,0,PT6M27S,UCA95T5bSGxNOAODBdbR2rYQ,DieLinke,https://www.youtube.com/watch?v=K1cQLKCcU8E
gAob2c_jPjs,Pressekonferenz mit Katja Kipping und Bernd Riexinger,2015-06-15T13:53:14Z,296,19,0,PT6M38S,UCA95T5bSGxNOAODBdbR2rYQ,DieLinke,https://www.youtube.com/watch?v=gAob2c_jPjs
3TWu6S79Poo,Macht aus alledem was draus!,2015-06-11T09:08:38Z,2983,80,10,PT51M21S,UCA95T5bSGxNOAODBdbR2rYQ,DieLinke,https://www.youtube.com/watch?v=3TWu6S79Poo
_sn42XIM0dg,Aktionswoche: bundesweit und flächendeckend,2015-06-09T07:39:49Z,274,10,0,PT23M38S,UCA95T5bSGxNOAODBdbR2rYQ,DieLinke,https://www.youtube.com/watch?v=_sn42XIM0dg
IWjkvFVpgTQ,Bielefelder Parteitag: Hans Modrow,2015-06-09T03:08:14Z,1670,13,2,PT15M44S,UCA95T5bSGxNOAODBdbR2rYQ,DieLinke,https://www.youtube.com/watch?v=IWjkvFVpgTQ
3wmZpfWo9AQ,Bielefelder Parteitag: Sahra Wagenknecht,2015-06-09T02:01:36Z,18664,408,29,PT9M42S,UCA95T5bSGxNOAODBdbR2rYQ,DieLinke,https://www.youtube.com/watch?v=3wmZpfWo9AQ
B5piKtGAmp8,Bielefelder Parteitag: Dietmar Bartsch,2015-06-08T23:49:43Z,1340,26,4,PT6M50S,UCA95T5bSGxNOAODBdbR2rYQ,DieLinke,https://www.youtube.com/watch?v=B5piKtGAmp8
lZo56PQdsdk,Bielefelder Parteitag: Petra Pau,2015-06-08T22:13:53Z,1309,19,3,PT3M34S,UCA95T5bSGxNOAODBdbR2rYQ,DieLinke,https://www.youtube.com/watch?v=lZo56PQdsdk
TqOUNxcZRQI,Bielefelder Parteitag: Thomas Nord,2015-06-08T21:55:55Z,198,4,0,PT5M41S,UCA95T5bSGxNOAODBdbR2rYQ,DieLinke,https://www.youtube.com/watch?v=TqOUNxcZRQI
Ch5zj2X2qLI,Bielefelder Parteitag: Thomas Nord,2015-06-08T21:25:38Z,174,3,0,PT5M56S,UCA95T5bSGxNOAODBdbR2rYQ,DieLinke,https://www.youtube.com/watch?v=Ch5zj2X2qLI
14VS90w3-RE,Bielefelder Parteitag: Ralf Krämer,2015-06-08T20:48:33Z,702,11,4,PT11M49S,UCA95T5bSGxNOAODBdbR2rYQ,DieLinke,https://www.youtube.com/watch?v=14VS90w3-RE
aVy0e-hGOr8,Bielefelder Parteitag: Stefan Wolf,2015-06-08T19:40:52Z,1192,16,3,PT12M27S,UCA95T5bSGxNOAODBdbR2rYQ,DieLinke,https://www.youtube.com/watch?v=aVy0e-hGOr8
aYr_CT78IBY,Bielefelder Parteitag: Bernd Riexinger,2015-06-07T10:32:42Z,2647,39,5,PT45M9S,UCA95T5bSGxNOAODBdbR2rYQ,DieLinke,https://www.youtube.com/watch?v=aYr_CT78IBY
ai9Wwn0BSfI,Bielefelder Parteitag: Reiner Hoffmann,2015-06-07T06:15:32Z,687,9,1,PT21M12S,UCA95T5bSGxNOAODBdbR2rYQ,DieLinke,https://www.youtube.com/watch?v=ai9Wwn0BSfI
qBuHXuUBbqg,Bielefelder Parteitag: Matthias Höhn,2015-06-07T06:15:22Z,597,9,2,PT9M20S,UCA95T5bSGxNOAODBdbR2rYQ,DieLinke,https://www.youtube.com/watch?v=qBuHXuUBbqg
cqb77sO3sYs,Bielefelder Parteitag: Özlem Alev Demirel,2015-06-07T06:15:15Z,1111,15,0,PT6M25S,UCA95T5bSGxNOAODBdbR2rYQ,DieLinke,https://www.youtube.com/watch?v=cqb77sO3sYs
PrGXZz6V0Ms,Bielefelder Parteitag: Pit Clausen,2015-06-07T06:15:06Z,1383,15,1,PT5M28S,UCA95T5bSGxNOAODBdbR2rYQ,DieLinke,https://www.youtube.com/watch?v=PrGXZz6V0Ms
e1nRpdo98Wc,Bielefelder Parteitag: Bodo Ramelow,2015-06-07T06:15:00Z,4421,89,9,PT13M53S,UCA95T5bSGxNOAODBdbR2rYQ,DieLinke,https://www.youtube.com/watch?v=e1nRpdo98Wc
XUL74kfJqjc,Bielefelder Parteitag: Katja Kipping,2015-06-07T06:14:54Z,4946,70,11,PT30M35S,UCA95T5bSGxNOAODBdbR2rYQ,DieLinke,https://www.youtube.com/watch?v=XUL74kfJqjc
XuSw55EPte4,Kampf gegen Kinderarmut hat oberste Priorität,2015-06-01T12:27:17Z,591,20,3,PT7M15S,UCA95T5bSGxNOAODBdbR2rYQ,DieLinke,https://www.youtube.com/watch?v=XuSw55EPte4
QpO6LjGJboo,"Aufruf zur Demo »Schöner leben ohne Nazis, Vielfalt ist unsere Zukunft«",2015-05-27T11:39:35Z,456,21,17,PT46S,UCA95T5bSGxNOAODBdbR2rYQ,DieLinke,https://www.youtube.com/watch?v=QpO6LjGJboo
T6bg2ADWrs4,"Katja Kipping und Bernd Riexinger laden ein zum ""Forum der Alternativen""",2015-05-20T12:04:42Z,529,16,3,PT1M14S,UCA95T5bSGxNOAODBdbR2rYQ,DieLinke,https://www.youtube.com/watch?v=T6bg2ADWrs4
4sQNzmiiyFY,"""Befreiung - was sonst?!"" - Podiumsdiskussion ""Kampf gegen Rechtsextremismus""",2015-05-20T11:43:24Z,548,6,3,PT25M49S,UCA95T5bSGxNOAODBdbR2rYQ,DieLinke,https://www.youtube.com/watch?v=4sQNzmiiyFY
zdZHP7j1mNk,"""Befreiung - was sonst?!""  - Feierliche Ehrung von AntifaschistInnen",2015-05-20T11:35:21Z,234,5,0,PT9M36S,UCA95T5bSGxNOAODBdbR2rYQ,DieLinke,https://www.youtube.com/watch?v=zdZHP7j1mNk
7TOdqeMBha8,"""Befreiung - was sonst?!"" - Szenische Lesung",2015-05-20T11:34:30Z,236,3,1,PT25M5S,UCA95T5bSGxNOAODBdbR2rYQ,DieLinke,https://www.youtube.com/watch?v=7TOdqeMBha8
s60OphBPEKg,Kristina Vogt: „Wir sind unwahrscheinlich glücklich!“,2015-05-12T13:08:01Z,515,21,0,PT14M52S,UCA95T5bSGxNOAODBdbR2rYQ,DieLinke,https://www.youtube.com/watch?v=s60OphBPEKg
VLF3py4xTBE,DIE LINKE ist die Gewinnerin des Abends,2015-05-11T06:48:14Z,662,31,1,PT4M20S,UCA95T5bSGxNOAODBdbR2rYQ,DieLinke,https://www.youtube.com/watch?v=VLF3py4xTBE
A7PrCsIFVqI,BND-Skandal: Jede weitere Verzögerung der Aufklärung ist inakzeptabel,2015-05-04T13:26:55Z,770,37,5,PT5M39S,UCA95T5bSGxNOAODBdbR2rYQ,DieLinke,https://www.youtube.com/watch?v=A7PrCsIFVqI
2ZmHUW2CGdw,"Ökologisch, lustvoll und demokratisch – Zur Zukunft des Sozialismus im 21. Jahrhundert",2015-05-02T19:17:02Z,1575,16,0,PT1H47M55S,UCA95T5bSGxNOAODBdbR2rYQ,DieLinke,https://www.youtube.com/watch?v=2ZmHUW2CGdw
rQrMlENN-xg,"Die nächste LINKE. Erfahrungen, Experimente, Visionen",2015-05-02T19:15:38Z,535,4,5,PT1H54M39S,UCA95T5bSGxNOAODBdbR2rYQ,DieLinke,https://www.youtube.com/watch?v=rQrMlENN-xg
VbankuSFTNo,Recht auf Stadt. Städte der Zukunft,2015-05-02T19:13:17Z,978,8,1,PT1H57M14S,UCA95T5bSGxNOAODBdbR2rYQ,DieLinke,https://www.youtube.com/watch?v=VbankuSFTNo
AK1p5IWKYw8,"Sattes Grün und kräftiges Rot. Kann zusammen wachsen, was zusammen gehört?",2015-05-02T19:10:42Z,757,11,3,PT2H9M24S,UCA95T5bSGxNOAODBdbR2rYQ,DieLinke,https://www.youtube.com/watch?v=AK1p5IWKYw8
gtiWurpM8nA,Am 28. April wurde die neue Kampagne der LINKEN „Das muss drin sein“ der Öffentlichkeit vorgestellt.,2015-05-02T11:17:41Z,546,14,0,PT20M31S,UCA95T5bSGxNOAODBdbR2rYQ,DieLinke,https://www.youtube.com/watch?v=gtiWurpM8nA
9zciT9ZGJa0,"Alternativen zur Krise der Repräsent.: Demokratie neu erfinden zw. Räten, Internet & Streikrecht",2015-04-30T11:58:27Z,449,10,0,PT1H25M23S,UCA95T5bSGxNOAODBdbR2rYQ,DieLinke,https://www.youtube.com/watch?v=9zciT9ZGJa0
YqJY5sNQ9ZI,Digitalisierung von Arbeit demokratisch gestalten,2015-04-30T11:42:17Z,584,11,1,PT1H56M24S,UCA95T5bSGxNOAODBdbR2rYQ,DieLinke,https://www.youtube.com/watch?v=YqJY5sNQ9ZI
C48U8fH-CUY,"Zukunft der sozialen Sicherung: sicher, sozial gerecht und geschlechtergerecht gestalten",2015-04-30T11:32:34Z,1008,14,0,PT2H6M39S,UCA95T5bSGxNOAODBdbR2rYQ,DieLinke,https://www.youtube.com/watch?v=C48U8fH-CUY
SOsc1w6WkPw,Das muss drin sein - Video zur Kampagne der Partei DIE LINKE,2015-04-28T08:28:32Z,17993,221,43,PT2M34S,UCA95T5bSGxNOAODBdbR2rYQ,DieLinke,https://www.youtube.com/watch?v=SOsc1w6WkPw
KStivMNdbxE,Die kommende Demokratie: Sozialismus 2.0,2015-04-24T18:45:42Z,9547,179,12,PT40M14S,UCA95T5bSGxNOAODBdbR2rYQ,DieLinke,https://www.youtube.com/watch?v=KStivMNdbxE
E4wtOvpD-Us,Flüchtlinge: Peinliche Debatte um Kostenübernahme beenden!,2015-04-14T08:37:34Z,621,17,2,PT11M27S,UCA95T5bSGxNOAODBdbR2rYQ,DieLinke,https://www.youtube.com/watch?v=E4wtOvpD-Us
si-nEBPN-Xk,Europa: Hoffnung und Krise,2015-03-30T12:50:15Z,378,13,1,PT9M3S,UCA95T5bSGxNOAODBdbR2rYQ,DieLinke,https://www.youtube.com/watch?v=si-nEBPN-Xk
y-QysBk3-MI,Tsipras-Besuch in Berlin: Hoffnung auf mehr Verständnis und Respekt,2015-03-24T15:35:16Z,401,25,3,PT8M15S,UCA95T5bSGxNOAODBdbR2rYQ,DieLinke,https://www.youtube.com/watch?v=y-QysBk3-MI
cTpLPxY42e4,EU-Armee: Militärische Blockbildung statt notwendiger Entspannungspolitik,2015-03-10T13:47:17Z,917,32,2,PT7M9S,UCA95T5bSGxNOAODBdbR2rYQ,DieLinke,https://www.youtube.com/watch?v=cTpLPxY42e4
FMflRSwYD3E,Linke Woche der Zukunft,2015-03-05T08:31:18Z,5157,73,12,PT4M59S,UCA95T5bSGxNOAODBdbR2rYQ,DieLinke,https://www.youtube.com/watch?v=FMflRSwYD3E
EqZ_CZVgIzk,Clara-Zetkin-Frauenpreis 2015,2015-03-03T09:07:27Z,838,15,1,PT2M20S,UCA95T5bSGxNOAODBdbR2rYQ,DieLinke,https://www.youtube.com/watch?v=EqZ_CZVgIzk
nLvf7-16YbM,Entgeltgleichheit: Geduldete Diskriminierung beenden,2015-03-02T13:16:57Z,332,13,3,PT5M39S,UCA95T5bSGxNOAODBdbR2rYQ,DieLinke,https://www.youtube.com/watch?v=nLvf7-16YbM
ptLzkQ-6cEU,SYRIZA handelt verantwortungsbewusst,2015-02-23T13:29:45Z,630,23,2,PT12M4S,UCA95T5bSGxNOAODBdbR2rYQ,DieLinke,https://www.youtube.com/watch?v=ptLzkQ-6cEU
UXNz-Ob4AJU,Die Europäische Linke ist sich einig in der Unterstützung von Syriza,2015-02-19T14:01:30Z,320,16,0,PT11M18S,UCA95T5bSGxNOAODBdbR2rYQ,DieLinke,https://www.youtube.com/watch?v=UXNz-Ob4AJU
903_ns8d4gs,Besonders die Frauen und die Jugendlichen sind von der Krise betroffen,2015-02-19T14:00:04Z,257,10,1,PT12M22S,UCA95T5bSGxNOAODBdbR2rYQ,DieLinke,https://www.youtube.com/watch?v=903_ns8d4gs
4D_Cn-v2bwc,In ganz Europa für eine neue Politik eintreten,2015-02-19T13:58:54Z,237,10,0,PT9M22S,UCA95T5bSGxNOAODBdbR2rYQ,DieLinke,https://www.youtube.com/watch?v=4D_Cn-v2bwc
RVBJdGkdc9Q,"Es gibt keinen Grund, nicht zu einer Einigung zu kommen",2015-02-19T13:57:39Z,345,8,1,PT10M42S,UCA95T5bSGxNOAODBdbR2rYQ,DieLinke,https://www.youtube.com/watch?v=RVBJdGkdc9Q
LVkEVAnCxGc,Linke hat Grund zur Freude,2015-02-17T13:11:59Z,199,5,2,PT3M37S,UCA95T5bSGxNOAODBdbR2rYQ,DieLinke,https://www.youtube.com/watch?v=LVkEVAnCxGc
iSfo8KNaWGA,LINKE bleibt konsequente Kraft für soziale Gerechtigkeit,2015-02-16T17:59:10Z,657,26,2,PT12M16S,UCA95T5bSGxNOAODBdbR2rYQ,DieLinke,https://www.youtube.com/watch?v=iSfo8KNaWGA
7z8ciq180Ig,Falken in den USA nicht nachgeben,2015-02-09T16:00:56Z,861,24,2,PT17M29S,UCA95T5bSGxNOAODBdbR2rYQ,DieLinke,https://www.youtube.com/watch?v=7z8ciq180Ig
DsJQrVjUzqU,Katja Kipping eröffnet die Bundesfrauenkonferenz 2015 in Hannover,2015-02-03T14:58:08Z,508,11,1,PT18M51S,UCA95T5bSGxNOAODBdbR2rYQ,DieLinke,https://www.youtube.com/watch?v=DsJQrVjUzqU
aa2WahaV9B8,Griechenland: Kurs der Alternativen unterstützen,2015-02-03T14:08:55Z,754,19,2,PT10M50S,UCA95T5bSGxNOAODBdbR2rYQ,DieLinke,https://www.youtube.com/watch?v=aa2WahaV9B8
dmrs5AAKgIk,"Der Riss in Europa läuft zwischen Oben und Unten, nicht zwischen den Völkern.",2015-01-29T12:52:34Z,525,18,1,PT17M1S,UCA95T5bSGxNOAODBdbR2rYQ,DieLinke,https://www.youtube.com/watch?v=dmrs5AAKgIk
Mh5bbWlmuG0,"Wir brauchen eine Bewegung gegen die Prekarisierung, nicht gegen die Islamisierung des Abendlandes!",2015-01-29T10:01:17Z,2196,44,10,PT14M17S,UCA95T5bSGxNOAODBdbR2rYQ,DieLinke,https://www.youtube.com/watch?v=Mh5bbWlmuG0
j8DwrA0obOw,"Pressestatement von Bernd Riexinger, Parteivorsitzender",2015-01-26T15:35:42Z,707,23,1,PT12M38S,UCA95T5bSGxNOAODBdbR2rYQ,DieLinke,https://www.youtube.com/watch?v=j8DwrA0obOw
i8r-7qAytmI,Bernd Riexinger wünscht SYRIZA viel Erfolg,2015-01-23T11:44:02Z,677,29,1,PT34S,UCA95T5bSGxNOAODBdbR2rYQ,DieLinke,https://www.youtube.com/watch?v=i8r-7qAytmI
GFnpfmf49Ac,Verteilungsungerechtigkeit gefährdet sozialen Frieden,2015-01-19T13:16:06Z,553,21,1,PT6M58S,UCA95T5bSGxNOAODBdbR2rYQ,DieLinke,https://www.youtube.com/watch?v=GFnpfmf49Ac
8QUCXaJybDI,Freiheit nicht für trügerische Sicherheit opfern,2015-01-12T13:38:55Z,550,20,0,PT10M39S,UCA95T5bSGxNOAODBdbR2rYQ,DieLinke,https://www.youtube.com/watch?v=8QUCXaJybDI
2Bh0Q_gLLdM,Sozialstaat statt Hartz IV,2015-01-02T12:05:09Z,11165,283,17,PT14M,UCA95T5bSGxNOAODBdbR2rYQ,DieLinke,https://www.youtube.com/watch?v=2Bh0Q_gLLdM
VYgyHiWhAAY,Ein sozialpolitischer Neustart statt Kosmetik an Hartz IV,2015-01-02T11:49:53Z,3507,77,4,PT7M56S,UCA95T5bSGxNOAODBdbR2rYQ,DieLinke,https://www.youtube.com/watch?v=VYgyHiWhAAY
0BKsGIyfAZ0,Demokratische Parteien müssen sich klar gegen Fremdenfeindlichkeit und Rassismus abgrenzen,2014-12-15T13:29:44Z,733,31,4,PT5M44S,UCA95T5bSGxNOAODBdbR2rYQ,DieLinke,https://www.youtube.com/watch?v=0BKsGIyfAZ0
zE1BzfvTxz4,Wort halten: Mindestlohn zahlen,2014-12-08T13:48:23Z,675,27,3,PT14M29S,UCA95T5bSGxNOAODBdbR2rYQ,DieLinke,https://www.youtube.com/watch?v=zE1BzfvTxz4
02-HhHbGnok,LINKE für anonymisierte Bewerbungsverfahren,2014-12-01T15:40:18Z,1121,33,1,PT8M28S,UCA95T5bSGxNOAODBdbR2rYQ,DieLinke,https://www.youtube.com/watch?v=02-HhHbGnok
sl3NprHrXEE,Einladung zum Perspektiven-Tausch,2014-12-01T15:21:40Z,482,19,0,PT6M21S,UCA95T5bSGxNOAODBdbR2rYQ,DieLinke,https://www.youtube.com/watch?v=sl3NprHrXEE
5AdtV-oFu4A,Schutz und Perspektiven für Flüchtlinge,2014-11-24T13:41:09Z,464,11,1,PT10M19S,UCA95T5bSGxNOAODBdbR2rYQ,DieLinke,https://www.youtube.com/watch?v=5AdtV-oFu4A
NMWMPWVP6Oo,Die Chance für Thüringen wurde genutzt,2014-11-21T08:26:57Z,533,27,4,PT4M45S,UCA95T5bSGxNOAODBdbR2rYQ,DieLinke,https://www.youtube.com/watch?v=NMWMPWVP6Oo
Ap2vVmzzuB8,Diesem Appell schließe ich mich an,2014-11-17T11:56:26Z,922,21,2,PT11M24S,UCA95T5bSGxNOAODBdbR2rYQ,DieLinke,https://www.youtube.com/watch?v=Ap2vVmzzuB8
CWayxBM71XM,TTIP: Politisch motivierte Entscheidung rückgängig machen,2014-11-10T13:16:19Z,668,28,6,PT7M18S,UCA95T5bSGxNOAODBdbR2rYQ,DieLinke,https://www.youtube.com/watch?v=CWayxBM71XM
LtdavQmE9lo,Gauck weicht eklatant von Neutralitätsgebot ab,2014-11-03T13:02:17Z,1735,50,16,PT6M12S,UCA95T5bSGxNOAODBdbR2rYQ,DieLinke,https://www.youtube.com/watch?v=LtdavQmE9lo
3Vs-SFkVqcU,LINKS im Amt,2014-11-03T12:46:46Z,618,21,0,PT33M33S,UCA95T5bSGxNOAODBdbR2rYQ,DieLinke,https://www.youtube.com/watch?v=3Vs-SFkVqcU
hUhMPXPqneo,Banken-Stresstest ist kein Anlass zur Entwarnung,2014-10-27T13:20:51Z,423,13,2,PT7M45S,UCA95T5bSGxNOAODBdbR2rYQ,DieLinke,https://www.youtube.com/watch?v=hUhMPXPqneo
61gGbzYuNa4,Friedliche Maßnahmen umgehend einleiten,2014-10-20T12:49:46Z,1051,21,3,PT8M20S,UCA95T5bSGxNOAODBdbR2rYQ,DieLinke,https://www.youtube.com/watch?v=61gGbzYuNa4
OTOfUMrj5RU,"""Schwarze Null"" darf kein Dogma sein",2014-10-15T11:32:03Z,296,9,2,PT4M15S,UCA95T5bSGxNOAODBdbR2rYQ,DieLinke,https://www.youtube.com/watch?v=OTOfUMrj5RU
1tPKcKHy2Ic,Aufgabe der Bundeswehr ist die Landesverteidigung,2014-10-15T11:31:00Z,828,15,0,PT2M59S,UCA95T5bSGxNOAODBdbR2rYQ,DieLinke,https://www.youtube.com/watch?v=1tPKcKHy2Ic
n4j1WGEvFGc,Die Kreise sind das Fundament linker Politik,2014-09-23T10:45:29Z,879,15,0,PT21M35S,UCA95T5bSGxNOAODBdbR2rYQ,DieLinke,https://www.youtube.com/watch?v=n4j1WGEvFGc
f4xkCurGPBw,Mit dieser Kampagne können wir ein gesellschaftliches Thema setzen,2014-09-23T10:43:28Z,484,14,0,PT27M11S,UCA95T5bSGxNOAODBdbR2rYQ,DieLinke,https://www.youtube.com/watch?v=f4xkCurGPBw
CcW7uZITUgc,"Dieses Wochenende zeigt, wo unsere Baustellen sind",2014-09-23T10:41:47Z,222,7,0,PT7M44S,UCA95T5bSGxNOAODBdbR2rYQ,DieLinke,https://www.youtube.com/watch?v=CcW7uZITUgc
voxmZBtIS30,Vereinte Nationen müssen das Heft des Handelns in die Hand nehmen,2014-09-22T12:09:31Z,380,9,1,PT5M28S,UCA95T5bSGxNOAODBdbR2rYQ,DieLinke,https://www.youtube.com/watch?v=voxmZBtIS30
tDJGHhG84vU,"Ein herausragendes Ergebnis in Thüringen, ein Dämpfer in Brandenburg",2014-09-16T13:22:22Z,221,12,0,PT3M56S,UCA95T5bSGxNOAODBdbR2rYQ,DieLinke,https://www.youtube.com/watch?v=tDJGHhG84vU
Y_csaq4SyCE,"Ein großer Erfolg für die Thüringer, in Brandenburg könnte Rot-Rot weitermachen",2014-09-16T13:20:58Z,252,7,1,PT3M32S,UCA95T5bSGxNOAODBdbR2rYQ,DieLinke,https://www.youtube.com/watch?v=Y_csaq4SyCE
QJWmsPbzq6s,Katja Kipping lädt zum Fest der Linken ein,2014-09-16T06:31:09Z,1868,29,1,PT1M12S,UCA95T5bSGxNOAODBdbR2rYQ,DieLinke,https://www.youtube.com/watch?v=QJWmsPbzq6s
iJwqUm0W6qQ,Bodo Ramelow nach der Landtagswahl,2014-09-15T14:11:53Z,2466,49,13,PT4M51S,UCA95T5bSGxNOAODBdbR2rYQ,DieLinke,https://www.youtube.com/watch?v=iJwqUm0W6qQ
d-9nEqEhuw8,Bernd Riexinger nach den Landtagswahlen,2014-09-15T14:09:56Z,433,14,1,PT2M34S,UCA95T5bSGxNOAODBdbR2rYQ,DieLinke,https://www.youtube.com/watch?v=d-9nEqEhuw8
fYFssqDSp38,Katja Kipping nach den Landtagswahlen,2014-09-15T14:08:47Z,1031,27,1,PT2M6S,UCA95T5bSGxNOAODBdbR2rYQ,DieLinke,https://www.youtube.com/watch?v=fYFssqDSp38
IaUDN5e0a1Q,Christian Görke nach der Landtagswahl,2014-09-15T14:05:00Z,516,11,2,PT2M41S,UCA95T5bSGxNOAODBdbR2rYQ,DieLinke,https://www.youtube.com/watch?v=IaUDN5e0a1Q
FXorE3egMic,Mit voller Kraft auf die Zielgerade,2014-09-08T12:15:51Z,316,12,0,PT6M19S,UCA95T5bSGxNOAODBdbR2rYQ,DieLinke,https://www.youtube.com/watch?v=FXorE3egMic
vvW_Pwib0io,Der Wählerauftrag heißt konsequente Opposition zu sein,2014-09-01T17:42:15Z,291,15,1,PT1M49S,UCA95T5bSGxNOAODBdbR2rYQ,DieLinke,https://www.youtube.com/watch?v=vvW_Pwib0io
35UC6d5CW3Y,Wir sind zufrieden mit dem Wahlergebnis der LINKEN,2014-09-01T17:04:33Z,523,13,0,PT3M26S,UCA95T5bSGxNOAODBdbR2rYQ,DieLinke,https://www.youtube.com/watch?v=35UC6d5CW3Y
fE5efvk4Rms,Die CDU hat auf die Demobilisierung der Wähler gesetzt,2014-09-01T16:47:32Z,296,14,0,PT2M16S,UCA95T5bSGxNOAODBdbR2rYQ,DieLinke,https://www.youtube.com/watch?v=fE5efvk4Rms
IcUWecMkZxc,In Thüringen gibt es eine Zuspitzung zwischen der CDU-Kandidatin und Bodo Ramelow,2014-09-01T16:47:21Z,1086,16,0,PT1M20S,UCA95T5bSGxNOAODBdbR2rYQ,DieLinke,https://www.youtube.com/watch?v=IcUWecMkZxc
eH9GenoJjS0,DIE LINKE war und ist die einzige politische Alternative in Sachsen,2014-08-31T17:26:50Z,334,11,1,PT3M19S,UCA95T5bSGxNOAODBdbR2rYQ,DieLinke,https://www.youtube.com/watch?v=eH9GenoJjS0
qObAI4IlrRQ,Auch weiterhin eine kompromisslose Opposition,2014-08-31T17:25:46Z,382,9,1,PT1M28S,UCA95T5bSGxNOAODBdbR2rYQ,DieLinke,https://www.youtube.com/watch?v=qObAI4IlrRQ
kIU5PZdUsXk,Niedrige Wahlbeteiligung hat der Demokratie nicht gut getan,2014-08-31T17:24:14Z,651,12,3,PT2M42S,UCA95T5bSGxNOAODBdbR2rYQ,DieLinke,https://www.youtube.com/watch?v=kIU5PZdUsXk
6NIsQcOB8BQ,In Deutschland gären tiefliegende Probleme,2014-08-27T12:40:54Z,964,36,1,PT4M16S,UCA95T5bSGxNOAODBdbR2rYQ,DieLinke,https://www.youtube.com/watch?v=6NIsQcOB8BQ
TOA1LZi135w,Die richtige Mischung von Protest und Gestaltung,2014-08-27T12:39:29Z,1186,42,5,PT5M4S,UCA95T5bSGxNOAODBdbR2rYQ,DieLinke,https://www.youtube.com/watch?v=TOA1LZi135w
9dxCvGgqOSA,Sieben Elemente für ein Reformprojekt,2014-08-27T12:38:30Z,557,18,2,PT8M40S,UCA95T5bSGxNOAODBdbR2rYQ,DieLinke,https://www.youtube.com/watch?v=9dxCvGgqOSA
N5Zy86PI7PQ,Höchste Zeit für Renteneinheit,2014-08-20T12:46:26Z,343,17,5,PT13M2S,UCA95T5bSGxNOAODBdbR2rYQ,DieLinke,https://www.youtube.com/watch?v=N5Zy86PI7PQ
FSvXG6FonLA,Ein dritter Irak-Krieg ist keine Lösung,2014-08-11T12:47:10Z,1133,27,14,PT9M22S,UCA95T5bSGxNOAODBdbR2rYQ,DieLinke,https://www.youtube.com/watch?v=FSvXG6FonLA
mUGWLJnmkoU,Betreuungsgeld ist so schlecht wie vermutet,2014-07-28T12:11:21Z,594,32,2,PT4M47S,UCA95T5bSGxNOAODBdbR2rYQ,DieLinke,https://www.youtube.com/watch?v=mUGWLJnmkoU
QKQVeiFKogU,Fest der Linken,2014-07-21T12:50:50Z,5063,0,0,PT1M41S,UCA95T5bSGxNOAODBdbR2rYQ,DieLinke,https://www.youtube.com/watch?v=QKQVeiFKogU
-TxdEjRJAV0,Mindestlohn: GroKo macht Ausnahmen zur Regel,2014-06-30T12:23:13Z,1010,32,8,PT10M56S,UCA95T5bSGxNOAODBdbR2rYQ,DieLinke,https://www.youtube.com/watch?v=-TxdEjRJAV0
j5PtBlF89sQ,Charly im Krankenhaus,2014-06-30T10:21:48Z,1550,27,0,PT2M54S,UCA95T5bSGxNOAODBdbR2rYQ,DieLinke,https://www.youtube.com/watch?v=j5PtBlF89sQ
5NbEhIpHiIo,Charly im Krankenhaus,2014-06-25T09:36:00Z,1342,51,3,PT2M54S,UCA95T5bSGxNOAODBdbR2rYQ,DieLinke,https://www.youtube.com/watch?v=5NbEhIpHiIo
--ZB02_PASo,Menschenrechte lassen sich nicht mit Waffengewalt erzwingen,2014-06-16T12:02:19Z,784,38,3,PT4M38S,UCA95T5bSGxNOAODBdbR2rYQ,DieLinke,https://www.youtube.com/watch?v=--ZB02_PASo
-el8vS2RCmg,Mach mit beim CSD,2014-05-31T16:38:59Z,2582,68,28,PT1M45S,UCA95T5bSGxNOAODBdbR2rYQ,DieLinke,https://www.youtube.com/watch?v=-el8vS2RCmg
fwm_6o72_ko,Erste Runde des Runden Tisches mit Greenpeace beendet,2014-05-27T13:34:06Z,3191,41,23,PT2M43S,UCA95T5bSGxNOAODBdbR2rYQ,DieLinke,https://www.youtube.com/watch?v=fwm_6o72_ko
vjioJcAwMeY,Ein reales Plus von 200.000 Wählerstimmen,2014-05-26T13:39:31Z,773,29,2,PT4M13S,UCA95T5bSGxNOAODBdbR2rYQ,DieLinke,https://www.youtube.com/watch?v=vjioJcAwMeY
3Wdm8_88Blw,CSU und FDP sind die Verlierer dieser Wahl,2014-05-26T13:38:21Z,1918,33,1,PT3M29S,UCA95T5bSGxNOAODBdbR2rYQ,DieLinke,https://www.youtube.com/watch?v=3Wdm8_88Blw
8VkHPR1EYc4,Die Linken aus Deutschland und Europa sind gestärkt im Europaparlament,2014-05-26T13:37:40Z,694,16,1,PT6M4S,UCA95T5bSGxNOAODBdbR2rYQ,DieLinke,https://www.youtube.com/watch?v=8VkHPR1EYc4
UD0u0mu2bFM,Das Ergebnis zeigt eine Stabilisierung der LINKEN,2014-05-26T13:36:40Z,608,19,9,PT5M44S,UCA95T5bSGxNOAODBdbR2rYQ,DieLinke,https://www.youtube.com/watch?v=UD0u0mu2bFM
X5ZcgAAxVYU,Soziale Gerechtigkeit hier und in Europa - LINKE startet in Wahlkampfschlussspurt,2014-05-19T11:52:49Z,1792,46,5,PT4M49S,UCA95T5bSGxNOAODBdbR2rYQ,DieLinke,https://www.youtube.com/watch?v=X5ZcgAAxVYU
poqXXplxtFc,Nach dem Parteitag......,2014-05-14T09:26:41Z,1597,50,8,PT1M56S,UCA95T5bSGxNOAODBdbR2rYQ,DieLinke,https://www.youtube.com/watch?v=poqXXplxtFc
Pi3XhRhXNJc,Rede von Dora Heyenn,2014-05-12T18:33:56Z,652,4,3,PT3M45S,UCA95T5bSGxNOAODBdbR2rYQ,DieLinke,https://www.youtube.com/watch?v=Pi3XhRhXNJc
J-9blCBKNFI,Rede von Bodo Ramelow,2014-05-12T16:03:29Z,2180,30,5,PT8M51S,UCA95T5bSGxNOAODBdbR2rYQ,DieLinke,https://www.youtube.com/watch?v=J-9blCBKNFI
XyxCh0dY614,Abschluss des Parteitages,2014-05-12T13:51:39Z,10831,171,2,PT6M48S,UCA95T5bSGxNOAODBdbR2rYQ,DieLinke,https://www.youtube.com/watch?v=XyxCh0dY614
iNZ5hNJb4Qs,Rede von Matthias Höhn,2014-05-12T10:08:44Z,1241,20,1,PT3M12S,UCA95T5bSGxNOAODBdbR2rYQ,DieLinke,https://www.youtube.com/watch?v=iNZ5hNJb4Qs
BFKbAB2izrI,Rede von Gregor Gysi,2014-05-11T12:49:22Z,42485,775,101,PT39M21S,UCA95T5bSGxNOAODBdbR2rYQ,DieLinke,https://www.youtube.com/watch?v=BFKbAB2izrI
-M2kABMqJEE,Rede von Alexis Tsipras,2014-05-10T18:51:01Z,7847,73,2,PT28M29S,UCA95T5bSGxNOAODBdbR2rYQ,DieLinke,https://www.youtube.com/watch?v=-M2kABMqJEE
LB28VO1IU4c,Rede von Katja Kipping,2014-05-10T15:05:56Z,6249,107,23,PT34M57S,UCA95T5bSGxNOAODBdbR2rYQ,DieLinke,https://www.youtube.com/watch?v=LB28VO1IU4c
7_KnyGe4fk8,Rede Michael Faber,2014-05-10T13:52:00Z,548,8,3,PT3M58S,UCA95T5bSGxNOAODBdbR2rYQ,DieLinke,https://www.youtube.com/watch?v=7_KnyGe4fk8
i4kSGFSLmE0,Rede vom Felicitas Weck,2014-05-10T13:47:59Z,344,4,0,PT3M46S,UCA95T5bSGxNOAODBdbR2rYQ,DieLinke,https://www.youtube.com/watch?v=i4kSGFSLmE0
a6csWXeU5nw,Rede von Christina Emmrich,2014-05-10T13:44:25Z,355,4,0,PT3M54S,UCA95T5bSGxNOAODBdbR2rYQ,DieLinke,https://www.youtube.com/watch?v=a6csWXeU5nw
DUMN_QDQBLo,Rede Christian Görke,2014-05-10T13:32:23Z,450,7,0,PT5M1S,UCA95T5bSGxNOAODBdbR2rYQ,DieLinke,https://www.youtube.com/watch?v=DUMN_QDQBLo
USrPWOK4cW4,Rede von Christine Buchholz,2014-05-10T13:30:54Z,717,12,2,PT5M26S,UCA95T5bSGxNOAODBdbR2rYQ,DieLinke,https://www.youtube.com/watch?v=USrPWOK4cW4
XpEMGRuJE_w,Rede von Wolfgang Gehrcke,2014-05-10T11:59:46Z,837,13,4,PT6M4S,UCA95T5bSGxNOAODBdbR2rYQ,DieLinke,https://www.youtube.com/watch?v=XpEMGRuJE_w
z9huTPBUtps,Rede von Thomas Händel,2014-05-10T11:55:37Z,362,7,1,PT5M35S,UCA95T5bSGxNOAODBdbR2rYQ,DieLinke,https://www.youtube.com/watch?v=z9huTPBUtps
XgkouPwSaW8,Rede von Heinz Bierbaum,2014-05-10T11:54:17Z,346,7,2,PT8M41S,UCA95T5bSGxNOAODBdbR2rYQ,DieLinke,https://www.youtube.com/watch?v=XgkouPwSaW8
yy5HVTbKOss,Rede von Dagmar Zoschke,2014-05-10T10:01:24Z,211,5,3,PT5M42S,UCA95T5bSGxNOAODBdbR2rYQ,DieLinke,https://www.youtube.com/watch?v=yy5HVTbKOss
fkXjat20wBI,Rede von Bernd Riexinger,2014-05-10T09:35:08Z,1884,29,5,PT43M55S,UCA95T5bSGxNOAODBdbR2rYQ,DieLinke,https://www.youtube.com/watch?v=fkXjat20wBI
__ACfrqQLiE,Rede Gabi Zimmer,2014-05-09T14:40:23Z,1195,10,8,PT37M32S,UCA95T5bSGxNOAODBdbR2rYQ,DieLinke,https://www.youtube.com/watch?v=__ACfrqQLiE
lHM3687Z2Sg,Grußwort von Matthias Köhne,2014-05-09T14:32:46Z,411,11,0,PT3M17S,UCA95T5bSGxNOAODBdbR2rYQ,DieLinke,https://www.youtube.com/watch?v=lHM3687Z2Sg
NLd1m8kJJJk,Bundesparteitag 2014,2014-05-09T08:50:12Z,1322,24,0,PT1M34S,UCA95T5bSGxNOAODBdbR2rYQ,DieLinke,https://www.youtube.com/watch?v=NLd1m8kJJJk
Pt738a0D4Vk,Was wohl die Zukunft bringt?,2014-05-07T12:02:01Z,5539,170,10,PT48S,UCA95T5bSGxNOAODBdbR2rYQ,DieLinke,https://www.youtube.com/watch?v=Pt738a0D4Vk
DIFsGx74Ff4,Redet!,2014-05-05T12:51:11Z,916,23,5,PT7M45S,UCA95T5bSGxNOAODBdbR2rYQ,DieLinke,https://www.youtube.com/watch?v=DIFsGx74Ff4
ssF1Hf5CIy8,DIE LINKE: Zweite Vorschau auf den TV-Spot zur Europawahl,2014-04-30T06:48:51Z,5065,89,14,PT41S,UCA95T5bSGxNOAODBdbR2rYQ,DieLinke,https://www.youtube.com/watch?v=ssF1Hf5CIy8
vt47zSPgu78,DIE LINKE: TV-Spot zur Europawahl 2014,2014-04-30T06:48:31Z,164363,2669,311,PT1M30S,UCA95T5bSGxNOAODBdbR2rYQ,DieLinke,https://www.youtube.com/watch?v=vt47zSPgu78
mY1ARTEgwbA,DIE LINKE: TV-Spot zur Europawahl mit Gebärdensprachdolmetscher,2014-04-30T06:48:09Z,4703,51,4,PT1M31S,UCA95T5bSGxNOAODBdbR2rYQ,DieLinke,https://www.youtube.com/watch?v=mY1ARTEgwbA
JBlE6huCYJ8,DIE LINKE: TV-Spot zur Europawahl mit Audiodeskription,2014-04-30T06:47:40Z,12026,127,12,PT1M36S,UCA95T5bSGxNOAODBdbR2rYQ,DieLinke,https://www.youtube.com/watch?v=JBlE6huCYJ8
TyGdQoOoC7Y,Europawahlprogramm 2014 in Gebärdensprache,2014-04-29T06:40:56Z,1687,39,5,PT13M32S,UCA95T5bSGxNOAODBdbR2rYQ,DieLinke,https://www.youtube.com/watch?v=TyGdQoOoC7Y
ySEy9SY7G8Y,Vertrauensbildende Maßnahmen sind jetzt nötig,2014-04-28T10:55:53Z,1002,27,3,PT8M54S,UCA95T5bSGxNOAODBdbR2rYQ,DieLinke,https://www.youtube.com/watch?v=ySEy9SY7G8Y
MJQPsn8mbKM,Gregor Gysi: Bei der Kommunalwahl Ihre Stimme für DIE LINKE,2014-04-16T09:20:02Z,6748,187,24,PT1M43S,UCA95T5bSGxNOAODBdbR2rYQ,DieLinke,https://www.youtube.com/watch?v=MJQPsn8mbKM
h0txCf6Zi20,Blutvergießen muss verhindert werden,2014-04-14T11:46:15Z,1103,16,1,PT4M,UCA95T5bSGxNOAODBdbR2rYQ,DieLinke,https://www.youtube.com/watch?v=h0txCf6Zi20
NatblgpOczI,Wahlplakat Clip,2014-04-11T06:50:30Z,1838,36,0,PT1M34S,UCA95T5bSGxNOAODBdbR2rYQ,DieLinke,https://www.youtube.com/watch?v=NatblgpOczI
rTuVcTETxmM,DIE LINKE: Vorschau auf den TV-Spot zur Europawahl,2014-04-08T07:40:54Z,30470,267,42,PT35S,UCA95T5bSGxNOAODBdbR2rYQ,DieLinke,https://www.youtube.com/watch?v=rTuVcTETxmM
xxmswnDG5ew,DIE LINKE hat Rückenwind,2014-04-07T11:45:21Z,1152,20,5,PT9M45S,UCA95T5bSGxNOAODBdbR2rYQ,DieLinke,https://www.youtube.com/watch?v=xxmswnDG5ew
_o9zngMx-ko,Es ist wieder Wahlkampf,2014-04-07T11:41:54Z,881,19,2,PT6M54S,UCA95T5bSGxNOAODBdbR2rYQ,DieLinke,https://www.youtube.com/watch?v=_o9zngMx-ko
ZMFbFpQIypM,"""Weiter so"" wäre existenzielle Brandstiftung",2014-04-02T11:04:46Z,889,32,2,PT7M7S,UCA95T5bSGxNOAODBdbR2rYQ,DieLinke,https://www.youtube.com/watch?v=ZMFbFpQIypM
at0JQXNioRs,"Wenig versprochen, noch weniger gehalten",2014-03-26T12:32:27Z,1016,33,5,PT5M4S,UCA95T5bSGxNOAODBdbR2rYQ,DieLinke,https://www.youtube.com/watch?v=at0JQXNioRs
o74sKffUeZg,Von Göttingen nach Berlin und weiter,2014-03-24T13:04:32Z,1171,0,0,PT15M1S,UCA95T5bSGxNOAODBdbR2rYQ,DieLinke,https://www.youtube.com/watch?v=o74sKffUeZg
p6jkExgfcro,"10 Jahre nach der Vorstellung der ""Initiative für Arbeit und soziale Gerechtigkeit""",2014-03-19T12:23:56Z,998,24,2,PT19M6S,UCA95T5bSGxNOAODBdbR2rYQ,DieLinke,https://www.youtube.com/watch?v=p6jkExgfcro
-nDN0azt9Wo,Logik der Eskalation muss durchbrochen werden,2014-03-03T13:37:33Z,1233,32,3,PT10M14S,UCA95T5bSGxNOAODBdbR2rYQ,DieLinke,https://www.youtube.com/watch?v=-nDN0azt9Wo
jN1K-IflZr4,"Ukraine: Versöhnung, Vertrauen und Vernunft",2014-02-24T12:28:12Z,1228,18,7,PT7M56S,UCA95T5bSGxNOAODBdbR2rYQ,DieLinke,https://www.youtube.com/watch?v=jN1K-IflZr4
SKeNZsfYdZc,Wir wollen eine andere EU und ein anderes Europa,2014-02-18T12:33:16Z,6815,157,24,PT5M16S,UCA95T5bSGxNOAODBdbR2rYQ,DieLinke,https://www.youtube.com/watch?v=SKeNZsfYdZc
rmzg3Xx1P9o,Die gesellschaftlichen Verhältnisse zum Tanzen bringen,2014-02-16T12:33:49Z,1704,36,8,PT37M1S,UCA95T5bSGxNOAODBdbR2rYQ,DieLinke,https://www.youtube.com/watch?v=rmzg3Xx1P9o
PCdJLhSifZg,Die unsoziale Kürzungspolitik muss verhindert werden,2014-02-16T09:14:14Z,1082,12,1,PT5M6S,UCA95T5bSGxNOAODBdbR2rYQ,DieLinke,https://www.youtube.com/watch?v=PCdJLhSifZg
pAcoe8VKvBI,"Wer Europa will, der muss es den Reichen nehmen",2014-02-15T16:52:35Z,4080,79,10,PT32M42S,UCA95T5bSGxNOAODBdbR2rYQ,DieLinke,https://www.youtube.com/watch?v=pAcoe8VKvBI
q7q9zDIsHv0,Die Banken unter gesellschaftliche Kontrolle stellen,2014-02-15T16:26:01Z,1189,16,0,PT15M47S,UCA95T5bSGxNOAODBdbR2rYQ,DieLinke,https://www.youtube.com/watch?v=q7q9zDIsHv0
Zn4pzvxWmBc,"Wir wollen Europa gestalten, und zwar gemeinsam",2014-02-15T16:23:06Z,8477,169,12,PT22M52S,UCA95T5bSGxNOAODBdbR2rYQ,DieLinke,https://www.youtube.com/watch?v=Zn4pzvxWmBc
P0Jsw6p5PxQ,"Für ein Europa der Menschenwürde, für eine starke Linke im Europäischen Parlament",2014-02-15T16:20:27Z,1099,11,2,PT13M49S,UCA95T5bSGxNOAODBdbR2rYQ,DieLinke,https://www.youtube.com/watch?v=P0Jsw6p5PxQ
G8_Fg0Ua5_w,"Gabi Zimmer auf dem Frauenplenum, Europaparteitag 2014",2014-02-15T14:22:17Z,518,2,0,PT9M19S,UCA95T5bSGxNOAODBdbR2rYQ,DieLinke,https://www.youtube.com/watch?v=G8_Fg0Ua5_w
NhBWK2iwlSA,"Katja Kipping auf dem Frauenplenum, Europaparteitag 2014",2014-02-15T11:25:37Z,937,17,1,PT9M24S,UCA95T5bSGxNOAODBdbR2rYQ,DieLinke,https://www.youtube.com/watch?v=NhBWK2iwlSA
tguqJujbnrI,DIE LINKE Europaparteitag 2014,2014-02-14T13:34:57Z,2030,24,22,PT1M8S,UCA95T5bSGxNOAODBdbR2rYQ,DieLinke,https://www.youtube.com/watch?v=tguqJujbnrI
U3i4SPsc-MM,Steuerbetrug ist Sozialbetrug,2014-02-10T12:26:23Z,1551,35,6,PT10M29S,UCA95T5bSGxNOAODBdbR2rYQ,DieLinke,https://www.youtube.com/watch?v=U3i4SPsc-MM
9r2rEIhEjxM,Keine Mehrheit für kriegerische Abenteuer in aller Welt,2014-02-03T13:32:14Z,1038,26,0,PT7M2S,UCA95T5bSGxNOAODBdbR2rYQ,DieLinke,https://www.youtube.com/watch?v=9r2rEIhEjxM
0i88igT7_ug,Mit uns wird es keinen bewaffneten Kriegseinsatz geben,2014-01-27T12:51:37Z,1509,45,19,PT12M31S,UCA95T5bSGxNOAODBdbR2rYQ,DieLinke,https://www.youtube.com/watch?v=0i88igT7_ug
cvQm1mverrQ,Wir wollen Europa sozialer machen,2014-01-20T11:31:33Z,942,26,1,PT7M19S,UCA95T5bSGxNOAODBdbR2rYQ,DieLinke,https://www.youtube.com/watch?v=cvQm1mverrQ
UcFZ1cHSEvA,Jahresauftakt der Partei der Europäischen Linken 2014 in Berlin (09),2014-01-17T08:37:01Z,554,11,1,PT8M11S,UCA95T5bSGxNOAODBdbR2rYQ,DieLinke,https://www.youtube.com/watch?v=UcFZ1cHSEvA
GK14viXpzVw,Jahresauftakt der Partei der Europäischen Linken 2014 in Berlin (08),2014-01-17T08:35:22Z,2137,34,2,PT17M54S,UCA95T5bSGxNOAODBdbR2rYQ,DieLinke,https://www.youtube.com/watch?v=GK14viXpzVw
VcLyTVvEc5M,Jahresauftakt der Partei der Europäischen Linken 2014 in Berlin (07),2014-01-17T08:33:52Z,1127,8,3,PT12M3S,UCA95T5bSGxNOAODBdbR2rYQ,DieLinke,https://www.youtube.com/watch?v=VcLyTVvEc5M
D0Q8Iq0G_1o,Jahresauftakt der Partei der Europäischen Linken 2014 in Berlin (06),2014-01-17T08:32:12Z,415,6,1,PT6M20S,UCA95T5bSGxNOAODBdbR2rYQ,DieLinke,https://www.youtube.com/watch?v=D0Q8Iq0G_1o
ama6cjXGPhU,Jahresauftakt der Partei der Europäischen Linken 2014 in Berlin (05),2014-01-17T08:30:10Z,548,6,3,PT19M,UCA95T5bSGxNOAODBdbR2rYQ,DieLinke,https://www.youtube.com/watch?v=ama6cjXGPhU
wUjxnR9sF9w,Jahresauftakt der Partei der Europäischen Linken 2014 in Berlin (04),2014-01-17T08:28:44Z,450,9,2,PT4M46S,UCA95T5bSGxNOAODBdbR2rYQ,DieLinke,https://www.youtube.com/watch?v=wUjxnR9sF9w
dPkCdr2RmZk,Jahresauftakt der Partei der Europäischen Linken 2014 in Berlin (02),2014-01-17T08:26:14Z,414,9,0,PT9M49S,UCA95T5bSGxNOAODBdbR2rYQ,DieLinke,https://www.youtube.com/watch?v=dPkCdr2RmZk
PnlMs464r-c,Jahresauftakt der Partei der Europäischen Linken 2014 in Berlin (01),2014-01-17T08:21:52Z,481,11,3,PT14M17S,UCA95T5bSGxNOAODBdbR2rYQ,DieLinke,https://www.youtube.com/watch?v=PnlMs464r-c
tD0O0KmTuOs,Gedenktafel am Karl-Liebknecht-Haus,2013-12-20T09:14:27Z,1976,34,2,PT59M46S,UCA95T5bSGxNOAODBdbR2rYQ,DieLinke,https://www.youtube.com/watch?v=tD0O0KmTuOs
pxCkjBK07rw,10 Jahre Hartz IV - eine Schadensbilanz,2013-12-18T13:05:13Z,15796,322,55,PT19M38S,UCA95T5bSGxNOAODBdbR2rYQ,DieLinke,https://www.youtube.com/watch?v=pxCkjBK07rw
zDf1NRPLk3k,Große Koalition des Stillstandes: Es wird wenig passieren,2013-12-16T13:32:51Z,1405,49,5,PT8M45S,UCA95T5bSGxNOAODBdbR2rYQ,DieLinke,https://www.youtube.com/watch?v=zDf1NRPLk3k
I0RQ0SEMOps,"Europa geht anders. Sozial, friedlich, demokratisch",2013-12-09T12:14:19Z,1932,0,12,PT11M14S,UCA95T5bSGxNOAODBdbR2rYQ,DieLinke,https://www.youtube.com/watch?v=I0RQ0SEMOps
nXFVYKocQZE,»geDRUCKtes« mit Gregor Gysi,2013-12-03T15:37:59Z,7898,100,9,PT1H17M43S,UCA95T5bSGxNOAODBdbR2rYQ,DieLinke,https://www.youtube.com/watch?v=nXFVYKocQZE
XseUu2G8Bis,Union und SPD müssen Nebenabsprachen veröffentlichen,2013-12-02T14:31:49Z,1272,25,9,PT8M25S,UCA95T5bSGxNOAODBdbR2rYQ,DieLinke,https://www.youtube.com/watch?v=XseUu2G8Bis
CDKq6y9TfvM,Stand-by-Modus der Großkoalitionäre beenden,2013-11-25T14:06:37Z,1085,41,8,PT5M59S,UCA95T5bSGxNOAODBdbR2rYQ,DieLinke,https://www.youtube.com/watch?v=CDKq6y9TfvM
BWBurGfCrBk,Transparenz fördern -- Whistleblower_innen schützen,2013-11-18T10:46:05Z,954,50,11,PT6M53S,UCA95T5bSGxNOAODBdbR2rYQ,DieLinke,https://www.youtube.com/watch?v=BWBurGfCrBk
sFb7AS4VQbA,Koalitionsverhandlungen in der Warteschleife,2013-11-11T13:45:49Z,1297,45,5,PT7M14S,UCA95T5bSGxNOAODBdbR2rYQ,DieLinke,https://www.youtube.com/watch?v=sFb7AS4VQbA
JFUbaam8tlc,Rot-Rot-Grün,2013-10-24T14:30:54Z,7403,105,114,PT2H21M44S,UCA95T5bSGxNOAODBdbR2rYQ,DieLinke,https://www.youtube.com/watch?v=JFUbaam8tlc
YlZOPZTyUg0,Große Koalition heißt halbe Lösungen für große Probleme,2013-10-14T13:24:02Z,1622,63,19,PT9M23S,UCA95T5bSGxNOAODBdbR2rYQ,DieLinke,https://www.youtube.com/watch?v=YlZOPZTyUg0
yWUUyVJ0QqM,DIE LINKE macht Druck für Mindestlohn,2013-09-30T12:48:19Z,1555,59,20,PT4M15S,UCA95T5bSGxNOAODBdbR2rYQ,DieLinke,https://www.youtube.com/watch?v=yWUUyVJ0QqM
sNjJENr69-8,Die Partei hat den Wahlkampf als Herausforderung und als Chance angenommen,2013-09-24T10:38:58Z,739,21,4,PT3M53S,UCA95T5bSGxNOAODBdbR2rYQ,DieLinke,https://www.youtube.com/watch?v=sNjJENr69-8
lcbkFE5pj_U,Wir haben in Hessen beide Wahlziele erreicht,2013-09-24T10:37:45Z,1657,50,6,PT4M26S,UCA95T5bSGxNOAODBdbR2rYQ,DieLinke,https://www.youtube.com/watch?v=lcbkFE5pj_U
MIvrIH-60Xk,Für DIE LINKE war der gestrige Tag ein historisches Ereignis,2013-09-24T10:37:09Z,3320,92,26,PT6M24S,UCA95T5bSGxNOAODBdbR2rYQ,DieLinke,https://www.youtube.com/watch?v=MIvrIH-60Xk
BX900KfORa0,Die gestrige Wahl hat eine interesante Konstellation hervorgebracht,2013-09-24T10:36:36Z,772,24,1,PT4M41S,UCA95T5bSGxNOAODBdbR2rYQ,DieLinke,https://www.youtube.com/watch?v=BX900KfORa0
daa4TcbrA64,DIE LINKE hatte gestern allen Grund zu feiern,2013-09-24T10:35:57Z,733,18,3,PT3M40S,UCA95T5bSGxNOAODBdbR2rYQ,DieLinke,https://www.youtube.com/watch?v=daa4TcbrA64
NOxEfN0c6g0,Katja Kipping und Bernd Riexinger zum Ausgang der Bundestagswahl,2013-09-22T20:34:03Z,3355,76,36,PT3M58S,UCA95T5bSGxNOAODBdbR2rYQ,DieLinke,https://www.youtube.com/watch?v=NOxEfN0c6g0
GGAJNNIwEmA,"Gregor Gysi: Wer hätte 1990 gedacht, dass unsere Partei drittstärkste politische Kraft wird?",2013-09-22T19:59:04Z,20836,370,117,PT4M52S,UCA95T5bSGxNOAODBdbR2rYQ,DieLinke,https://www.youtube.com/watch?v=GGAJNNIwEmA
fPFjypkYNVM,"»Ihr wart großartig, ich liebe Euch!«",2013-09-22T19:42:02Z,2353,72,9,PT5M1S,UCA95T5bSGxNOAODBdbR2rYQ,DieLinke,https://www.youtube.com/watch?v=fPFjypkYNVM
SN14cz1VauI,Mit Zuversicht in den Wahlkampfendspurt,2013-09-16T15:31:07Z,978,38,5,PT4M20S,UCA95T5bSGxNOAODBdbR2rYQ,DieLinke,https://www.youtube.com/watch?v=SN14cz1VauI
TgbrgMXMwJw,Lothar Bisky (1941-2013),2013-09-16T14:03:12Z,2538,53,1,PT1H11M50S,UCA95T5bSGxNOAODBdbR2rYQ,DieLinke,https://www.youtube.com/watch?v=TgbrgMXMwJw
M399XfksLu4,Bayern-Wahl: Das Ergebnis entmutigt uns nicht,2013-09-15T17:53:35Z,1919,35,33,PT2M13S,UCA95T5bSGxNOAODBdbR2rYQ,DieLinke,https://www.youtube.com/watch?v=M399XfksLu4
ZeW7SFZS2nc,Gysi und Sonneborn: Das Kanzlerduell der Herzen,2013-09-15T09:27:54Z,1393857,22780,480,PT11M22S,UCA95T5bSGxNOAODBdbR2rYQ,DieLinke,https://www.youtube.com/watch?v=ZeW7SFZS2nc
2TmPinvi_i8,Aufruf zum Wahlkampfendspurt,2013-09-13T16:46:00Z,1268,58,13,PT2M2S,UCA95T5bSGxNOAODBdbR2rYQ,DieLinke,https://www.youtube.com/watch?v=2TmPinvi_i8
8bXq7VVOmrs,Eine starke LINKE verändert dieses Land,2013-09-11T08:11:13Z,6579,180,40,PT32M56S,UCA95T5bSGxNOAODBdbR2rYQ,DieLinke,https://www.youtube.com/watch?v=8bXq7VVOmrs
P8wxkNuYx_8,Veränderung beginnt mit Einmischung,2013-09-11T08:09:23Z,1848,31,6,PT23M20S,UCA95T5bSGxNOAODBdbR2rYQ,DieLinke,https://www.youtube.com/watch?v=P8wxkNuYx_8
ALfDP_cKzVM,Wir sind die Rote Karte für diese etablierte Politik,2013-09-11T08:05:55Z,4122,104,13,PT18M7S,UCA95T5bSGxNOAODBdbR2rYQ,DieLinke,https://www.youtube.com/watch?v=ALfDP_cKzVM
OA-Wdas3kpI,Die Farbe Rot muss in diesem Land wieder Mode werden,2013-09-11T08:01:07Z,1002,32,0,PT25M32S,UCA95T5bSGxNOAODBdbR2rYQ,DieLinke,https://www.youtube.com/watch?v=OA-Wdas3kpI
YqI3VV1LQGc,Acht Jahre Angela Merkel: Schadensbilanz einer Kanzlerin,2013-09-02T11:52:16Z,15040,220,40,PT17M58S,UCA95T5bSGxNOAODBdbR2rYQ,DieLinke,https://www.youtube.com/watch?v=YqI3VV1LQGc
A94FPy-dSms,Logik der Gewalt scheitert immer,2013-08-30T07:32:46Z,3803,71,38,PT11M48S,UCA95T5bSGxNOAODBdbR2rYQ,DieLinke,https://www.youtube.com/watch?v=A94FPy-dSms
RrubsG5TjnQ,"Katja Kipping + Bernd Riexinger, DIE LINKE: Bomben schaffen keinen Frieden",2013-08-27T18:29:45Z,3638,71,16,PT1M45S,UCA95T5bSGxNOAODBdbR2rYQ,DieLinke,https://www.youtube.com/watch?v=RrubsG5TjnQ
KoD_l4XTv6c,TV-Spot mit Untertitel,2013-08-26T14:55:10Z,1250,47,0,PT1M31S,UCA95T5bSGxNOAODBdbR2rYQ,DieLinke,https://www.youtube.com/watch?v=KoD_l4XTv6c
EAOHQOtvXTw,TV-Spot als Hörfilm / mit Audiodeskription,2013-08-26T14:09:33Z,1751,39,6,PT2M,UCA95T5bSGxNOAODBdbR2rYQ,DieLinke,https://www.youtube.com/watch?v=EAOHQOtvXTw
MBfR1dyD1vY,Syrien: Die Logik der Waffen führt nicht weiter,2013-08-26T13:01:58Z,1337,23,11,PT8M14S,UCA95T5bSGxNOAODBdbR2rYQ,DieLinke,https://www.youtube.com/watch?v=MBfR1dyD1vY
5h7w3_gh5Os,DIE LINKE ist die härteste Oppositionspartei,2013-08-19T10:42:25Z,2174,69,17,PT10M37S,UCA95T5bSGxNOAODBdbR2rYQ,DieLinke,https://www.youtube.com/watch?v=5h7w3_gh5Os
94qTIIQ5Obg,Katja Kipping zum Tod von Lothar Bisky,2013-08-13T19:25:47Z,2994,28,8,PT2M33S,UCA95T5bSGxNOAODBdbR2rYQ,DieLinke,https://www.youtube.com/watch?v=94qTIIQ5Obg
ofFmXg_5_xw,DIE LINKE will Mietenexplosion und Verdrängung aus den Innenstädten stoppen,2013-08-12T14:16:40Z,1241,28,4,PT35M33S,UCA95T5bSGxNOAODBdbR2rYQ,DieLinke,https://www.youtube.com/watch?v=ofFmXg_5_xw
f6gSZikeMLw,Eine Kapitulation der Regierung vor den Geheimdiensten,2013-08-05T12:06:02Z,1050,28,13,PT5M53S,UCA95T5bSGxNOAODBdbR2rYQ,DieLinke,https://www.youtube.com/watch?v=f6gSZikeMLw
vn3Qxi9aBQI,Bewährungsproben für die Unterschicht? (1),2013-07-31T18:30:55Z,4794,58,7,PT36M18S,UCA95T5bSGxNOAODBdbR2rYQ,DieLinke,https://www.youtube.com/watch?v=vn3Qxi9aBQI
IwOzkq298MA,Bewährungsproben für die Unterschicht? (2),2013-07-31T14:44:09Z,7432,58,7,PT47M18S,UCA95T5bSGxNOAODBdbR2rYQ,DieLinke,https://www.youtube.com/watch?v=IwOzkq298MA
V8zEyhEFLy0,linksaktiv2013.de: Werde Teil des besten Wahlkampfes,2013-07-29T13:31:45Z,11126,195,9,PT2M23S,UCA95T5bSGxNOAODBdbR2rYQ,DieLinke,https://www.youtube.com/watch?v=V8zEyhEFLy0
rk48ej2785M,Forderungen der LINKEN zur Kinder- und Jugendpolitik,2013-07-29T10:52:11Z,1952,27,7,PT16M41S,UCA95T5bSGxNOAODBdbR2rYQ,DieLinke,https://www.youtube.com/watch?v=rk48ej2785M
rYzZHYb4w4s,Kampagne der LINKEN zur Bundestagswahl 2013 vorgestellt,2013-07-17T12:18:18Z,2279,28,8,PT9M19S,UCA95T5bSGxNOAODBdbR2rYQ,DieLinke,https://www.youtube.com/watch?v=rYzZHYb4w4s
4ZvhIyIK8OQ,DIE LINKE: TV-Spot zur Bundestagswahl,2013-07-17T10:11:38Z,289785,3353,868,PT1M34S,UCA95T5bSGxNOAODBdbR2rYQ,DieLinke,https://www.youtube.com/watch?v=4ZvhIyIK8OQ
EDVc3VxLjJk,DIE LINKE beim Berliner CSD,2013-07-16T09:32:52Z,4703,56,28,PT2M54S,UCA95T5bSGxNOAODBdbR2rYQ,DieLinke,https://www.youtube.com/watch?v=EDVc3VxLjJk
beXMop43d4k,Behörden und Politiker stecken mit der NSA unter einer Decke,2013-07-08T11:45:19Z,1157,36,9,PT6M48S,UCA95T5bSGxNOAODBdbR2rYQ,DieLinke,https://www.youtube.com/watch?v=beXMop43d4k
NhR_KYPW3RQ,"Special-Move der SPD: Links blinken, rechts abbiegen",2013-07-03T11:59:08Z,35169,826,96,PT2M20S,UCA95T5bSGxNOAODBdbR2rYQ,DieLinke,https://www.youtube.com/watch?v=NhR_KYPW3RQ
IblGNWCLIzo,Spionage-Skandal: Bundesregierung muss Ausspähung offenlegen,2013-07-01T12:32:15Z,729,24,4,PT7M56S,UCA95T5bSGxNOAODBdbR2rYQ,DieLinke,https://www.youtube.com/watch?v=IblGNWCLIzo
D_bECYBwVYE,CDU-Wahlprogramm ist Merkels Wahlbetrug,2013-06-25T08:42:31Z,2309,54,12,PT6M55S,UCA95T5bSGxNOAODBdbR2rYQ,DieLinke,https://www.youtube.com/watch?v=D_bECYBwVYE
bRxXgTVkrvY,"Marisa Matias, Eropaabgeordnete Blocco Portugal: Linke der bloßen Kritik ist Linke der Vergangenheit",2013-06-16T10:43:59Z,4482,47,6,PT12M34S,UCA95T5bSGxNOAODBdbR2rYQ,DieLinke,https://www.youtube.com/watch?v=bRxXgTVkrvY
dZFyT-hXXkU,"Gabi Zimmer, Vorsitzende der Linksfraktion Europaparlament: »Es ist unsere gemeinsame Verantwortung«",2013-06-16T09:03:12Z,1246,26,1,PT26M54S,UCA95T5bSGxNOAODBdbR2rYQ,DieLinke,https://www.youtube.com/watch?v=dZFyT-hXXkU
jJaE8K_N64Q,"Gregor Gysi, DIE LINKE: »Wir wollen wieder ein zweistelliges Ergebnis erreichen«",2013-06-15T18:00:35Z,23180,336,195,PT44M45S,UCA95T5bSGxNOAODBdbR2rYQ,DieLinke,https://www.youtube.com/watch?v=jJaE8K_N64Q
HXX0Ac8dd5w,"Katja Kipping: Starke LINKE ist Garantie dafür, dass sozialen Worten sozialere Taten folgen",2013-06-15T10:49:29Z,7417,83,136,PT40M51S,UCA95T5bSGxNOAODBdbR2rYQ,DieLinke,https://www.youtube.com/watch?v=HXX0Ac8dd5w
sKzBLPJwiDE,"Bernd Riexinger: Eine starke LINKE, damit Selbstverständliches wieder selbstverständlich wird",2013-06-15T07:45:30Z,2608,39,3,PT44M27S,UCA95T5bSGxNOAODBdbR2rYQ,DieLinke,https://www.youtube.com/watch?v=sKzBLPJwiDE
dae9X7BupQo,"Helma Orosz, Dresdner Oberbürgermeisterin: Grußwort an den Parteitag",2013-06-15T06:26:16Z,1038,9,1,PT6M58S,UCA95T5bSGxNOAODBdbR2rYQ,DieLinke,https://www.youtube.com/watch?v=dae9X7BupQo
CFnF4eL_Oi0,"Rico Gebhardt, DIE LINKE: Grußwort des sächsischen Landesvorsitzenden",2013-06-15T06:21:05Z,474,9,0,PT11M37S,UCA95T5bSGxNOAODBdbR2rYQ,DieLinke,https://www.youtube.com/watch?v=CFnF4eL_Oi0
jBeqqFcoWk8,Wie die Energiewende sozial wird,2013-06-12T13:09:07Z,1401,23,2,PT22M13S,UCA95T5bSGxNOAODBdbR2rYQ,DieLinke,https://www.youtube.com/watch?v=jBeqqFcoWk8
hDSTdYivMVk,Es bleibt dabei: Unser Programm ist 100 Prozent sozial,2013-06-10T12:24:33Z,721,22,4,PT7M58S,UCA95T5bSGxNOAODBdbR2rYQ,DieLinke,https://www.youtube.com/watch?v=hDSTdYivMVk
Ze5KVGZLEYM,Verteidigungsminister de Maizière ist nicht mehr im Amt zu halten,2013-06-03T14:25:26Z,673,21,3,PT6M7S,UCA95T5bSGxNOAODBdbR2rYQ,DieLinke,https://www.youtube.com/watch?v=Ze5KVGZLEYM
-mumZ68lw2c,»Jede Waffe findet ihren Krieg«,2013-05-27T13:21:45Z,1981,25,9,PT5M41S,UCA95T5bSGxNOAODBdbR2rYQ,DieLinke,https://www.youtube.com/watch?v=-mumZ68lw2c
Lt19gdmCGKQ,Elfriede Brüning bei »Lesen gegen das Vergessen«,2013-05-22T17:24:07Z,1986,32,5,PT19M26S,UCA95T5bSGxNOAODBdbR2rYQ,DieLinke,https://www.youtube.com/watch?v=Lt19gdmCGKQ
XpATmuJorKk,Beate Klarsfeld bei »Lesen gegen das Vergessen«,2013-05-22T13:03:27Z,479,11,2,PT8M44S,UCA95T5bSGxNOAODBdbR2rYQ,DieLinke,https://www.youtube.com/watch?v=XpATmuJorKk
n-0D7K6qG8E,Regina Scheer und Roland Claus bei »Lesen gegen das Vergessen«,2013-05-22T12:39:55Z,1844,16,1,PT10M43S,UCA95T5bSGxNOAODBdbR2rYQ,DieLinke,https://www.youtube.com/watch?v=n-0D7K6qG8E
MLMc0fZ7b8I,Klaus Lederer und Heidi Kloor bei »Lesen gegen das Vergessen«,2013-05-22T12:07:33Z,215,6,0,PT9M19S,UCA95T5bSGxNOAODBdbR2rYQ,DieLinke,https://www.youtube.com/watch?v=MLMc0fZ7b8I
LLkkst13Axs,Daniela Dahn und Stefan Bergel bei »Lesen gegen das Vergessen«,2013-05-22T11:15:24Z,1208,12,0,PT10M30S,UCA95T5bSGxNOAODBdbR2rYQ,DieLinke,https://www.youtube.com/watch?v=LLkkst13Axs
e9LnJergE4Y,Studierende der Michigan University bei »Lesen gegen das Vergessen«,2013-05-22T09:59:55Z,420,8,3,PT16M52S,UCA95T5bSGxNOAODBdbR2rYQ,DieLinke,https://www.youtube.com/watch?v=e9LnJergE4Y
R9GU3GvBs6w,Gregor Gysi und Andreas Nachama bei »Lesen gegen das Vergessen«,2013-05-22T09:25:09Z,1947,33,1,PT19M44S,UCA95T5bSGxNOAODBdbR2rYQ,DieLinke,https://www.youtube.com/watch?v=R9GU3GvBs6w
rFAIY_4ELOA,Petra Pau und Dieter Mann bei »Lesen gegen das Vergessen«,2013-05-22T08:41:32Z,1497,15,0,PT6M34S,UCA95T5bSGxNOAODBdbR2rYQ,DieLinke,https://www.youtube.com/watch?v=rFAIY_4ELOA
k_SkYvBG_Hs,»Das Sterben in Syrien muss beendet werden.«,2013-05-13T12:41:10Z,1517,35,5,PT6M4S,UCA95T5bSGxNOAODBdbR2rYQ,DieLinke,https://www.youtube.com/watch?v=k_SkYvBG_Hs
n8nmL5HO_qA,»Wir sind den NSU-Opfern Aufklärung schuldig«,2013-05-06T12:40:47Z,707,21,6,PT6M17S,UCA95T5bSGxNOAODBdbR2rYQ,DieLinke,https://www.youtube.com/watch?v=n8nmL5HO_qA
hwRRRv2RYxQ,Start in den Straßenwahlkampf,2013-05-01T11:39:53Z,1282,30,8,PT2M,UCA95T5bSGxNOAODBdbR2rYQ,DieLinke,https://www.youtube.com/watch?v=hwRRRv2RYxQ
9UPaQpWumZk,»Zehn Prozent mehr Lohn bis 2017 ist das Ziel«,2013-04-29T14:54:30Z,1131,29,9,PT21M3S,UCA95T5bSGxNOAODBdbR2rYQ,DieLinke,https://www.youtube.com/watch?v=9UPaQpWumZk
aSVVuXSVGBE,Videoüberwachung verhindert keine Verbrechen,2013-04-22T13:11:52Z,1066,28,4,PT5M47S,UCA95T5bSGxNOAODBdbR2rYQ,DieLinke,https://www.youtube.com/watch?v=aSVVuXSVGBE
VbfxdH8DXfA,Soziale Gerechtigkeit: DIE LINKE ist das Original,2013-04-15T13:19:13Z,1526,36,17,PT9M56S,UCA95T5bSGxNOAODBdbR2rYQ,DieLinke,https://www.youtube.com/watch?v=VbfxdH8DXfA
hVUqmmbDVKQ,Die Euro-Krise ist noch nicht vorbei,2013-04-08T12:10:53Z,1177,16,17,PT3M50S,UCA95T5bSGxNOAODBdbR2rYQ,DieLinke,https://www.youtube.com/watch?v=hVUqmmbDVKQ
cIF0VdhtqDY,Merkels Krisenmanagement ist gescheitert,2013-03-25T13:31:19Z,828,26,1,PT6M28S,UCA95T5bSGxNOAODBdbR2rYQ,DieLinke,https://www.youtube.com/watch?v=cIF0VdhtqDY
-naFR7fm7MM,Merkels Politik der Angst ist in Zypern gescheitert,2013-03-20T14:55:25Z,654,25,3,PT8M27S,UCA95T5bSGxNOAODBdbR2rYQ,DieLinke,https://www.youtube.com/watch?v=-naFR7fm7MM
0lXIV-lAk10,Das Original sind wir,2013-03-18T14:54:50Z,1049,38,4,PT9M51S,UCA95T5bSGxNOAODBdbR2rYQ,DieLinke,https://www.youtube.com/watch?v=0lXIV-lAk10
d10gnb_8Z2M,Gerhard Schröders Agenda 2010 - 10 Jahre unsoziale Politik,2013-03-13T14:49:42Z,3839,92,6,PT32M8S,UCA95T5bSGxNOAODBdbR2rYQ,DieLinke,https://www.youtube.com/watch?v=d10gnb_8Z2M
6D74CTRZrzw,SPD-Wahlprogramm: Angekündigter Betrug,2013-03-11T13:03:05Z,3537,58,45,PT5M17S,UCA95T5bSGxNOAODBdbR2rYQ,DieLinke,https://www.youtube.com/watch?v=6D74CTRZrzw
LRM233Z1tM4,Mehr Schweiz wagen!,2013-03-04T14:12:31Z,1804,30,10,PT8M48S,UCA95T5bSGxNOAODBdbR2rYQ,DieLinke,https://www.youtube.com/watch?v=LRM233Z1tM4
CNLrlU9guvU,Politischer Aschermittwoch der LINKEN 2013: Nicole Gohlke,2013-02-25T14:41:00Z,1925,37,6,PT23M13S,UCA95T5bSGxNOAODBdbR2rYQ,DieLinke,https://www.youtube.com/watch?v=CNLrlU9guvU
WC08-ngkMvg,"Übereinstimmung zwischen LINKE und Gewerkschaften: Gute Arbeit, gerechte Löhne, sichere Renten",2013-02-25T11:59:41Z,2212,32,10,PT7M29S,UCA95T5bSGxNOAODBdbR2rYQ,DieLinke,https://www.youtube.com/watch?v=WC08-ngkMvg
f1uXUTNoMFk,gegenBankenMacht,2013-02-21T09:01:07Z,722,12,1,PT3H5M1S,UCA95T5bSGxNOAODBdbR2rYQ,DieLinke,https://www.youtube.com/watch?v=f1uXUTNoMFk
XgQxiJgfu_w,Bernd Riexinger am 13. Januar 2013 beim Jahresauftakt der Europäischen Linkspartei und der LINKEN,2013-02-21T08:59:52Z,274,14,1,PT11M22S,UCA95T5bSGxNOAODBdbR2rYQ,DieLinke,https://www.youtube.com/watch?v=XgQxiJgfu_w
QO6gDO9VrJo,100% sozial.,2013-02-20T11:32:32Z,1506,43,8,PT10M41S,UCA95T5bSGxNOAODBdbR2rYQ,DieLinke,https://www.youtube.com/watch?v=QO6gDO9VrJo
HFnway4LXdU,Vorwürfe gegen Gregor Gysi sind substanzlos,2013-02-11T13:37:11Z,2817,84,27,PT8M56S,UCA95T5bSGxNOAODBdbR2rYQ,DieLinke,https://www.youtube.com/watch?v=HFnway4LXdU
pHpViG1KvAU,Jonas Sjoestedt am 13. Januar 2013 beim Jahresauftakt der Europäischen Linkspartei und der LINKEN,2013-02-07T08:28:19Z,367,15,0,PT6M41S,UCA95T5bSGxNOAODBdbR2rYQ,DieLinke,https://www.youtube.com/watch?v=pHpViG1KvAU
z9ywlgFVRJw,Katja Kipping am 13. Januar 2013 beim Jahresauftakt der Europäischen Linkspartei und der LINKEN,2013-02-07T08:27:28Z,1490,32,1,PT13M55S,UCA95T5bSGxNOAODBdbR2rYQ,DieLinke,https://www.youtube.com/watch?v=z9ywlgFVRJw
hdLGpmwn4Xw,Maite Mola  am 13. Januar 2013 beim Jahresauftakt der Europäischen Linkspartei und der LINKEN,2013-02-07T08:25:55Z,374,13,0,PT9M27S,UCA95T5bSGxNOAODBdbR2rYQ,DieLinke,https://www.youtube.com/watch?v=hdLGpmwn4Xw
Ct72wvdlMIA,Oskar Lafontaine am 13. Januar 2013 beim Jahresauftakt der Europäischen Linkspartei und der LINKEN,2013-02-07T08:25:04Z,4716,72,17,PT22M2S,UCA95T5bSGxNOAODBdbR2rYQ,DieLinke,https://www.youtube.com/watch?v=Ct72wvdlMIA
85A2etaOg4Q,Alexis Tsipras am 13. Januar 2013 beim Jahresauftakt der Europäischen Linkspartei und der LINKEN,2013-02-07T08:23:31Z,1144,18,0,PT15M13S,UCA95T5bSGxNOAODBdbR2rYQ,DieLinke,https://www.youtube.com/watch?v=85A2etaOg4Q
92wX-rZ4RBw,Ihnen fehlt der Wille!,2013-02-04T13:33:05Z,2729,44,16,PT6M23S,UCA95T5bSGxNOAODBdbR2rYQ,DieLinke,https://www.youtube.com/watch?v=92wX-rZ4RBw
VD8qYz0dCeQ,Die Strategie der SPD ist in doppeltem Sinne falsch,2013-01-28T13:28:32Z,1087,25,12,PT5M33S,UCA95T5bSGxNOAODBdbR2rYQ,DieLinke,https://www.youtube.com/watch?v=VD8qYz0dCeQ
1g_8M9Jn8iA,Kundgebung gegen Studiengebühren in München,2013-01-28T09:17:21Z,1397,42,4,PT37M14S,UCA95T5bSGxNOAODBdbR2rYQ,DieLinke,https://www.youtube.com/watch?v=1g_8M9Jn8iA
3jqa0J40fx8,Wir werden auch im Westen weiter linke Politik machen,2013-01-21T17:07:36Z,833,21,9,PT4M20S,UCA95T5bSGxNOAODBdbR2rYQ,DieLinke,https://www.youtube.com/watch?v=3jqa0J40fx8
ub-Or7lfvJE,Volle Kraft für einen Politikwechsel im September!,2013-01-21T16:33:58Z,4301,51,21,PT10M3S,UCA95T5bSGxNOAODBdbR2rYQ,DieLinke,https://www.youtube.com/watch?v=ub-Or7lfvJE
KttbOZ9b24I,Das Scheitern an der Fünf-Prozent-Hürde ist schmerzhaft,2013-01-20T18:43:51Z,1459,38,15,PT2M32S,UCA95T5bSGxNOAODBdbR2rYQ,DieLinke,https://www.youtube.com/watch?v=KttbOZ9b24I
RjujXgVO-gA,DIE LINKE in Niedersachsen hat gute Arbeit geleistet,2013-01-20T18:38:13Z,1506,34,75,PT4M31S,UCA95T5bSGxNOAODBdbR2rYQ,DieLinke,https://www.youtube.com/watch?v=RjujXgVO-gA
uL6xV52mqKY,»Entschlossen gegen Steuerhinterziehung und Kapitalflucht«,2013-01-18T16:04:52Z,619,21,13,PT47M54S,UCA95T5bSGxNOAODBdbR2rYQ,DieLinke,https://www.youtube.com/watch?v=uL6xV52mqKY
cIIQLmCvKmM,Legalize it!,2013-01-18T11:11:53Z,7448,344,38,PT5M25S,UCA95T5bSGxNOAODBdbR2rYQ,DieLinke,https://www.youtube.com/watch?v=cIIQLmCvKmM
ToW3bi8MaE4,Sigrid Leuschner: »Steinbrück brachte das Fass zum Überlaufen«,2013-01-15T16:08:57Z,3926,75,14,PT5M3S,UCA95T5bSGxNOAODBdbR2rYQ,DieLinke,https://www.youtube.com/watch?v=ToW3bi8MaE4
mUJG6A9-Pos,"Stress lass nach! Für gute Arbeit, soziale Rechte und mehr Mitbestimmung",2012-12-19T13:15:45Z,2331,35,6,PT7M19S,UCA95T5bSGxNOAODBdbR2rYQ,DieLinke,https://www.youtube.com/watch?v=mUJG6A9-Pos
bj-_ZCXqqnE,DIE LINKE startet durch ins Wahljahr 2013,2012-12-17T12:01:26Z,1342,24,8,PT7M50S,UCA95T5bSGxNOAODBdbR2rYQ,DieLinke,https://www.youtube.com/watch?v=bj-_ZCXqqnE
5xbemgg7kNM,Steinbrück steht für Umverteilungspolitik zugunsten der Banken,2012-12-11T09:20:54Z,1288,31,4,PT9M10S,UCA95T5bSGxNOAODBdbR2rYQ,DieLinke,https://www.youtube.com/watch?v=5xbemgg7kNM
KMOsOHVvTEk,»DIE LINKE ist die politische Sozialversicherung«,2012-12-04T17:26:24Z,1658,41,5,PT55M39S,UCA95T5bSGxNOAODBdbR2rYQ,DieLinke,https://www.youtube.com/watch?v=KMOsOHVvTEk
Sd14ggz-hv0,Deal mit Waffen ist Deal mit dem Tod,2012-12-03T15:27:32Z,1027,21,25,PT13M42S,UCA95T5bSGxNOAODBdbR2rYQ,DieLinke,https://www.youtube.com/watch?v=Sd14ggz-hv0
7wgWfoId5vY,Oskar Lafontaine: »Niedersachsen braucht DIE LINKE«,2012-12-02T01:06:23Z,5205,89,24,PT50M15S,UCA95T5bSGxNOAODBdbR2rYQ,DieLinke,https://www.youtube.com/watch?v=7wgWfoId5vY
6QpHz2dw-mw,Das Ruder jetzt herumreißen,2012-11-26T15:07:35Z,2448,37,12,PT12M49S,UCA95T5bSGxNOAODBdbR2rYQ,DieLinke,https://www.youtube.com/watch?v=6QpHz2dw-mw
JT59qUGPICE,"Generalstreik in Lissabon, 14. November 2012",2012-11-20T21:31:06Z,603,14,1,PT1M55S,UCA95T5bSGxNOAODBdbR2rYQ,DieLinke,https://www.youtube.com/watch?v=JT59qUGPICE
fYjPCwn8VQs,Grüne: Mehr Schein als Sein,2012-11-20T09:04:18Z,2763,49,29,PT7M59S,UCA95T5bSGxNOAODBdbR2rYQ,DieLinke,https://www.youtube.com/watch?v=fYjPCwn8VQs
g5PfBFaVsC4,Checkliste für den Politikwechsel,2012-11-12T13:47:06Z,1023,19,1,PT5M58S,UCA95T5bSGxNOAODBdbR2rYQ,DieLinke,https://www.youtube.com/watch?v=g5PfBFaVsC4
0qt-10NWYN8,»Wir wollen Transparenz und das Verbot von Unternehmensspenden an Parteien«,2012-11-08T20:02:05Z,823,42,10,PT4M35S,UCA95T5bSGxNOAODBdbR2rYQ,DieLinke,https://www.youtube.com/watch?v=0qt-10NWYN8
paCFagyvFDw,Koalition hat sich vom Kampf gegen die Altersarmut verabschiedet,2012-11-05T14:11:31Z,1287,29,3,PT8M53S,UCA95T5bSGxNOAODBdbR2rYQ,DieLinke,https://www.youtube.com/watch?v=paCFagyvFDw
mU2SUMcfFoQ,Polizeigewalt gegen Flüchtlingscamp am Brandenburger Tor,2012-10-30T13:11:45Z,5693,41,36,PT2M28S,UCA95T5bSGxNOAODBdbR2rYQ,DieLinke,https://www.youtube.com/watch?v=mU2SUMcfFoQ
P-g5GZHtVXw,Merkel wird die Bundestagwahl im Osten verlieren,2012-10-29T15:16:14Z,1077,34,9,PT8M35S,UCA95T5bSGxNOAODBdbR2rYQ,DieLinke,https://www.youtube.com/watch?v=P-g5GZHtVXw
NkXNRRRb9Qs,Countdown für Schwarz-Gelb läuft,2012-10-22T15:32:28Z,1531,28,11,PT11M54S,UCA95T5bSGxNOAODBdbR2rYQ,DieLinke,https://www.youtube.com/watch?v=NkXNRRRb9Qs
7dzyqL_JeWk,DIE LINKE kämpft um jede Stimme zur Bundestagswahl 2013,2012-10-15T14:04:52Z,1948,15,3,PT10M51S,UCA95T5bSGxNOAODBdbR2rYQ,DieLinke,https://www.youtube.com/watch?v=7dzyqL_JeWk
3h0usNOBuyE,Erneuter Kniefall vor den Stromkonzernen,2012-10-11T10:30:56Z,1349,33,19,PT6M6S,UCA95T5bSGxNOAODBdbR2rYQ,DieLinke,https://www.youtube.com/watch?v=3h0usNOBuyE
T5aN1TEakiw,Merkels Besuch in Athen verschärft soziale Konflikte,2012-10-09T08:16:29Z,945,28,14,PT10M27S,UCA95T5bSGxNOAODBdbR2rYQ,DieLinke,https://www.youtube.com/watch?v=T5aN1TEakiw
oDl_tyen7-Q,Politikwechsel entscheidet sich an den Inhalten,2012-09-28T14:15:07Z,483,11,4,PT2M33S,UCA95T5bSGxNOAODBdbR2rYQ,DieLinke,https://www.youtube.com/watch?v=oDl_tyen7-Q
9ZL0_X3NKU4,SPD-Rentenkonzept liefert keine Antwort auf wachsende Altersarmut,2012-09-24T12:00:09Z,571,18,1,PT5M47S,UCA95T5bSGxNOAODBdbR2rYQ,DieLinke,https://www.youtube.com/watch?v=9ZL0_X3NKU4
z0nUYxAvPL8,NSU-Aufklärung wird zur Staatsaffäre,2012-09-17T13:49:11Z,1449,25,3,PT11M36S,UCA95T5bSGxNOAODBdbR2rYQ,DieLinke,https://www.youtube.com/watch?v=z0nUYxAvPL8
Zzd-7nB05H0,"Die gute Botschaft ist, dass es der letzte Haushalt dieser Regierung ist",2012-09-11T12:14:28Z,2400,44,24,PT12M5S,UCA95T5bSGxNOAODBdbR2rYQ,DieLinke,https://www.youtube.com/watch?v=Zzd-7nB05H0
_7WTueeicO4,Rentenkonzept der SPD ist kein Rezept gegen Altersarmut,2012-09-10T11:22:39Z,1240,30,11,PT8M55S,UCA95T5bSGxNOAODBdbR2rYQ,DieLinke,https://www.youtube.com/watch?v=_7WTueeicO4
puzsMm-_bgA,"Zuschussrente wäre Mogelpackung, die Altersarmut nicht auffängt",2012-09-03T14:05:43Z,989,31,6,PT6M32S,UCA95T5bSGxNOAODBdbR2rYQ,DieLinke,https://www.youtube.com/watch?v=puzsMm-_bgA
ndJMb_fHBfM,Wir brauchen einen Ostrenten-Gipfel,2012-08-27T12:47:26Z,813,17,19,PT8M38S,UCA95T5bSGxNOAODBdbR2rYQ,DieLinke,https://www.youtube.com/watch?v=ndJMb_fHBfM
F1PnhRhTWNY,Zufriedenheit nach fünf Wochen Sommertour,2012-08-22T10:01:57Z,1429,29,9,PT9M59S,UCA95T5bSGxNOAODBdbR2rYQ,DieLinke,https://www.youtube.com/watch?v=F1PnhRhTWNY
9qqmjgameWc,"»Wo Schulden sind, ist auch Vermögen«",2012-08-20T12:32:05Z,1616,46,18,PT7M34S,UCA95T5bSGxNOAODBdbR2rYQ,DieLinke,https://www.youtube.com/watch?v=9qqmjgameWc
d9hFW8oP_dw,"Von der Leyens Rentenpaket ist eine Mogelpackung, die keine Probleme löst",2012-08-13T14:02:12Z,1286,34,11,PT6M50S,UCA95T5bSGxNOAODBdbR2rYQ,DieLinke,https://www.youtube.com/watch?v=d9hFW8oP_dw
1pXFFtdBJQs,Demokratie statt diktierter Bankenrettung,2012-08-06T12:29:46Z,2636,47,76,PT7M18S,UCA95T5bSGxNOAODBdbR2rYQ,DieLinke,https://www.youtube.com/watch?v=1pXFFtdBJQs
Iy1cJhJcnvo,»Update oder neues Betriebssystem« - Katja Kipping und Bernd Schlömer im Gespräch,2012-08-03T12:05:21Z,4708,45,31,PT1H30M18S,UCA95T5bSGxNOAODBdbR2rYQ,DieLinke,https://www.youtube.com/watch?v=Iy1cJhJcnvo
nW1NcvM-DDk,»Ein guter Tag für die Demokratie«,2012-07-25T10:34:05Z,1600,25,18,PT2M42S,UCA95T5bSGxNOAODBdbR2rYQ,DieLinke,https://www.youtube.com/watch?v=nW1NcvM-DDk
OvsM1A5UgeM,In Griechenland droht ein humanitäre Katastrophe,2012-07-23T15:47:40Z,2050,43,20,PT14M24S,UCA95T5bSGxNOAODBdbR2rYQ,DieLinke,https://www.youtube.com/watch?v=OvsM1A5UgeM
fq0U_QGm0Yo,DIE LINKE Bayern: Wohnen ist Grundrecht (2),2012-07-23T10:11:49Z,369,20,0,PT3M29S,UCA95T5bSGxNOAODBdbR2rYQ,DieLinke,https://www.youtube.com/watch?v=fq0U_QGm0Yo
yB5F_824uZY,DIE LINKE Bayern: Wohnen ist Grundrecht (3),2012-07-23T09:58:52Z,623,21,1,PT6M35S,UCA95T5bSGxNOAODBdbR2rYQ,DieLinke,https://www.youtube.com/watch?v=yB5F_824uZY
BuihNzVO0RI,Bernd Riexinger: »Wir verbinden die ökologische mit der sozialen Frage,2012-07-22T09:25:11Z,816,21,6,PT31M33S,UCA95T5bSGxNOAODBdbR2rYQ,DieLinke,https://www.youtube.com/watch?v=BuihNzVO0RI
kZ-M1qRvGDM,"DIE LINKE Bayern: Wohnen ist Grundrecht, keine Ware",2012-07-20T10:18:13Z,1076,45,15,PT4M8S,UCA95T5bSGxNOAODBdbR2rYQ,DieLinke,https://www.youtube.com/watch?v=kZ-M1qRvGDM
i471mRHPNKM,Bernd Riexinger: Verfassungsschutzbericht zeigt ein einziges Fiasko,2012-07-18T11:55:06Z,1084,28,3,PT2M10S,UCA95T5bSGxNOAODBdbR2rYQ,DieLinke,https://www.youtube.com/watch?v=i471mRHPNKM
JjFzf_Ogeew,Matthias Höhn: »Merkels Sicht auf die Krise ist eng begrenzt«,2012-07-16T12:16:57Z,1156,26,21,PT5M38S,UCA95T5bSGxNOAODBdbR2rYQ,DieLinke,https://www.youtube.com/watch?v=JjFzf_Ogeew
nTE9a8xIJ8k,Nein zum Fiskalpakt eröffnet neue Chance für Europa,2012-07-11T10:14:36Z,1159,38,26,PT13M51S,UCA95T5bSGxNOAODBdbR2rYQ,DieLinke,https://www.youtube.com/watch?v=nTE9a8xIJ8k
BA22vYqMXkg,»Mehr Europa geht nur mit mehr Demokratie«,2012-07-02T14:34:24Z,2010,30,19,PT7M12S,UCA95T5bSGxNOAODBdbR2rYQ,DieLinke,https://www.youtube.com/watch?v=BA22vYqMXkg
_hYZgbWcpag,Bewerbungsrede Raju Sharmas auf dem Göttinger Parteitag,2012-06-29T10:45:19Z,408,13,1,PT5M9S,UCA95T5bSGxNOAODBdbR2rYQ,DieLinke,https://www.youtube.com/watch?v=_hYZgbWcpag
nsRfLRD-X6w,Den Fiskalpakt stoppen,2012-06-25T12:10:27Z,2419,66,35,PT7M47S,UCA95T5bSGxNOAODBdbR2rYQ,DieLinke,https://www.youtube.com/watch?v=nsRfLRD-X6w
5JJPugPjMPo,Für eine neue soziale Idee,2012-06-19T07:54:53Z,1151,20,4,PT18M29S,UCA95T5bSGxNOAODBdbR2rYQ,DieLinke,https://www.youtube.com/watch?v=5JJPugPjMPo
dsB9sXXVws4,Klaus Ernst: DIE LINKE ist 2012 noch nötiger als 2007,2012-06-14T09:57:56Z,1444,28,10,PT37M47S,UCA95T5bSGxNOAODBdbR2rYQ,DieLinke,https://www.youtube.com/watch?v=dsB9sXXVws4
INU8u7FBOCw,Den Aufbruch organisieren,2012-06-12T11:19:49Z,2924,37,18,PT12M55S,UCA95T5bSGxNOAODBdbR2rYQ,DieLinke,https://www.youtube.com/watch?v=INU8u7FBOCw
gtrtBS-Gj34,"Jan van Aken: Den Arsch hochkriegen, damit DIE LINKE stark bleibt",2012-06-06T13:49:58Z,2356,30,7,PT4M50S,UCA95T5bSGxNOAODBdbR2rYQ,DieLinke,https://www.youtube.com/watch?v=gtrtBS-Gj34
atQ2NsnbzsY,Sahra Wagenknecht: DIE LINKE ist nur gesamtdeutsch stark,2012-06-06T13:27:44Z,3465,41,28,PT7M23S,UCA95T5bSGxNOAODBdbR2rYQ,DieLinke,https://www.youtube.com/watch?v=atQ2NsnbzsY
x5YCOPXYabI,Caren Lay: »Wir müssen die Partei der Mieterinnen und Mieter werden«.,2012-06-06T12:53:56Z,861,15,4,PT7M25S,UCA95T5bSGxNOAODBdbR2rYQ,DieLinke,https://www.youtube.com/watch?v=x5YCOPXYabI
ok5AVMSrArk,Axel Troost: »Es geht nur durch gemeinsame Anstrengung«,2012-06-06T12:17:51Z,359,8,0,PT7M11S,UCA95T5bSGxNOAODBdbR2rYQ,DieLinke,https://www.youtube.com/watch?v=ok5AVMSrArk
ZqA2_JWMpRM,Katja Kipping: »Betreuungsgeld setzt falsche Anreize«,2012-06-06T11:21:28Z,4209,32,10,PT1M30S,UCA95T5bSGxNOAODBdbR2rYQ,DieLinke,https://www.youtube.com/watch?v=ZqA2_JWMpRM
MF8vk2OArQM,Fest der Linken 2012,2012-06-06T08:00:46Z,1909,18,3,PT1M36S,UCA95T5bSGxNOAODBdbR2rYQ,DieLinke,https://www.youtube.com/watch?v=MF8vk2OArQM
FGXHwCQxKLY,Bernd Riexinger: »Lasst uns eine starke LINKE aufbauen«,2012-06-05T16:48:27Z,2380,37,6,PT8M1S,UCA95T5bSGxNOAODBdbR2rYQ,DieLinke,https://www.youtube.com/watch?v=FGXHwCQxKLY
7C_V6g-Li6Q,Katja Kipping: »Der Macht der Konzerne setzen wir etwas entgegen«,2012-06-05T16:23:13Z,2741,43,14,PT7M18S,UCA95T5bSGxNOAODBdbR2rYQ,DieLinke,https://www.youtube.com/watch?v=7C_V6g-Li6Q
8ALqzQG151I,"Oskar Lafontaine: »Wir haben kein Recht, diese linke Partei zu verspielen«",2012-06-04T14:01:06Z,11742,101,39,PT21M20S,UCA95T5bSGxNOAODBdbR2rYQ,DieLinke,https://www.youtube.com/watch?v=8ALqzQG151I
YTljEXuZPUo,Gregor Gysi: »Das ist ein wichtiges Signal für die nächste Generation«,2012-06-03T17:45:35Z,4827,69,41,PT29M,UCA95T5bSGxNOAODBdbR2rYQ,DieLinke,https://www.youtube.com/watch?v=YTljEXuZPUo
_YLsl1_MOzY,5 Jahre DIE LINKE,2012-06-03T13:37:56Z,2386,44,44,PT2M23S,UCA95T5bSGxNOAODBdbR2rYQ,DieLinke,https://www.youtube.com/watch?v=_YLsl1_MOzY
Edl9CC00M7I,Eine integrative Lösung für den Vorstand finden,2012-05-30T16:46:55Z,3853,14,14,PT2M18S,UCA95T5bSGxNOAODBdbR2rYQ,DieLinke,https://www.youtube.com/watch?v=Edl9CC00M7I
m8pvP3TCS70,"Tsipras, Gysi, Ernst: Merkels Experiment, Europa aus der Krise herauszusparen, ist gescheitert",2012-05-23T13:42:55Z,1850,32,0,PT57M10S,UCA95T5bSGxNOAODBdbR2rYQ,DieLinke,https://www.youtube.com/watch?v=m8pvP3TCS70
1Hffbcm3gok,Die Entwicklung in der Personalfrage freut mich überhaupt nicht,2012-05-21T12:58:22Z,3548,15,28,PT10M52S,UCA95T5bSGxNOAODBdbR2rYQ,DieLinke,https://www.youtube.com/watch?v=1Hffbcm3gok
kcgBO-wRhe8,"Klaus Ernst: »Wir haben beraten, was für die Partei am besten ist«",2012-05-15T18:23:55Z,2539,23,9,PT5M32S,UCA95T5bSGxNOAODBdbR2rYQ,DieLinke,https://www.youtube.com/watch?v=kcgBO-wRhe8
1N3QTODJh9A,NRW-Wahl: Frage- und Antwortrunde der Pressekonferenz,2012-05-15T12:07:18Z,767,10,2,PT31M34S,UCA95T5bSGxNOAODBdbR2rYQ,DieLinke,https://www.youtube.com/watch?v=1N3QTODJh9A
I_obaC4bAXo,Bärbel Beuermann: »Wir werden weiter unsere Stimme erheben«,2012-05-14T15:05:01Z,787,12,6,PT3M48S,UCA95T5bSGxNOAODBdbR2rYQ,DieLinke,https://www.youtube.com/watch?v=I_obaC4bAXo
1y5FIx90fMw,Hubertus Zdebel: »Viele Erfolge unserer Fraktion sind der Regierung zugeschrieben worden«,2012-05-14T14:31:12Z,1350,11,9,PT3M46S,UCA95T5bSGxNOAODBdbR2rYQ,DieLinke,https://www.youtube.com/watch?v=1y5FIx90fMw
rvaXZ0lj2-E,"Katharina Schwabedissen: Wir haben verloren, aber wir werden auch wieder aufstehen und gewinnen",2012-05-14T13:52:54Z,4602,31,4,PT3M51S,UCA95T5bSGxNOAODBdbR2rYQ,DieLinke,https://www.youtube.com/watch?v=rvaXZ0lj2-E
foWAv2RvAp8,Klaus Ernst: »Wir wurden mit unseren Themen nur unzureichend wahrgenommen«,2012-05-14T13:15:56Z,1241,11,6,PT6M16S,UCA95T5bSGxNOAODBdbR2rYQ,DieLinke,https://www.youtube.com/watch?v=foWAv2RvAp8
QD8x39wnIkg,"DIE LINKE bleibt notwendig, und wir werden weitermachen",2012-05-13T17:23:01Z,3137,39,26,PT5M39S,UCA95T5bSGxNOAODBdbR2rYQ,DieLinke,https://www.youtube.com/watch?v=QD8x39wnIkg
b7xDOhAb168,Linke Offensive zur Wohnungs- und Mietenpolitik,2012-05-09T18:15:16Z,2079,32,13,PT23M25S,UCA95T5bSGxNOAODBdbR2rYQ,DieLinke,https://www.youtube.com/watch?v=b7xDOhAb168
rXADa07MwmQ,Statements zu den Wahlen vom 6. Mai 2012,2012-05-07T12:31:37Z,1616,21,3,PT9M42S,UCA95T5bSGxNOAODBdbR2rYQ,DieLinke,https://www.youtube.com/watch?v=rXADa07MwmQ
s4AMctwb4Ok,Wir haben uns viel zu sehr mit uns selber beschäftigt,2012-05-06T17:36:23Z,1539,13,12,PT8M19S,UCA95T5bSGxNOAODBdbR2rYQ,DieLinke,https://www.youtube.com/watch?v=s4AMctwb4Ok
JtvnP-iGn3U,Klaus Ernst: »Wählen Sie in Thüringen soziale Gerechtigkeit«,2012-04-27T14:36:37Z,480,12,1,PT1M38S,UCA95T5bSGxNOAODBdbR2rYQ,DieLinke,https://www.youtube.com/watch?v=JtvnP-iGn3U
-qyG987JUq0,Klaus Ernst: »Eine Abwahl von Sarkozy wäre ein entscheidendes Signal für die Politik in Europa«,2012-04-23T14:01:03Z,2326,31,50,PT10M33S,UCA95T5bSGxNOAODBdbR2rYQ,DieLinke,https://www.youtube.com/watch?v=-qyG987JUq0
oqDql1wlmKg,Oskar Lafontaine: »Auf die Idee der sozialen Gerechtigkeit können wir nicht verzichten«,2012-04-21T05:22:01Z,7001,111,28,PT1H1M8S,UCA95T5bSGxNOAODBdbR2rYQ,DieLinke,https://www.youtube.com/watch?v=oqDql1wlmKg
-Q9jruC7sBI,"Wer etwas für die Partei tun will, macht jetzt Wahlkampf",2012-04-16T13:26:10Z,1270,23,11,PT12M5S,UCA95T5bSGxNOAODBdbR2rYQ,DieLinke,https://www.youtube.com/watch?v=-Q9jruC7sBI
5_TOeun65M4,Gesine Lötzsch erklärt Rücktritt vom Parteivorsitz,2012-04-11T09:36:24Z,4154,40,15,PT3M18S,UCA95T5bSGxNOAODBdbR2rYQ,DieLinke,https://www.youtube.com/watch?v=5_TOeun65M4
D_Bw8BTZsxw,Gesine Lötzsch: »Sind Merkel die Schlecker-Frauen egal«?,2012-04-02T17:38:17Z,2139,16,2,PT16M11S,UCA95T5bSGxNOAODBdbR2rYQ,DieLinke,https://www.youtube.com/watch?v=D_Bw8BTZsxw
PMUGDafUeP0,Nachbarn eine Freude machen - Großfläche spenden.,2012-03-29T23:00:15Z,890,19,2,PT1M25S,UCA95T5bSGxNOAODBdbR2rYQ,DieLinke,https://www.youtube.com/watch?v=PMUGDafUeP0
m_mG1FLEiD4,Gregor Gysi: Merkel & Schäuble unterschreiben grundgesetzwidrigen ESM,2012-03-29T10:41:24Z,56167,699,104,PT18M15S,UCA95T5bSGxNOAODBdbR2rYQ,DieLinke,https://www.youtube.com/watch?v=m_mG1FLEiD4
pErcs4WOhMY,Gregor Gysi: »DIE LINKE kommt wieder rein in den Landtag!«,2012-03-29T10:11:04Z,8479,175,93,PT56M23S,UCA95T5bSGxNOAODBdbR2rYQ,DieLinke,https://www.youtube.com/watch?v=pErcs4WOhMY
5FBZjeMxJO0,Gesine Lötzsch: Der ESM sichert nur den Geldfluss an die Banken,2012-03-26T14:26:35Z,837,14,2,PT1M52S,UCA95T5bSGxNOAODBdbR2rYQ,DieLinke,https://www.youtube.com/watch?v=5FBZjeMxJO0
J9PrQavMSRM,Gesine Lötzsch: DIE LINKE ist dauerhaft in der politischen Landschaft des Saarlands etabliert,2012-03-26T13:59:15Z,523,13,19,PT4M25S,UCA95T5bSGxNOAODBdbR2rYQ,DieLinke,https://www.youtube.com/watch?v=J9PrQavMSRM
0wGc9btaX2o,Heinz Bierbaum: Eine Große Koalition im Saarland wird nicht stabil sein,2012-03-26T13:33:38Z,901,12,4,PT4M22S,UCA95T5bSGxNOAODBdbR2rYQ,DieLinke,https://www.youtube.com/watch?v=0wGc9btaX2o
RaD_j31QSyM,Klaus Ernst: Rot-Rot im Saarland wäre möglich gewesen,2012-03-26T12:25:00Z,1340,35,5,PT5M37S,UCA95T5bSGxNOAODBdbR2rYQ,DieLinke,https://www.youtube.com/watch?v=RaD_j31QSyM
4Zm8_tbZMnM,"Gesine Lötzsch: »Je stärker DIE LINKE, desto sozialer das Land«",2012-03-25T17:45:52Z,1965,16,13,PT2M46S,UCA95T5bSGxNOAODBdbR2rYQ,DieLinke,https://www.youtube.com/watch?v=4Zm8_tbZMnM
li9Ak5aRG-s,Gregor Gysi: Praxisgebühr abschaffen,2012-03-22T16:23:13Z,11098,194,26,PT4M47S,UCA95T5bSGxNOAODBdbR2rYQ,DieLinke,https://www.youtube.com/watch?v=li9Ak5aRG-s
d1ICX2L1EPc,"Klaus Ernst: ""Wir sind stolz auf das Abschneiden unserer Kandidatin""",2012-03-19T17:37:59Z,1475,26,13,PT13M21S,UCA95T5bSGxNOAODBdbR2rYQ,DieLinke,https://www.youtube.com/watch?v=d1ICX2L1EPc
igKaiaulOcw,Klaus Ernst: »Wir sind die Partei der Solidarität«,2012-03-18T18:16:06Z,1182,17,2,PT33M30S,UCA95T5bSGxNOAODBdbR2rYQ,DieLinke,https://www.youtube.com/watch?v=igKaiaulOcw
QuF_cbO24sY,Gesine Lötzsch: »Soziale Gerechtigkeit ist ohne DIE LINKE nicht zu machen«,2012-03-18T14:04:10Z,851,22,3,PT21M13S,UCA95T5bSGxNOAODBdbR2rYQ,DieLinke,https://www.youtube.com/watch?v=QuF_cbO24sY
FMa1_b5PSDY,Schlecker: »Wir kämpfen um unsere Arbeitsplätze«,2012-03-15T18:24:48Z,1097,17,8,PT3M38S,UCA95T5bSGxNOAODBdbR2rYQ,DieLinke,https://www.youtube.com/watch?v=FMa1_b5PSDY
9tFBMLRld3A,"Gesine Lötzsch: SPD und Grüne in NRW haben versucht, sich mit der FDP zu verbünden",2012-03-14T17:13:53Z,1513,18,19,PT5M45S,UCA95T5bSGxNOAODBdbR2rYQ,DieLinke,https://www.youtube.com/watch?v=9tFBMLRld3A
UtklMv19MpE,Verleihung des Clara-Zetkin-Frauenpreises 2012,2012-03-14T12:16:25Z,621,9,1,PT43M36S,UCA95T5bSGxNOAODBdbR2rYQ,DieLinke,https://www.youtube.com/watch?v=UtklMv19MpE
_eOdhzfwSYs,Gesine Lötzsch: »Nichts ist gut in Afghanistan«,2012-03-12T14:52:15Z,1039,26,9,PT12M28S,UCA95T5bSGxNOAODBdbR2rYQ,DieLinke,https://www.youtube.com/watch?v=_eOdhzfwSYs
m4UZQvz5ewQ,Klaus Ernst: »Schwarz-Gelb ist eine Trümmertruppe«,2012-03-05T16:50:53Z,1380,25,5,PT13M23S,UCA95T5bSGxNOAODBdbR2rYQ,DieLinke,https://www.youtube.com/watch?v=m4UZQvz5ewQ
RxqQBN4Eop4,Beate Klarsfeld: »Den Gegnern der Nazis viel Mut zusprechen«,2012-03-04T17:02:23Z,1702,29,11,PT22M40S,UCA95T5bSGxNOAODBdbR2rYQ,DieLinke,https://www.youtube.com/watch?v=RxqQBN4Eop4
-sp2qGThqNw,"Beate Klarsfeld: ""Ich habe versucht, eine exemplarische Deutsche zu sein und Deutschland zu ändern""",2012-02-29T12:22:40Z,10537,139,84,PT5M34S,UCA95T5bSGxNOAODBdbR2rYQ,DieLinke,https://www.youtube.com/watch?v=-sp2qGThqNw
Mqq9KfqbHtk,Beate Klarsfeld kandidiert als Bundespräsidentin,2012-02-27T15:32:21Z,3071,31,28,PT10M58S,UCA95T5bSGxNOAODBdbR2rYQ,DieLinke,https://www.youtube.com/watch?v=Mqq9KfqbHtk
fWJGsza7DbY,Eine Alternative zu Herrn Gauck,2012-02-23T19:00:52Z,2013,21,13,PT8M16S,UCA95T5bSGxNOAODBdbR2rYQ,DieLinke,https://www.youtube.com/watch?v=fWJGsza7DbY
oEz6l_q0i6w,Gregor Gysi - Politischer Aschermittwoch 2012,2012-02-23T13:43:22Z,57483,677,178,PT1H4M22S,UCA95T5bSGxNOAODBdbR2rYQ,DieLinke,https://www.youtube.com/watch?v=oEz6l_q0i6w
oUzfD_Hpj0I,Klaus Ernst - Politischer Aschermittwoch 2012,2012-02-23T09:27:38Z,5517,59,29,PT47M4S,UCA95T5bSGxNOAODBdbR2rYQ,DieLinke,https://www.youtube.com/watch?v=oUzfD_Hpj0I
6REPm-Rq_r0,»Gauck ist kein Kandidat der LINKEN«,2012-02-20T16:00:21Z,9586,96,118,PT14M11S,UCA95T5bSGxNOAODBdbR2rYQ,DieLinke,https://www.youtube.com/watch?v=6REPm-Rq_r0
QQ1yfgVRmTg,Aktion: »Schuldenbremse bedeutet Abbau von Lehrerstellen«,2012-02-16T12:54:44Z,2377,53,12,PT1M3S,UCA95T5bSGxNOAODBdbR2rYQ,DieLinke,https://www.youtube.com/watch?v=QQ1yfgVRmTg
FC7S1S3bdLo,Ulrich Maurer: »Ein schlimmer Tag für die Demokratie«,2012-02-13T15:12:49Z,4397,89,15,PT13M38S,UCA95T5bSGxNOAODBdbR2rYQ,DieLinke,https://www.youtube.com/watch?v=FC7S1S3bdLo
fPgo3qhyLNg,Caren Lay: »Ich bin erschrocken über die Aufhebung der Immunität«,2012-02-10T15:25:44Z,12149,138,66,PT4M14S,UCA95T5bSGxNOAODBdbR2rYQ,DieLinke,https://www.youtube.com/watch?v=fPgo3qhyLNg
GDwOz-SZ8Ws,Gesine Lötzsch »Wir brauchen eine Regulierung der Finanzmärkte«,2012-02-06T14:34:07Z,1071,21,2,PT14M53S,UCA95T5bSGxNOAODBdbR2rYQ,DieLinke,https://www.youtube.com/watch?v=GDwOz-SZ8Ws
4b1iNQgSPZc,Freiheit und Demokratie verteidigen,2012-02-02T16:29:29Z,5110,123,65,PT1M33S,UCA95T5bSGxNOAODBdbR2rYQ,DieLinke,https://www.youtube.com/watch?v=4b1iNQgSPZc
0zzIurdLGWM,»Unsere Idee ist die Solidarität«,2012-01-31T16:20:41Z,716,21,4,PT25M21S,UCA95T5bSGxNOAODBdbR2rYQ,DieLinke,https://www.youtube.com/watch?v=0zzIurdLGWM
mMCxi65RwnI,Klaus Ernst: »Der Verfassungsschutz wird gegen DIE LINKE instrumentalisiert«,2012-01-30T16:50:24Z,2655,63,8,PT17M10S,UCA95T5bSGxNOAODBdbR2rYQ,DieLinke,https://www.youtube.com/watch?v=mMCxi65RwnI
JXTxNQdXa-o,Steffen Bockhahn: Demokratisches Engagement unter Generalverdacht,2012-01-26T14:09:28Z,4093,87,19,PT5M50S,UCA95T5bSGxNOAODBdbR2rYQ,DieLinke,https://www.youtube.com/watch?v=JXTxNQdXa-o
OxkpcZfV5U8,Jan Korte: »DIE LINKE lässt sich nicht einschüchtern«,2012-01-26T13:15:55Z,6806,157,42,PT5M34S,UCA95T5bSGxNOAODBdbR2rYQ,DieLinke,https://www.youtube.com/watch?v=OxkpcZfV5U8
npZ8e2Y_l5o,Gesine Lötzsch: »Für den Verfassungsschutz steht die Existenzfrage,2012-01-23T15:09:39Z,2906,48,12,PT14M4S,UCA95T5bSGxNOAODBdbR2rYQ,DieLinke,https://www.youtube.com/watch?v=npZ8e2Y_l5o
_0CP0esLrTA,Klaus Ernst: »Gegen die Zerschlagung des Sozialstaatssystems in ganz Europa aufstehen«,2012-01-16T18:06:16Z,2156,28,33,PT37M17S,UCA95T5bSGxNOAODBdbR2rYQ,DieLinke,https://www.youtube.com/watch?v=_0CP0esLrTA
68BoVL2trXw,"Alexis Tsipras: Europa wird demokratisch, sozial und solidarisch sein oder nicht existieren",2012-01-16T17:17:11Z,4431,47,22,PT24M6S,UCA95T5bSGxNOAODBdbR2rYQ,DieLinke,https://www.youtube.com/watch?v=68BoVL2trXw
mBoGrwDoNLI,Gesine Lötzsch: »Nur eine solidarische Gesellschaft hat Zukunft«,2012-01-16T17:16:33Z,767,12,0,PT23M16S,UCA95T5bSGxNOAODBdbR2rYQ,DieLinke,https://www.youtube.com/watch?v=mBoGrwDoNLI
YTo_FBT2pic,"Gregor Gysi: »Wir sind die Kämpfer für Frieden, Demokratie und soziale Gerechtigkeit«",2012-01-16T17:14:33Z,10335,184,50,PT27M23S,UCA95T5bSGxNOAODBdbR2rYQ,DieLinke,https://www.youtube.com/watch?v=YTo_FBT2pic
KVEu7DkTamo,Merkel muss Nibelungen-Treue zur FDP aufgeben,2012-01-09T13:50:43Z,849,14,7,PT13M14S,UCA95T5bSGxNOAODBdbR2rYQ,DieLinke,https://www.youtube.com/watch?v=KVEu7DkTamo
8zS-FtydorQ,Klaus Ernst und Gesine Lötzsch: Pressekonferenz zum Jahresabschluss,2011-12-20T17:22:37Z,679,16,4,PT26M26S,UCA95T5bSGxNOAODBdbR2rYQ,DieLinke,https://www.youtube.com/watch?v=8zS-FtydorQ
c4b77xoiHIc,»Von Alkohol bis Zauberpilze - LINKE Drogenpolitik«,2011-12-19T13:03:16Z,5468,140,35,PT32M37S,UCA95T5bSGxNOAODBdbR2rYQ,DieLinke,https://www.youtube.com/watch?v=c4b77xoiHIc
XfC5yvS5E0c,"Werner Dreibus: 95,81 Prozent für das Programm der LINKEN",2011-12-18T15:42:42Z,907,13,2,PT3M34S,UCA95T5bSGxNOAODBdbR2rYQ,DieLinke,https://www.youtube.com/watch?v=XfC5yvS5E0c
8SWio-Z0NR8,Klaus Ernst: »Auf Deutschland rollt eine Welle der Altersarmut zu«,2011-12-15T14:57:05Z,832,20,4,PT1M20S,UCA95T5bSGxNOAODBdbR2rYQ,DieLinke,https://www.youtube.com/watch?v=8SWio-Z0NR8
MT4bQ4PvBCI,Gregor Gysi: »Sie machen die Europäische Idee kaputt«,2011-12-14T16:26:01Z,25373,420,39,PT14M56S,UCA95T5bSGxNOAODBdbR2rYQ,DieLinke,https://www.youtube.com/watch?v=MT4bQ4PvBCI
7TjbWK4iHeQ,Gesine Lötzsch: »V-Leute helfen mehr der NPD als dem Verfassungsschutz«,2011-12-13T12:22:01Z,990,20,3,PT16M46S,UCA95T5bSGxNOAODBdbR2rYQ,DieLinke,https://www.youtube.com/watch?v=7TjbWK4iHeQ
vBzVUIHBtKY,Gesine Lötzsch: »Soldaten jetzt aus Afghanistan abziehen«,2011-12-05T14:13:10Z,502,13,0,PT13M24S,UCA95T5bSGxNOAODBdbR2rYQ,DieLinke,https://www.youtube.com/watch?v=vBzVUIHBtKY
ZSYvj0MBxVA,Dietmar Bartsch: »Die Mitglieder sollen entscheiden«,2011-11-30T12:27:11Z,2173,26,3,PT11M33S,UCA95T5bSGxNOAODBdbR2rYQ,DieLinke,https://www.youtube.com/watch?v=ZSYvj0MBxVA
AR2goEJrtG8,Klaus Ernst: »Griechische Millionärs-Konten einfrieren«,2011-11-28T13:59:41Z,1093,21,8,PT17M,UCA95T5bSGxNOAODBdbR2rYQ,DieLinke,https://www.youtube.com/watch?v=AR2goEJrtG8
PtCW3wAqK7s,Udo Wolf: SPD und CDU legen Koalitionsvertrag des Stillstands vor.,2011-11-18T14:22:21Z,503,10,5,PT19M28S,UCA95T5bSGxNOAODBdbR2rYQ,DieLinke,https://www.youtube.com/watch?v=PtCW3wAqK7s
qXV-JsBuWnI,Gesine Lötzsch: »Der größte Verfassungsschutzskandal der Geschichte«,2011-11-14T13:42:31Z,3407,38,7,PT14M29S,UCA95T5bSGxNOAODBdbR2rYQ,DieLinke,https://www.youtube.com/watch?v=qXV-JsBuWnI
9nwtWc7s3QI,Gesine Lötzsch: »Wir wollen diese Gesellschaft grundsätzlich verändern«,2011-11-09T08:57:35Z,1089,18,10,PT1M12S,UCA95T5bSGxNOAODBdbR2rYQ,DieLinke,https://www.youtube.com/watch?v=9nwtWc7s3QI
YbM0h17WR0c,Klaus Ernst: Ohne Millionärssteuer keine Steuersenkung,2011-11-07T13:49:30Z,1283,28,9,PT14M37S,UCA95T5bSGxNOAODBdbR2rYQ,DieLinke,https://www.youtube.com/watch?v=YbM0h17WR0c
8DIUgpLKfiM,Caren Lay: 10 Euro pro Stunde sind das Minimum,2011-11-02T09:56:18Z,2139,37,39,PT1M22S,UCA95T5bSGxNOAODBdbR2rYQ,DieLinke,https://www.youtube.com/watch?v=8DIUgpLKfiM
lOWPlOFwqHw,Mehr Tempo beim Mindestlohn,2011-10-31T14:57:31Z,1028,25,22,PT14M49S,UCA95T5bSGxNOAODBdbR2rYQ,DieLinke,https://www.youtube.com/watch?v=lOWPlOFwqHw
koHJGj_o1Ts,Gregor Gysi: »Wir brauchen eine Fraktion für die Bevölkerung«,2011-10-26T20:34:06Z,20462,313,55,PT13M45S,UCA95T5bSGxNOAODBdbR2rYQ,DieLinke,https://www.youtube.com/watch?v=koHJGj_o1Ts
zTHf_Cn-K54,Thomas Händel: »Eine Gegenposition zu einem neoliberalen Europa,2011-10-25T13:11:38Z,864,11,2,PT25M50S,UCA95T5bSGxNOAODBdbR2rYQ,DieLinke,https://www.youtube.com/watch?v=zTHf_Cn-K54
cIjY42MbVzw,Alexis Tsipras: »Danke für Eure Solidarität«,2011-10-23T21:40:39Z,5880,56,13,PT21M10S,UCA95T5bSGxNOAODBdbR2rYQ,DieLinke,https://www.youtube.com/watch?v=cIjY42MbVzw
Shk_N4mIBk8,Oskar Lafontaine: »Gemeinschaftseigentum ist unsere Antwort auf viele Fragen der Zeit«,2011-10-23T21:22:02Z,14283,159,168,PT29M48S,UCA95T5bSGxNOAODBdbR2rYQ,DieLinke,https://www.youtube.com/watch?v=Shk_N4mIBk8
tFXcGl9kBVs,Klaus Ernst: »Das Programm ist ein Meilenstein in unserer Geschichte«,2011-10-23T20:48:34Z,1918,29,10,PT46M17S,UCA95T5bSGxNOAODBdbR2rYQ,DieLinke,https://www.youtube.com/watch?v=tFXcGl9kBVs
sRC9-WFHGAY,"»Es geht nicht darum, dass an jeder Ecke Heroin verkauft wird - im Gegenteil«",2011-10-23T14:01:27Z,3807,73,8,PT8M31S,UCA95T5bSGxNOAODBdbR2rYQ,DieLinke,https://www.youtube.com/watch?v=sRC9-WFHGAY
qKOMADJLQnM,Gregor Gysi: »Wir lassen uns von den Zockerbanken nicht vorführen«,2011-10-22T22:56:39Z,20277,294,81,PT52M36S,UCA95T5bSGxNOAODBdbR2rYQ,DieLinke,https://www.youtube.com/watch?v=qKOMADJLQnM
hhzctX6BWoE,"Gesine Lötzsch: »Wir sind hier, um Geschichte zu schreiben«",2011-10-21T13:59:25Z,2699,43,9,PT32M30S,UCA95T5bSGxNOAODBdbR2rYQ,DieLinke,https://www.youtube.com/watch?v=hhzctX6BWoE
CqE2k5dChgM,Andreas Bausewein: Grußwort des Erfurter OB an den Parteitag,2011-10-21T11:56:05Z,1734,15,1,PT5M40S,UCA95T5bSGxNOAODBdbR2rYQ,DieLinke,https://www.youtube.com/watch?v=CqE2k5dChgM
cNvk2hKwF6U,»Wir erleben einen Aufstand der Anständigen«,2011-10-17T12:14:43Z,3436,68,7,PT7M39S,UCA95T5bSGxNOAODBdbR2rYQ,DieLinke,https://www.youtube.com/watch?v=cNvk2hKwF6U
BD9ANWixS_w,10 Jahre Krieg in Afghanistan - Kommt zur Demonstration der Friedensbewegung,2011-10-12T08:22:50Z,5498,77,22,PT2M43S,UCA95T5bSGxNOAODBdbR2rYQ,DieLinke,https://www.youtube.com/watch?v=BD9ANWixS_w
Fiw86Px7wy8,»Die Verhältnisse sind auf den Kopf gestellt«,2011-10-10T15:08:10Z,1045,25,6,PT11M52S,UCA95T5bSGxNOAODBdbR2rYQ,DieLinke,https://www.youtube.com/watch?v=Fiw86Px7wy8
44GJE9jcSHU,Gregor Gysi im Bundestag zur Eurorettung: »Unser Nein ist sicher«,2011-09-29T10:28:57Z,38620,549,59,PT18M52S,UCA95T5bSGxNOAODBdbR2rYQ,DieLinke,https://www.youtube.com/watch?v=44GJE9jcSHU
NOGfu6Z65S4,Caren Lay: Lasst uns zurückkommen zur Politik,2011-09-27T16:48:05Z,1194,11,3,PT5M57S,UCA95T5bSGxNOAODBdbR2rYQ,DieLinke,https://www.youtube.com/watch?v=NOGfu6Z65S4
bug34tFaxqg,»DIE LINKE stimmt gegen den Euro-Rettungsschirm«,2011-09-26T13:41:33Z,2219,26,11,PT13M19S,UCA95T5bSGxNOAODBdbR2rYQ,DieLinke,https://www.youtube.com/watch?v=bug34tFaxqg
gpSYi4I69qk,Grußwort von Eva von Angern,2011-09-24T19:30:42Z,911,8,2,PT5M32S,UCA95T5bSGxNOAODBdbR2rYQ,DieLinke,https://www.youtube.com/watch?v=gpSYi4I69qk
20AOOk44G2Q,Bundesfrauenkonferenz: Eröffnungsrede von Gesine Lötzsch,2011-09-24T15:17:58Z,791,6,3,PT6M34S,UCA95T5bSGxNOAODBdbR2rYQ,DieLinke,https://www.youtube.com/watch?v=20AOOk44G2Q
WrHmllBREbY,"""Wir haben den Kopf oben und wir werden kämpfen""",2011-09-19T15:18:46Z,2174,19,5,PT20M52S,UCA95T5bSGxNOAODBdbR2rYQ,DieLinke,https://www.youtube.com/watch?v=WrHmllBREbY
V2hnc0iRPUI,Festa do Avante 2011 (Portugal) mit der LINKEN,2011-09-17T17:08:53Z,981,15,1,PT8M38S,UCA95T5bSGxNOAODBdbR2rYQ,DieLinke,https://www.youtube.com/watch?v=V2hnc0iRPUI
jTF0SmA3nfQ,Mit Merkel ist die Euro-Rettung nicht zu machen.,2011-09-12T13:00:23Z,1764,20,5,PT10M45S,UCA95T5bSGxNOAODBdbR2rYQ,DieLinke,https://www.youtube.com/watch?v=jTF0SmA3nfQ
sT5yYXBzl5s,Klaus Ernst u.a. zur Eurokrise,2011-08-29T12:57:40Z,2478,26,10,PT17M5S,UCA95T5bSGxNOAODBdbR2rYQ,DieLinke,https://www.youtube.com/watch?v=sT5yYXBzl5s
zT6cxRuVDbs,Soziale Gerechtigkeit gibt es nur MIT UNS,2011-08-16T09:33:58Z,1605,17,2,PT41M22S,UCA95T5bSGxNOAODBdbR2rYQ,DieLinke,https://www.youtube.com/watch?v=zT6cxRuVDbs
CeYpvK7CE8s,Mehr Demokratie und die Verteidigung der offenen Gesellschaft,2011-07-25T15:12:40Z,1735,24,35,PT14M31S,UCA95T5bSGxNOAODBdbR2rYQ,DieLinke,https://www.youtube.com/watch?v=CeYpvK7CE8s
HszT9_dSQk0,"Griechenland - Keine Euro-, sondern eine Schuldenkrise",2011-07-18T13:07:27Z,1804,19,98,PT10M6S,UCA95T5bSGxNOAODBdbR2rYQ,DieLinke,https://www.youtube.com/watch?v=HszT9_dSQk0
IJdRh3BLPqU,Mitmachen -- neue Mitglieder für eine starke LINKE,2011-07-18T11:09:10Z,65026,387,363,PT2M27S,UCA95T5bSGxNOAODBdbR2rYQ,DieLinke,https://www.youtube.com/watch?v=IJdRh3BLPqU
lxs6AOwX7KA,Präsentation des Programmentwurfs,2011-07-13T09:54:16Z,1275,24,13,PT20M28S,UCA95T5bSGxNOAODBdbR2rYQ,DieLinke,https://www.youtube.com/watch?v=lxs6AOwX7KA
KXuJjV2TR9c,Entwurf des Parteiprogramms angenommen,2011-07-05T09:40:45Z,1409,27,4,PT15M34S,UCA95T5bSGxNOAODBdbR2rYQ,DieLinke,https://www.youtube.com/watch?v=KXuJjV2TR9c
FBdJLHa7FsY,Die Grünen haben ein Ziel: Koalitionsfähigkeit mit der CDU,2011-06-27T12:58:07Z,1503,26,22,PT8M16S,UCA95T5bSGxNOAODBdbR2rYQ,DieLinke,https://www.youtube.com/watch?v=FBdJLHa7FsY
e8NYu5eKfYc,"""LINKE Politik wird von unten gemacht""",2011-06-27T12:31:16Z,712,14,3,PT7M18S,UCA95T5bSGxNOAODBdbR2rYQ,DieLinke,https://www.youtube.com/watch?v=e8NYu5eKfYc
wSsVWQq3bms,"""Wir sind nicht auf dem Mittelweg unterwegs""",2011-06-27T12:11:05Z,1903,27,11,PT17M36S,UCA95T5bSGxNOAODBdbR2rYQ,DieLinke,https://www.youtube.com/watch?v=wSsVWQq3bms
Jzd3XjaB_Ek,Demokratische Erneuerung für die Mehrheit der Menschen,2011-06-26T14:14:05Z,2719,45,33,PT27M57S,UCA95T5bSGxNOAODBdbR2rYQ,DieLinke,https://www.youtube.com/watch?v=Jzd3XjaB_Ek
ztSsA-_RM5E,Freie Netze -- freie Stadt? Offenes WLAN für Berlin!,2011-06-25T12:52:33Z,884,13,2,PT1H8M58S,UCA95T5bSGxNOAODBdbR2rYQ,DieLinke,https://www.youtube.com/watch?v=ztSsA-_RM5E
NKX99LZ3-og,Griechenland: Banken zur Hilfe verpflichten!,2011-06-20T14:15:00Z,978,26,10,PT7M17S,UCA95T5bSGxNOAODBdbR2rYQ,DieLinke,https://www.youtube.com/watch?v=NKX99LZ3-og
HWa9FWwCgHE,Netzwelten - Der Kampf um politische Hegemonie in der Digitalen Welt,2011-06-14T16:07:27Z,440,12,1,PT1H12M7S,UCA95T5bSGxNOAODBdbR2rYQ,DieLinke,https://www.youtube.com/watch?v=HWa9FWwCgHE
mNUaBsSA4Ic,Warum erreichen linke Zeitungen so wenig Menschen?,2011-06-14T15:11:33Z,1551,23,13,PT1H5M16S,UCA95T5bSGxNOAODBdbR2rYQ,DieLinke,https://www.youtube.com/watch?v=mNUaBsSA4Ic
kqUIEdTNwRw,Atomausstieg: Für Verbraucher wird es teuer,2011-05-30T12:01:47Z,2055,23,5,PT8M14S,UCA95T5bSGxNOAODBdbR2rYQ,DieLinke,https://www.youtube.com/watch?v=kqUIEdTNwRw
PsTEzAK9Eos,DIE LINKE duldet Antisemiten nicht!,2011-05-26T13:17:24Z,2336,41,27,PT6M14S,UCA95T5bSGxNOAODBdbR2rYQ,DieLinke,https://www.youtube.com/watch?v=PsTEzAK9Eos
KO8_sA-vWPY,"Programmdebatte: ""Ein wichtiger Schritt für DIE LINKE""",2011-05-23T13:05:14Z,616,14,6,PT2M22S,UCA95T5bSGxNOAODBdbR2rYQ,DieLinke,https://www.youtube.com/watch?v=KO8_sA-vWPY
-IssycQbO2U,"""Wir sind die linke Opposition in Bremen""",2011-05-23T13:00:09Z,1250,17,5,PT12M59S,UCA95T5bSGxNOAODBdbR2rYQ,DieLinke,https://www.youtube.com/watch?v=-IssycQbO2U
6dB8SvighcA,Wahl in Bremen: Ein hervorragendes Ergebnis!,2011-05-22T16:56:09Z,2041,20,13,PT5M38S,UCA95T5bSGxNOAODBdbR2rYQ,DieLinke,https://www.youtube.com/watch?v=6dB8SvighcA
uqiGQOYJEbU,"""Wer Europa retten will, muss Hilfen zum Wiederaufbau geben""",2011-05-16T12:34:47Z,702,20,10,PT10M34S,UCA95T5bSGxNOAODBdbR2rYQ,DieLinke,https://www.youtube.com/watch?v=uqiGQOYJEbU
srf4UsaH_9o,Atomausstieg mit straffem Zeitplan,2011-05-09T12:08:50Z,792,18,2,PT9M41S,UCA95T5bSGxNOAODBdbR2rYQ,DieLinke,https://www.youtube.com/watch?v=srf4UsaH_9o
D1anPsg9UNU,Pendlerpauschale auf 45 Cent erhöhen,2011-05-02T15:38:29Z,1577,26,8,PT16M4S,UCA95T5bSGxNOAODBdbR2rYQ,DieLinke,https://www.youtube.com/watch?v=D1anPsg9UNU
r_dM4tzlkaw,Den parteiinternen Konflikt jetzt beilegen. Das sind wir den Mitgliedern und Wählern schuldig!,2011-04-20T14:26:16Z,1739,18,8,PT7M2S,UCA95T5bSGxNOAODBdbR2rYQ,DieLinke,https://www.youtube.com/watch?v=r_dM4tzlkaw
e7i4Coim5Y4,MV - Gregor Gysi auf dem Landesparteitag,2011-04-19T10:52:48Z,2520,56,4,PT46M28S,UCA95T5bSGxNOAODBdbR2rYQ,DieLinke,https://www.youtube.com/watch?v=e7i4Coim5Y4
scVIp-D85Pk,Keine Rabatte für Stromfresser in der Industrie,2011-04-18T13:33:13Z,478,15,1,PT12M53S,UCA95T5bSGxNOAODBdbR2rYQ,DieLinke,https://www.youtube.com/watch?v=scVIp-D85Pk
a3KU6euQ4pg,Mindestlohn als Schutz gegen sittenwidrige Niedriglöhne und Altersarmut,2011-04-14T13:25:06Z,1199,37,5,PT11M32S,UCA95T5bSGxNOAODBdbR2rYQ,DieLinke,https://www.youtube.com/watch?v=a3KU6euQ4pg
TSqH5r95Fwk,MV - Dietmar Bartsch auf dem Landesparteitag in Göhren-Lebbin,2011-04-13T21:20:50Z,481,10,1,PT7M19S,UCA95T5bSGxNOAODBdbR2rYQ,DieLinke,https://www.youtube.com/watch?v=TSqH5r95Fwk
JZlBQUZnlEg,"MV - Helmut Scholz, MdEP auf dem Landesparteitag in Göhren-Lebbin",2011-04-13T21:17:29Z,168,5,0,PT6M32S,UCA95T5bSGxNOAODBdbR2rYQ,DieLinke,https://www.youtube.com/watch?v=JZlBQUZnlEg
N8Bhy3k0t20,MV - André Brie zur Wahlkampfstrategie zur Landtagswahl 2011,2011-04-13T21:14:56Z,923,9,0,PT12M17S,UCA95T5bSGxNOAODBdbR2rYQ,DieLinke,https://www.youtube.com/watch?v=N8Bhy3k0t20
TRO7VkBlgHE,MV - Rede von Steffen Bockhahn auf dem Landesparteitag in Göhren-Lebbin,2011-04-13T20:19:58Z,283,9,0,PT15M6S,UCA95T5bSGxNOAODBdbR2rYQ,DieLinke,https://www.youtube.com/watch?v=TRO7VkBlgHE
e0LaHYs6g_Q,"""Ein Netzwerk für eine solidarische Stadtgesellschaft""",2011-04-13T09:58:34Z,360,10,0,PT4M25S,UCA95T5bSGxNOAODBdbR2rYQ,DieLinke,https://www.youtube.com/watch?v=e0LaHYs6g_Q
iET6TIgx4GM,"""Wir haben Berlin von links verändert""",2011-04-13T09:48:44Z,167,5,0,PT5M51S,UCA95T5bSGxNOAODBdbR2rYQ,DieLinke,https://www.youtube.com/watch?v=iET6TIgx4GM
2x2bjzXv2HA,"""Wir kämpfen für mehr als 15 Prozent""",2011-04-13T09:32:22Z,195,6,1,PT3M13S,UCA95T5bSGxNOAODBdbR2rYQ,DieLinke,https://www.youtube.com/watch?v=2x2bjzXv2HA
_3lOALoILKg,"""Ohne DIE LINKE wäre Berlin weniger lebenswert""",2011-04-13T09:28:57Z,174,6,0,PT6M3S,UCA95T5bSGxNOAODBdbR2rYQ,DieLinke,https://www.youtube.com/watch?v=_3lOALoILKg
jrve_HQ75HE,"DIE LINKE Berlin: Gute Arbeit, gute Löhne und Öffentliche Beschäftigung",2011-04-13T09:22:38Z,357,8,0,PT6M22S,UCA95T5bSGxNOAODBdbR2rYQ,DieLinke,https://www.youtube.com/watch?v=jrve_HQ75HE
pqu6QBkYTmg,Wir wollen die Gesellschaft verändern - für das soziale Berlin!,2011-04-12T15:40:02Z,208,9,1,PT28M38S,UCA95T5bSGxNOAODBdbR2rYQ,DieLinke,https://www.youtube.com/watch?v=pqu6QBkYTmg
Djg8xB9CSNU,Eine starke Kandidatenliste für das soziale Berlin,2011-04-12T14:40:25Z,125,5,0,PT25M31S,UCA95T5bSGxNOAODBdbR2rYQ,DieLinke,https://www.youtube.com/watch?v=Djg8xB9CSNU
rXTdnQPDwJI,Ab 1. Mai droht eine Ausweitung von Leiharbeit und Niedriglöhnen,2011-04-11T12:43:05Z,1178,17,1,PT6M52S,UCA95T5bSGxNOAODBdbR2rYQ,DieLinke,https://www.youtube.com/watch?v=rXTdnQPDwJI
IUHJqqFkf8E,Wir wollen eine Stadt für alle: Das soziale Berlin,2011-04-11T12:38:55Z,450,9,1,PT59M30S,UCA95T5bSGxNOAODBdbR2rYQ,DieLinke,https://www.youtube.com/watch?v=IUHJqqFkf8E
UkC-lHAZbaQ,"""Wir brauchen wieder eine gerechte Einkommensverteilung""",2011-04-06T11:14:15Z,641,15,2,PT42M10S,UCA95T5bSGxNOAODBdbR2rYQ,DieLinke,https://www.youtube.com/watch?v=UkC-lHAZbaQ
diuUgRS6NzI,Die Verbesserung der Lebens- und Arbeitsbedingungen aller ist das Thema der LINKEN,2011-04-04T12:38:39Z,933,27,3,PT10M24S,UCA95T5bSGxNOAODBdbR2rYQ,DieLinke,https://www.youtube.com/watch?v=diuUgRS6NzI
DVLymrI1p8s,Wir wollen ein gerechteres Brandenburg,2011-03-30T11:17:42Z,350,8,1,PT28M11S,UCA95T5bSGxNOAODBdbR2rYQ,DieLinke,https://www.youtube.com/watch?v=DVLymrI1p8s
M3jQDx2Wx8k,Rot-Rote Politik heißt: Beim Sozialen wird nicht gekürzt.,2011-03-30T08:55:32Z,406,13,0,PT9M50S,UCA95T5bSGxNOAODBdbR2rYQ,DieLinke,https://www.youtube.com/watch?v=M3jQDx2Wx8k
MHdtmceM7Hk,Das Vergabegesetz ist ein Erfolg von Rot-Rot,2011-03-29T14:23:51Z,214,9,1,PT5M9S,UCA95T5bSGxNOAODBdbR2rYQ,DieLinke,https://www.youtube.com/watch?v=MHdtmceM7Hk
8DxGJeRTV4c,"""Kinder sind keine kleinen Erwachsenen""",2011-03-29T14:05:12Z,334,14,1,PT6M24S,UCA95T5bSGxNOAODBdbR2rYQ,DieLinke,https://www.youtube.com/watch?v=8DxGJeRTV4c
SA_ryKIB06s,"""DIE LINKE in Brandenburg kämpft gemeinsam""",2011-03-29T13:38:10Z,270,10,0,PT43M4S,UCA95T5bSGxNOAODBdbR2rYQ,DieLinke,https://www.youtube.com/watch?v=SA_ryKIB06s
DToqxGoG_e4,Für das soziale Berlin!,2011-03-29T08:06:19Z,236,15,2,PT33M28S,UCA95T5bSGxNOAODBdbR2rYQ,DieLinke,https://www.youtube.com/watch?v=DToqxGoG_e4
DXkQCl4bAeM,"""Wir sind die Partei der Verteilungsgerechtigkeit""",2011-03-28T16:51:07Z,1126,18,2,PT34M29S,UCA95T5bSGxNOAODBdbR2rYQ,DieLinke,https://www.youtube.com/watch?v=DXkQCl4bAeM
xxIEo2h6uQc,Robert Drumm zum Ausgang der Wahl,2011-03-28T13:51:33Z,951,16,4,PT1M55S,UCA95T5bSGxNOAODBdbR2rYQ,DieLinke,https://www.youtube.com/watch?v=xxIEo2h6uQc
-FeAl2_qkYk,Roland Hamm zum Ausgang der Wahl,2011-03-28T13:45:30Z,1328,16,2,PT2M40S,UCA95T5bSGxNOAODBdbR2rYQ,DieLinke,https://www.youtube.com/watch?v=-FeAl2_qkYk
ehZTh_RY5qw,Gesine Lötzsch zum Ausgang der Wahlen,2011-03-28T13:31:06Z,852,15,5,PT4M43S,UCA95T5bSGxNOAODBdbR2rYQ,DieLinke,https://www.youtube.com/watch?v=ehZTh_RY5qw
wZ3wws7dPbc,Klaus Ernst zum Wahlausgang,2011-03-28T13:14:34Z,646,14,5,PT3M38S,UCA95T5bSGxNOAODBdbR2rYQ,DieLinke,https://www.youtube.com/watch?v=wZ3wws7dPbc
B1BH7WUrzAo,Gleicher Lohn für gleiche Arbeit!,2011-03-25T09:46:24Z,1051,19,6,PT1M15S,UCA95T5bSGxNOAODBdbR2rYQ,DieLinke,https://www.youtube.com/watch?v=B1BH7WUrzAo
7At_WITklG0,NPD-Verbot jetzt,2011-03-24T14:33:59Z,1806,46,30,PT1M18S,UCA95T5bSGxNOAODBdbR2rYQ,DieLinke,https://www.youtube.com/watch?v=7At_WITklG0
mE7rCRL3p_g,Gregor Gysi: DIE LINKE in den Landtag von BaWü,2011-03-23T14:30:53Z,1768,49,11,PT1M38S,UCA95T5bSGxNOAODBdbR2rYQ,DieLinke,https://www.youtube.com/watch?v=mE7rCRL3p_g
HJzcm8IyhGw,"""Das Ziel ist eine Mehrheit links der CDU im Landtag""",2011-03-21T23:41:31Z,478,9,4,PT1M58S,UCA95T5bSGxNOAODBdbR2rYQ,DieLinke,https://www.youtube.com/watch?v=HJzcm8IyhGw
RGpmb5TSSoE,Der Atomkompromiss von SPD und Grünen ist Murks,2011-03-21T23:34:28Z,529,19,4,PT5M4S,UCA95T5bSGxNOAODBdbR2rYQ,DieLinke,https://www.youtube.com/watch?v=RGpmb5TSSoE
CLMZXktAoD0,"""Es ist nicht möglich, mit Krieg Frieden zu schaffen"".",2011-03-21T23:15:49Z,379,8,10,PT3M7S,UCA95T5bSGxNOAODBdbR2rYQ,DieLinke,https://www.youtube.com/watch?v=CLMZXktAoD0
xs1ciuAzw_I,Wulf Gallert zum Ausgang der Wahl in Sachsen-Anhalt,2011-03-21T23:05:47Z,590,15,3,PT4M42S,UCA95T5bSGxNOAODBdbR2rYQ,DieLinke,https://www.youtube.com/watch?v=xs1ciuAzw_I
wEiaGCbj5AQ,DIE LINKE in den Landtag von Rheinland-Pfalz,2011-03-21T10:44:14Z,1920,48,9,PT1M13S,UCA95T5bSGxNOAODBdbR2rYQ,DieLinke,https://www.youtube.com/watch?v=wEiaGCbj5AQ
O3_Qy25t9z4,"Caren Lay: ""Das ist ein gutes Ergebnis für DIE LINKE""",2011-03-20T18:26:02Z,2161,29,11,PT4M5S,UCA95T5bSGxNOAODBdbR2rYQ,DieLinke,https://www.youtube.com/watch?v=O3_Qy25t9z4
XMY598tuaxs,"""Sie handeln nicht in unserem Namen""",2011-03-20T12:25:56Z,1326,32,13,PT5M22S,UCA95T5bSGxNOAODBdbR2rYQ,DieLinke,https://www.youtube.com/watch?v=XMY598tuaxs
acb_US14pbo,"""Nein zum Krieg in Libyen""",2011-03-20T12:21:22Z,1695,37,39,PT7M53S,UCA95T5bSGxNOAODBdbR2rYQ,DieLinke,https://www.youtube.com/watch?v=acb_US14pbo
ZMYqnB5xajg,"Gregor Gysi, DIE LINKE: Das nukleare Zeitalter muss unverzüglich beendet werden",2011-03-17T13:38:37Z,3519,109,13,PT15M49S,UCA95T5bSGxNOAODBdbR2rYQ,DieLinke,https://www.youtube.com/watch?v=ZMYqnB5xajg
nQlSXJYwpkA,Für einen weltweiten Ausstieg aus der Atomenergie,2011-03-15T12:00:56Z,878,22,4,PT1M41S,UCA95T5bSGxNOAODBdbR2rYQ,DieLinke,https://www.youtube.com/watch?v=nQlSXJYwpkA
5pyHBDu2rpw,Es kann jetzt nur noch um den sofortigen Atom-Ausstieg gehen,2011-03-14T13:10:11Z,1933,52,51,PT10M3S,UCA95T5bSGxNOAODBdbR2rYQ,DieLinke,https://www.youtube.com/watch?v=5pyHBDu2rpw
n-4CTb8JO-U,Oskar Lafontaine beim Politischen Aschermittwoch in Wallerfangen,2011-03-11T00:55:57Z,6384,58,15,PT24M41S,UCA95T5bSGxNOAODBdbR2rYQ,DieLinke,https://www.youtube.com/watch?v=n-4CTb8JO-U
P7zRdBa6qLg,Klaus Ernst beim Politischen Aschermittwoch in Passau,2011-03-10T15:58:06Z,4025,46,22,PT48M3S,UCA95T5bSGxNOAODBdbR2rYQ,DieLinke,https://www.youtube.com/watch?v=P7zRdBa6qLg
lb2D-GvjU8M,Gregor Gysi beim Politischen Aschermittwoch in Passau,2011-03-10T15:13:22Z,29018,309,29,PT1H2M19S,UCA95T5bSGxNOAODBdbR2rYQ,DieLinke,https://www.youtube.com/watch?v=lb2D-GvjU8M
SBUEVO1bZdM,Aktionstag für den Mindestlohn am 12. März 2011,2011-03-09T21:07:32Z,996,27,1,PT1M28S,UCA95T5bSGxNOAODBdbR2rYQ,DieLinke,https://www.youtube.com/watch?v=SBUEVO1bZdM
pdGbSUiBpjw,100 Jahre Internationaler Frauentag,2011-03-08T08:04:29Z,722,9,0,PT1M29S,UCA95T5bSGxNOAODBdbR2rYQ,DieLinke,https://www.youtube.com/watch?v=pdGbSUiBpjw
T1PjgC7uz6Q,Gysi: Am 20. März in Sachsen-Anhalt DIE LINKE wählen,2011-03-07T17:57:02Z,3302,55,8,PT1M26S,UCA95T5bSGxNOAODBdbR2rYQ,DieLinke,https://www.youtube.com/watch?v=T1PjgC7uz6Q
gR7Uee2qb7g,Das Wahlergebnis in Sachsen-Anhalt ist ein Signal für das ganze Land,2011-03-07T17:22:06Z,1203,18,3,PT13M3S,UCA95T5bSGxNOAODBdbR2rYQ,DieLinke,https://www.youtube.com/watch?v=gR7Uee2qb7g
VdQD3ypGIUY,TV-Spot der LINKEN Sachsen-Anhalt: Soziale Gerechtigkeit gibt es nur mit uns!,2011-03-03T11:50:49Z,2886,60,19,PT1M31S,UCA95T5bSGxNOAODBdbR2rYQ,DieLinke,https://www.youtube.com/watch?v=VdQD3ypGIUY
v0vk6ChKesc,"""Wir werden die Hartz-IV-Gesetze wieder zu Fall bringen""",2011-02-28T13:59:17Z,1659,35,16,PT14M4S,UCA95T5bSGxNOAODBdbR2rYQ,DieLinke,https://www.youtube.com/watch?v=v0vk6ChKesc
YkWdEPiBV2Y,"""Mit erhobenem Haupt in die Opposition"" - Pressekonferenz nach der Hamburg-Wahl",2011-02-21T19:57:23Z,1463,20,2,PT13M54S,UCA95T5bSGxNOAODBdbR2rYQ,DieLinke,https://www.youtube.com/watch?v=YkWdEPiBV2Y
wAdqNZSYt4Y,Dora Heyenn: Rede beim Wahlfinale der Hamburger LINKEN,2011-02-19T17:57:26Z,647,17,3,PT9M13S,UCA95T5bSGxNOAODBdbR2rYQ,DieLinke,https://www.youtube.com/watch?v=wAdqNZSYt4Y
uMI1PkZr_Nk,Gesine Lötzsch: Rede beim Wahlfinale der Hamburger LINKEN,2011-02-19T17:50:26Z,468,11,2,PT22M31S,UCA95T5bSGxNOAODBdbR2rYQ,DieLinke,https://www.youtube.com/watch?v=uMI1PkZr_Nk
ricD4bJQERQ,Gregor Gysi: Rede beim Wahlfinale der Hamburger LINKEN,2011-02-19T17:33:48Z,5688,124,28,PT1H1M57S,UCA95T5bSGxNOAODBdbR2rYQ,DieLinke,https://www.youtube.com/watch?v=ricD4bJQERQ
6mtTB5OFAzM,Oskar Lafontaine: Rede beim Wahlfinale der Hamburger LINKEN,2011-02-19T16:04:57Z,1970,56,13,PT29M59S,UCA95T5bSGxNOAODBdbR2rYQ,DieLinke,https://www.youtube.com/watch?v=6mtTB5OFAzM
FSLgwxr9zs8,Klaus Ernst: Gezerre um Hartz IV ist ein unvergleichliches Trauerspiel,2011-02-14T17:37:12Z,1475,41,5,PT13M58S,UCA95T5bSGxNOAODBdbR2rYQ,DieLinke,https://www.youtube.com/watch?v=FSLgwxr9zs8
gl2WQoY6noI,Gysi: Am 20. Februar in Hamburg alle Stimmen für DIE LINKE,2011-02-14T10:03:23Z,4915,79,24,PT1M13S,UCA95T5bSGxNOAODBdbR2rYQ,DieLinke,https://www.youtube.com/watch?v=gl2WQoY6noI
4y0Pt4DLBoQ,Mindestlohn unter 10 Euro treibt Menschen in die Armut,2011-02-13T18:06:21Z,4479,61,39,PT7M23S,UCA95T5bSGxNOAODBdbR2rYQ,DieLinke,https://www.youtube.com/watch?v=4y0Pt4DLBoQ
HRy5MkvAZ-c,Am 19. Februar 2011: Gemeinsam den Naziaufmarsch in Dresden stoppen,2011-02-11T15:36:00Z,2143,21,14,PT1M9S,UCA95T5bSGxNOAODBdbR2rYQ,DieLinke,https://www.youtube.com/watch?v=HRy5MkvAZ-c
kRbsH9dvfeQ,LINKES Steuerkonzept: 180 Milliarden Euro Mehreinnahmen für die Entlastung der Mittelschicht,2011-02-07T13:32:20Z,1993,27,2,PT12M50S,UCA95T5bSGxNOAODBdbR2rYQ,DieLinke,https://www.youtube.com/watch?v=kRbsH9dvfeQ
Jaujlkq_PCE,TV-Spot der LINKEN zur Hamburger Bürgerschaftswahl 2011,2011-02-02T11:01:23Z,7561,72,70,PT1M24S,UCA95T5bSGxNOAODBdbR2rYQ,DieLinke,https://www.youtube.com/watch?v=Jaujlkq_PCE
P-wuTYD8CBw,EU und Bundesregierung müssen ihre Doppelmoral gegenüber den arabischen Staaten aufgeben,2011-01-31T14:27:43Z,771,18,4,PT10M36S,UCA95T5bSGxNOAODBdbR2rYQ,DieLinke,https://www.youtube.com/watch?v=P-wuTYD8CBw
cG1cI-Gvnjo,Von Arbeit muss man leben können: Mindestlohn per Gesetz!,2011-01-21T16:04:30Z,1126,41,12,PT2M58S,UCA95T5bSGxNOAODBdbR2rYQ,DieLinke,https://www.youtube.com/watch?v=cG1cI-Gvnjo
xbqQTdPQwXo,"""Wir wollen in Sozialtickets und gebührenfreie Kitas investieren""",2011-01-19T12:40:56Z,492,10,0,PT11M22S,UCA95T5bSGxNOAODBdbR2rYQ,DieLinke,https://www.youtube.com/watch?v=xbqQTdPQwXo
FlVefO0rOh4,Ein großes Bündnis für Arbeitnehmerinteressen ist nötig!,2011-01-19T11:55:38Z,179,6,0,PT3M49S,UCA95T5bSGxNOAODBdbR2rYQ,DieLinke,https://www.youtube.com/watch?v=FlVefO0rOh4
plpmIqtVcdM,"""Alle Bürger in diesem Staat müssen die gleichen Rechte haben",2011-01-19T11:42:17Z,432,4,2,PT3M20S,UCA95T5bSGxNOAODBdbR2rYQ,DieLinke,https://www.youtube.com/watch?v=plpmIqtVcdM
DPho7uWcpyI,"""Ich möchte, dass alle Menschen am gesellschaftlichen Reichtum teilhaben können""",2011-01-19T11:26:34Z,222,5,2,PT4M7S,UCA95T5bSGxNOAODBdbR2rYQ,DieLinke,https://www.youtube.com/watch?v=DPho7uWcpyI
KLlJBDTvPyI,Die soziale Spaltung der Stadt muss überwunden werden,2011-01-19T10:55:05Z,230,5,0,PT4M4S,UCA95T5bSGxNOAODBdbR2rYQ,DieLinke,https://www.youtube.com/watch?v=KLlJBDTvPyI
4V5KieNgsOY,"""Radikale Realpolitik für Hamburg""",2011-01-18T15:03:28Z,369,12,1,PT3M57S,UCA95T5bSGxNOAODBdbR2rYQ,DieLinke,https://www.youtube.com/watch?v=4V5KieNgsOY
221SGrEtvj8,"""Wir wollen die Gesellschaft humaner, gerechter und kinderfreundlicher machen""",2011-01-18T14:00:17Z,2757,73,13,PT36M24S,UCA95T5bSGxNOAODBdbR2rYQ,DieLinke,https://www.youtube.com/watch?v=221SGrEtvj8
9KihM_p6lfU,"""Die Reichen zur Kasse, damit sich in Hamburg was ändert""",2011-01-18T11:31:00Z,2864,39,20,PT4M13S,UCA95T5bSGxNOAODBdbR2rYQ,DieLinke,https://www.youtube.com/watch?v=9KihM_p6lfU
hCRiHipJ92w,DIE LINKE steht für bezahlbare Wohnungen und mehr Geld für die Hochschulen,2011-01-18T10:59:49Z,251,8,5,PT4M41S,UCA95T5bSGxNOAODBdbR2rYQ,DieLinke,https://www.youtube.com/watch?v=hCRiHipJ92w
N_L1CeKXB3g,"""Hamburg braucht eine starke LINKE""",2011-01-18T10:31:46Z,385,8,6,PT6M,UCA95T5bSGxNOAODBdbR2rYQ,DieLinke,https://www.youtube.com/watch?v=N_L1CeKXB3g
iwZHV-H3kig,"Je stärker DIE LINKE, desto sozialer das Land",2011-01-11T16:07:59Z,1023,16,7,PT21M39S,UCA95T5bSGxNOAODBdbR2rYQ,DieLinke,https://www.youtube.com/watch?v=iwZHV-H3kig
GXTi9Z7YyJg,"""Ich will eine Gesellschaft, in der Menschen nicht ausgegrenzt werden""",2011-01-11T15:58:53Z,1270,27,10,PT20M35S,UCA95T5bSGxNOAODBdbR2rYQ,DieLinke,https://www.youtube.com/watch?v=GXTi9Z7YyJg
CFJAdh0H1pw,"Gregor Gysi: ""Wir müssen der Motor für den Politikwechsel werden""",2011-01-11T14:58:33Z,3632,69,35,PT40M12S,UCA95T5bSGxNOAODBdbR2rYQ,DieLinke,https://www.youtube.com/watch?v=CFJAdh0H1pw
RYy4-HB03-M,Alle reden vom Kapitalismus - wie lernt man ihn begreifen?,2010-12-20T12:25:17Z,2117,25,15,PT1H33M13S,UCA95T5bSGxNOAODBdbR2rYQ,DieLinke,https://www.youtube.com/watch?v=RYy4-HB03-M
UwL46OA4h8A,"Oskar Lafontaine: ""Wir müssen dem Finanzsektor die Herrschaft über die Volkswirtschaft entreißen""",2010-12-06T13:35:38Z,7030,84,21,PT8M10S,UCA95T5bSGxNOAODBdbR2rYQ,DieLinke,https://www.youtube.com/watch?v=UwL46OA4h8A
_NDv3vhZkAw,"""Die Banken müssen zahlen!""",2010-12-06T12:59:08Z,956,26,6,PT6M33S,UCA95T5bSGxNOAODBdbR2rYQ,DieLinke,https://www.youtube.com/watch?v=_NDv3vhZkAw
nG--oCzclwo,Nachgerechnet: Alternative Berechnung zu Hartz-IV-Regelsätzen,2010-11-30T10:40:59Z,5458,76,201,PT7M18S,UCA95T5bSGxNOAODBdbR2rYQ,DieLinke,https://www.youtube.com/watch?v=nG--oCzclwo
njR6zaylUGs,DIE LINKE begrüßt Neuwahlen in Hamburg,2010-11-29T18:22:09Z,716,24,26,PT8M5S,UCA95T5bSGxNOAODBdbR2rYQ,DieLinke,https://www.youtube.com/watch?v=njR6zaylUGs
hh1yKvEJv5k,Für einen politischen Kurswechsel braucht es DIE LINKE im Landtag,2010-11-24T15:32:19Z,612,13,1,PT14M47S,UCA95T5bSGxNOAODBdbR2rYQ,DieLinke,https://www.youtube.com/watch?v=hh1yKvEJv5k
94Cnu7-0-Zc,"DIE LINKE: Eine demokratische, soziale und ökologische Erneuerungsbewegung",2010-11-24T00:58:55Z,610,11,2,PT11M52S,UCA95T5bSGxNOAODBdbR2rYQ,DieLinke,https://www.youtube.com/watch?v=94Cnu7-0-Zc
9zET2_1OOGk,"""Wir treten für einen wirklichen Politikwechsel in Baden-Württemberg an""",2010-11-23T20:45:38Z,792,8,1,PT37M,UCA95T5bSGxNOAODBdbR2rYQ,DieLinke,https://www.youtube.com/watch?v=9zET2_1OOGk
6IH5iVZu0mU,Schwarz-Gelb in Baden-Württemberg abwählen - DIE LINKE wird die Chance nutzen!,2010-11-23T18:27:07Z,512,10,4,PT13M31S,UCA95T5bSGxNOAODBdbR2rYQ,DieLinke,https://www.youtube.com/watch?v=6IH5iVZu0mU
o8tRSEN-9Ms,"""Rot-Grün alleine ist Hartz IV und Steuersenkung für die Reichen"".",2010-11-23T17:22:33Z,1227,15,9,PT38M57S,UCA95T5bSGxNOAODBdbR2rYQ,DieLinke,https://www.youtube.com/watch?v=o8tRSEN-9Ms
tzdJ2RcwwH0,"""Merkel ist nicht die Kanzlerin aller Deutschen""",2010-11-15T15:37:37Z,1923,54,18,PT14M23S,UCA95T5bSGxNOAODBdbR2rYQ,DieLinke,https://www.youtube.com/watch?v=tzdJ2RcwwH0
HiYLL8I1zXM,Landesparteitag RLP: Grußwort des Jugendverbandes Linksjugend ['solid],2010-11-13T17:11:35Z,2339,25,4,PT6M20S,UCA95T5bSGxNOAODBdbR2rYQ,DieLinke,https://www.youtube.com/watch?v=HiYLL8I1zXM
UhjJTeVdiTQ,Landesparteitag RLP: Rede von Heinz Bierbaum,2010-11-13T16:38:24Z,443,2,0,PT12M4S,UCA95T5bSGxNOAODBdbR2rYQ,DieLinke,https://www.youtube.com/watch?v=UhjJTeVdiTQ
RRQre3qQiB0,Landesparteitag RLP: Rede von Katja Kipping,2010-11-13T15:33:07Z,1040,9,5,PT10M29S,UCA95T5bSGxNOAODBdbR2rYQ,DieLinke,https://www.youtube.com/watch?v=RRQre3qQiB0
ah60gjRTyBE,Landesparteitag RLP: Rede von Horst Schmitthenner,2010-11-13T14:04:32Z,350,5,1,PT14M38S,UCA95T5bSGxNOAODBdbR2rYQ,DieLinke,https://www.youtube.com/watch?v=ah60gjRTyBE
5nKz1YKkzU0,Eröffnung des Landesparteitages RLP durch Kathrin Senger-Schäfer,2010-11-13T11:22:29Z,486,5,0,PT3M44S,UCA95T5bSGxNOAODBdbR2rYQ,DieLinke,https://www.youtube.com/watch?v=5nKz1YKkzU0
w9S0Cr89V3s,Programmkonvent - Podiumsdiskussion,2010-11-10T12:18:33Z,3649,32,43,PT36M5S,UCA95T5bSGxNOAODBdbR2rYQ,DieLinke,https://www.youtube.com/watch?v=w9S0Cr89V3s
MSpr55hjD9I,Pressekonferenz mit Gesine Lötzsch und Klaus Ernst vom 8. November 2010,2010-11-08T15:00:45Z,1713,18,1,PT13M56S,UCA95T5bSGxNOAODBdbR2rYQ,DieLinke,https://www.youtube.com/watch?v=MSpr55hjD9I
dVhwkDfvWeg,Programmkonvent: Oskar Lafontaine,2010-11-08T12:09:01Z,8827,113,23,PT24M50S,UCA95T5bSGxNOAODBdbR2rYQ,DieLinke,https://www.youtube.com/watch?v=dVhwkDfvWeg
HqY8BmG9eJY,Programmkonvent: Lothar Bisky,2010-11-08T11:49:44Z,1141,15,10,PT30M4S,UCA95T5bSGxNOAODBdbR2rYQ,DieLinke,https://www.youtube.com/watch?v=HqY8BmG9eJY
dYxYJAr0Psk,Programmkonvent: Rede von Gesine Lötzsch,2010-11-08T10:05:08Z,2938,28,11,PT23M52S,UCA95T5bSGxNOAODBdbR2rYQ,DieLinke,https://www.youtube.com/watch?v=dYxYJAr0Psk
pv3XmLuKbbk,Programmkonvent: Klaus Ernst,2010-11-07T13:21:45Z,2719,36,15,PT27M1S,UCA95T5bSGxNOAODBdbR2rYQ,DieLinke,https://www.youtube.com/watch?v=pv3XmLuKbbk
eVovzL9OFOY,"""Gesetzlicher Mindestlohn noch in dieser Wahlperiode""",2010-11-01T14:40:30Z,863,24,11,PT13M37S,UCA95T5bSGxNOAODBdbR2rYQ,DieLinke,https://www.youtube.com/watch?v=eVovzL9OFOY
NQ3Ayfoas5I,Zeigt die gelbe Karte,2010-10-27T12:55:38Z,1241,32,5,PT1M40S,UCA95T5bSGxNOAODBdbR2rYQ,DieLinke,https://www.youtube.com/watch?v=NQ3Ayfoas5I
SJUCBFZplsM,Oben bleiben!,2010-10-26T11:47:58Z,4983,62,12,PT2M52S,UCA95T5bSGxNOAODBdbR2rYQ,DieLinke,https://www.youtube.com/watch?v=SJUCBFZplsM
xf3gOhKDvxA,Bundesfrauenkonferenz: Auswertung AG 5,2010-10-13T07:45:04Z,265,4,0,PT14M56S,UCA95T5bSGxNOAODBdbR2rYQ,DieLinke,https://www.youtube.com/watch?v=xf3gOhKDvxA
KOsvNLoPf28,Bundesfrauenkonferenz: Auswertung AG 4,2010-10-12T13:47:59Z,204,5,0,PT35M58S,UCA95T5bSGxNOAODBdbR2rYQ,DieLinke,https://www.youtube.com/watch?v=KOsvNLoPf28
sUHlCKhMGQ0,Bundesfrauenkonferenz: Auswertung AG 3,2010-10-12T12:17:04Z,159,3,0,PT15M4S,UCA95T5bSGxNOAODBdbR2rYQ,DieLinke,https://www.youtube.com/watch?v=sUHlCKhMGQ0
_LUZsIZfKXA,Bundesfrauenkonferenz: Auswertung AG 2,2010-10-12T11:25:47Z,153,3,0,PT14M34S,UCA95T5bSGxNOAODBdbR2rYQ,DieLinke,https://www.youtube.com/watch?v=_LUZsIZfKXA
HFbh3A_Cs-w,Bundesfrauenkonferenz: Auswertung AG 1,2010-10-12T10:45:32Z,228,5,0,PT16M32S,UCA95T5bSGxNOAODBdbR2rYQ,DieLinke,https://www.youtube.com/watch?v=HFbh3A_Cs-w
fVs1rJDf7to,Bundesfrauenkonferenz: Podium zum Programmentwurf der LINKEN,2010-10-12T08:15:43Z,624,6,0,PT2H8M20S,UCA95T5bSGxNOAODBdbR2rYQ,DieLinke,https://www.youtube.com/watch?v=fVs1rJDf7to
w4tKL-XlM6c,Bundesfrauenkonferenz: Rede von Gesine Lötzsch,2010-10-11T14:13:17Z,509,8,3,PT26M,UCA95T5bSGxNOAODBdbR2rYQ,DieLinke,https://www.youtube.com/watch?v=w4tKL-XlM6c
ycw5DXWlEOc,Feministische Politik gehört in das Herz der Partei und in die Mitte der Gesellschaft,2010-10-11T12:47:19Z,1214,14,5,PT8M57S,UCA95T5bSGxNOAODBdbR2rYQ,DieLinke,https://www.youtube.com/watch?v=ycw5DXWlEOc
uXFQTv21P0A,Bundesregierung verschleiert die Armut: Hartz IV-Sätze müssen steigen!,2010-09-30T11:33:05Z,2930,52,13,PT5M17S,UCA95T5bSGxNOAODBdbR2rYQ,DieLinke,https://www.youtube.com/watch?v=uXFQTv21P0A
j9-nj7ydLM0,"""Das Sparpaket kann nur durch einen heißen Herbst gestoppt werden""",2010-09-23T09:04:40Z,1897,23,19,PT1M18S,UCA95T5bSGxNOAODBdbR2rYQ,DieLinke,https://www.youtube.com/watch?v=j9-nj7ydLM0
-Jq6hHZ73TY,"""Bereiten wir der Bundesregierung einen heißen Herbst""",2010-09-15T13:32:52Z,2207,25,10,PT1M39S,UCA95T5bSGxNOAODBdbR2rYQ,DieLinke,https://www.youtube.com/watch?v=-Jq6hHZ73TY
MyitdAkTYgU,Am 11. September Freiheit statt Angst: Für die Bürgerrechte auf die Straße,2010-09-07T07:13:14Z,2826,35,1,PT1M14S,UCA95T5bSGxNOAODBdbR2rYQ,DieLinke,https://www.youtube.com/watch?v=MyitdAkTYgU
pF5D5LAqFQs,100 Tage: Eine Bilanz von Klaus Ernst und Gesine Lötzsch,2010-09-01T07:51:24Z,2440,33,8,PT3M34S,UCA95T5bSGxNOAODBdbR2rYQ,DieLinke,https://www.youtube.com/watch?v=pF5D5LAqFQs
3bn1p90Vmi4,Antikriegstag 2010: Nein zum Krieg!,2010-08-30T13:10:43Z,1707,32,14,PT1M17S,UCA95T5bSGxNOAODBdbR2rYQ,DieLinke,https://www.youtube.com/watch?v=3bn1p90Vmi4
PduOV15uWbE,"""Vorfahrt für Bildung"" gilt nur für die Reichen",2010-08-26T09:17:40Z,1081,27,1,PT1M25S,UCA95T5bSGxNOAODBdbR2rYQ,DieLinke,https://www.youtube.com/watch?v=PduOV15uWbE
Ry3i_L9zuw4,Auftakt zum Aktionsprogramm gegen den schwarz-gelben Sozialkahlschlag,2010-07-27T13:23:03Z,1611,32,15,PT2M1S,UCA95T5bSGxNOAODBdbR2rYQ,DieLinke,https://www.youtube.com/watch?v=Ry3i_L9zuw4
BQnQxDUXrgg,Kinder und junge Eltern als Zielobjekt des Sparens,2010-07-26T13:31:22Z,1567,24,6,PT7M52S,UCA95T5bSGxNOAODBdbR2rYQ,DieLinke,https://www.youtube.com/watch?v=BQnQxDUXrgg
zKYHuxIUOW8,Beschäftigungspolitik: Die Regierung spart an Chancen für Arbeitslose,2010-07-09T09:31:25Z,1307,20,6,PT6M,UCA95T5bSGxNOAODBdbR2rYQ,DieLinke,https://www.youtube.com/watch?v=zKYHuxIUOW8
75wkqabo76A,Direkte Demokratie wagen,2010-07-09T09:25:12Z,2231,35,6,PT5M,UCA95T5bSGxNOAODBdbR2rYQ,DieLinke,https://www.youtube.com/watch?v=75wkqabo76A
9w_DTdUryGQ,Milleniumsziele: Durchwachsene Bilanz,2010-07-09T09:22:29Z,510,5,2,PT7M28S,UCA95T5bSGxNOAODBdbR2rYQ,DieLinke,https://www.youtube.com/watch?v=9w_DTdUryGQ
_UYchq0lXA4,Gesundheitsreform: Unsozialer Murks,2010-07-09T09:16:51Z,765,12,2,PT5M42S,UCA95T5bSGxNOAODBdbR2rYQ,DieLinke,https://www.youtube.com/watch?v=_UYchq0lXA4
HvtNvFVVWZ8,"Vorsicht, Kopfpauschale!",2010-07-09T09:12:22Z,960,14,2,PT5M47S,UCA95T5bSGxNOAODBdbR2rYQ,DieLinke,https://www.youtube.com/watch?v=HvtNvFVVWZ8
BHLfr1i34zU,Brennelementesteuer: Leere Kassen wirken manchmal Wunder,2010-07-09T09:09:10Z,202,8,1,PT7M49S,UCA95T5bSGxNOAODBdbR2rYQ,DieLinke,https://www.youtube.com/watch?v=BHLfr1i34zU
bHgM_DVBHGY,Deutschland muss Vorreiter bei der Finanztransaktionssteuer sein,2010-07-09T09:03:18Z,166,8,1,PT4M31S,UCA95T5bSGxNOAODBdbR2rYQ,DieLinke,https://www.youtube.com/watch?v=bHgM_DVBHGY
ktRwGB3TgGk,Religionsfreiheit weltweit schützen,2010-07-09T08:39:31Z,397,9,0,PT5M36S,UCA95T5bSGxNOAODBdbR2rYQ,DieLinke,https://www.youtube.com/watch?v=ktRwGB3TgGk
3JN2jjgopb4,Freiheit ist immer auch die Freiheit des Andersgläubigen,2010-07-09T08:35:46Z,401,14,2,PT5M53S,UCA95T5bSGxNOAODBdbR2rYQ,DieLinke,https://www.youtube.com/watch?v=3JN2jjgopb4
UgGbV0p16VI,Neumitgliedertreffen der LINKEN,2010-07-05T11:48:10Z,2414,39,6,PT10M1S,UCA95T5bSGxNOAODBdbR2rYQ,DieLinke,https://www.youtube.com/watch?v=UgGbV0p16VI
SjAHcYjyCiI,Macht mit beim CSD - Für die Gleichstellung aller Lebensweisen!,2010-06-18T10:16:32Z,822,12,7,PT1M17S,UCA95T5bSGxNOAODBdbR2rYQ,DieLinke,https://www.youtube.com/watch?v=SjAHcYjyCiI
NVr6xeGWVEw,Luc Jochimsen: Gute Arbeit - damit gutes Leben wieder ins Land kommt,2010-06-17T15:25:57Z,682,21,6,PT9M56S,UCA95T5bSGxNOAODBdbR2rYQ,DieLinke,https://www.youtube.com/watch?v=NVr6xeGWVEw
9I6CxHfTYqs,Das dritte Fest der Linken - 18. bis 20. Juni,2010-06-16T14:05:57Z,491,14,1,PT1M15S,UCA95T5bSGxNOAODBdbR2rYQ,DieLinke,https://www.youtube.com/watch?v=9I6CxHfTYqs
G5sUqQblwDE,Das Verbraucherinformationsgesetz ist eine einzige Fehlanzeige,2010-06-10T15:00:29Z,711,20,3,PT5M,UCA95T5bSGxNOAODBdbR2rYQ,DieLinke,https://www.youtube.com/watch?v=G5sUqQblwDE
VfU6LJFiIY0,Hochschulen sind Kerne des deutschen Innovationssystems,2010-06-10T14:55:18Z,467,11,2,PT7M22S,UCA95T5bSGxNOAODBdbR2rYQ,DieLinke,https://www.youtube.com/watch?v=VfU6LJFiIY0
730djHp-Hwc,Bildung in Gefahr - der Rotstift ist schon gezückt,2010-06-10T13:06:35Z,834,22,4,PT4M17S,UCA95T5bSGxNOAODBdbR2rYQ,DieLinke,https://www.youtube.com/watch?v=730djHp-Hwc
l07Oo2XhJ1U,Für die Spekulanten sollen Arbeitslose zahlen. Das ist dreist und nicht hinnehmbar!,2010-06-10T12:53:41Z,11162,216,20,PT11M18S,UCA95T5bSGxNOAODBdbR2rYQ,DieLinke,https://www.youtube.com/watch?v=l07Oo2XhJ1U
aXBN-faxakE,BIldung muss Gemeinschaftsaufgabe werden,2010-06-10T12:37:36Z,202,7,1,PT5M22S,UCA95T5bSGxNOAODBdbR2rYQ,DieLinke,https://www.youtube.com/watch?v=aXBN-faxakE
cGIA4TxKhUE,Wir zahlen nicht für Eure Krise - Profiteure zur Kasse bitten!,2010-06-07T08:10:50Z,5400,47,20,PT1M17S,UCA95T5bSGxNOAODBdbR2rYQ,DieLinke,https://www.youtube.com/watch?v=cGIA4TxKhUE
M0wLkdGjtxs,Der Kanzlerin laufen die Köpfe weg,2010-06-01T15:56:57Z,2089,45,11,PT1M24S,UCA95T5bSGxNOAODBdbR2rYQ,DieLinke,https://www.youtube.com/watch?v=M0wLkdGjtxs
_VE4rpwb_-c,Der 2. Bundesparteitag hinter den Kulissen,2010-05-25T12:13:35Z,1744,35,10,PT10M1S,UCA95T5bSGxNOAODBdbR2rYQ,DieLinke,https://www.youtube.com/watch?v=_VE4rpwb_-c
R9BMu5UVxQk,DIE LINKE verteidigt das Grundgesetz,2010-05-25T08:10:33Z,2605,47,13,PT1M12S,UCA95T5bSGxNOAODBdbR2rYQ,DieLinke,https://www.youtube.com/watch?v=R9BMu5UVxQk
__xeB2c4ClM,Gregor Gysi: Bericht der Bundestagsfraktion,2010-05-20T13:03:43Z,4048,92,9,PT46M31S,UCA95T5bSGxNOAODBdbR2rYQ,DieLinke,https://www.youtube.com/watch?v=__xeB2c4ClM
j1GKKodW0UA,Es komme die Republik der Himmel auf die Erde,2010-05-20T11:43:21Z,10180,117,74,PT31M15S,UCA95T5bSGxNOAODBdbR2rYQ,DieLinke,https://www.youtube.com/watch?v=j1GKKodW0UA
UKoWWadS3eg,"Grußwort von Anna Filini (SYNASPISMOS, Griechenland)",2010-05-20T10:17:04Z,699,14,2,PT10M10S,UCA95T5bSGxNOAODBdbR2rYQ,DieLinke,https://www.youtube.com/watch?v=UKoWWadS3eg
a1CyvuO_NkI,Sinkende Löhne sind Ursache für Ungleichgewichte in Europa - Klaus Ernst im Bundestag,2010-05-19T10:30:04Z,2120,40,7,PT7M33S,UCA95T5bSGxNOAODBdbR2rYQ,DieLinke,https://www.youtube.com/watch?v=a1CyvuO_NkI
6fdK2bE-MT0,Rettungspaket: Kanzlerin ohne Strategie gegen die Krise - Gesine Lötzsch im Bundestag,2010-05-19T10:02:16Z,1029,22,4,PT9M10S,UCA95T5bSGxNOAODBdbR2rYQ,DieLinke,https://www.youtube.com/watch?v=6fdK2bE-MT0
i1LmBdJQ3YE,Verabschiedung von Ulrike Zerhau als stellvertretende Parteivorsitzende,2010-05-18T14:55:31Z,672,13,0,PT5M5S,UCA95T5bSGxNOAODBdbR2rYQ,DieLinke,https://www.youtube.com/watch?v=i1LmBdJQ3YE
eflCIFuyM2w,Oskar Lafontaine - Rede auf dem 2. Parteitag der LINKEN,2010-05-18T14:50:29Z,5215,70,11,PT38M13S,UCA95T5bSGxNOAODBdbR2rYQ,DieLinke,https://www.youtube.com/watch?v=eflCIFuyM2w
aOoSelbZ3og,Verabschiedung von Dietmar Bartsch als Bundesgeschäftsführer,2010-05-18T14:29:18Z,1848,26,5,PT11M55S,UCA95T5bSGxNOAODBdbR2rYQ,DieLinke,https://www.youtube.com/watch?v=aOoSelbZ3og
nXcfA93TVPA,"Lothar Bisky: Linke Politik wird gebraucht, und sie wirkt",2010-05-18T14:19:32Z,1122,19,2,PT37M1S,UCA95T5bSGxNOAODBdbR2rYQ,DieLinke,https://www.youtube.com/watch?v=nXcfA93TVPA
q74U9L4hq7g,Gregor Gysi: Einbringung Strukturvorschlag,2010-05-18T12:49:33Z,2329,27,3,PT40M8S,UCA95T5bSGxNOAODBdbR2rYQ,DieLinke,https://www.youtube.com/watch?v=q74U9L4hq7g
8LpLyq4e7ZU,Bewerbungsrede von Heinz Josef Weich,2010-05-18T12:49:27Z,2639,27,7,PT10M57S,UCA95T5bSGxNOAODBdbR2rYQ,DieLinke,https://www.youtube.com/watch?v=8LpLyq4e7ZU
v80XPAEZRBU,Bewerbungsrede von Klaus Ernst,2010-05-18T11:50:34Z,1047,19,4,PT10M55S,UCA95T5bSGxNOAODBdbR2rYQ,DieLinke,https://www.youtube.com/watch?v=v80XPAEZRBU
hrHoYA_ZLYU,Verabschiedung von Oskar Lafontaine als Parteivorsitzender,2010-05-18T11:22:41Z,2714,57,5,PT15M29S,UCA95T5bSGxNOAODBdbR2rYQ,DieLinke,https://www.youtube.com/watch?v=hrHoYA_ZLYU
pMisoHNvddo,Bewerbungsrede Gesine Lötzsch,2010-05-18T10:24:04Z,664,22,4,PT11M10S,UCA95T5bSGxNOAODBdbR2rYQ,DieLinke,https://www.youtube.com/watch?v=pMisoHNvddo
ZA8hQSEiRkc,Bericht der Bundesschiedskommission,2010-05-18T07:03:53Z,249,8,1,PT11M51S,UCA95T5bSGxNOAODBdbR2rYQ,DieLinke,https://www.youtube.com/watch?v=ZA8hQSEiRkc
n_9jcl1MiVs,Verabschiedung von Lothar Bisky als Parteivorsitzender,2010-05-17T17:09:59Z,1861,39,6,PT15M22S,UCA95T5bSGxNOAODBdbR2rYQ,DieLinke,https://www.youtube.com/watch?v=n_9jcl1MiVs
YAn2oMSN_Ew,Bericht des Bundesausschusses,2010-05-17T13:53:50Z,623,11,0,PT9M37S,UCA95T5bSGxNOAODBdbR2rYQ,DieLinke,https://www.youtube.com/watch?v=YAn2oMSN_Ew
AdJ9giE7T0M,Die neoliberalen Experimente der Regierung und Banken beenden!,2010-05-10T11:12:45Z,905,26,8,PT1M18S,UCA95T5bSGxNOAODBdbR2rYQ,DieLinke,https://www.youtube.com/watch?v=AdJ9giE7T0M
Ce2JXGYABNM,Klaus Ernst: Am 9. Mai in NRW DIE LINKE wählen!,2010-05-05T16:56:47Z,2128,45,12,PT1M21S,UCA95T5bSGxNOAODBdbR2rYQ,DieLinke,https://www.youtube.com/watch?v=Ce2JXGYABNM
WHv_rSTDKzc,10 Euro Mindestlohn als Lohnuntergrenze einführen - Klaus Ernst im Bundestag,2010-03-05T16:39:17Z,3379,65,20,PT9M59S,UCA95T5bSGxNOAODBdbR2rYQ,DieLinke,https://www.youtube.com/watch?v=WHv_rSTDKzc
1xpGpkn70yc,ELENA ist ein Stiefkind des Schicksals - Petra Pau im Bundestag,2010-03-05T15:44:38Z,1651,23,0,PT4M27S,UCA95T5bSGxNOAODBdbR2rYQ,DieLinke,https://www.youtube.com/watch?v=1xpGpkn70yc
hF9l0FX8I-U,Finanziellen Verbraucherschutz verbessern - Caren Lay im Bundestag,2010-03-05T15:35:49Z,884,16,0,PT5M21S,UCA95T5bSGxNOAODBdbR2rYQ,DieLinke,https://www.youtube.com/watch?v=hF9l0FX8I-U
wgXupZZoaiU,"Agenda 2010 abwickeln, Finanzen solide aufstellen - Gesine Lötzsch im Bundestag",2010-03-05T09:14:24Z,2274,30,8,PT5M4S,UCA95T5bSGxNOAODBdbR2rYQ,DieLinke,https://www.youtube.com/watch?v=wgXupZZoaiU
vYYDEaZFN8A,Der Bologna-Prozess wurde zum Albtraum für Studierende - Nicole Gohlke (DIE LINKE) im Bundestag,2010-03-04T17:42:55Z,7383,121,8,PT4M39S,UCA95T5bSGxNOAODBdbR2rYQ,DieLinke,https://www.youtube.com/watch?v=vYYDEaZFN8A
SK8HdHjVEh0,Die Bezugsdauer des ALG I auf 24 Monate verlängern  Sabine Zimmermann (DIE LINKE) im Bundestag,2010-03-04T16:49:57Z,872,17,3,PT4M49S,UCA95T5bSGxNOAODBdbR2rYQ,DieLinke,https://www.youtube.com/watch?v=SK8HdHjVEh0
UjEVx-nnWRE,Enquete-Kommission: Es geht um demokratische Teilhabe im Netz  Herbert Behrens im Bundestag,2010-03-04T15:23:57Z,277,12,2,PT7M47S,UCA95T5bSGxNOAODBdbR2rYQ,DieLinke,https://www.youtube.com/watch?v=UjEVx-nnWRE
8xrRRZMo2b8,Parteien-Sponsoring durch Parteiengesetz verbieten - Ulrich Maurer ìm Bundestag,2010-03-04T14:10:31Z,928,27,0,PT5M55S,UCA95T5bSGxNOAODBdbR2rYQ,DieLinke,https://www.youtube.com/watch?v=8xrRRZMo2b8
_cbbuN9IdVo,"»Wer Geld hat, kommt an die Mächtigen in Politik und Staat heran« - Halina Wawzyniak im Bundestag",2010-03-04T14:07:14Z,1236,19,2,PT5M31S,UCA95T5bSGxNOAODBdbR2rYQ,DieLinke,https://www.youtube.com/watch?v=_cbbuN9IdVo
l4xbAW755CM,Auf Kopfpauschalen-Abenteuer verzichten - Harald Weinberg (DIE LINKE) im Bundestag,2010-03-04T12:25:13Z,387,11,2,PT9M13S,UCA95T5bSGxNOAODBdbR2rYQ,DieLinke,https://www.youtube.com/watch?v=l4xbAW755CM
QgJttktKF6g,Für Union und FDP darf Gleichstellung nichts kosten - Cornelia Möhring (DIE LINKE) im Bundestag,2010-03-04T10:00:19Z,484,8,0,PT6M14S,UCA95T5bSGxNOAODBdbR2rYQ,DieLinke,https://www.youtube.com/watch?v=QgJttktKF6g
fY-4H8aU_UY,Geschlechtergerechtigkeit: Wir bleiben kämpferisch - Katja Kipping (DIE LINKE) im Bundestag,2010-03-04T09:57:30Z,1399,24,3,PT4M32S,UCA95T5bSGxNOAODBdbR2rYQ,DieLinke,https://www.youtube.com/watch?v=fY-4H8aU_UY
jNlp6fLTt8o,"Handel mit Steuer-CDs ist Verhöhnung des Rechtsstaates - Rede von Barbara Höll (MdB, DIE LINKE)",2010-03-03T17:08:04Z,924,20,2,PT6M18S,UCA95T5bSGxNOAODBdbR2rYQ,DieLinke,https://www.youtube.com/watch?v=jNlp6fLTt8o
wYGj0X3ku64,"Bundeswehr abziehen, nicht aufstocken - Rede von Christine Buchholz (DIE LINKE) im Bundestag",2010-02-26T13:18:47Z,1812,52,25,PT8M13S,UCA95T5bSGxNOAODBdbR2rYQ,DieLinke,https://www.youtube.com/watch?v=wYGj0X3ku64
t04EsV5WWZE,Politischer Aschermittwoch 2010: Sahra Wagenknecht (neue Version),2010-02-22T10:13:50Z,6832,62,20,PT33M53S,UCA95T5bSGxNOAODBdbR2rYQ,DieLinke,https://www.youtube.com/watch?v=t04EsV5WWZE
T6MTFiIpTYw,Politischer Aschermittwoch 2010: Klaus Ernst,2010-02-19T18:58:22Z,2951,37,4,PT1H4M3S,UCA95T5bSGxNOAODBdbR2rYQ,DieLinke,https://www.youtube.com/watch?v=T6MTFiIpTYw
yiRv5MAEXng,Politischer Aschermittwoch 2010: Sahra Wagenknecht,2010-02-19T17:25:48Z,4845,38,8,PT33M53S,UCA95T5bSGxNOAODBdbR2rYQ,DieLinke,https://www.youtube.com/watch?v=yiRv5MAEXng
igpNmL-Ju_w,Politischer Aschermittwoch 2010: Eva Bulling-Schröter,2010-02-19T17:11:21Z,587,18,2,PT14M34S,UCA95T5bSGxNOAODBdbR2rYQ,DieLinke,https://www.youtube.com/watch?v=igpNmL-Ju_w
YR0-4mP1HQw,No Pasaran! Dresden 13.02.2010,2010-02-15T13:27:32Z,1620,63,7,PT3M59S,UCA95T5bSGxNOAODBdbR2rYQ,DieLinke,https://www.youtube.com/watch?v=YR0-4mP1HQw
i0d4WwnBU0U,Lothar Bisky: Die Lage in Europa und die Entwicklung linker Politik,2010-01-12T17:48:55Z,874,30,2,PT35M31S,UCA95T5bSGxNOAODBdbR2rYQ,DieLinke,https://www.youtube.com/watch?v=i0d4WwnBU0U
N08zPDZkq0U,Gregor Gysi: DIE LINKE ist die einzige Oppositionskraft,2010-01-12T16:28:46Z,7038,162,7,PT1H6M22S,UCA95T5bSGxNOAODBdbR2rYQ,DieLinke,https://www.youtube.com/watch?v=N08zPDZkq0U
6Hf336sgAIA,Klaus Ernst: Arbeit und soziale Gerechtigkeit!,2010-01-12T09:55:29Z,772,17,2,PT24M19S,UCA95T5bSGxNOAODBdbR2rYQ,DieLinke,https://www.youtube.com/watch?v=6Hf336sgAIA
qfHwJ2oRYfw,"Gesine Lötzsch: Mut, gute Ideen, Selbstvertrauen, Selbstdisziplin",2010-01-12T09:44:39Z,451,9,0,PT7M10S,UCA95T5bSGxNOAODBdbR2rYQ,DieLinke,https://www.youtube.com/watch?v=qfHwJ2oRYfw
1o8mA0_ZRXE,"DIE LINKE, Dietmar Bartsch: 2009 war das Jahr der LINKEN",2009-12-21T08:54:46Z,4238,46,8,PT1M37S,UCA95T5bSGxNOAODBdbR2rYQ,DieLinke,https://www.youtube.com/watch?v=1o8mA0_ZRXE
OiGWuJJGGSY,"DIE LINKE, Eva-Bulling-Schröter: Industrieländer stehen in der Verantwortung für den Klimaschutz",2009-12-10T16:00:14Z,1979,17,6,PT1M15S,UCA95T5bSGxNOAODBdbR2rYQ,DieLinke,https://www.youtube.com/watch?v=OiGWuJJGGSY
oAfFiaor9UQ,"DIE LINKE, Stefanie Graf: Kultusminister Nachsitzen!",2009-12-07T14:02:25Z,1555,28,4,PT1M26S,UCA95T5bSGxNOAODBdbR2rYQ,DieLinke,https://www.youtube.com/watch?v=oAfFiaor9UQ
H1F1rpjn2_I,Harald Werner: Krise und soziale Psychologie des Neoliberalismus,2009-12-03T11:47:26Z,1377,15,1,PT21M35S,UCA95T5bSGxNOAODBdbR2rYQ,DieLinke,https://www.youtube.com/watch?v=H1F1rpjn2_I
QAPFPpLQdYc,Dr. Judith Dellheim: Die Krise der Vergeudungsökonomie,2009-12-03T11:18:09Z,759,6,1,PT32M40S,UCA95T5bSGxNOAODBdbR2rYQ,DieLinke,https://www.youtube.com/watch?v=QAPFPpLQdYc
AjVw-AIo3EE,Dr. Joachim Bischoff: Ursachen und Verlaufsform der Krise,2009-12-03T09:59:13Z,859,6,0,PT38M26S,UCA95T5bSGxNOAODBdbR2rYQ,DieLinke,https://www.youtube.com/watch?v=AjVw-AIo3EE
OCTewNMaip0,Jetzt Mitglied der LINKEN werden,2009-09-28T13:10:47Z,14760,142,14,PT1M30S,UCA95T5bSGxNOAODBdbR2rYQ,DieLinke,https://www.youtube.com/watch?v=OCTewNMaip0
R1Duo_sBmks,"DIE LINKE, Dietmar Bartsch: DIE LINKE hat eine historische Chance. Nutzen wir sie!",2009-09-25T12:43:23Z,8401,47,2,PT1M15S,UCA95T5bSGxNOAODBdbR2rYQ,DieLinke,https://www.youtube.com/watch?v=R1Duo_sBmks
v-IkL1_Mnhw,"DIE LINKE, Figen Izgin: DIE LINKE ist auch nach der Wahl sozial",2009-09-24T13:21:47Z,1467,28,5,PT1M21S,UCA95T5bSGxNOAODBdbR2rYQ,DieLinke,https://www.youtube.com/watch?v=v-IkL1_Mnhw
V-6_cEFCKww,"DIE LINKE, Jan van Aken: Sie haben die Wahl - für Frieden und Gerechtigkeit",2009-09-23T10:47:48Z,1016,34,2,PT57S,UCA95T5bSGxNOAODBdbR2rYQ,DieLinke,https://www.youtube.com/watch?v=V-6_cEFCKww
9lowhGgTYt8,"DIE LINKE, Gregor Gysi: Die anderen werden sozialer, wenn wir stärker werden",2009-09-22T09:20:20Z,13041,119,25,PT1M13S,UCA95T5bSGxNOAODBdbR2rYQ,DieLinke,https://www.youtube.com/watch?v=9lowhGgTYt8
echBzmq8lUA,"DIE LINKE, Petra Pau: Frieden, Gerechtigkeit, Demokratie stehen zur Wahl",2009-09-21T14:10:57Z,1751,34,7,PT1M2S,UCA95T5bSGxNOAODBdbR2rYQ,DieLinke,https://www.youtube.com/watch?v=echBzmq8lUA
DiV0ydB3ae0,DIE LINKE: 48-Stunden-Wahlkampf,2009-09-18T16:55:51Z,2883,72,15,PT5M36S,UCA95T5bSGxNOAODBdbR2rYQ,DieLinke,https://www.youtube.com/watch?v=DiV0ydB3ae0
FtH0B3M4N1w,Andrej Hermlin: Darum wähle ich sie erst recht - DIE LINKE,2009-09-18T09:39:42Z,6270,59,8,PT49S,UCA95T5bSGxNOAODBdbR2rYQ,DieLinke,https://www.youtube.com/watch?v=FtH0B3M4N1w
Od48Wz-A1p8,"DIE LINKE, Ulrich Maurer: Union und SPD präsentieren Rechnung erst nach dem Wahltag",2009-09-17T11:02:30Z,1514,31,2,PT1M14S,UCA95T5bSGxNOAODBdbR2rYQ,DieLinke,https://www.youtube.com/watch?v=Od48Wz-A1p8
xXtCsoUVT2c,"DIE LINKE, Alexander Ulrich: Soziale Gerechtigkeit ist wählb",2009-09-16T12:49:49Z,1111,23,5,PT1M6S,UCA95T5bSGxNOAODBdbR2rYQ,DieLinke,https://www.youtube.com/watch?v=xXtCsoUVT2c
7B1e80FzMNk,"DIE LINKE, Klaus Lederer: Je stärker DIE LINKE, desto sozialer das Land",2009-09-15T09:24:22Z,2483,28,0,PT1M14S,UCA95T5bSGxNOAODBdbR2rYQ,DieLinke,https://www.youtube.com/watch?v=7B1e80FzMNk
W8wmCOnp7xg,"DIE LINKE, Ralph Lenkert: Gemeinsam können wir die Zukunft gestalten",2009-09-14T14:20:40Z,954,22,2,PT1M6S,UCA95T5bSGxNOAODBdbR2rYQ,DieLinke,https://www.youtube.com/watch?v=W8wmCOnp7xg
_44z2LZh7D4,"DIE LINKE, Sybille Stamm: Gewerkschafterinnen und Gewerkschafter wählen links",2009-09-11T13:37:17Z,819,21,1,PT1M12S,UCA95T5bSGxNOAODBdbR2rYQ,DieLinke,https://www.youtube.com/watch?v=_44z2LZh7D4
7hLmZvJFQ_M,"DIE LINKE, Wolfgang Gehrke: Alles ist nichts ohne Frieden",2009-09-11T12:47:02Z,590,16,2,PT1M23S,UCA95T5bSGxNOAODBdbR2rYQ,DieLinke,https://www.youtube.com/watch?v=7hLmZvJFQ_M
zRbOENuhrX0,DIE LINKE: Kurzwahlprogramm in Gebärdensprache,2009-09-11T12:43:56Z,4594,31,6,PT9M57S,UCA95T5bSGxNOAODBdbR2rYQ,DieLinke,https://www.youtube.com/watch?v=zRbOENuhrX0
8qI6aidf_5M,DIE LINKE: Kino-Spot zur Bundestagswahl 2009,2009-09-10T09:37:37Z,14282,98,15,PT31S,UCA95T5bSGxNOAODBdbR2rYQ,DieLinke,https://www.youtube.com/watch?v=8qI6aidf_5M
gUm9SRw-0jE,"DIE LINKE, Caren Lay: Frauen haben mehr verdient",2009-09-09T13:02:43Z,3953,54,7,PT1M11S,UCA95T5bSGxNOAODBdbR2rYQ,DieLinke,https://www.youtube.com/watch?v=gUm9SRw-0jE
z9ZmMd0H5gY,"DIE LINKE, Jan Korte: Überwachungsstaat verhindern!",2009-09-09T07:20:23Z,3068,43,7,PT1M8S,UCA95T5bSGxNOAODBdbR2rYQ,DieLinke,https://www.youtube.com/watch?v=z9ZmMd0H5gY
Ab8PCneJxAk,"DIE LINKE, Halina Wawzyniak: Demonstrieren Sie mit für ein Ende des Krieges",2009-09-07T16:02:11Z,1612,27,5,PT56S,UCA95T5bSGxNOAODBdbR2rYQ,DieLinke,https://www.youtube.com/watch?v=Ab8PCneJxAk
BSseTrct7cY,"DIE LINKE, Dietmar Bartsch: Millionäre zur Kasse und nicht Arbeitnehmer, Rentner und Studenten",2009-09-04T17:38:42Z,2095,26,6,PT1M16S,UCA95T5bSGxNOAODBdbR2rYQ,DieLinke,https://www.youtube.com/watch?v=BSseTrct7cY
g2rkCgBciYk,DIE LINKE: TV-Spot zur Bundestagswahl 2009,2009-08-31T08:45:48Z,76027,468,77,PT1M32S,UCA95T5bSGxNOAODBdbR2rYQ,DieLinke,https://www.youtube.com/watch?v=g2rkCgBciYk
aQ-5ECZtm_g,"DIE LINKE, Diether Dehm: Bundesregierung ignoriert Urteil zum EU-Vertrag",2009-08-28T09:57:31Z,3576,39,3,PT1M15S,UCA95T5bSGxNOAODBdbR2rYQ,DieLinke,https://www.youtube.com/watch?v=aQ-5ECZtm_g
6Hj0mCNyOog,"Gewinnt DIE LINKE, werden die anderen friedlicher und sozialer",2009-08-27T13:09:26Z,7090,118,20,PT24M56S,UCA95T5bSGxNOAODBdbR2rYQ,DieLinke,https://www.youtube.com/watch?v=6Hj0mCNyOog
u95VkedxbWs,DIE LINKE: Wir sind für Euch da!,2009-08-24T11:01:59Z,4484,87,7,PT8M48S,UCA95T5bSGxNOAODBdbR2rYQ,DieLinke,https://www.youtube.com/watch?v=u95VkedxbWs
xt6Ili5Dg3Y,"DIE LINKE, Gesine Lötzsch: Der Osten ist seit zwanzig Jahren Experimentierfeld der Neoliberalen",2009-08-21T09:55:30Z,2252,21,6,PT1M10S,UCA95T5bSGxNOAODBdbR2rYQ,DieLinke,https://www.youtube.com/watch?v=xt6Ili5Dg3Y
zegZILwQipo,DIE LINKE: Briefwahl - ganz einfach!,2009-08-18T10:52:43Z,9141,63,15,PT1M8S,UCA95T5bSGxNOAODBdbR2rYQ,DieLinke,https://www.youtube.com/watch?v=zegZILwQipo
1MnnWUwnWL8,"DIE LINKE, Bodo Ramelow: Thüringen muss das modernste Energieland werden",2009-08-17T13:00:19Z,762,20,0,PT1M30S,UCA95T5bSGxNOAODBdbR2rYQ,DieLinke,https://www.youtube.com/watch?v=1MnnWUwnWL8
iUlRwj1d6tU,"DIE LINKE, Bodo Ramelow: Für eine Gesellschaft, in der sich Stärkere und Schwächere aushalten",2009-08-17T12:49:47Z,360,19,2,PT1M21S,UCA95T5bSGxNOAODBdbR2rYQ,DieLinke,https://www.youtube.com/watch?v=iUlRwj1d6tU
EJ4_St67Pfw,"DIE LINKE, Bodo Ramelow: Bildung ist unsere Zukunft",2009-08-17T12:39:44Z,405,15,6,PT1M21S,UCA95T5bSGxNOAODBdbR2rYQ,DieLinke,https://www.youtube.com/watch?v=EJ4_St67Pfw
HLPRqPN-T44,DIE LINKE: Gregor Gysi direkt in den Bundestag für Treptow/Köpenick,2009-08-15T15:05:56Z,4002,43,2,PT1M21S,UCA95T5bSGxNOAODBdbR2rYQ,DieLinke,https://www.youtube.com/watch?v=HLPRqPN-T44
dlZuT_1K2JM,DIE LINKE: Gesine Lötzsch direkt in den Bundestag für Lichtenberg/Hohenschönhausen,2009-08-15T15:03:39Z,2234,22,1,PT2M42S,UCA95T5bSGxNOAODBdbR2rYQ,DieLinke,https://www.youtube.com/watch?v=dlZuT_1K2JM
5B6F3nvZpl0,DIE LINKE: Petra Pau direkt in den Bundestag für Marzahn/Hel,2009-08-15T15:03:31Z,4881,38,2,PT1M57S,UCA95T5bSGxNOAODBdbR2rYQ,DieLinke,https://www.youtube.com/watch?v=5B6F3nvZpl0
tPRKuVBJdMA,"DIE LINKE, Dagmar Enkelmann: Steinmeiers Deutschland-Plan ist unglaubwürdig und unrealistisch",2009-08-14T14:43:47Z,1395,17,4,PT1M26S,UCA95T5bSGxNOAODBdbR2rYQ,DieLinke,https://www.youtube.com/watch?v=tPRKuVBJdMA
0phcwmEnfR4,"DIE LINKE ist eine Mitmachpartei für alle, die Politik selbst gestalten wollen",2009-08-11T16:00:01Z,23925,225,21,PT4M,UCA95T5bSGxNOAODBdbR2rYQ,DieLinke,https://www.youtube.com/watch?v=0phcwmEnfR4
Q2WRHXSVLWU,"DIE LINKE, Sevim Dagdelen: Menschen, die verfolgt werden, müssen Asyl erhalten",2009-07-31T08:05:21Z,4110,43,9,PT1M17S,UCA95T5bSGxNOAODBdbR2rYQ,DieLinke,https://www.youtube.com/watch?v=Q2WRHXSVLWU
uzYXg7ZV6Qo,"DIE LINKE, Paul Schäfer: Afghanistan braucht Versöhnung und wirtschaftliche Entwicklung",2009-07-24T09:53:36Z,1169,21,6,PT1M26S,UCA95T5bSGxNOAODBdbR2rYQ,DieLinke,https://www.youtube.com/watch?v=uzYXg7ZV6Qo
i7_gtVx9HsM,Werner Dreibus: Mit dem Mindestlohn würde Deutschland endlich wieder in Europa ankommen,2009-07-17T19:48:07Z,2562,26,4,PT1M21S,UCA95T5bSGxNOAODBdbR2rYQ,DieLinke,https://www.youtube.com/watch?v=i7_gtVx9HsM
SPZbSHCA2bI,"DIE LINKE, Heike Hänsel: Spekulation mit Nahrungsmitteln verbieten",2009-07-09T22:15:43Z,1593,23,1,PT1M18S,UCA95T5bSGxNOAODBdbR2rYQ,DieLinke,https://www.youtube.com/watch?v=SPZbSHCA2bI
U2ed8d1luGc,"DIE LINKE, Klaus Ernst: Müntefering ist der Totengräber der gesetzlichen Rentenversicherung",2009-07-03T09:05:23Z,2561,27,3,PT1M9S,UCA95T5bSGxNOAODBdbR2rYQ,DieLinke,https://www.youtube.com/watch?v=U2ed8d1luGc
OFoCV_zV3Pk,"DIE LINKE, Anny Heike: Union und SPD belügen die Menschen mit unglaubwürdigen Wahlversprechen",2009-06-26T10:33:50Z,1674,23,1,PT1M25S,UCA95T5bSGxNOAODBdbR2rYQ,DieLinke,https://www.youtube.com/watch?v=OFoCV_zV3Pk
o_cOwWjexUs,"DIE LINKE, Oskar Lafontaine: Mehr Demokratie und Freiheit wagen",2009-06-23T15:58:24Z,7930,100,11,PT1H15M56S,UCA95T5bSGxNOAODBdbR2rYQ,DieLinke,https://www.youtube.com/watch?v=o_cOwWjexUs
HmQGTprWpks,"DIE LINKE, Gregor Gysi: Je stärker die Linke, desto sozialer das Land!",2009-06-22T22:00:57Z,14455,171,21,PT1H10M48S,UCA95T5bSGxNOAODBdbR2rYQ,DieLinke,https://www.youtube.com/watch?v=HmQGTprWpks
fTBZzhyE0Jo,"DIE LINKE, Lothar Bisky: Wir haben uns warm gelaufen. Ab in den Wahlkampf!",2009-06-22T15:41:41Z,3425,40,6,PT14M9S,UCA95T5bSGxNOAODBdbR2rYQ,DieLinke,https://www.youtube.com/watch?v=fTBZzhyE0Jo
9GoETOzElns,Oskar Lafontaine: Wir werden ein Signal der Geschlossenheit senden,2009-06-19T07:35:58Z,1928,40,3,PT1M55S,UCA95T5bSGxNOAODBdbR2rYQ,DieLinke,https://www.youtube.com/watch?v=9GoETOzElns
-uudtdY7pXo,"DIE LINKE, Dietmar Bartsch: Der Kampf für gute Wahlergebnisse und Veränderung im Land geht weiter",2009-06-12T09:09:42Z,2086,21,1,PT1M20S,UCA95T5bSGxNOAODBdbR2rYQ,DieLinke,https://www.youtube.com/watch?v=-uudtdY7pXo
9lZp-qljKto,DIE LINKE.SDS: Mach mit beim Bildungsstreik vom 15.-19. Juni,2009-06-10T08:09:29Z,3650,52,1,PT4M56S,UCA95T5bSGxNOAODBdbR2rYQ,DieLinke,https://www.youtube.com/watch?v=9lZp-qljKto
fiptVhzwccU,"DIE LINKE, Lothar Bisky: Am Sonntag ist es soweit: Wählen Sie LINKS!",2009-06-05T12:15:52Z,2807,25,4,PT1M4S,UCA95T5bSGxNOAODBdbR2rYQ,DieLinke,https://www.youtube.com/watch?v=fiptVhzwccU
rKfioGstV6E,"DIE LINKE, Lothar Bisky: Gehen Sie zur Wahl und wählen Sie DIE LINKE!",2009-06-02T10:55:15Z,3584,32,2,PT53S,UCA95T5bSGxNOAODBdbR2rYQ,DieLinke,https://www.youtube.com/watch?v=rKfioGstV6E
i3Cz3iCzsg8,"DIE LINKE, Dietmar Bartsch: Wählerinnen und Wähler an die Urne bringen!",2009-05-29T08:44:35Z,2937,28,2,PT1M9S,UCA95T5bSGxNOAODBdbR2rYQ,DieLinke,https://www.youtube.com/watch?v=i3Cz3iCzsg8
eGlRlrgsugQ,"DIE LINKE, Angelika Gramkow: Geben Sie der LINKEN bei den Kommunalwahlen am 7. Juni Ihre Stimme!",2009-05-23T09:38:02Z,1326,19,2,PT1M26S,UCA95T5bSGxNOAODBdbR2rYQ,DieLinke,https://www.youtube.com/watch?v=eGlRlrgsugQ
oFYBwf6Y0Hg,DIE LINKE: Kino-Spot zur Europawahl 2009,2009-05-18T13:50:53Z,25480,181,16,PT30S,UCA95T5bSGxNOAODBdbR2rYQ,DieLinke,https://www.youtube.com/watch?v=oFYBwf6Y0Hg
bC8uYfuFbj8,"DIE LINKE, Michael Schlecht: Millionärssteuer bringt jährlich 80 Milliarden Euro",2009-05-15T07:57:29Z,2481,21,7,PT1M21S,UCA95T5bSGxNOAODBdbR2rYQ,DieLinke,https://www.youtube.com/watch?v=bC8uYfuFbj8
pIR7nEfg0TU,"DIE LINKE, Oskar Lafontaine: Konsequent sozial. Für Demokratie und Frieden.",2009-05-12T21:50:00Z,8443,97,4,PT12M17S,UCA95T5bSGxNOAODBdbR2rYQ,DieLinke,https://www.youtube.com/watch?v=pIR7nEfg0TU
aj7z-eP4pZE,"DIE LINKE, Gregor Gysi: Konsequent sozial. Für Demokratie und Frieden.",2009-05-12T21:48:42Z,14908,141,18,PT11M18S,UCA95T5bSGxNOAODBdbR2rYQ,DieLinke,https://www.youtube.com/watch?v=aj7z-eP4pZE
n0grbGRc-BA,DIE LINKE: TV-Spot zur Europawahl 2009,2009-05-12T09:56:05Z,88992,566,84,PT1M32S,UCA95T5bSGxNOAODBdbR2rYQ,DieLinke,https://www.youtube.com/watch?v=n0grbGRc-BA
_ZihawiI-tg,"DIE LINKE, Oskar Lafontaine: Krieg ist keine Antwort!",2009-05-08T10:17:51Z,4627,38,4,PT1M14S,UCA95T5bSGxNOAODBdbR2rYQ,DieLinke,https://www.youtube.com/watch?v=_ZihawiI-tg
PSONmim0Ruo,"DIE LINKE, Helmut Scholz: 5 Jahre Partei der Europäischen Linken",2009-05-06T13:02:43Z,1713,18,2,PT1M31S,UCA95T5bSGxNOAODBdbR2rYQ,DieLinke,https://www.youtube.com/watch?v=PSONmim0Ruo
nKudp9tNxDI,"DIE LINKE, Sahra Wagenknecht: Zynische Renditefixierung überwinden",2009-04-30T07:41:28Z,39322,192,32,PT1M18S,UCA95T5bSGxNOAODBdbR2rYQ,DieLinke,https://www.youtube.com/watch?v=nKudp9tNxDI
SbSRxaKQT7A,"DIE LINKE, Klaus Ernst: Das Wahlprogramm der SPD ist pure Heuchelei",2009-04-24T11:01:51Z,3480,33,3,PT1M8S,UCA95T5bSGxNOAODBdbR2rYQ,DieLinke,https://www.youtube.com/watch?v=SbSRxaKQT7A
8YqJQdPwmeY,"DIE LINKE, Jan Korte: Hartz IV muss weg - dabei bleiben wir",2009-04-23T12:14:36Z,1801,31,4,PT1M5S,UCA95T5bSGxNOAODBdbR2rYQ,DieLinke,https://www.youtube.com/watch?v=8YqJQdPwmeY
wfBN1BFzrFQ,"DIE LINKE: Axelt Troost erklärt, was zum Schutzschirm für Menschen gehören muss",2009-04-17T11:14:26Z,1554,14,0,PT1M6S,UCA95T5bSGxNOAODBdbR2rYQ,DieLinke,https://www.youtube.com/watch?v=wfBN1BFzrFQ
cq3FrwOXxkE,DIE LINKE: Oskar Lafontaine fordert einen Schutzschirm für Menschen,2009-04-14T16:24:31Z,1234,18,1,PT1M18S,UCA95T5bSGxNOAODBdbR2rYQ,DieLinke,https://www.youtube.com/watch?v=cq3FrwOXxkE
-Oyb4JHC67g,"DIE LINKE: Klaus Lederer ruft auf, am 26. April mit Nein gegen »Pro Reli« zu stimmen",2009-04-14T15:17:53Z,1927,31,5,PT1M27S,UCA95T5bSGxNOAODBdbR2rYQ,DieLinke,https://www.youtube.com/watch?v=-Oyb4JHC67g
tbXgB9ZxwSY,DIE LINKE: Dietmar Bartsch zum NATO-Gipfel,2009-04-02T14:42:24Z,2154,25,2,PT53S,UCA95T5bSGxNOAODBdbR2rYQ,DieLinke,https://www.youtube.com/watch?v=tbXgB9ZxwSY
JPP8Olh3W78,DIE LINKE: Klaus Ernst zum Schutzschirm für Menschen,2009-03-27T10:23:22Z,2069,20,5,PT1M18S,UCA95T5bSGxNOAODBdbR2rYQ,DieLinke,https://www.youtube.com/watch?v=JPP8Olh3W78
NmDQtMnRVJM,DIE LINKE: Halina Wawzyniak zum Entwurf des Bundestagswahlprogramms '09,2009-03-25T14:05:04Z,2331,17,1,PT1M10S,UCA95T5bSGxNOAODBdbR2rYQ,DieLinke,https://www.youtube.com/watch?v=NmDQtMnRVJM
P6Zf13P9g7U,"Lothar Bisky, DIE LINKE: Sumpf aus Gier und Spekulation trockenlegen",2009-03-19T12:41:57Z,5126,36,2,PT8M16S,UCA95T5bSGxNOAODBdbR2rYQ,DieLinke,https://www.youtube.com/watch?v=P6Zf13P9g7U
4WwKLMtLR1g,DIE LINKE: Bodo Ramelow zur Rettung von Opel,2009-03-17T09:49:37Z,1682,20,1,PT1M21S,UCA95T5bSGxNOAODBdbR2rYQ,DieLinke,https://www.youtube.com/watch?v=4WwKLMtLR1g
lE-pxsoqXNs,DIE LINKE: Ulrich Maurer zum Amoklauf in Baden-Württemberg,2009-03-11T20:57:08Z,2421,16,4,PT57S,UCA95T5bSGxNOAODBdbR2rYQ,DieLinke,https://www.youtube.com/watch?v=lE-pxsoqXNs
alOsQvauHto,DIE LINKE: Katja Kipping zum Internationalen Frauentag,2009-03-06T22:40:15Z,6175,42,7,PT1M11S,UCA95T5bSGxNOAODBdbR2rYQ,DieLinke,https://www.youtube.com/watch?v=alOsQvauHto
_lsmmg0N9KQ,"DIE LINKE, Europaparteitag: Oskar Lafontaine (Teil 2)",2009-03-03T17:11:11Z,4125,56,1,PT19M54S,UCA95T5bSGxNOAODBdbR2rYQ,DieLinke,https://www.youtube.com/watch?v=_lsmmg0N9KQ
-4VnreddhiE,"DIE LINKE, Europaparteitag: Oskar Lafontaine (Teil1)",2009-03-01T22:58:02Z,10463,77,8,PT21M57S,UCA95T5bSGxNOAODBdbR2rYQ,DieLinke,https://www.youtube.com/watch?v=-4VnreddhiE
Dpfqkrd7j5o,"DIE LINKE, Europaparteitag: Dietmar Bartsch",2009-02-28T18:36:30Z,1715,19,0,PT8M4S,UCA95T5bSGxNOAODBdbR2rYQ,DieLinke,https://www.youtube.com/watch?v=Dpfqkrd7j5o
_JmAYHRFHNs,"DIE LINKE, Europaparteitag: Gabi Zimmer",2009-02-28T16:57:09Z,1868,13,1,PT35M4S,UCA95T5bSGxNOAODBdbR2rYQ,DieLinke,https://www.youtube.com/watch?v=_JmAYHRFHNs
3l3IejrUQZ8,"DIE LINKE, Europaparteitag: Lothar Bisky",2009-02-28T15:31:59Z,5118,31,3,PT36M22S,UCA95T5bSGxNOAODBdbR2rYQ,DieLinke,https://www.youtube.com/watch?v=3l3IejrUQZ8
Tlyn85kOVg4,"DIE LINKE, Europaparteitag: Wolfgang Zimmermann",2009-02-28T11:02:57Z,1410,21,1,PT9M43S,UCA95T5bSGxNOAODBdbR2rYQ,DieLinke,https://www.youtube.com/watch?v=Tlyn85kOVg4
d7b77Ih1u54,DIE LINKE: Dietmar Bartsch zum Europaparteitag 2009,2009-02-27T16:43:49Z,358,10,1,PT59S,UCA95T5bSGxNOAODBdbR2rYQ,DieLinke,https://www.youtube.com/watch?v=d7b77Ih1u54
j6izJ59ODeU,"Oskar Lafontaine, DIE LINKE: Wer zahlt die Zeche für Milliardenhilfen an Pleitekonzerne",2009-02-27T01:10:16Z,13721,173,15,PT41M28S,UCA95T5bSGxNOAODBdbR2rYQ,DieLinke,https://www.youtube.com/watch?v=j6izJ59ODeU
raJ2BYYlmQs,"Gregor Gysi, DIE LINKE: Oskar Lafontaine zum saarländischen Ministerpräsidenten wählen!",2009-02-26T13:12:58Z,22691,234,26,PT34M55S,UCA95T5bSGxNOAODBdbR2rYQ,DieLinke,https://www.youtube.com/watch?v=raJ2BYYlmQs
dbhpdjZGCiI,DIE LINKE: Katja Kipping zum Welttag der soz. Gerechtigkeit,2009-02-20T10:44:27Z,3712,29,6,PT1M23S,UCA95T5bSGxNOAODBdbR2rYQ,DieLinke,https://www.youtube.com/watch?v=dbhpdjZGCiI
ArHXURNFr4Q,DIE LINKE: Oskar Lafontaine zu Wegen aus der Krise,2009-02-14T09:31:15Z,1604,19,2,PT1M15S,UCA95T5bSGxNOAODBdbR2rYQ,DieLinke,https://www.youtube.com/watch?v=ArHXURNFr4Q
_LdUcZPlHY0,DIE LINKE: Axel Troost zum Konjunkturprogramm,2009-02-06T18:54:24Z,2500,12,2,PT1M8S,UCA95T5bSGxNOAODBdbR2rYQ,DieLinke,https://www.youtube.com/watch?v=_LdUcZPlHY0
ugw6iOoiUJ4,DIE LINKE: Halina Wawzyniak zu Guantanamo und Antifaschismus,2009-01-30T09:44:37Z,3293,25,2,PT1M3S,UCA95T5bSGxNOAODBdbR2rYQ,DieLinke,https://www.youtube.com/watch?v=ugw6iOoiUJ4
HwczYZtbr_g,DIE LINKE: Klaus Ernst über Mehrheiten für soziale Politik,2009-01-23T10:07:32Z,1979,18,1,PT1M3S,UCA95T5bSGxNOAODBdbR2rYQ,DieLinke,https://www.youtube.com/watch?v=HwczYZtbr_g
-wEavOtjJN4,DIE LINKE: Dietmar Bartsch zum Ausgang der Wahl in Hessen,2009-01-18T19:15:08Z,1540,13,3,PT58S,UCA95T5bSGxNOAODBdbR2rYQ,DieLinke,https://www.youtube.com/watch?v=-wEavOtjJN4
sMu9BmcC4mo,Dietmar Bartsch: Am 18. Januar in Hessen DIE LINKE wählen!,2009-01-16T10:13:41Z,456,8,0,PT1M8S,UCA95T5bSGxNOAODBdbR2rYQ,DieLinke,https://www.youtube.com/watch?v=sMu9BmcC4mo
M5pXDScM-K4,Zuverlässig sozial. Menschen vor Profite!,2009-01-13T10:24:24Z,733,18,0,PT1M30S,UCA95T5bSGxNOAODBdbR2rYQ,DieLinke,https://www.youtube.com/watch?v=M5pXDScM-K4
GpYMynPk1aE,DIE LINKE: Gregor Gysi zur Wahl in Hessen,2009-01-11T17:07:11Z,6180,68,7,PT2M5S,UCA95T5bSGxNOAODBdbR2rYQ,DieLinke,https://www.youtube.com/watch?v=GpYMynPk1aE
eYnYq3gTVDY,DIE LINKE: Oskar Lafontaine zum Jahresbeginn 2009,2009-01-11T16:59:40Z,1888,22,1,PT1M20S,UCA95T5bSGxNOAODBdbR2rYQ,DieLinke,https://www.youtube.com/watch?v=eYnYq3gTVDY
XFd7TCwH_yA,DIE LINKE: Katja Kipping zum Jahresende 2008,2009-01-11T16:54:02Z,2349,28,5,PT1M2S,UCA95T5bSGxNOAODBdbR2rYQ,DieLinke,https://www.youtube.com/watch?v=XFd7TCwH_yA
c9kPs1osW-s,DIE LINKE: Petra Pau zu Spenden an Parteien,2009-01-11T16:15:38Z,2637,21,2,PT2M28S,UCA95T5bSGxNOAODBdbR2rYQ,DieLinke,https://www.youtube.com/watch?v=c9kPs1osW-s
uaN4y2iQAaA,DIE LINKE: Ulrich Maurer deutschen Beteiligung am Irak-Krieg,2009-01-11T16:14:15Z,966,12,0,PT1M17S,UCA95T5bSGxNOAODBdbR2rYQ,DieLinke,https://www.youtube.com/watch?v=uaN4y2iQAaA
a0UTpdvQmh0,DIE LINKE: Willi van Ooyen zur hessischen Landesliste,2009-01-11T16:01:17Z,433,9,0,PT57S,UCA95T5bSGxNOAODBdbR2rYQ,DieLinke,https://www.youtube.com/watch?v=a0UTpdvQmh0
5H23xXp5qjc,DIE LINKE: Ulrich Maurer zum geforderten Konjunkturprogramm,2009-01-11T15:18:52Z,384,7,0,PT1M10S,UCA95T5bSGxNOAODBdbR2rYQ,DieLinke,https://www.youtube.com/watch?v=5H23xXp5qjc
QQAZTWgijig,DIE LINKE: Willi van Ooyen zum Wahlkampf in Hessen,2009-01-11T15:10:57Z,433,7,0,PT1M,UCA95T5bSGxNOAODBdbR2rYQ,DieLinke,https://www.youtube.com/watch?v=QQAZTWgijig
g3TpzcbtqqA,DIE LINKE: Oskar Lafontaine zur Landtagswahl in Hessen,2009-01-11T15:02:08Z,869,11,1,PT1M10S,UCA95T5bSGxNOAODBdbR2rYQ,DieLinke,https://www.youtube.com/watch?v=g3TpzcbtqqA
R250q7pMvg4,DIE LINKE: Halina Wazyniak zum Kampf gegen Antisemitismus,2009-01-11T14:55:17Z,1877,20,0,PT1M4S,UCA95T5bSGxNOAODBdbR2rYQ,DieLinke,https://www.youtube.com/watch?v=R250q7pMvg4
DAnLeLZMIbg,DIE LINKE: Dietmar Bartsch zur Lage auf dem Arbeitsmarkt,2009-01-11T14:48:57Z,494,12,0,PT1M19S,UCA95T5bSGxNOAODBdbR2rYQ,DieLinke,https://www.youtube.com/watch?v=DAnLeLZMIbg
8OHZe0wZm6w,DIE LINKE: Bodo Ramelow zum Regierungsprogramm für Thüringen,2009-01-11T14:44:39Z,1026,13,0,PT1M23S,UCA95T5bSGxNOAODBdbR2rYQ,DieLinke,https://www.youtube.com/watch?v=8OHZe0wZm6w
YeLh37oqcqc,DIE LINKE: Oskar Lafontaine zu 10 Jahren SPD-Regierung,2009-01-11T14:36:01Z,1482,19,0,PT1M12S,UCA95T5bSGxNOAODBdbR2rYQ,DieLinke,https://www.youtube.com/watch?v=YeLh37oqcqc
YsgzPobyDSY,DIE LINKE: Jan Korte zu Grund- und Freiheitsrechten,2009-01-11T14:26:25Z,660,12,0,PT1M18S,UCA95T5bSGxNOAODBdbR2rYQ,DieLinke,https://www.youtube.com/watch?v=YsgzPobyDSY
9dgGVAIOkQc,DIE LINKE: Katja Kipping zum Tag der Deutschen Einheit,2009-01-11T14:19:01Z,5082,57,4,PT1M10S,UCA95T5bSGxNOAODBdbR2rYQ,DieLinke,https://www.youtube.com/watch?v=9dgGVAIOkQc
QaeAFg7vxh4,DIE LINKE: Dietmar Bartsch zum Ausgang der Bayern-Wahl,2009-01-11T14:10:38Z,4936,33,0,PT1M9S,UCA95T5bSGxNOAODBdbR2rYQ,DieLinke,https://www.youtube.com/watch?v=QaeAFg7vxh4
jPPKAtUZI5k,Hilf mit!,2008-12-18T11:41:53Z,7210,127,13,PT1M47S,UCA95T5bSGxNOAODBdbR2rYQ,DieLinke,https://www.youtube.com/watch?v=jPPKAtUZI5k
I6E0DgD2r38,Peinlich Ahnungslos! Linke ENTLARVT Verstörend Unwissende AfD!,2026-03-12T17:00:26Z,519,140,46,PT3M17S,UC9YkSoqkMLb1nOYKAHov8zQ,Die Linke im Bundestag,https://www.youtube.com/watch?v=I6E0DgD2r38
IlptBt_YZd4,PROPAGANDA An Schulen! Linke vs. Bildungsministerin im Bundestag!,2026-03-12T14:00:36Z,573,163,39,PT3M,UC9YkSoqkMLb1nOYKAHov8zQ,Die Linke im Bundestag,https://www.youtube.com/watch?v=IlptBt_YZd4
JqnGG2G7FTk,KLARTEXT zur Tank-ABZOCKE: Dietmar BARTSCH bei Maischberger 🚨,2026-03-11T17:12:51Z,17145,1274,54,PT20S,UC9YkSoqkMLb1nOYKAHov8zQ,Die Linke im Bundestag,https://www.youtube.com/watch?v=JqnGG2G7FTk
Bp2nNT4gN0I,"Gleichberechtigung gibt es nicht! Heidi Reichinnek, Ines Schwerdtner und Kathi Gebel zum 8. März",2026-03-11T17:00:28Z,1674,432,116,PT3M5S,UC9YkSoqkMLb1nOYKAHov8zQ,Die Linke im Bundestag,https://www.youtube.com/watch?v=Bp2nNT4gN0I
Y-5u2GVEoZU,Er gibt dem Kanzler Nachhilfe in strategischem Denken,2026-03-11T14:00:51Z,859,171,33,PT2M56S,UC9YkSoqkMLb1nOYKAHov8zQ,Die Linke im Bundestag,https://www.youtube.com/watch?v=Y-5u2GVEoZU
NL5pjcehXms,SCHULSTREIK! 💥 Schüler*innen FORDERN: Bundeswehr RAUS aus den SCHULEN! ✊,2026-03-10T17:34:56Z,9776,1254,155,PT1M11S,UC9YkSoqkMLb1nOYKAHov8zQ,Die Linke im Bundestag,https://www.youtube.com/watch?v=NL5pjcehXms
2R-6iq3KLk0,Sie erklärt dem Bundestag Gleichberechtigung - doch sie wollen es nicht hören!,2026-03-10T17:00:10Z,8445,1321,345,PT3M38S,UC9YkSoqkMLb1nOYKAHov8zQ,Die Linke im Bundestag,https://www.youtube.com/watch?v=2R-6iq3KLk0
4oWNKOs5LiM,Bro hält Rede im Bundestag - Regierung checkt nur Bahnhof,2026-03-10T14:00:08Z,8436,746,199,PT3M5S,UC9YkSoqkMLb1nOYKAHov8zQ,Die Linke im Bundestag,https://www.youtube.com/watch?v=4oWNKOs5LiM
7U48Kci9bgs,SCHÜTZENGRABEN? Heidi REICHINNEK sagt: 𝙃𝙀𝙇𝙇 𝙉𝘼𝙃! 😮‍💨❌,2026-03-10T13:29:13Z,13761,1771,119,PT47S,UC9YkSoqkMLb1nOYKAHov8zQ,Die Linke im Bundestag,https://www.youtube.com/watch?v=7U48Kci9bgs
Ro2lxwk3W-E,"Alle AfD-Fans in den EPSTEIN-Akten! Linker DECKT AUF, was Ihre Wähler nicht wissen sollen!",2026-03-09T18:15:29Z,11606,1406,216,PT4M39S,UC9YkSoqkMLb1nOYKAHov8zQ,Die Linke im Bundestag,https://www.youtube.com/watch?v=Ro2lxwk3W-E
H8womcaPU2I,Leben als Frau vs. Leben als Mann! DARUM gibt es keine Gleichberechtigung!,2026-03-08T09:30:14Z,14821,1872,153,PT1M15S,UC9YkSoqkMLb1nOYKAHov8zQ,Die Linke im Bundestag,https://www.youtube.com/watch?v=H8womcaPU2I
1uOSt5sUJJY,Epstein-Klasse schlägt im Bundestag zu - AfD wird von Linkem rasiert,2026-03-07T14:00:02Z,9553,1292,86,PT1M8S,UC9YkSoqkMLb1nOYKAHov8zQ,Die Linke im Bundestag,https://www.youtube.com/watch?v=1uOSt5sUJJY
nvMw-TMMxsQ,Heidi Reichinnek ENTLARVT CDU-Bonzen! Merz arbeitet für Top 1 % des Landes!,2026-03-06T18:00:57Z,22182,2211,423,PT4M16S,UC9YkSoqkMLb1nOYKAHov8zQ,Die Linke im Bundestag,https://www.youtube.com/watch?v=nvMw-TMMxsQ
15HstgrTkWU,Holen wir uns den Reichtum zurück!,2026-03-06T16:08:29Z,18334,2384,186,PT1M46S,UC9YkSoqkMLb1nOYKAHov8zQ,Die Linke im Bundestag,https://www.youtube.com/watch?v=15HstgrTkWU
WFmK_h9keV4,Hysterische CDU ohne Argumente HETZT im Namen der Überreichen gegen Linken!,2026-03-06T15:30:23Z,15142,1354,249,PT5M44S,UC9YkSoqkMLb1nOYKAHov8zQ,Die Linke im Bundestag,https://www.youtube.com/watch?v=WFmK_h9keV4
13H4TaQ66CU,Unfassbare Aussagen zum Bürgergeld🤡,2026-03-06T12:51:31Z,81762,3445,383,PT39S,UC9YkSoqkMLb1nOYKAHov8zQ,Die Linke im Bundestag,https://www.youtube.com/watch?v=13H4TaQ66CU
zCUOwmRkGVM,"Faktenfreie Hetze einer Regierung, die ihre Bürger nicht mag - Geburt der neuen Grundsicherung",2026-03-05T19:21:24Z,8106,1150,63,PT56S,UC9YkSoqkMLb1nOYKAHov8zQ,Die Linke im Bundestag,https://www.youtube.com/watch?v=zCUOwmRkGVM
_mCdXCGdMcE,Was die Abschaffung des Bürgergelds WIRKLICH Bedeutet! Linker REISST Den Vorhang RUNTER!,2026-03-05T19:00:40Z,3279,470,126,PT3M11S,UC9YkSoqkMLb1nOYKAHov8zQ,Die Linke im Bundestag,https://www.youtube.com/watch?v=_mCdXCGdMcE
1_lWBVvcygk,Sozialarbeiterin RASIERT Merz Komplett! Linke Cansin Köktürk Räumt Mit LÜGEN Zum Bürgergeld Auf!,2026-03-05T17:00:05Z,14369,1606,242,PT3M25S,UC9YkSoqkMLb1nOYKAHov8zQ,Die Linke im Bundestag,https://www.youtube.com/watch?v=1_lWBVvcygk
N4UiZzmAVGQ,"Linke muss Bildungsministerin erklären, wie man Demokratie vor der AfD schützt",2026-03-05T16:12:06Z,1654,292,48,PT3M27S,UC9YkSoqkMLb1nOYKAHov8zQ,Die Linke im Bundestag,https://www.youtube.com/watch?v=N4UiZzmAVGQ
VYmPfFIB9sI,Schulstreik gegen Wehrpflicht im Bundestag!✊,2026-03-05T09:04:55Z,4620,710,145,PT43S,UC9YkSoqkMLb1nOYKAHov8zQ,Die Linke im Bundestag,https://www.youtube.com/watch?v=VYmPfFIB9sI
bJ7v7RDHdY0,Ines Schwerdtner DEMONTIERT Merz komplett! Die BESTE REDE im Bundestag zu Iran!,2026-03-04T19:48:52Z,19803,1932,337,PT4M52S,UC9YkSoqkMLb1nOYKAHov8zQ,Die Linke im Bundestag,https://www.youtube.com/watch?v=bJ7v7RDHdY0
GyeviMEaxF8,Schüler Spricht Klartext Im Bundestag!,2026-03-04T01:04:49Z,3832,435,151,PT15M52S,UC9YkSoqkMLb1nOYKAHov8zQ,Die Linke im Bundestag,https://www.youtube.com/watch?v=GyeviMEaxF8
kVBHYoHIQxA,NEIN zur WEHRPFLICHT: Wir unterstützen den SCHULSTREIK! ✊,2026-03-03T17:26:36Z,5020,704,71,PT1M7S,UC9YkSoqkMLb1nOYKAHov8zQ,Die Linke im Bundestag,https://www.youtube.com/watch?v=kVBHYoHIQxA
10OpetNrwFw,Finanz-Casino exposed von linker Abgeordneten! Bürger sollen Unternehmer-Risiken tragen!,2026-03-03T17:08:15Z,2502,315,69,PT3M24S,UC9YkSoqkMLb1nOYKAHov8zQ,Die Linke im Bundestag,https://www.youtube.com/watch?v=10OpetNrwFw
FStbt0j7-9Q,"Drei Städte, dreimal EXPLODIERENDE Mieten: Jetzt checken mit unserer MIETWUCHER-App 💥🏙️",2026-03-03T13:51:41Z,4490,250,38,PT44S,UC9YkSoqkMLb1nOYKAHov8zQ,Die Linke im Bundestag,https://www.youtube.com/watch?v=FStbt0j7-9Q
JofAaK6obVo,Überlebende sexueller Gewalt spricht im Bundestag zur Epstein-Affäre!,2026-03-02T17:00:26Z,57131,3603,722,PT5M44S,UC9YkSoqkMLb1nOYKAHov8zQ,Die Linke im Bundestag,https://www.youtube.com/watch?v=JofAaK6obVo
CV8bo9lwcoQ,Auf frischer Tat ERTAPPT! Linker Mischt Bundestag Auf!,2026-03-01T14:00:26Z,6418,633,103,PT3M7S,UC9YkSoqkMLb1nOYKAHov8zQ,Die Linke im Bundestag,https://www.youtube.com/watch?v=CV8bo9lwcoQ
oURqtT6xjoE,Innenministier Blamiert Sich! Live-Faktencheck von Linke-Abgeordnetem tut weh!,2026-02-28T17:01:17Z,3414,421,57,PT3M17S,UC9YkSoqkMLb1nOYKAHov8zQ,Die Linke im Bundestag,https://www.youtube.com/watch?v=oURqtT6xjoE
gx3pwkwlkMU,AfD-Manöver fliegt auf! Das sollst du nicht wissen!,2026-02-28T14:01:07Z,13311,1255,286,PT4M53S,UC9YkSoqkMLb1nOYKAHov8zQ,Die Linke im Bundestag,https://www.youtube.com/watch?v=gx3pwkwlkMU
xmLAzXR1Hgo,Einmal komplett durchschaut - Sie erklärt dem Bundestag das neue Heizungsgesetz,2026-02-27T17:01:40Z,6263,501,102,PT3M21S,UC9YkSoqkMLb1nOYKAHov8zQ,Die Linke im Bundestag,https://www.youtube.com/watch?v=xmLAzXR1Hgo
QM8aRtgjpEo,Die Maske FÄLLT! Linke ENTLARVT Falsche Solidarität von Deutschland!,2026-02-27T14:00:50Z,803,176,35,PT2M,UC9YkSoqkMLb1nOYKAHov8zQ,Die Linke im Bundestag,https://www.youtube.com/watch?v=QM8aRtgjpEo
-i1AoXHmZkY,NEIN zu GEAS! ❌ Schutz für Geflüchtete statt Abschreckung!,2026-02-27T10:21:42Z,6841,809,77,PT50S,UC9YkSoqkMLb1nOYKAHov8zQ,Die Linke im Bundestag,https://www.youtube.com/watch?v=-i1AoXHmZkY
BG5naMlnYvE,Lehrstunde im Bundestag - das wollten sie nicht hören,2026-02-26T17:00:30Z,2133,396,76,PT3M21S,UC9YkSoqkMLb1nOYKAHov8zQ,Die Linke im Bundestag,https://www.youtube.com/watch?v=BG5naMlnYvE
4N2LsnC0le4,Sie checkt es - AfD regiert längst mit!,2026-02-26T14:00:09Z,10266,1029,235,PT3M30S,UC9YkSoqkMLb1nOYKAHov8zQ,Die Linke im Bundestag,https://www.youtube.com/watch?v=4N2LsnC0le4
IiAXVKwat_4,"Bürger sollen Zeche zahlen! Kälte, Kita, Krieg - Die Lage Der Woche",2026-02-26T12:00:34Z,6172,769,127,PT10M23S,UC9YkSoqkMLb1nOYKAHov8zQ,Die Linke im Bundestag,https://www.youtube.com/watch?v=IiAXVKwat_4
HwHC2KoyTzs,Kritik einfach weggeklagt! SLAPP: die Einschüchterungsindustrie der Reichsten,2026-02-25T18:06:13Z,40620,3679,185,PT1M12S,UC9YkSoqkMLb1nOYKAHov8zQ,Die Linke im Bundestag,https://www.youtube.com/watch?v=HwHC2KoyTzs
5dcG5u-O39I,Korruption: AfD vs. Die Linke im Bundestag,2026-02-24T18:15:38Z,25495,1838,154,PT50S,UC9YkSoqkMLb1nOYKAHov8zQ,Die Linke im Bundestag,https://www.youtube.com/watch?v=5dcG5u-O39I
6U0bV0aSogU,Merz Blamiert Sich! Linke Mit WAHRHEIT Im Bundestag!,2026-02-24T14:00:10Z,1927,286,39,PT3M1S,UC9YkSoqkMLb1nOYKAHov8zQ,Die Linke im Bundestag,https://www.youtube.com/watch?v=6U0bV0aSogU
DB-aQa1HJuo,Er erklärt der CDU mal kurz was Konservativ bedeutet,2026-02-20T16:00:27Z,2697,410,69,PT2M9S,UC9YkSoqkMLb1nOYKAHov8zQ,Die Linke im Bundestag,https://www.youtube.com/watch?v=DB-aQa1HJuo
qh6SmYmDfDM,"🙅 Noch ne Runde Merz? Nein, danke!",2026-02-20T13:54:39Z,12590,708,89,PT12S,UC9YkSoqkMLb1nOYKAHov8zQ,Die Linke im Bundestag,https://www.youtube.com/watch?v=qh6SmYmDfDM
cci-3-sg4WU,24 jähriger spittet Facts - Bundestag eskaliert,2026-02-19T16:01:01Z,20440,1561,442,PT4M16S,UC9YkSoqkMLb1nOYKAHov8zQ,Die Linke im Bundestag,https://www.youtube.com/watch?v=cci-3-sg4WU
aXxOFQIbWB0,ERINNERN heißt VERÄNDERN: HANAU war kein Einzelfall!,2026-02-19T08:07:30Z,6782,991,44,PT1M24S,UC9YkSoqkMLb1nOYKAHov8zQ,Die Linke im Bundestag,https://www.youtube.com/watch?v=aXxOFQIbWB0
cvzAt15iJSA,Lehrstunde für AfD und ihre reichen Freunde,2026-02-18T16:01:00Z,6706,628,165,PT3M9S,UC9YkSoqkMLb1nOYKAHov8zQ,Die Linke im Bundestag,https://www.youtube.com/watch?v=cvzAt15iJSA
TgeLEGGbl0w,Die 100.000.000.000 Euro Rede,2026-02-17T16:00:45Z,5667,712,112,PT3M20S,UC9YkSoqkMLb1nOYKAHov8zQ,Die Linke im Bundestag,https://www.youtube.com/watch?v=TgeLEGGbl0w
OoOibiyLAQk,Jüngste Abgeordnete im Bundestag lässt CDU alt aussehen,2026-02-16T16:00:41Z,5571,738,131,PT3M15S,UC9YkSoqkMLb1nOYKAHov8zQ,Die Linke im Bundestag,https://www.youtube.com/watch?v=OoOibiyLAQk
yrfMJ93fcSs,Sie erklärt der Regierung mal kurz was Klimaschutz bedeutet,2026-02-15T16:01:24Z,3255,409,76,PT2M25S,UC9YkSoqkMLb1nOYKAHov8zQ,Die Linke im Bundestag,https://www.youtube.com/watch?v=yrfMJ93fcSs
De_jdNWJDOw,Bro hält Rede im Bundestag und Leute checken einfach,2026-02-14T16:00:19Z,30836,3385,471,PT2M59S,UC9YkSoqkMLb1nOYKAHov8zQ,Die Linke im Bundestag,https://www.youtube.com/watch?v=De_jdNWJDOw
VrEnAgHBSOc,POV: Du hast die Idee des Jahrhunderts 😬,2026-02-12T16:42:21Z,32445,2167,246,PT42S,UC9YkSoqkMLb1nOYKAHov8zQ,Die Linke im Bundestag,https://www.youtube.com/watch?v=VrEnAgHBSOc
FifsJZYLj8g,Wie man die AfD auseinander nimmt in 124 Sekunden,2026-02-12T16:00:31Z,7959,703,131,PT2M4S,UC9YkSoqkMLb1nOYKAHov8zQ,Die Linke im Bundestag,https://www.youtube.com/watch?v=FifsJZYLj8g
iOQdWQSE3Kc,🔥 Heidi Reichinnek vs. Philipp Amthor,2026-02-12T10:23:24Z,151546,6231,585,PT50S,UC9YkSoqkMLb1nOYKAHov8zQ,Die Linke im Bundestag,https://www.youtube.com/watch?v=iOQdWQSE3Kc
o3S0aD6Li3k,6 Milliarden bei VW aufgetaucht?!,2026-02-11T17:45:21Z,20631,966,77,PT14S,UC9YkSoqkMLb1nOYKAHov8zQ,Die Linke im Bundestag,https://www.youtube.com/watch?v=o3S0aD6Li3k
1Ym8u_u91xg,Was wählst DU? 🫵 Das bringt die VERMÖGENSTEUER! 💰,2026-02-11T10:39:52Z,47403,4792,614,PT1M14S,UC9YkSoqkMLb1nOYKAHov8zQ,Die Linke im Bundestag,https://www.youtube.com/watch?v=1Ym8u_u91xg
PFroaVhrfYA,Katze erklärt Vermögensteuer,2026-02-09T16:00:38Z,31114,2672,235,PT49S,UC9YkSoqkMLb1nOYKAHov8zQ,Die Linke im Bundestag,https://www.youtube.com/watch?v=PFroaVhrfYA
HGDjjWz8lpQ,"Merz hat KEINE AHNUNG 🤦 Friedrich Merz, Alice Weidel und Dieter Bohlen im Vermögensteuer-Faktencheck",2026-02-06T16:00:24Z,152909,9469,766,PT2M2S,UC9YkSoqkMLb1nOYKAHov8zQ,Die Linke im Bundestag,https://www.youtube.com/watch?v=HGDjjWz8lpQ
0nf8E1J5RjY,Bundestag beschließt: Deutsche Filme sollen noch schlechter werden,2026-02-04T15:45:37Z,2997,361,61,PT3M11S,UC9YkSoqkMLb1nOYKAHov8zQ,Die Linke im Bundestag,https://www.youtube.com/watch?v=0nf8E1J5RjY
w2sPZfkXi0s,Sie erklärt dem Bundestag mal kurz das Internet,2026-02-04T15:45:12Z,83719,7874,923,PT5M43S,UC9YkSoqkMLb1nOYKAHov8zQ,Die Linke im Bundestag,https://www.youtube.com/watch?v=w2sPZfkXi0s
v3oE1gMYHMw,Wir wurden ABGEMAHNT!,2026-02-03T12:11:54Z,29262,3193,237,PT1M47S,UC9YkSoqkMLb1nOYKAHov8zQ,Die Linke im Bundestag,https://www.youtube.com/watch?v=v3oE1gMYHMw
K5TZDg33iOg,Keine ZUKUNFT?! Deutsche Verkehrspolitik Setzt ARBEITER*INNEN Auf Die Straße! ❄️🚘,2026-02-02T08:07:39Z,11788,1065,75,PT1M17S,UC9YkSoqkMLb1nOYKAHov8zQ,Die Linke im Bundestag,https://www.youtube.com/watch?v=K5TZDg33iOg
kQMX2wYuNJ4,Sie erklärt dem Kanzler mal kurz seinen Job,2026-02-01T14:01:11Z,42690,4175,726,PT5M18S,UC9YkSoqkMLb1nOYKAHov8zQ,Die Linke im Bundestag,https://www.youtube.com/watch?v=kQMX2wYuNJ4
bWpv4RLswjw,Sie plündern den Staat!  Ines Schwerdtner Bekämpft Das KORRPUTE SYSTEM!,2026-02-01T13:19:07Z,66907,4601,234,PT54S,UC9YkSoqkMLb1nOYKAHov8zQ,Die Linke im Bundestag,https://www.youtube.com/watch?v=bWpv4RLswjw
wtXSwHYszIs,Agnes Conrad KNÖPFT Sich Weidel VOR! Rechtsextreme Verachtung von Arbeitern AUFGEDECKT!,2026-01-31T17:01:33Z,6292,792,237,PT3M5S,UC9YkSoqkMLb1nOYKAHov8zQ,Die Linke im Bundestag,https://www.youtube.com/watch?v=wtXSwHYszIs
bXBVCWmIuZw,Kompletter TOTALAUSFALL! Janine Wissler FERTIGT Inkompetente Lobbyministerin AB!,2026-01-30T17:00:58Z,47388,3969,606,PT4M12S,UC9YkSoqkMLb1nOYKAHov8zQ,Die Linke im Bundestag,https://www.youtube.com/watch?v=bXBVCWmIuZw
iBF2U14nun4,Arbeiter Sollen RAUSGEWORFEN WERDEN! Linker Luigi Pantisano Will Sie RETTEN!,2026-01-30T14:00:18Z,5505,627,121,PT5M52S,UC9YkSoqkMLb1nOYKAHov8zQ,Die Linke im Bundestag,https://www.youtube.com/watch?v=iBF2U14nun4
BxODfRzHYOA,Gregor Gysi vs. Philipp Amthor,2026-01-30T13:54:14Z,538063,9338,468,PT54S,UC9YkSoqkMLb1nOYKAHov8zQ,Die Linke im Bundestag,https://www.youtube.com/watch?v=BxODfRzHYOA
0fjHFRoM8XQ,Lieferando-Fahrer im Bundestag,2026-01-29T18:30:03Z,6048,683,98,PT3M20S,UC9YkSoqkMLb1nOYKAHov8zQ,Die Linke im Bundestag,https://www.youtube.com/watch?v=0fjHFRoM8XQ
H_BZCFdZZj8,Wie konnten sie das 80 Jahre lang ignorieren?,2026-01-29T17:00:28Z,1872,311,31,PT2M48S,UC9YkSoqkMLb1nOYKAHov8zQ,Die Linke im Bundestag,https://www.youtube.com/watch?v=H_BZCFdZZj8
2alKrspYRZU,Wie können sie das ignorieren?!,2026-01-29T16:50:08Z,13443,1137,83,PT1M16S,UC9YkSoqkMLb1nOYKAHov8zQ,Die Linke im Bundestag,https://www.youtube.com/watch?v=2alKrspYRZU
gHMpCIn5yGA,Merz BESCHIMPFT Bürger! Ines Schwerdtner PLATZT Der KRAGEN!,2026-01-29T14:01:11Z,163201,12121,2049,PT5M,UC9YkSoqkMLb1nOYKAHov8zQ,Die Linke im Bundestag,https://www.youtube.com/watch?v=gHMpCIn5yGA
Fdy09eOsPrM,🕯️ Die VERGESSENEN Opfer des Nationalsozialismus! Maik Brückner deckt auf,2026-01-29T12:04:21Z,4679,475,39,PT43S,UC9YkSoqkMLb1nOYKAHov8zQ,Die Linke im Bundestag,https://www.youtube.com/watch?v=Fdy09eOsPrM
4cwL9bVLkiU,Trump In Grönland STOPPEN 🍊🫷 Pellmann Lässt Sich Nicht TÄUSCHEN!,2026-01-29T10:33:05Z,12447,781,45,PT31S,UC9YkSoqkMLb1nOYKAHov8zQ,Die Linke im Bundestag,https://www.youtube.com/watch?v=4cwL9bVLkiU
pZOrTaRqlvc,Ines Schwerdtner schickt Friedrich Merz in Teilzeit,2026-01-28T19:30:44Z,74133,5164,306,PT1M16S,UC9YkSoqkMLb1nOYKAHov8zQ,Die Linke im Bundestag,https://www.youtube.com/watch?v=pZOrTaRqlvc
GcqyFdJ6lmg,"Rede, Schwester🗣️🗣️🗣️",2026-01-28T18:31:43Z,25192,2907,366,PT2M53S,UC9YkSoqkMLb1nOYKAHov8zQ,Die Linke im Bundestag,https://www.youtube.com/watch?v=GcqyFdJ6lmg
9xrAPkpyc8A,Terrorist = Partner! Linke ENTLARVT Grotesque Doppelmoral vom Deutschen Außenminister!,2026-01-28T17:44:59Z,4518,378,48,PT1M9S,UC9YkSoqkMLb1nOYKAHov8zQ,Die Linke im Bundestag,https://www.youtube.com/watch?v=9xrAPkpyc8A
pF5rs0z_suc,Abgeordneter mit Intelligenz redet im Bundestag,2026-01-28T14:01:18Z,6667,762,114,PT3M10S,UC9YkSoqkMLb1nOYKAHov8zQ,Die Linke im Bundestag,https://www.youtube.com/watch?v=pF5rs0z_suc
uBbdADQUWdI,Merz BLAMIERT SICH Erneut! Heidi Reichinnek Mit KLARER ANSAGE!,2026-01-28T01:52:27Z,16088,1614,346,PT22M24S,UC9YkSoqkMLb1nOYKAHov8zQ,Die Linke im Bundestag,https://www.youtube.com/watch?v=uBbdADQUWdI
qvAK0HPi0Ic,"Koalition will Sozialstaat ""reformieren"" 🤡",2026-01-27T17:58:39Z,12788,2345,174,PT1M39S,UC9YkSoqkMLb1nOYKAHov8zQ,Die Linke im Bundestag,https://www.youtube.com/watch?v=qvAK0HPi0Ic
15TvEUDx9iQ,Nächster ANGRIFF auf ARBEITER? Heidi Reichinnek zum Teilzeit-Vorstoß der CDU,2026-01-26T15:40:15Z,208993,6237,1026,PT54S,UC9YkSoqkMLb1nOYKAHov8zQ,Die Linke im Bundestag,https://www.youtube.com/watch?v=15TvEUDx9iQ
uVFwF1gxsuk,SO Funktioniert Das Trump-IMPERIUM! ,2026-01-23T18:25:38Z,1934,385,74,PT3M21S,UC9YkSoqkMLb1nOYKAHov8zQ,Die Linke im Bundestag,https://www.youtube.com/watch?v=uVFwF1gxsuk
paV0eiJMtv8,Linke Janine Wissler RASIERT Friedrich Merz! Wirtschaftsnachhilfe für den Kanzler!,2026-01-23T17:36:21Z,20450,2099,200,PT1M33S,UC9YkSoqkMLb1nOYKAHov8zQ,Die Linke im Bundestag,https://www.youtube.com/watch?v=paV0eiJMtv8
Y815JYKcTRA,AfD TOBT! Linker Ferat Kocak Mit UNGESCHÖNTER WAHRHEIT!,2026-01-22T18:00:44Z,4913,689,136,PT2M17S,UC9YkSoqkMLb1nOYKAHov8zQ,Die Linke im Bundestag,https://www.youtube.com/watch?v=Y815JYKcTRA
tT5BolbyRqI,"Kluge Fragen, dumme Antworten im Bundestag",2026-01-22T14:01:21Z,2132,301,78,PT7M10S,UC9YkSoqkMLb1nOYKAHov8zQ,Die Linke im Bundestag,https://www.youtube.com/watch?v=tT5BolbyRqI
3oPlCWfem6E,DEPRESSION = SANKTION? Merz Lässt Psychisch Kranke IM STICH! 😖,2026-01-21T15:55:23Z,30863,3921,388,PT1M19S,UC9YkSoqkMLb1nOYKAHov8zQ,Die Linke im Bundestag,https://www.youtube.com/watch?v=3oPlCWfem6E
RsM1JSgljP4,🤬 MERZ will euch AUSBEUTEN! Cem Ince zum Angriff auf das Arbeitszeitgesetz,2026-01-20T15:16:23Z,12347,1112,96,PT33S,UC9YkSoqkMLb1nOYKAHov8zQ,Die Linke im Bundestag,https://www.youtube.com/watch?v=RsM1JSgljP4
UXw-jo0hD4E,Aus Deutschland Ins VERDERBEN! Täglich Ein Neues Tief Der SCHEINHEILIGKEIT!,2026-01-19T16:00:45Z,8134,1151,71,PT1M5S,UC9YkSoqkMLb1nOYKAHov8zQ,Die Linke im Bundestag,https://www.youtube.com/watch?v=UXw-jo0hD4E
nfb3kRs4Mek,"🔴 Tricksen, Abzocken, Erpressen - VÖLLIG LEGAL 🤑💸 Das Sollen Mieter NICHT WISSEN!",2026-01-19T12:49:55Z,10911,1431,97,PT1M4S,UC9YkSoqkMLb1nOYKAHov8zQ,Die Linke im Bundestag,https://www.youtube.com/watch?v=nfb3kRs4Mek
kLkYfTat9ww,REVOLUTION Im Iran? Aktivisten PACKEN AUS!,2026-01-19T08:27:58Z,1874,302,30,PT1M38S,UC9YkSoqkMLb1nOYKAHov8zQ,Die Linke im Bundestag,https://www.youtube.com/watch?v=kLkYfTat9ww
_nsAICrzoT8,Kein Land FÜR BÜRGER! Linker Marcel Bauer DECKT Den Wahnsinn AUF!,2026-01-18T17:01:04Z,3248,468,87,PT3M6S,UC9YkSoqkMLb1nOYKAHov8zQ,Die Linke im Bundestag,https://www.youtube.com/watch?v=_nsAICrzoT8
q3XS3P-0D7U,Merz Ist TEIL DES PROBLEMS! Linke Desiree Becker REISST Die Maske RUNTER!,2026-01-16T17:01:33Z,2876,440,100,PT5M12S,UC9YkSoqkMLb1nOYKAHov8zQ,Die Linke im Bundestag,https://www.youtube.com/watch?v=q3XS3P-0D7U
f05HEkJ-qLA,Deutschland Moralisch AM ENDE! Linke Cansu Özdemir ENTLARVT Bodenlose HEUCHELEI! #iran,2026-01-16T14:01:11Z,5962,553,128,PT3M17S,UC9YkSoqkMLb1nOYKAHov8zQ,Die Linke im Bundestag,https://www.youtube.com/watch?v=f05HEkJ-qLA
CC3Oe2CypeA,FAKTENFREIE HETZKAMPAGNE der Union! Heidi Reichinnek spricht Klartext zur Grundsicherung,2026-01-16T09:20:34Z,66401,4145,231,PT48S,UC9YkSoqkMLb1nOYKAHov8zQ,Die Linke im Bundestag,https://www.youtube.com/watch?v=CC3Oe2CypeA
SmIsNQjSHks,Kündigung An WEIHNACHTEN! Linke Caren Lay ENTLARVT Superdreiste Praktiken!,2026-01-15T18:00:37Z,2327,348,58,PT3M18S,UC9YkSoqkMLb1nOYKAHov8zQ,Die Linke im Bundestag,https://www.youtube.com/watch?v=SmIsNQjSHks
apbgGCEGYHQ,Das ist ein ANGRIFF auf uns ALLE! Heidi Reichinnek und Cansin Köktürk rechnen mit Merz' ab!,2026-01-15T17:07:27Z,13730,1697,105,PT1M7S,UC9YkSoqkMLb1nOYKAHov8zQ,Die Linke im Bundestag,https://www.youtube.com/watch?v=apbgGCEGYHQ
rYMXxrwknCw,UNFASSBARE Hetze! Heidi Reichinnek ENTHÜLLT Wie Merz BÜRGER Manipuliert!,2026-01-15T15:05:39Z,40661,3298,637,PT4M4S,UC9YkSoqkMLb1nOYKAHov8zQ,Die Linke im Bundestag,https://www.youtube.com/watch?v=rYMXxrwknCw
o0cgFUvmypM,Wolf Im Schafspelz! Linker DURCHSCHAUT Den Schwarzen Metzger!,2026-01-15T11:01:25Z,959,209,42,PT2M35S,UC9YkSoqkMLb1nOYKAHov8zQ,Die Linke im Bundestag,https://www.youtube.com/watch?v=o0cgFUvmypM
FBNIesGm228,Heidi Reichinnek Schmiert Brote Für Milliardäre!,2026-01-14T06:30:09Z,23846,2388,269,PT50S,UC9YkSoqkMLb1nOYKAHov8zQ,Die Linke im Bundestag,https://www.youtube.com/watch?v=FBNIesGm228
yFEd0Om-Jww,🔴 Die Alten Ordnungen Sterben! Nicht Nur Im Iran!,2026-01-13T18:06:28Z,6515,815,47,PT53S,UC9YkSoqkMLb1nOYKAHov8zQ,Die Linke im Bundestag,https://www.youtube.com/watch?v=yFEd0Om-Jww
Q9RcAW6N6SM,Merz Weiter AM ABDRIFTEN! Heidi Reichinnek & Sören Pellmann Finden HARTE WORTE!,2026-01-13T15:59:08Z,4156,476,206,PT15M43S,UC9YkSoqkMLb1nOYKAHov8zQ,Die Linke im Bundestag,https://www.youtube.com/watch?v=Q9RcAW6N6SM
lLkNvdT0vuM,Pressekonferenz DIE LINKE im Bundestag | 13:45 Uhr am 13. Januar 2026,2026-01-13T13:18:38Z,3979,382,76,PT16M4S,UC9YkSoqkMLb1nOYKAHov8zQ,Die Linke im Bundestag,https://www.youtube.com/watch?v=lLkNvdT0vuM
9q81vnSDgbQ,Mit Dorothee Bär Zum MOND! Linke Anne-Mieke Bremer PLATZT Der Kragen!,2026-01-12T14:22:04Z,3344,505,146,PT3M34S,UC9YkSoqkMLb1nOYKAHov8zQ,Die Linke im Bundestag,https://www.youtube.com/watch?v=9q81vnSDgbQ
7yhpOc7WIVk,SCHONUNGLOS Abgerechnet! Linke Abgeordnete ENTLARVT Den HEUCHLER Friedrich Merz!,2026-01-11T17:00:12Z,3060,544,88,PT4M,UC9YkSoqkMLb1nOYKAHov8zQ,Die Linke im Bundestag,https://www.youtube.com/watch?v=7yhpOc7WIVk
Z531y8IyA6c,Deutschland Hat Glaubwürdigkeit VERSPIELT! Linker ENTHÜLLT Folgen Von Zusammenarbeit Mit Taliban!,2026-01-10T17:00:59Z,1437,274,51,PT3M16S,UC9YkSoqkMLb1nOYKAHov8zQ,Die Linke im Bundestag,https://www.youtube.com/watch?v=Z531y8IyA6c
h0J4jSjiEqQ,💪 Mit POWER Ins Jahr 2026! Offensiv Organisieren Wir Widerstand & Hoffnung!,2026-01-09T16:53:36Z,9863,1616,106,PT1M23S,UC9YkSoqkMLb1nOYKAHov8zQ,Die Linke im Bundestag,https://www.youtube.com/watch?v=h0J4jSjiEqQ
8h3QCfOpBx8,"Pressekonferenz zum Jahresauftakt | Heidi Reichinnek, Jan van Aken, Sören Pellmann",2026-01-09T14:44:57Z,7330,887,234,PT23M13S,UC9YkSoqkMLb1nOYKAHov8zQ,Die Linke im Bundestag,https://www.youtube.com/watch?v=8h3QCfOpBx8
_WuThfk625Q,🔴Abgeordneter Legt Finanzen KOMPLETT OFFEN! Ates Gürpinar Von Die Linke Spricht Über Seine Diät 💶,2026-01-09T08:19:45Z,25466,3699,276,PT2M55S,UC9YkSoqkMLb1nOYKAHov8zQ,Die Linke im Bundestag,https://www.youtube.com/watch?v=_WuThfk625Q
wEcQMEexBkc,RIESIGER Schaden Angerichtet! Linker Sascha Wagner Spricht KLARTEXT Zu Friedrich Merz!,2026-01-08T17:01:39Z,1941,319,61,PT3M36S,UC9YkSoqkMLb1nOYKAHov8zQ,Die Linke im Bundestag,https://www.youtube.com/watch?v=wEcQMEexBkc
IW3w3TTwFK0,KEINE CHANCE Gegen Aura Von Dietmar Bartsch! Zwischenfrage Geht NACH HINTEN LOS!,2026-01-07T17:00:25Z,4449,516,108,PT6M43S,UC9YkSoqkMLb1nOYKAHov8zQ,Die Linke im Bundestag,https://www.youtube.com/watch?v=IW3w3TTwFK0
cPaR5q2v1dQ,Wadephul Macht FASSUNGSLOS! Linke Katrin Fey ENTLARVT Kompletten IRRSINN!,2026-01-06T15:00:27Z,1529,252,42,PT2M20S,UC9YkSoqkMLb1nOYKAHov8zQ,Die Linke im Bundestag,https://www.youtube.com/watch?v=cPaR5q2v1dQ
Y8ML5VkZlTs,AfD RASTET AUS! Luke Hoss ENTHÜLLT Was Sie VERBERGEN WOLLEN!,2026-01-05T14:00:57Z,11993,998,154,PT2M32S,UC9YkSoqkMLb1nOYKAHov8zQ,Die Linke im Bundestag,https://www.youtube.com/watch?v=Y8ML5VkZlTs
0xKwEJ7KVTQ,INKOMPETENTE Merz-Truppe! Linke Mareike Hermeier SPRICHT KLARTEXT!,2026-01-04T14:00:02Z,2432,291,86,PT2M26S,UC9YkSoqkMLb1nOYKAHov8zQ,Die Linke im Bundestag,https://www.youtube.com/watch?v=0xKwEJ7KVTQ
q0HLWlbP2oI,Zurück Zum FAXGERÄT! Linker Sascha Wagner FASSUNGSLOS Über GroKo-Ignoranz!,2026-01-03T14:01:30Z,3529,412,66,PT4M11S,UC9YkSoqkMLb1nOYKAHov8zQ,Die Linke im Bundestag,https://www.youtube.com/watch?v=q0HLWlbP2oI
T6JhAKoEWqs,Millionärs-Minister MACHEN UNS ARM! Linke Sonja Lemke SPRICHT KLARTEXT!,2026-01-02T14:00:06Z,3265,442,58,PT3M34S,UC9YkSoqkMLb1nOYKAHov8zQ,Die Linke im Bundestag,https://www.youtube.com/watch?v=T6JhAKoEWqs
nLZ6dmfS-wo,🥶FRIERST Du Schon Oder HEIZT Du Noch?,2026-01-02T09:57:18Z,8391,1029,101,PT47S,UC9YkSoqkMLb1nOYKAHov8zQ,Die Linke im Bundestag,https://www.youtube.com/watch?v=nLZ6dmfS-wo
VN-inEPPCvY,Bald FUNKTIONIERT NICHTS Mehr! Linke Sahra Mirow BELEGT Gravierende Folgen Von Merz-Ideologie!,2025-12-31T14:01:01Z,4127,527,94,PT8M1S,UC9YkSoqkMLb1nOYKAHov8zQ,Die Linke im Bundestag,https://www.youtube.com/watch?v=VN-inEPPCvY
ZSDUiXnVmOc,Städte IM WÜRGEGRIFF! sPD-IRRSINN Von Linkem Christian Görke AUFGEDECKT!,2025-12-30T14:00:55Z,1716,281,48,PT3M5S,UC9YkSoqkMLb1nOYKAHov8zQ,Die Linke im Bundestag,https://www.youtube.com/watch?v=ZSDUiXnVmOc
Nyr2Ky84Q30,Auf Ein GERECHTES Neues Jahr: Die Linke Im Bundestag KÄMPFT Weiter! ✊,2025-12-30T11:13:01Z,14446,1916,132,PT1M1S,UC9YkSoqkMLb1nOYKAHov8zQ,Die Linke im Bundestag,https://www.youtube.com/watch?v=Nyr2Ky84Q30
MOKqpQ44rYA,UNFASSBARE Verdrehung! Linker David Schliesing NIMMT CDU-Fraktion AUSEINANDER!,2025-12-29T14:00:30Z,3577,396,69,PT2M6S,UC9YkSoqkMLb1nOYKAHov8zQ,Die Linke im Bundestag,https://www.youtube.com/watch?v=MOKqpQ44rYA
vzcZmVj9TPA,Sie Wollen Es VERBERGEN! Linke Isabelle Vandre DECKT Wahre AfD-Interessen AUF!,2025-12-28T14:01:37Z,2376,340,77,PT2M10S,UC9YkSoqkMLb1nOYKAHov8zQ,Die Linke im Bundestag,https://www.youtube.com/watch?v=vzcZmVj9TPA
VYC3Z4-VRhQ,Völliger Irrsinns-Vorschlag! Linker Vinzenz Glaser BLAMIERT Die AfD!,2025-12-27T14:01:00Z,6084,579,118,PT2M14S,UC9YkSoqkMLb1nOYKAHov8zQ,Die Linke im Bundestag,https://www.youtube.com/watch?v=VYC3Z4-VRhQ
LtmRJNtXDFk,Best Of Die Linke im Bundestag 2025,2025-12-27T12:35:59Z,10877,1164,156,PT1M20S,UC9YkSoqkMLb1nOYKAHov8zQ,Die Linke im Bundestag,https://www.youtube.com/watch?v=LtmRJNtXDFk
XnhWptOoBLQ,"UNTERLASSENE Hilfeleistung! Mareike Hermeier ENTLARVT Fahrlässigkeit Von CDU, sPD!",2025-12-23T14:00:56Z,1963,264,37,PT1M51S,UC9YkSoqkMLb1nOYKAHov8zQ,Die Linke im Bundestag,https://www.youtube.com/watch?v=XnhWptOoBLQ
OFj5bB_57LM,Weihnachten Mit LINKS! Gregor Gysi Wünscht Ein Stabiles Fest! ❤️💫✊,2025-12-23T08:59:20Z,24519,2776,200,PT50S,UC9YkSoqkMLb1nOYKAHov8zQ,Die Linke im Bundestag,https://www.youtube.com/watch?v=OFj5bB_57LM
kFdG39Y1bVY,NULL Ahnung Vom Leben Der Bürger! Merz GENERVT Von Linken In FRAGERUNDE!,2025-12-22T14:01:20Z,10877,649,141,PT4M6S,UC9YkSoqkMLb1nOYKAHov8zQ,Die Linke im Bundestag,https://www.youtube.com/watch?v=kFdG39Y1bVY
Drxd6l-a5vs,Musks Schoßhündchen! Heidi Reichinnekt TEILT im Bundestag AUS!,2025-12-21T14:00:18Z,24125,2760,454,PT6M5S,UC9YkSoqkMLb1nOYKAHov8zQ,Die Linke im Bundestag,https://www.youtube.com/watch?v=Drxd6l-a5vs
1PaxXWoYtrw,ERSCHRECKENDE Erkenntnisse! Anne-Mieke Bremer Sagt Was KEINER WISSEN SOLL!,2025-12-20T14:00:04Z,5279,816,145,PT5M4S,UC9YkSoqkMLb1nOYKAHov8zQ,Die Linke im Bundestag,https://www.youtube.com/watch?v=1PaxXWoYtrw
BBAHaO1u82E,HARTE Abrechnung Mit Merz! Linker Christian Görke RÄUMT AUF!,2025-12-19T17:00:31Z,2410,325,64,PT4M9S,UC9YkSoqkMLb1nOYKAHov8zQ,Die Linke im Bundestag,https://www.youtube.com/watch?v=BBAHaO1u82E
SphcbKhVql4,SO DREIST Täuscht Die GroKo! Linke Doris Achelwim ENTLARVT Augenwischerei!,2025-12-19T14:00:51Z,1042,217,31,PT2M18S,UC9YkSoqkMLb1nOYKAHov8zQ,Die Linke im Bundestag,https://www.youtube.com/watch?v=SphcbKhVql4
3BzQe4ymGqQ,Ines Schwerdtner gibt Bundestag REALITY CHECK!,2025-12-19T12:27:46Z,31275,2719,150,PT1M13S,UC9YkSoqkMLb1nOYKAHov8zQ,Die Linke im Bundestag,https://www.youtube.com/watch?v=3BzQe4ymGqQ
06OwgzNxxUg,Mareike Hermeier BLAMIERT AfD Bis Auf DIE KNOCHEN!,2025-12-18T18:30:03Z,6079,546,48,PT3M20S,UC9YkSoqkMLb1nOYKAHov8zQ,Die Linke im Bundestag,https://www.youtube.com/watch?v=06OwgzNxxUg
dYl9Sx8ce7c,Heidi Reichinnek Attackiert Merz! Die Angst Der RECHTEN Vor Europa!,2025-12-18T16:15:42Z,11030,1656,110,PT1M7S,UC9YkSoqkMLb1nOYKAHov8zQ,Die Linke im Bundestag,https://www.youtube.com/watch?v=dYl9Sx8ce7c
3YUQYJAPQTA,Merz BEGREIFT NICHTS! Ines Schwerdtner PLATZT DER KRAGEN!,2025-12-18T14:30:02Z,48504,3980,614,PT5M3S,UC9YkSoqkMLb1nOYKAHov8zQ,Die Linke im Bundestag,https://www.youtube.com/watch?v=3YUQYJAPQTA
5bpww0PgrEE,KEIN HERZ Von Merz! Linke Mandy Eißing DECKT Die Überheblichkeit AUF!,2025-12-18T13:00:08Z,1179,219,24,PT3M11S,UC9YkSoqkMLb1nOYKAHov8zQ,Die Linke im Bundestag,https://www.youtube.com/watch?v=5bpww0PgrEE
wghzgCaqbPg,🤯Horrostories Einer Abgeordneten! DAS Bedeutet Armut Im Reichen Deutschland!,2025-12-18T10:03:34Z,12238,1970,213,PT2M38S,UC9YkSoqkMLb1nOYKAHov8zQ,Die Linke im Bundestag,https://www.youtube.com/watch?v=wghzgCaqbPg
NbQCjavX1dY,🚩 AUCH DU Gehörst Zur ARBEITERKLASSE 🚩 Mechatroniker Im Bundestag FÜR DICH!,2025-12-18T06:00:16Z,9119,1220,102,PT48S,UC9YkSoqkMLb1nOYKAHov8zQ,Die Linke im Bundestag,https://www.youtube.com/watch?v=NbQCjavX1dY
vNiJ8A1OZwU,Lobby-Ministerin Schlägt Wieder zu! Linker Fabian Fahl ENTHÜLLT Extremes RISIKO!,2025-12-17T14:01:38Z,3023,394,68,PT3M13S,UC9YkSoqkMLb1nOYKAHov8zQ,Die Linke im Bundestag,https://www.youtube.com/watch?v=vNiJ8A1OZwU
5rMh_0PuSfw,So gefährlich ist die neue Grundsicherung...,2025-12-17T12:53:14Z,10458,801,71,PT28S,UC9YkSoqkMLb1nOYKAHov8zQ,Die Linke im Bundestag,https://www.youtube.com/watch?v=5rMh_0PuSfw
kN-1cMPRYJA,"Hey Chat GPT, bitte schreib mir eine wütende linke Caption über KI Nutzung!",2025-12-17T08:47:47Z,16931,1648,156,PT1M45S,UC9YkSoqkMLb1nOYKAHov8zQ,Die Linke im Bundestag,https://www.youtube.com/watch?v=kN-1cMPRYJA
FqDazqfO2m8,Pressekonferenz DIE LINKE im Bundestag | 13:45 Uhr am 16. Dezember 2025,2025-12-16T13:07:03Z,5154,505,98,PT16M26S,UC9YkSoqkMLb1nOYKAHov8zQ,Die Linke im Bundestag,https://www.youtube.com/watch?v=FqDazqfO2m8
UKi0rZbkLP4,In your 20s they will tell you...,2025-12-16T08:56:36Z,13805,948,71,PT13S,UC9YkSoqkMLb1nOYKAHov8zQ,Die Linke im Bundestag,https://www.youtube.com/watch?v=UKi0rZbkLP4
ZJQNAHPu1mU,Frauen An Den HERD! Maik Brückner ENTLARVT Rechtsextreme AfD-Agenda!,2025-12-15T17:00:56Z,2233,304,73,PT2M50S,UC9YkSoqkMLb1nOYKAHov8zQ,Die Linke im Bundestag,https://www.youtube.com/watch?v=ZJQNAHPu1mU
u1p2BdIE7f0,Gleichheit im ZWANG! Linke Desiree Becker DECKT Pistorius' Pläne AUF!,2025-12-15T14:08:57Z,983,155,54,PT2M52S,UC9YkSoqkMLb1nOYKAHov8zQ,Die Linke im Bundestag,https://www.youtube.com/watch?v=u1p2BdIE7f0
_C0t5EMyqWo,PLANLOSE AfD & CDU Kriegen LEHRSTUNDE Von Linkem Mirze Edis!,2025-12-14T14:00:55Z,2724,369,53,PT3M23S,UC9YkSoqkMLb1nOYKAHov8zQ,Die Linke im Bundestag,https://www.youtube.com/watch?v=_C0t5EMyqWo
rUQlYnRYbYA,Für Die WENIGEN! Linke Donata Vogtschmidt ERWISCHT Merz-Regierung!,2025-12-12T17:01:37Z,4629,565,57,PT6M18S,UC9YkSoqkMLb1nOYKAHov8zQ,Die Linke im Bundestag,https://www.youtube.com/watch?v=rUQlYnRYbYA
4YFMU5gff4Y,"Nur Gutes Tun, Wenn Es Passt! Linker Maik Brückner DECKT Deutschlands Heuchelei AUF!",2025-12-12T14:00:15Z,810,145,29,PT2M6S,UC9YkSoqkMLb1nOYKAHov8zQ,Die Linke im Bundestag,https://www.youtube.com/watch?v=4YFMU5gff4Y
Ta77E4bOz2s,EU Kippt Verbrenneraus! Mit Vollgas In Die Falsche Richtung!,2025-12-12T09:59:56Z,13168,1670,118,PT1M9S,UC9YkSoqkMLb1nOYKAHov8zQ,Die Linke im Bundestag,https://www.youtube.com/watch?v=Ta77E4bOz2s
2hz_Z_V6zBE,GroKo VERHÖHNT Uns! Linker Luigi Pantisano ENTLARVT Deutschland-Ticket Stuss!,2025-12-11T17:00:04Z,1445,229,36,PT2M28S,UC9YkSoqkMLb1nOYKAHov8zQ,Die Linke im Bundestag,https://www.youtube.com/watch?v=2hz_Z_V6zBE
izBWVIWVghs,Lea Reisner Spricht Aus Was Merz NICHT HÖREN Will! Man Kann Ihm NICHT TRAUEN!,2025-12-11T15:30:27Z,1315,227,33,PT2M37S,UC9YkSoqkMLb1nOYKAHov8zQ,Die Linke im Bundestag,https://www.youtube.com/watch?v=izBWVIWVghs
XwgM8wEFok4,AfD-Hinterbänkler BLAMIERT SICH! Ines Schwerdtner VERPASST Abgeordneten DENKZETTEL!,2025-12-10T19:02:44Z,55794,4443,759,PT12M28S,UC9YkSoqkMLb1nOYKAHov8zQ,Die Linke im Bundestag,https://www.youtube.com/watch?v=XwgM8wEFok4
mKzsf5sJhGg,📦Schuften Für AUSBEUTER-VEREINE! Nicht Mit Uns 🚩🚩🚩 #paket,2025-12-10T16:26:40Z,8803,1446,115,PT1M16S,UC9YkSoqkMLb1nOYKAHov8zQ,Die Linke im Bundestag,https://www.youtube.com/watch?v=mKzsf5sJhGg
VFvSDwW19R0,Realitätscheck Für Abgeordnete! Linke Evelyn Schötz DURCHBRICHT Die Bubble!,2025-12-10T15:35:51Z,2137,302,55,PT2M55S,UC9YkSoqkMLb1nOYKAHov8zQ,Die Linke im Bundestag,https://www.youtube.com/watch?v=VFvSDwW19R0
TS-NEAMXTis,SO Verspielt Merz Chancen! Linke Pflegekraft Legt Den FINGER IN DIE WUNDE!,2025-12-09T17:00:58Z,1352,167,20,PT2M22S,UC9YkSoqkMLb1nOYKAHov8zQ,Die Linke im Bundestag,https://www.youtube.com/watch?v=TS-NEAMXTis
hhxr4iQq_Gk,😮 Deutschland Moralisch AM ENDE 🔫 #sudan #links,2025-12-09T16:21:45Z,5947,858,43,PT1M1S,UC9YkSoqkMLb1nOYKAHov8zQ,Die Linke im Bundestag,https://www.youtube.com/watch?v=hhxr4iQq_Gk
84u6PHo428k,🔥Heidi Reichinnek Mit WUTREDE Gegen Das Rentenchaos Von Merz! 🤬,2025-12-09T15:25:53Z,11223,1651,86,PT1M20S,UC9YkSoqkMLb1nOYKAHov8zQ,Die Linke im Bundestag,https://www.youtube.com/watch?v=84u6PHo428k
esKs87A-2i0,Waffen Sind Pistorius' EINZIGE ANTWORT! Linke Cansu Özdemir ENTLARVT Militäreinsatz!,2025-12-09T14:05:35Z,966,122,16,PT3M24S,UC9YkSoqkMLb1nOYKAHov8zQ,Die Linke im Bundestag,https://www.youtube.com/watch?v=esKs87A-2i0
sNH_5GKGtWs,🔴 Ein Viertel UNBEZAHLT ARBEITEN! 🐣 Dieser Wichtige Beruf Wird ABGEDRÄNGT!,2025-12-09T09:04:16Z,33880,3201,198,PT1M49S,UC9YkSoqkMLb1nOYKAHov8zQ,Die Linke im Bundestag,https://www.youtube.com/watch?v=sNH_5GKGtWs
pVA-f_bppC0,🔴 70 Gute Gründe Für Die #bundeswehr 😂,2025-12-08T16:27:52Z,5478,480,69,PT50S,UC9YkSoqkMLb1nOYKAHov8zQ,Die Linke im Bundestag,https://www.youtube.com/watch?v=pVA-f_bppC0
v-Vm2z45G_M,Kriminelle Subunternehmer in der Paketbranche – Pascal Meiser rechnet im Bundestag ab!,2025-12-06T15:01:48Z,1468,260,41,PT3M16S,UC9YkSoqkMLb1nOYKAHov8zQ,Die Linke im Bundestag,https://www.youtube.com/watch?v=v-Vm2z45G_M
LoIxe_g0mxU,Klare Ansage gegen Merz’ Wehrpflicht-Pläne – Desiree Becker kontert!,2025-12-06T09:00:37Z,1987,294,106,PT5M28S,UC9YkSoqkMLb1nOYKAHov8zQ,Die Linke im Bundestag,https://www.youtube.com/watch?v=LoIxe_g0mxU
XVP7A8wJNdk,Union spielt Machtspielchen – Die Linke schützt 21 Mio. Rentner*innen!,2025-12-05T15:15:49Z,2057,277,89,PT4M43S,UC9YkSoqkMLb1nOYKAHov8zQ,Die Linke im Bundestag,https://www.youtube.com/watch?v=XVP7A8wJNdk
BmJlhPcWhus,Warum die Regierung falsch hinschaut – Dr. Arndt rechnet ab!,2025-12-05T13:00:21Z,1123,187,32,PT2M39S,UC9YkSoqkMLb1nOYKAHov8zQ,Die Linke im Bundestag,https://www.youtube.com/watch?v=BmJlhPcWhus
ku5MRRacUmQ,SO Zerstören Sie Unseren Wohlstand! Ines Schwerdtner ENTLARVT Inkompetenz Der Lobby-Regierung!,2025-12-05T09:01:15Z,3810,561,114,PT5M52S,UC9YkSoqkMLb1nOYKAHov8zQ,Die Linke im Bundestag,https://www.youtube.com/watch?v=ku5MRRacUmQ
Pt2VLA_LqMU,UNGLAUBLICH! Maren Kaminski spricht KLARTEXT,2025-12-04T17:00:46Z,947,168,25,PT3M1S,UC9YkSoqkMLb1nOYKAHov8zQ,Die Linke im Bundestag,https://www.youtube.com/watch?v=Pt2VLA_LqMU
pDhPa9XCfa8,Pressekonferenz DIE LINKE im Bundestag | 13:45 Uhr am 2. Dezember 2025,2025-12-02T13:04:00Z,4474,386,51,PT15M35S,UC9YkSoqkMLb1nOYKAHov8zQ,Die Linke im Bundestag,https://www.youtube.com/watch?v=pDhPa9XCfa8
BNOsgtQIsbg,Merz IGNORIERT Bürger! Linke Mandy Eißing OFFENBART,2025-11-30T14:00:18Z,1567,235,27,PT2M4S,UC9YkSoqkMLb1nOYKAHov8zQ,Die Linke im Bundestag,https://www.youtube.com/watch?v=BNOsgtQIsbg
66JdZRAMIHw,Fahrlässige IGNORANZ! Linker Jan Köstering ENTLARVT Arbeitsverweigerung Von Innenminister Dobrindt!,2025-11-29T17:00:16Z,1063,194,17,PT3M9S,UC9YkSoqkMLb1nOYKAHov8zQ,Die Linke im Bundestag,https://www.youtube.com/watch?v=66JdZRAMIHw
irGfJbQZiDo,Vollkommen VERANTWORTUNGSLOS! Gökay Akbulut Mit KLARTEXT Gegen Merz!,2025-11-29T14:01:20Z,1374,214,30,PT3M4S,UC9YkSoqkMLb1nOYKAHov8zQ,Die Linke im Bundestag,https://www.youtube.com/watch?v=irGfJbQZiDo
sc3ejuoPZ2w,TÄUSCHUNG Bei Pistorius! Linker Ulrich Thoden FORDERT ENTLASSUNG Von Staatssekretär!,2025-11-28T19:01:04Z,5383,256,27,PT3M54S,UC9YkSoqkMLb1nOYKAHov8zQ,Die Linke im Bundestag,https://www.youtube.com/watch?v=sc3ejuoPZ2w
iKwd83ukNnw,UNFASSBAR Verantwortungslos! Linker ERWISCHT GroKo Bei Dreister Arbeitsverweigerung!,2025-11-28T19:00:47Z,1636,267,32,PT4M8S,UC9YkSoqkMLb1nOYKAHov8zQ,Die Linke im Bundestag,https://www.youtube.com/watch?v=iKwd83ukNnw
hwFi7UkcppE,Unbezahlbares Deutschlandticket! Linker Jorrit Bosch RECHNET Mit Verkehrsminister AB!,2025-11-28T17:01:17Z,2465,309,40,PT5M6S,UC9YkSoqkMLb1nOYKAHov8zQ,Die Linke im Bundestag,https://www.youtube.com/watch?v=hwFi7UkcppE
cta9ert28vo,🔴 Heidi Reichinnek & Sören Pellmann VS. CDU & sPD aka. BlackRot,2025-11-28T15:35:30Z,19257,2029,143,PT1M7S,UC9YkSoqkMLb1nOYKAHov8zQ,Die Linke im Bundestag,https://www.youtube.com/watch?v=cta9ert28vo
9FPGj7W6xA4,Erschütternde GroKo-Pläne! Reichinnek Und Pellman KLÄREN AUF!,2025-11-28T12:43:01Z,10770,939,238,PT8M27S,UC9YkSoqkMLb1nOYKAHov8zQ,Die Linke im Bundestag,https://www.youtube.com/watch?v=9FPGj7W6xA4
Dvv_aSqhGf0,SO Schaffen Wir ALTERSARMUT Ab! Mit Gregor Gysi!,2025-11-28T12:28:54Z,25489,2328,179,PT56S,UC9YkSoqkMLb1nOYKAHov8zQ,Die Linke im Bundestag,https://www.youtube.com/watch?v=Dvv_aSqhGf0
NQyf2mVMTLQ,Merz SCHADET Europa! Linke Janina Böttger DECKT Sein Versagen AUF!,2025-11-28T10:00:45Z,919,161,16,PT2M8S,UC9YkSoqkMLb1nOYKAHov8zQ,Die Linke im Bundestag,https://www.youtube.com/watch?v=NQyf2mVMTLQ
Vq2UCtJpajw,Die Grossen SCHÜTZEN SIE! Linke Isabelle Vandre DECKT AUF Wer Uns Beklaut!,2025-11-27T19:00:39Z,2590,385,61,PT3M19S,UC9YkSoqkMLb1nOYKAHov8zQ,Die Linke im Bundestag,https://www.youtube.com/watch?v=Vq2UCtJpajw
Q7nfzrf0NkU,Das Geht NICHT GUT! Linke Maren Kaminski DECKT Schockierende Erkenntnisse AUF!,2025-11-27T17:00:45Z,2314,285,43,PT3M28S,UC9YkSoqkMLb1nOYKAHov8zQ,Die Linke im Bundestag,https://www.youtube.com/watch?v=Q7nfzrf0NkU
qaI95LgxwJo,Nur Noch REALSATIRE! Janine Wissler KONTERT Frau Reiches Arroganz Mit Wutrede!,2025-11-27T14:01:39Z,13551,1268,194,PT4M14S,UC9YkSoqkMLb1nOYKAHov8zQ,Die Linke im Bundestag,https://www.youtube.com/watch?v=qaI95LgxwJo
NHTOdTzFK3I,"""Alles wegen wohlstandsverwahrlosten Rotzgören von der CDU!"" - Heidi Reichinnek Spricht Klartext!",2025-11-27T09:54:38Z,41116,4854,431,PT1M22S,UC9YkSoqkMLb1nOYKAHov8zQ,Die Linke im Bundestag,https://www.youtube.com/watch?v=NHTOdTzFK3I
R-Qcf7cp8WA,Unglaubliche HEUCHELEI! Cansu Özdemir DECKT AUF Was AfD Und GroKo Teilen!,2025-11-27T06:00:21Z,2308,368,59,PT3M20S,UC9YkSoqkMLb1nOYKAHov8zQ,Die Linke im Bundestag,https://www.youtube.com/watch?v=R-Qcf7cp8WA
vFd-26Fl2mQ,UNFASSBARE Ignoranz Der GroKo! Fabian Fahl DECKT Die Katastrophe AUF!,2025-11-26T19:01:06Z,1189,232,33,PT3M1S,UC9YkSoqkMLb1nOYKAHov8zQ,Die Linke im Bundestag,https://www.youtube.com/watch?v=vFd-26Fl2mQ
chpjx0J7YJQ,Friedrich Merz be like,2025-11-26T17:04:29Z,17305,1383,55,PT1M6S,UC9YkSoqkMLb1nOYKAHov8zQ,Die Linke im Bundestag,https://www.youtube.com/watch?v=chpjx0J7YJQ
GbcIMznjCbE,Sie FALTET Merz Komplett ZUSAMMEN! Heidi Reichinnek Mit Einer WAHNSINNSREDE!,2025-11-26T17:00:34Z,53757,5314,788,PT11M2S,UC9YkSoqkMLb1nOYKAHov8zQ,Die Linke im Bundestag,https://www.youtube.com/watch?v=GbcIMznjCbE
TgKuqwrEAac,DEUTLICHE Worte An Merz! Sören Pellmann RECHNET Schonungslos AB!,2025-11-26T13:26:57Z,4137,431,67,PT9M21S,UC9YkSoqkMLb1nOYKAHov8zQ,Die Linke im Bundestag,https://www.youtube.com/watch?v=TgKuqwrEAac
KtUSxPysy0M,Es Gibt KEINEN Generationenkonflikt! Ines Schwerdtner vs. CDU!,2025-11-26T07:43:43Z,177667,7771,291,PT1M3S,UC9YkSoqkMLb1nOYKAHov8zQ,Die Linke im Bundestag,https://www.youtube.com/watch?v=KtUSxPysy0M
Ie2PfdGA-tw,GroKo Kann NICHT DENKEN! Mareike Hermeier Hilft Gerne!,2025-11-25T18:45:02Z,3098,447,58,PT3M4S,UC9YkSoqkMLb1nOYKAHov8zQ,Die Linke im Bundestag,https://www.youtube.com/watch?v=Ie2PfdGA-tw
YRrKk3ixeDM,Das Soll KEINER WISSEN! Ines Schwerdtner ERWISCHT FEHLBESETZTE CDU-Ministerin Reiche!,2025-11-25T17:01:00Z,72103,4603,594,PT4M28S,UC9YkSoqkMLb1nOYKAHov8zQ,Die Linke im Bundestag,https://www.youtube.com/watch?v=YRrKk3ixeDM
Bt_b5oEYLIg,Bodenlos INKOMPETENTER Kanzler Merz! Dietmar Bartsch ZERREISST CDU-SPD Koalition!,2025-11-25T14:00:17Z,41877,2124,378,PT6M28S,UC9YkSoqkMLb1nOYKAHov8zQ,Die Linke im Bundestag,https://www.youtube.com/watch?v=Bt_b5oEYLIg
_oDUj_XoWPQ,Es Geht Uns ALLE AN! Staat Und Polizei Rollen Roten Teppich Für AfD-Jugend Aus!,2025-11-24T18:09:46Z,5705,833,70,PT1M22S,UC9YkSoqkMLb1nOYKAHov8zQ,Die Linke im Bundestag,https://www.youtube.com/watch?v=_oDUj_XoWPQ
JEdXaKPrs1I,Der Staat SCHAUT WEG! Tag Zur BESEITIGUNG DER GEWALT Gegen Frauen!,2025-11-24T17:00:36Z,1869,554,116,PT2M45S,UC9YkSoqkMLb1nOYKAHov8zQ,Die Linke im Bundestag,https://www.youtube.com/watch?v=JEdXaKPrs1I
T9T58S4gHHs,Pressekonferenz DIE LINKE im Bundestag | 14:45 Uhr am 24. November,2025-11-24T14:16:57Z,5707,533,119,PT18M7S,UC9YkSoqkMLb1nOYKAHov8zQ,Die Linke im Bundestag,https://www.youtube.com/watch?v=T9T58S4gHHs
c0ftdD8lWxA,Placebo-Gesetz Von CDU! Linke Kathi Gebel DECKT Schräge Prioritäten AUF!,2025-11-23T17:01:06Z,2173,343,55,PT2M12S,UC9YkSoqkMLb1nOYKAHov8zQ,Die Linke im Bundestag,https://www.youtube.com/watch?v=c0ftdD8lWxA
xHKApUIULFU,Kanzler Für WENIGE! Linke Christin Wilnat ENTLARVT Bürgertäuschung!,2025-11-22T17:01:38Z,2443,360,49,PT2M2S,UC9YkSoqkMLb1nOYKAHov8zQ,Die Linke im Bundestag,https://www.youtube.com/watch?v=xHKApUIULFU
eNuCC3qusCI,AfD HASST Meinungsfreiheit! Clara Bünger SPRICHT Die Wahrheit AUS!,2025-11-21T17:01:12Z,4281,746,187,PT3M13S,UC9YkSoqkMLb1nOYKAHov8zQ,Die Linke im Bundestag,https://www.youtube.com/watch?v=eNuCC3qusCI
TobLguPMwKk,🔴 16-Stunden-Schicht Im Bundestag 🤯! Und Dann Auch Noch AfD & CDU Zuhören Müssen 🥴,2025-11-21T14:47:57Z,21230,1601,183,PT2M45S,UC9YkSoqkMLb1nOYKAHov8zQ,Die Linke im Bundestag,https://www.youtube.com/watch?v=TobLguPMwKk
bLVbzr-w7hI,Kita-Gipfel 2025 | Die Linke im Bundestag,2025-11-21T04:05:30Z,2264,218,22,PT1H31M25S,UC9YkSoqkMLb1nOYKAHov8zQ,Die Linke im Bundestag,https://www.youtube.com/watch?v=bLVbzr-w7hI
sgL4axSXtS4,GroKo SCHAUT WEG! Linker Cem Ince DECKT Versagen AUF!,2025-11-20T17:01:39Z,1712,301,37,PT3M13S,UC9YkSoqkMLb1nOYKAHov8zQ,Die Linke im Bundestag,https://www.youtube.com/watch?v=sgL4axSXtS4
HhzwnkaHLB4,AfD-Jugend Verhindern! Gegen Faschos Widersetzen!,2025-11-19T16:00:14Z,8058,1101,187,PT47S,UC9YkSoqkMLb1nOYKAHov8zQ,Die Linke im Bundestag,https://www.youtube.com/watch?v=HhzwnkaHLB4
uaAtSnPt5kU,Merz Gegen BÜRGER! Linke Lizzy Schubert DECKT Die Wahrheit AUF!,2025-11-18T14:01:35Z,6858,1048,136,PT5M53S,UC9YkSoqkMLb1nOYKAHov8zQ,Die Linke im Bundestag,https://www.youtube.com/watch?v=uaAtSnPt5kU
P8DXZlTGElg,Leere Symbolik Statt VERÄNDERUNG! Linke Katrin Fey ENTLARVT Sinnfreie GroKo-Pläne!,2025-11-17T18:00:23Z,1769,275,41,PT3M,UC9YkSoqkMLb1nOYKAHov8zQ,Die Linke im Bundestag,https://www.youtube.com/watch?v=P8DXZlTGElg
XPfCMELnSxU,Sie VERACHTEN Arbeiter! Linke NIMMT AfD-Reform AUSEINANDER!,2025-11-17T14:42:14Z,2278,387,81,PT2M27S,UC9YkSoqkMLb1nOYKAHov8zQ,Die Linke im Bundestag,https://www.youtube.com/watch?v=XPfCMELnSxU
P7pUBlsjkYI,POV Du Crashst Als Linke Den Bundestag Und Drängelst Dich Vor Die sPD!,2025-11-17T14:26:12Z,45283,3093,374,PT1M48S,UC9YkSoqkMLb1nOYKAHov8zQ,Die Linke im Bundestag,https://www.youtube.com/watch?v=P7pUBlsjkYI
NVaTMk9Hy3Y,Gesetze AUF BESTELLUNG! Linker Ates Gürpinar ENTLARVT Korruption Der CDU!,2025-11-16T15:00:45Z,3454,543,72,PT3M11S,UC9YkSoqkMLb1nOYKAHov8zQ,Die Linke im Bundestag,https://www.youtube.com/watch?v=NVaTMk9Hy3Y
eSuWshfyVB4,Für Fahren Ohne Fahrschein IN DEN KNAST! Rechtsstaat Bekämpft ARME MENSCHEN!,2025-11-16T12:01:14Z,9312,1142,173,PT46S,UC9YkSoqkMLb1nOYKAHov8zQ,Die Linke im Bundestag,https://www.youtube.com/watch?v=eSuWshfyVB4
Vb9nU7PWbZQ,Auf Die CDU REINGEFALLEN! Linke Agnes Conrad NIMMT Sie Wissenschaftlich AUSEINANDER!,2025-11-15T17:30:14Z,22017,2657,271,PT1M27S,UC9YkSoqkMLb1nOYKAHov8zQ,Die Linke im Bundestag,https://www.youtube.com/watch?v=Vb9nU7PWbZQ
63zHHeuskfI,Queere Menschen UNTER DRUCK! Rechtsextreme Gefährden CSDs!,2025-11-15T13:56:59Z,4439,730,83,PT1M58S,UC9YkSoqkMLb1nOYKAHov8zQ,Die Linke im Bundestag,https://www.youtube.com/watch?v=63zHHeuskfI
CHeOOnCb9v0,GroKo VERTUSCHT Ihre Pläne! Linke Sarah Vollath DECKT Die Wahrheit AUF!,2025-11-14T17:00:23Z,3006,442,70,PT3M1S,UC9YkSoqkMLb1nOYKAHov8zQ,Die Linke im Bundestag,https://www.youtube.com/watch?v=CHeOOnCb9v0
zT2aQg3Je3Y,SO DREIST Verdrehen Sie Tatsachen! Sören Pellmann Gibt CDU Deftigen Realitätscheck!,2025-11-14T14:01:48Z,2708,443,74,PT2M56S,UC9YkSoqkMLb1nOYKAHov8zQ,Die Linke im Bundestag,https://www.youtube.com/watch?v=zT2aQg3Je3Y
CNo6Xfw3Keo,"Die CDU Sollte Mit ""SPENDEN"" Heizkosten Der Bürger Bezahlen! Jan Van Aken Spricht Klartext!",2025-11-14T09:11:54Z,23408,2640,220,PT1M32S,UC9YkSoqkMLb1nOYKAHov8zQ,Die Linke im Bundestag,https://www.youtube.com/watch?v=CNo6Xfw3Keo
Hh7sba8b0Oc,Sie Können WEDER Rechnen NOCH Denken! AfD Von Janine Wissler Komplett GEDEMÜTIGT!,2025-11-13T19:00:16Z,71595,4820,945,PT6M19S,UC9YkSoqkMLb1nOYKAHov8zQ,Die Linke im Bundestag,https://www.youtube.com/watch?v=Hh7sba8b0Oc
oEhn7cB_xsg,Rechtsstaat GEGEN BÜRGER! Linker Luke Hoss REISST CDU Die Maske RUNTER!,2025-11-13T17:01:27Z,5017,807,119,PT3M14S,UC9YkSoqkMLb1nOYKAHov8zQ,Die Linke im Bundestag,https://www.youtube.com/watch?v=oEhn7cB_xsg
wBGhgHwUwsQ,Ministerin Bekommt 5000 Euro Und Gönnt Bürgern KEINEN CENT! Janine Wissler DECKT AUF!,2025-11-13T15:39:22Z,261772,5151,506,PT1M3S,UC9YkSoqkMLb1nOYKAHov8zQ,Die Linke im Bundestag,https://www.youtube.com/watch?v=wBGhgHwUwsQ
irIr3JuTbsM,Konservative Scheinlösungen Für Wohlstandsschwule! Linker Maik Brückner Durchschaut CDU!,2025-11-13T13:01:34Z,1941,326,46,PT2M39S,UC9YkSoqkMLb1nOYKAHov8zQ,Die Linke im Bundestag,https://www.youtube.com/watch?v=irIr3JuTbsM
t-4AC1s5pMI,sPD Schützt Lieber Kriminelle Als Linke Politik Zu Machen!,2025-11-13T11:08:57Z,10846,1216,140,PT45S,UC9YkSoqkMLb1nOYKAHov8zQ,Die Linke im Bundestag,https://www.youtube.com/watch?v=t-4AC1s5pMI
U9hf8tjrUuE,Linker David Schliesing ERTAPPT AfD! Auch Konservative NICHT SICHER Vor Rechtsextremisten!,2025-11-12T17:05:03Z,4129,583,67,PT3M3S,UC9YkSoqkMLb1nOYKAHov8zQ,Die Linke im Bundestag,https://www.youtube.com/watch?v=U9hf8tjrUuE
SHyLZyI4ZG8,CDU Kämpft Für Besserverdiener! Linker Spricht KLARTEXT Für Bürger!,2025-11-12T09:27:36Z,3020,424,60,PT8M26S,UC9YkSoqkMLb1nOYKAHov8zQ,Die Linke im Bundestag,https://www.youtube.com/watch?v=SHyLZyI4ZG8
5OkjP5_d9DU,Man Kann Es Sich Nicht Ausdenken! Kein Mensch Versteht Die sPD!,2025-11-11T15:55:17Z,13024,1010,117,PT28S,UC9YkSoqkMLb1nOYKAHov8zQ,Die Linke im Bundestag,https://www.youtube.com/watch?v=5OkjP5_d9DU
MnDaOxZ7glE,Pressekonferenz DIE LINKE im Bundestag | 13:45 Uhr am 11. November,2025-11-11T12:56:47Z,1277,200,30,PT10M1S,UC9YkSoqkMLb1nOYKAHov8zQ,Die Linke im Bundestag,https://www.youtube.com/watch?v=MnDaOxZ7glE
KyNua7-q36w,Sie Wollen Es NICHT HÖREN! Linke Gibt GroKo HEFTIGEN Realitätscheck!,2025-11-09T17:00:29Z,4200,700,119,PT3M14S,UC9YkSoqkMLb1nOYKAHov8zQ,Die Linke im Bundestag,https://www.youtube.com/watch?v=KyNua7-q36w
zVtyXxfjDUo,Er Bekämpft ARME Statt ARMUT! Linke DURCHSCHAUT Ignoranten Kanzler!,2025-11-08T17:01:37Z,5090,851,155,PT2M57S,UC9YkSoqkMLb1nOYKAHov8zQ,Die Linke im Bundestag,https://www.youtube.com/watch?v=zVtyXxfjDUo
7pY3IkPrR2A,Post Von FASSUNGSLOSEM Bürger! Linke ENTLARVT Schmierentheater Von CDU & SPD!,2025-11-07T18:00:08Z,1689,280,29,PT1M57S,UC9YkSoqkMLb1nOYKAHov8zQ,Die Linke im Bundestag,https://www.youtube.com/watch?v=7pY3IkPrR2A
OXvfGBLOYmo,CDU Hat ANGST Vor Opposition! Sören Pellmann ENTLARVT Die Heuchler!,2025-11-07T14:00:45Z,3296,451,79,PT5M25S,UC9YkSoqkMLb1nOYKAHov8zQ,Die Linke im Bundestag,https://www.youtube.com/watch?v=OXvfGBLOYmo
_bB2OidId5M,Gegen den Mieten-Notstand - JETZT in Deiner Stadt!,2025-11-07T09:05:13Z,1495,224,33,PT57S,UC9YkSoqkMLb1nOYKAHov8zQ,Die Linke im Bundestag,https://www.youtube.com/watch?v=_bB2OidId5M
WeFdvZcPEFs,"Das ist noch nichtmal links, was ich sage...",2025-11-07T07:53:42Z,9876,1153,104,PT1M9S,UC9YkSoqkMLb1nOYKAHov8zQ,Die Linke im Bundestag,https://www.youtube.com/watch?v=WeFdvZcPEFs
oB2RKRrtl_Y,Korrupte GroKo Hilft MIETENMAFIA! Linke Caren Lay PLATZT DER KRAGEN!,2025-11-06T17:35:10Z,3053,547,85,PT3M10S,UC9YkSoqkMLb1nOYKAHov8zQ,Die Linke im Bundestag,https://www.youtube.com/watch?v=oB2RKRrtl_Y
cP97cHCp-PQ,Linker ERWISCHT Wütende AfD! SO DREIST Betrügen Sie Die Bürger!,2025-11-06T14:01:08Z,8453,970,235,PT5M,UC9YkSoqkMLb1nOYKAHov8zQ,Die Linke im Bundestag,https://www.youtube.com/watch?v=cP97cHCp-PQ
NrVEgEKPkLE,Abstimmung HEUTE! Sind CDU & SPD Auch Gegen Illegale Mietpreise?,2025-11-06T09:14:34Z,5888,736,68,PT53S,UC9YkSoqkMLb1nOYKAHov8zQ,Die Linke im Bundestag,https://www.youtube.com/watch?v=NrVEgEKPkLE
Pr-gNjvZWfE,Heidi Reichinnek Spricht KLARTEXT! Wichtige Entscheidungen In BRASILIEN!,2025-11-05T12:33:53Z,8523,902,49,PT48S,UC9YkSoqkMLb1nOYKAHov8zQ,Die Linke im Bundestag,https://www.youtube.com/watch?v=Pr-gNjvZWfE
tXWt5H7ct_8,Bürger Um Millionen ABGEZOCKT! Wir Haben ES ZURÜCK Geholt!,2025-11-04T16:46:00Z,10450,1240,255,PT13M57S,UC9YkSoqkMLb1nOYKAHov8zQ,Die Linke im Bundestag,https://www.youtube.com/watch?v=tXWt5H7ct_8
RfBI9bf3i8Q,Pressekonferenz DIE LINKE im Bundestag | 04. November 13:45 Uhr | Mit Heidi Reichinnek und Caren Lay,2025-11-04T13:03:17Z,4202,406,65,PT18M16S,UC9YkSoqkMLb1nOYKAHov8zQ,Die Linke im Bundestag,https://www.youtube.com/watch?v=RfBI9bf3i8Q
cDykO86pHzc,Über welche Töchter redet Friedrich Merz eigentlich?!,2025-10-24T16:44:56Z,17711,1786,184,PT1M35S,UC9YkSoqkMLb1nOYKAHov8zQ,Die Linke im Bundestag,https://www.youtube.com/watch?v=cDykO86pHzc
uuOs-cHRrvo,"Friedrich Merz ""halbiert"" die AfD",2025-10-21T14:29:40Z,26319,2011,249,PT42S,UC9YkSoqkMLb1nOYKAHov8zQ,Die Linke im Bundestag,https://www.youtube.com/watch?v=uuOs-cHRrvo
5dsUZt-35gg,Nächstes Wahlversprechen Gebrochen! Linker Pascal Meiser ENTLARVT sPD-Täuschung!,2025-10-20T16:30:01Z,4937,636,145,PT6M7S,UC9YkSoqkMLb1nOYKAHov8zQ,Die Linke im Bundestag,https://www.youtube.com/watch?v=5dsUZt-35gg
Gl-3cBMnCUQ,KETTENSÄGE Gegen BÜRGER! Linke Anne-Mieke Bremer Mit KLARTEXT Gegen GroKo-Irrsinn!,2025-10-20T13:00:27Z,5115,584,112,PT4M21S,UC9YkSoqkMLb1nOYKAHov8zQ,Die Linke im Bundestag,https://www.youtube.com/watch?v=Gl-3cBMnCUQ
cu9q5vf3usA,Merz Völlig INKOMPETENT! Heidi Reichinnek ERKLÄRT Ihm Mathematik!,2025-10-19T14:30:25Z,29212,2558,463,PT3M31S,UC9YkSoqkMLb1nOYKAHov8zQ,Die Linke im Bundestag,https://www.youtube.com/watch?v=cu9q5vf3usA
nahyCHsevm4,Das Sollt Ihr Nicht Wissen! Wer Uns WIRKLICH Abzockt!,2025-10-18T10:01:22Z,17311,2099,122,PT1M14S,UC9YkSoqkMLb1nOYKAHov8zQ,Die Linke im Bundestag,https://www.youtube.com/watch?v=nahyCHsevm4
DoSx6UvD3IA,Merz Nächster ANGRIFF AUF ARBEITER! Ines Schwerdtner Reicht Es!,2025-10-17T23:00:13Z,38204,2990,146,PT54S,UC9YkSoqkMLb1nOYKAHov8zQ,Die Linke im Bundestag,https://www.youtube.com/watch?v=DoSx6UvD3IA
F-QI22lah1M,Die CDU Verrät Uns ALLE! Ines Schwerdtner ENTHÜLLT Wem Sie Dient!,2025-10-17T17:30:07Z,22191,1600,284,PT3M14S,UC9YkSoqkMLb1nOYKAHov8zQ,Die Linke im Bundestag,https://www.youtube.com/watch?v=F-QI22lah1M
ZyDUrASV_Xo,Warum Du SCHLECHTERE CHANCEN Hast Als Deine Eltern,2025-10-17T15:30:18Z,15628,2166,135,PT2M10S,UC9YkSoqkMLb1nOYKAHov8zQ,Die Linke im Bundestag,https://www.youtube.com/watch?v=ZyDUrASV_Xo
iIOprlSDzCk,SO Arbeiterfeindlich Ist Die GroKo! Linke Anne Zerr Mit ANSAGE An Bärbel Bas!,2025-10-17T14:30:41Z,3738,516,110,PT4M9S,UC9YkSoqkMLb1nOYKAHov8zQ,Die Linke im Bundestag,https://www.youtube.com/watch?v=iIOprlSDzCk
1x-hLVFOn7o,Gebrochene Versprechen Der GroKo! Linke Nicole Gohlke ENTLARVT Die Doppelmoral!,2025-10-17T12:00:11Z,2355,361,53,PT3M7S,UC9YkSoqkMLb1nOYKAHov8zQ,Die Linke im Bundestag,https://www.youtube.com/watch?v=1x-hLVFOn7o
SRfP_4fLvWc,Der GRÖSSTE SKANDAL Europas - Angeführt Von Merz!,2025-10-17T11:33:27Z,18556,1331,113,PT1M15S,UC9YkSoqkMLb1nOYKAHov8zQ,Die Linke im Bundestag,https://www.youtube.com/watch?v=SRfP_4fLvWc
pHDBwsEPJPM,Heidi Reichinnek Fordert RENTENREVOLUTION 🔥,2025-10-16T17:37:34Z,17497,1754,124,PT1M12S,UC9YkSoqkMLb1nOYKAHov8zQ,Die Linke im Bundestag,https://www.youtube.com/watch?v=pHDBwsEPJPM
mnuFKGwERiE,Merz Verträgt DIE WAHRHEIT Nicht! Sören Pellmann Spricht KLARTEXT Zum GroKo-Irrsinn!,2025-10-16T16:01:32Z,3685,462,95,PT9M5S,UC9YkSoqkMLb1nOYKAHov8zQ,Die Linke im Bundestag,https://www.youtube.com/watch?v=mnuFKGwERiE
Ih9HYsluZu4,AfD RASTET AUS! Ferat Kocak Sagt Was NIEMAND WISSEN Soll!,2025-10-16T13:19:12Z,106869,10537,2291,PT6M5S,UC9YkSoqkMLb1nOYKAHov8zQ,Die Linke im Bundestag,https://www.youtube.com/watch?v=Ih9HYsluZu4
aGBrJecjtPU,Merz RECHNET Sich Die Welt SCHÖN! Linker Evelyn Schötz PLATZT Der Kragen!,2025-10-15T17:33:28Z,3053,424,93,PT3M,UC9YkSoqkMLb1nOYKAHov8zQ,Die Linke im Bundestag,https://www.youtube.com/watch?v=aGBrJecjtPU
Zx2nthzE34s,Passt Merz In Euer Stadtbild?,2025-10-15T14:07:23Z,36432,1309,248,PT9S,UC9YkSoqkMLb1nOYKAHov8zQ,Die Linke im Bundestag,https://www.youtube.com/watch?v=Zx2nthzE34s
2gdhCaQimM4,NEIN Zur Lotto-Wehrpflicht 🛑 VERWEIGERUNG Von Kriegsdienst Muss Möglich Sein!,2025-10-15T09:26:09Z,10816,950,92,PT44S,UC9YkSoqkMLb1nOYKAHov8zQ,Die Linke im Bundestag,https://www.youtube.com/watch?v=2gdhCaQimM4
y7p6ejWNYH4,Pressekonferenz DIE LINKE im Bundestag | 13:45 Uhr am 14. Oktober,2025-10-14T23:58:48Z,1656,162,22,PT16M56S,UC9YkSoqkMLb1nOYKAHov8zQ,Die Linke im Bundestag,https://www.youtube.com/watch?v=y7p6ejWNYH4
HH0BulwvMEc,Merz CHECKT Es NICHT! Christian Görke DECKT Wahnsinn AUF!,2025-10-14T17:00:24Z,6082,640,121,PT3M2S,UC9YkSoqkMLb1nOYKAHov8zQ,Die Linke im Bundestag,https://www.youtube.com/watch?v=HH0BulwvMEc
WBIfuu8evzg,Er Kann Es NICHT! Sören Pellmann OFFENBART Das Versagen Von Kanzler Merz!,2025-10-14T15:28:10Z,2943,336,69,PT10M59S,UC9YkSoqkMLb1nOYKAHov8zQ,Die Linke im Bundestag,https://www.youtube.com/watch?v=WBIfuu8evzg
h0boYFMRppE,So VERNICHTEN Sie Die Industrie! Linker Mirze Edis ENTLARVT Inkompetenz von Merz Und GroKo!,2025-10-13T15:32:51Z,41754,2733,418,PT5M23S,UC9YkSoqkMLb1nOYKAHov8zQ,Die Linke im Bundestag,https://www.youtube.com/watch?v=h0boYFMRppE
7G3y1z1nXzM,Doro Bär Hat NULL AHNUNG Von Wissenschaft! Linke Sonja Lemke REISST Die Maske RUNTER!,2025-10-12T13:00:20Z,4721,594,93,PT2M57S,UC9YkSoqkMLb1nOYKAHov8zQ,Die Linke im Bundestag,https://www.youtube.com/watch?v=7G3y1z1nXzM
hR842hu1uPc,SO RUINIERT Die GroKo Kultur! Linker DECKT Absurde Prioritäten AUF!,2025-10-11T13:01:25Z,1573,279,43,PT3M5S,UC9YkSoqkMLb1nOYKAHov8zQ,Die Linke im Bundestag,https://www.youtube.com/watch?v=hR842hu1uPc
o2ElxGXxucc,Merz VERSPIELT Unseren WOHLSTAND! Linke Agnes Conrad ZERREISST Arbeiterfeindliche Industriepläne!,2025-10-10T18:10:27Z,10477,906,203,PT5M5S,UC9YkSoqkMLb1nOYKAHov8zQ,Die Linke im Bundestag,https://www.youtube.com/watch?v=o2ElxGXxucc
xND5gGi7WdQ,SCHAMLOSE Doppelmoral Entlarvt! Linker Luke Hoss Bringt AfD ZUM SCHÄUMEN!,2025-10-10T12:01:53Z,10180,824,150,PT3M4S,UC9YkSoqkMLb1nOYKAHov8zQ,Die Linke im Bundestag,https://www.youtube.com/watch?v=xND5gGi7WdQ
I30mi6cxbBc,Heidi Reichinnek: Milliardäre vs. Demokratie💥,2025-10-10T10:07:58Z,52732,1670,258,PT18S,UC9YkSoqkMLb1nOYKAHov8zQ,Die Linke im Bundestag,https://www.youtube.com/watch?v=I30mi6cxbBc
CR2tht-GfS8,WIDERSTAND Gegen Massenüberwachung! Chatkontrolle VORERST Abgewendet!,2025-10-10T08:22:38Z,12820,1330,75,PT45S,UC9YkSoqkMLb1nOYKAHov8zQ,Die Linke im Bundestag,https://www.youtube.com/watch?v=CR2tht-GfS8
L9OCI7tpZ7g,CHATKONTROLLE Soll Kommen! Linken Politikerin ENTLARVT Diese Groko-Pläne!,2025-10-09T16:29:55Z,5708,872,165,PT5M6S,UC9YkSoqkMLb1nOYKAHov8zQ,Die Linke im Bundestag,https://www.youtube.com/watch?v=L9OCI7tpZ7g
Y2kgvPOmylU,Ferat Kocak Bringt Die AfD ZUM KOCHEN!,2025-10-09T13:27:23Z,50908,2846,786,PT3M29S,UC9YkSoqkMLb1nOYKAHov8zQ,Die Linke im Bundestag,https://www.youtube.com/watch?v=Y2kgvPOmylU
e0ydt3RcpbU,Bewegende Rede von Jan van Aken Zum 7.Oktober! Befreit Die Geiseln Und Stoppt Das Töten!,2025-10-08T15:53:42Z,2094,342,71,PT5M7S,UC9YkSoqkMLb1nOYKAHov8zQ,Die Linke im Bundestag,https://www.youtube.com/watch?v=e0ydt3RcpbU
kUJNkYD3cfA,AfD Tobt! Linke Politikerin ENTHÜLLT Unfassbare AHNUNGSLOSIGKEIT!,2025-10-08T13:53:45Z,20633,1517,197,PT3M57S,UC9YkSoqkMLb1nOYKAHov8zQ,Die Linke im Bundestag,https://www.youtube.com/watch?v=kUJNkYD3cfA
cGZMUIQKgr4,Die AXT Am Wohlstand! GroKo Nimmt Verelendung In Kauf!,2025-10-07T18:00:12Z,9374,1040,55,PT1M2S,UC9YkSoqkMLb1nOYKAHov8zQ,Die Linke im Bundestag,https://www.youtube.com/watch?v=cGZMUIQKgr4
5E_B6TmW5R8,Mit Merz Droht MASSENVERARMUNG! Linker DECKT AUF Was Uns Blüht!,2025-10-07T16:30:02Z,6849,643,135,PT12M26S,UC9YkSoqkMLb1nOYKAHov8zQ,Die Linke im Bundestag,https://www.youtube.com/watch?v=5E_B6TmW5R8
jujdjfgqths,UNFASSBARE Pläne Gegen Bürger! Linkem PLATZT DER KRAGEN!,2025-10-07T13:01:28Z,3061,306,59,PT3M3S,UC9YkSoqkMLb1nOYKAHov8zQ,Die Linke im Bundestag,https://www.youtube.com/watch?v=jujdjfgqths
qdRrChrirSY,Pressekonferenz DIE LINKE im Bundestag | 13:45 Uhr 07 Oktober,2025-10-07T12:01:24Z,2170,216,92,PT16M57S,UC9YkSoqkMLb1nOYKAHov8zQ,Die Linke im Bundestag,https://www.youtube.com/watch?v=qdRrChrirSY
jFvd80megaE,Was Bitte - AfD-Wähler Sind Pro-Klimaschutz?! 😳🤯,2025-10-07T08:29:03Z,8591,939,56,PT56S,UC9YkSoqkMLb1nOYKAHov8zQ,Die Linke im Bundestag,https://www.youtube.com/watch?v=jFvd80megaE
dBIa2Tc-gYE,Längst Überholte Technik! Linker ENTLARVT Rückschrittliche GroKo-Pläne!,2025-10-06T17:45:03Z,4350,539,63,PT3M2S,UC9YkSoqkMLb1nOYKAHov8zQ,Die Linke im Bundestag,https://www.youtube.com/watch?v=dBIa2Tc-gYE
UQsevMhswEs,So unfähig wie Trump! Clara Bünger entlarvt die Inkompetenz der AfD!,2025-10-06T14:30:51Z,44148,3273,505,PT8M29S,UC9YkSoqkMLb1nOYKAHov8zQ,Die Linke im Bundestag,https://www.youtube.com/watch?v=UQsevMhswEs
wLMuB0STtDw,Verspätung Bei Der Bahn Wird DREIST Schöngerechnet! Heidi Reichinnek Entlarvt Die ABSURDITÄT!,2025-10-04T11:01:41Z,17455,2286,194,PT1M35S,UC9YkSoqkMLb1nOYKAHov8zQ,Die Linke im Bundestag,https://www.youtube.com/watch?v=wLMuB0STtDw
EWE4Vgb-GX0,Milliardengeschenke Auf Kosten Von ARBEITERN! Dietmar Bartsch PLATZT DER KRAGEN!,2025-10-01T16:00:31Z,76983,2641,452,PT6M10S,UC9YkSoqkMLb1nOYKAHov8zQ,Die Linke im Bundestag,https://www.youtube.com/watch?v=EWE4Vgb-GX0
ERc6M7pHlJI,Unfassbare IGNORANZ! Fahrlässigkeit Der GroKo GEFÄHRDET Cybersicherheit!,2025-10-01T13:00:36Z,3714,505,50,PT5M52S,UC9YkSoqkMLb1nOYKAHov8zQ,Die Linke im Bundestag,https://www.youtube.com/watch?v=ERc6M7pHlJI
J0doS5QJLwY,Für Diese Gruppe Zahlt Die Allgemeinheit Doch KEINER REDET DRÜBER!,2025-10-01T10:10:51Z,27704,3049,259,PT1M33S,UC9YkSoqkMLb1nOYKAHov8zQ,Die Linke im Bundestag,https://www.youtube.com/watch?v=J0doS5QJLwY
YKtnDyG-CDM,Merz In der Mangel! Linke Sprechen KLARTEXT! 🔥🚩,2025-09-30T14:23:32Z,15283,2140,145,PT1M21S,UC9YkSoqkMLb1nOYKAHov8zQ,Die Linke im Bundestag,https://www.youtube.com/watch?v=YKtnDyG-CDM
vQIg3A1WRP0,CDU Und CSU Verteidigen Deutschland... IM WELTALL?!😂😂,2025-09-27T11:01:38Z,24876,1593,172,PT33S,UC9YkSoqkMLb1nOYKAHov8zQ,Die Linke im Bundestag,https://www.youtube.com/watch?v=vQIg3A1WRP0
Zf-UdlcMXS8,Altersarmut Wird KATASTROPHAL! Linke GREIFT Merz HART AN!,2025-09-26T16:30:14Z,7899,605,124,PT2M58S,UC9YkSoqkMLb1nOYKAHov8zQ,Die Linke im Bundestag,https://www.youtube.com/watch?v=Zf-UdlcMXS8
HxvsrrdcSJ8,Merz BEKÄMPFT Die Arbeitende Klasse! LINKER Cem Ince Mit Wutrede!,2025-09-26T13:00:46Z,6657,685,128,PT3M44S,UC9YkSoqkMLb1nOYKAHov8zQ,Die Linke im Bundestag,https://www.youtube.com/watch?v=HxvsrrdcSJ8
FxtKFtCLUmk,Dobrindt Will ELEKTROSCHOCKER! Linke DECKT Brandgefährliche Pläne AUF!,2025-09-26T11:30:13Z,1612,334,85,PT3M13S,UC9YkSoqkMLb1nOYKAHov8zQ,Die Linke im Bundestag,https://www.youtube.com/watch?v=FxtKFtCLUmk
YoDDkWfD8-c,Zwei GEFÄHRLICHE Alte Männer! Trump Und Putin Setzen ALLES AUFS SPIEL!,2025-09-26T08:31:51Z,9631,760,107,PT56S,UC9YkSoqkMLb1nOYKAHov8zQ,Die Linke im Bundestag,https://www.youtube.com/watch?v=YoDDkWfD8-c
96ghn0zEEx0,Ines Schwerdtner ENTLARVT Die Doppelmoral Bei GAZA!,2025-09-26T07:41:42Z,16535,1481,137,PT36S,UC9YkSoqkMLb1nOYKAHov8zQ,Die Linke im Bundestag,https://www.youtube.com/watch?v=96ghn0zEEx0
NlXIN2I3ht8,Alleinerziehende SPRICHT KLARTEXT! Das Wollte Merz NICHT HÖREN!,2025-09-25T16:16:18Z,57317,4260,721,PT4M19S,UC9YkSoqkMLb1nOYKAHov8zQ,Die Linke im Bundestag,https://www.youtube.com/watch?v=NlXIN2I3ht8
BMwbjIdkw_A,BLAMAGE Für Merz! Ines Schwerdtner ENTLARVT Unfassbare Inkompetenz!,2025-09-25T12:01:33Z,74776,5105,895,PT6M56S,UC9YkSoqkMLb1nOYKAHov8zQ,Die Linke im Bundestag,https://www.youtube.com/watch?v=BMwbjIdkw_A
uvNS90I02yc,Drohender Wohlstandsverlust Für BÜRGER! INKOMPETENTE Ministerin Reiche BEKÄMPFT Fortschritt!,2025-09-24T17:30:17Z,2654,422,58,PT3M23S,UC9YkSoqkMLb1nOYKAHov8zQ,Die Linke im Bundestag,https://www.youtube.com/watch?v=uvNS90I02yc
VkSPV4NOk7c,Heidi Reichinnek Erlebt FREMDSCHAM Bei Diesem Bürgerfeindlichen Haushalt der Lobby-GroKo!,2025-09-24T15:42:23Z,41530,2380,179,PT32S,UC9YkSoqkMLb1nOYKAHov8zQ,Die Linke im Bundestag,https://www.youtube.com/watch?v=VkSPV4NOk7c
5DXAdj4ImMg,PEINLICHE Stümperei Von Merz! Heidi Reichinnek ENTHÜLLT GroKo-UNSINN!,2025-09-24T13:06:14Z,26114,2573,477,PT7M29S,UC9YkSoqkMLb1nOYKAHov8zQ,Die Linke im Bundestag,https://www.youtube.com/watch?v=5DXAdj4ImMg
VJlBpCwSqPo,Wohlstandsvernichtung Für Bürger Und STEUERGESCHENKE Für Die OBERSCHICHT!,2025-09-24T08:21:29Z,13289,2071,99,PT1M31S,UC9YkSoqkMLb1nOYKAHov8zQ,Die Linke im Bundestag,https://www.youtube.com/watch?v=VJlBpCwSqPo
xBgaJaoIDig,SO KURZSICHTIG Handelt Die GroKo! Linker WARNT Vor Katastrophe!,2025-09-23T18:00:59Z,1488,197,30,PT3M4S,UC9YkSoqkMLb1nOYKAHov8zQ,Die Linke im Bundestag,https://www.youtube.com/watch?v=xBgaJaoIDig
s_oihSdsD50,AfD CHANCENLOS Gegen Aura Von Mareike Hermeier! 😂😂😂,2025-09-23T17:15:06Z,39728,2892,380,PT1M28S,UC9YkSoqkMLb1nOYKAHov8zQ,Die Linke im Bundestag,https://www.youtube.com/watch?v=s_oihSdsD50
zrVlYL4pqp0,Grenzenlose INKOMPETENZ Aus AfD-Ecke! Linke Kann Nur Noch LACHEN!,2025-09-23T14:49:29Z,26867,2149,677,PT4M17S,UC9YkSoqkMLb1nOYKAHov8zQ,Die Linke im Bundestag,https://www.youtube.com/watch?v=zrVlYL4pqp0
5-SxtXZX9UA,Heidi Reichinnek: Klartext im Spitzengespräch!,2025-09-23T12:04:07Z,38848,2615,222,PT44S,UC9YkSoqkMLb1nOYKAHov8zQ,Die Linke im Bundestag,https://www.youtube.com/watch?v=5-SxtXZX9UA
wg2RJRf6fek,"""Eine Schmierenkomödie!"" Heidi Reichinnek RECHNET Mit GroKo AB!",2025-09-22T19:48:32Z,11800,1463,90,PT1M1S,UC9YkSoqkMLb1nOYKAHov8zQ,Die Linke im Bundestag,https://www.youtube.com/watch?v=wg2RJRf6fek
dh4HrJbm_HM,Janine Wissler erklärt Markus Lanz den Mindestlohn,2025-09-22T17:30:26Z,261353,2612,460,PT38S,UC9YkSoqkMLb1nOYKAHov8zQ,Die Linke im Bundestag,https://www.youtube.com/watch?v=dh4HrJbm_HM
lTqO4rmOD9g,FATALE PLÄNE Der GroKo Beim Haushalt! Heidi Reichinnek RECHNET AB!,2025-09-22T16:28:55Z,3932,549,111,PT7M30S,UC9YkSoqkMLb1nOYKAHov8zQ,Die Linke im Bundestag,https://www.youtube.com/watch?v=lTqO4rmOD9g
-lvDvj-NJNE,Pressekonferenz DIE LINKE im Bundestag | 14:45 Uhr 22. September,2025-09-22T12:56:19Z,4683,433,120,PT11M30S,UC9YkSoqkMLb1nOYKAHov8zQ,Die Linke im Bundestag,https://www.youtube.com/watch?v=-lvDvj-NJNE
Ey5YlZ9Bpvo,Kürzungen Bei ME/CFS-Betroffenen! Linke Macht DÜSTERE KONSEQUENZEN Aus!,2025-09-22T12:07:48Z,3012,385,67,PT3M39S,UC9YkSoqkMLb1nOYKAHov8zQ,Die Linke im Bundestag,https://www.youtube.com/watch?v=Ey5YlZ9Bpvo
FXS1_vBvtaA,Bundestag OHNE WÜRDE! Cansin Köktürk Konfrontiert Abgeordnete SCHONUNGSLOS!,2025-09-21T16:00:34Z,39223,2824,529,PT3M52S,UC9YkSoqkMLb1nOYKAHov8zQ,Die Linke im Bundestag,https://www.youtube.com/watch?v=FXS1_vBvtaA
TQD60I4F1Gg,Klartext im Bundestag💥,2025-09-21T15:00:50Z,14005,2126,121,PT2M4S,UC9YkSoqkMLb1nOYKAHov8zQ,Die Linke im Bundestag,https://www.youtube.com/watch?v=TQD60I4F1Gg
dVTLtez1KaY,Ines Schwerdtner mit Klartext im Bundestag🔥,2025-09-21T09:33:12Z,17575,2051,133,PT51S,UC9YkSoqkMLb1nOYKAHov8zQ,Die Linke im Bundestag,https://www.youtube.com/watch?v=dVTLtez1KaY
KaQWCzA7JZU,GroKo Nutzt ÄNGSTE Aus! Linke DECKT Heftige Steuergeldverschwendung AUF!,2025-09-20T15:04:00Z,4003,493,104,PT3M51S,UC9YkSoqkMLb1nOYKAHov8zQ,Die Linke im Bundestag,https://www.youtube.com/watch?v=KaQWCzA7JZU
DGGcBbiD9vk,Deutschland-Ticket auf 65 EURO! Linkem Luigi Pantisano PLATZT  DER KRAGEN!,2025-09-19T17:45:01Z,6187,695,152,PT4M28S,UC9YkSoqkMLb1nOYKAHov8zQ,Die Linke im Bundestag,https://www.youtube.com/watch?v=DGGcBbiD9vk
nktW0Q290nk,Massive VERSCHWENDUNG! Geld Für LOBBY Statt Für Mieter!,2025-09-19T15:24:34Z,12393,1462,83,PT30S,UC9YkSoqkMLb1nOYKAHov8zQ,Die Linke im Bundestag,https://www.youtube.com/watch?v=nktW0Q290nk
19aB8V25iQo,Merz VERHEIZT Junge Menschen! Gregor Gysi Spricht KLARTEXT!,2025-09-19T13:02:55Z,35654,2088,312,PT3M39S,UC9YkSoqkMLb1nOYKAHov8zQ,Die Linke im Bundestag,https://www.youtube.com/watch?v=19aB8V25iQo
smc-jYtseFE,Milliarden Steuern VERSCHWENDET! Linke ENTHÜLLT Inkompetenz Von Merz!,2025-09-19T10:01:41Z,5852,667,143,PT8M4S,UC9YkSoqkMLb1nOYKAHov8zQ,Die Linke im Bundestag,https://www.youtube.com/watch?v=smc-jYtseFE
VvaM4SfcdTY,ANGRIFF Auf Frauenrechte! Linke ENTLARVT AfD-Doppelmoral!,2025-09-18T18:00:25Z,3682,532,144,PT4M22S,UC9YkSoqkMLb1nOYKAHov8zQ,Die Linke im Bundestag,https://www.youtube.com/watch?v=VvaM4SfcdTY
CuEHj7spT4M,AfD Wie Eingefroren! Ines Schwerdtner Mit GNADENLOSER Abrechnung!,2025-09-18T13:59:30Z,427120,27179,3235,PT9M14S,UC9YkSoqkMLb1nOYKAHov8zQ,Die Linke im Bundestag,https://www.youtube.com/watch?v=CuEHj7spT4M
uEd8H6aRjaY,GroKo Gegen Bürger! Jan van Aken ENTHÜLLT DIE ABZOCKE!,2025-09-18T11:09:25Z,14434,1273,201,PT5M25S,UC9YkSoqkMLb1nOYKAHov8zQ,Die Linke im Bundestag,https://www.youtube.com/watch?v=uEd8H6aRjaY
91_pRhzDt_k,"Jan van Aken deckt auf: Die Steuertricks der Superreichen, unterstützt von CDU & SPD!",2025-09-18T11:04:40Z,22673,2011,171,PT1M20S,UC9YkSoqkMLb1nOYKAHov8zQ,Die Linke im Bundestag,https://www.youtube.com/watch?v=91_pRhzDt_k
YIWMc9G6260,Janine Wissler Geht Auf ATTACKE! Lobby-Ministerin Reiche Grösste FEHLBESETZUNG Der GroKo!,2025-09-17T17:45:02Z,45295,3519,419,PT4M24S,UC9YkSoqkMLb1nOYKAHov8zQ,Die Linke im Bundestag,https://www.youtube.com/watch?v=YIWMc9G6260
Hbs1N3carQg,Sogar Die CDU Checkt es! Heidi Reichinnek HATTE Mit Allem RECHT!,2025-09-17T13:37:46Z,48815,7031,1416,PT13M15S,UC9YkSoqkMLb1nOYKAHov8zQ,Die Linke im Bundestag,https://www.youtube.com/watch?v=Hbs1N3carQg
b4fLjOVoKag,Noch Mehr STEUERVERSCHWENDUNG Für Teures Gas! Linken-Politiker Spricht KLARTEXT!,2025-09-17T10:00:59Z,2598,382,63,PT4M7S,UC9YkSoqkMLb1nOYKAHov8zQ,Die Linke im Bundestag,https://www.youtube.com/watch?v=b4fLjOVoKag
oIJs6eR1MTk,"Ines Schwerdtner vs. Regierung: ""Schämen Sie sich!""",2025-09-17T07:41:38Z,21548,2581,163,PT59S,UC9YkSoqkMLb1nOYKAHov8zQ,Die Linke im Bundestag,https://www.youtube.com/watch?v=oIJs6eR1MTk
XqVerGuASPs,Wir Decken Auf: Das Hat Die Regierung Mit DEINEM GELD Vor!,2025-09-16T18:00:37Z,8187,1484,209,PT3M57S,UC9YkSoqkMLb1nOYKAHov8zQ,Die Linke im Bundestag,https://www.youtube.com/watch?v=XqVerGuASPs
qmjC3NjOlDg,Regierung TOBT! Linker ENTLARVT Die Grenzenlose IGNORANZ Von Merz!,2025-09-16T16:01:34Z,40385,2001,273,PT4M24S,UC9YkSoqkMLb1nOYKAHov8zQ,Die Linke im Bundestag,https://www.youtube.com/watch?v=qmjC3NjOlDg
TtkHJYGVRYk,Merz VERACHTET Die Bevölkerung! Ines Schwerdtner DECKT Die Flut Von LÜGEN AUF!,2025-09-16T14:03:17Z,41365,3307,594,PT4M54S,UC9YkSoqkMLb1nOYKAHov8zQ,Die Linke im Bundestag,https://www.youtube.com/watch?v=TtkHJYGVRYk
GRVILGRSag8,SKANDAL Ums Ehrenamt! Der Staat DRÜCKT SICH Vor Verantwortung!,2025-09-16T11:26:24Z,7343,1064,52,PT1M19S,UC9YkSoqkMLb1nOYKAHov8zQ,Die Linke im Bundestag,https://www.youtube.com/watch?v=GRVILGRSag8
z04SmbFp6kE,Merz Schnallt Es Nicht! Faschismus Bekämpft Man Mit LINKER WIrtschaftspolitik!,2025-09-15T18:28:32Z,12818,1479,127,PT1M7S,UC9YkSoqkMLb1nOYKAHov8zQ,Die Linke im Bundestag,https://www.youtube.com/watch?v=z04SmbFp6kE
pqfMhGSUn0M,CDU Lebt In Parallelwelt! Heidi Reichinnek Spricht KLARTEXT!,2025-09-15T15:49:31Z,17962,2402,412,PT9M16S,UC9YkSoqkMLb1nOYKAHov8zQ,Die Linke im Bundestag,https://www.youtube.com/watch?v=pqfMhGSUn0M
Q2XsEq5OT20,Pressekonferenz DIE LINKE im Bundestag | 14:45 Uhr 22. September,2025-09-15T12:59:09Z,4403,484,71,PT12M50S,UC9YkSoqkMLb1nOYKAHov8zQ,Die Linke im Bundestag,https://www.youtube.com/watch?v=Q2XsEq5OT20
eKTOWD3Xzfw,Endlich wieder Klartext!🔥,2025-09-14T13:31:22Z,15079,1286,104,PT1M26S,UC9YkSoqkMLb1nOYKAHov8zQ,Die Linke im Bundestag,https://www.youtube.com/watch?v=eKTOWD3Xzfw
VdDnJY_2BhY,"❌Wehrpflicht? Nein, danke!❌",2025-09-12T18:28:19Z,9687,903,126,PT1M,UC9YkSoqkMLb1nOYKAHov8zQ,Die Linke im Bundestag,https://www.youtube.com/watch?v=VdDnJY_2BhY
Cq9iud_waxk,Unfassbare IGNORANZ Von Merz! GroKo BEKÄMPFT Bezahlbares Leben!,2025-09-12T16:00:20Z,1838,323,61,PT2M29S,UC9YkSoqkMLb1nOYKAHov8zQ,Die Linke im Bundestag,https://www.youtube.com/watch?v=Cq9iud_waxk
GKYkBxwImy0,Ihr PLATZT Der Kragen! Merz Und CDU Verhindern Steuersenkungen!,2025-09-12T13:00:26Z,3132,473,89,PT4M28S,UC9YkSoqkMLb1nOYKAHov8zQ,Die Linke im Bundestag,https://www.youtube.com/watch?v=GKYkBxwImy0
dCr1yyaA2bg,Heidi Reichinnek vs. Jens Spahn🔥,2025-09-12T09:34:24Z,565934,16806,1271,PT54S,UC9YkSoqkMLb1nOYKAHov8zQ,Die Linke im Bundestag,https://www.youtube.com/watch?v=dCr1yyaA2bg
4yNUaF8-T_I,Janine Wissler ENTLARVT Irre Merz-Ideen! WOHLSTANDSVERLUST Für Arbeiter Droht!,2025-09-11T16:00:08Z,5153,888,180,PT3M28S,UC9YkSoqkMLb1nOYKAHov8zQ,Die Linke im Bundestag,https://www.youtube.com/watch?v=4yNUaF8-T_I
isc6Hay1JYs,PEINLICHE LÜGEN Von Der AfD! Linke ENTLARVT Die Heuchelei!,2025-09-11T13:01:25Z,19846,2046,617,PT5M33S,UC9YkSoqkMLb1nOYKAHov8zQ,Die Linke im Bundestag,https://www.youtube.com/watch?v=isc6Hay1JYs
K6Iog_ugeuk,Pressekonferenz DIE LINKE im Bundestag | 22. September 14:45,2025-09-10T08:01:24Z,3338,379,75,PT17M46S,UC9YkSoqkMLb1nOYKAHov8zQ,Die Linke im Bundestag,https://www.youtube.com/watch?v=K6Iog_ugeuk
UNLPMnxVUb4,"Wir Wollen 1000 Euro Mehr Pro Jahr Für Alle! Werden Merz, CDU & sPD blockieren?",2025-09-09T17:22:38Z,18807,1417,183,PT47S,UC9YkSoqkMLb1nOYKAHov8zQ,Die Linke im Bundestag,https://www.youtube.com/watch?v=UNLPMnxVUb4
ZbdycZ0uN00,Merz-Regierung Ist EUER GELDBEUTEL Egal! Heidi Reichinnek RECHNET AB!,2025-09-09T14:30:24Z,12895,1615,419,PT12M23S,UC9YkSoqkMLb1nOYKAHov8zQ,Die Linke im Bundestag,https://www.youtube.com/watch?v=ZbdycZ0uN00
_vp2t87Pc6w,Die Zerstörung Der Freien Medien! SO Bekämpfen Musk & Co. Die Pressefreiheit!,2025-09-09T08:48:59Z,5723,773,77,PT1M35S,UC9YkSoqkMLb1nOYKAHov8zQ,Die Linke im Bundestag,https://www.youtube.com/watch?v=_vp2t87Pc6w
3wodwQEmtTA,"Merz verspricht, den Sozialstaat zu „erhalten“? 🤨",2025-09-04T18:03:47Z,11997,1755,153,PT1M34S,UC9YkSoqkMLb1nOYKAHov8zQ,Die Linke im Bundestag,https://www.youtube.com/watch?v=3wodwQEmtTA
MH5PTKr5t8U,Wir bleiben die rote Haltelinie - Pressestatement der Klausurtagung in Gelsenkirchen,2025-09-04T18:00:32Z,8106,1203,325,PT11M15S,UC9YkSoqkMLb1nOYKAHov8zQ,Die Linke im Bundestag,https://www.youtube.com/watch?v=MH5PTKr5t8U
BRvxGydwLDA,Bürgergeld-Mythen entlarvt! 💥,2025-09-03T12:20:34Z,15682,1547,220,PT1M1S,UC9YkSoqkMLb1nOYKAHov8zQ,Die Linke im Bundestag,https://www.youtube.com/watch?v=BRvxGydwLDA
LajF2FaMt9Q,LINKER Stellt Sich Bürgern! Vom  Bundestag Auf Die Strasse!,2025-08-31T11:14:33Z,15373,990,142,PT1M27S,UC9YkSoqkMLb1nOYKAHov8zQ,Die Linke im Bundestag,https://www.youtube.com/watch?v=LajF2FaMt9Q
cxunPOZtd0Y,LIEFERANDO Zieht Arbeiter Über Den Tisch! Es Reicht Uns Allen!,2025-08-28T10:06:25Z,7073,783,60,PT1M23S,UC9YkSoqkMLb1nOYKAHov8zQ,Die Linke im Bundestag,https://www.youtube.com/watch?v=cxunPOZtd0Y
TKBF9ayL9Ig,ZDF Beunruhigt Wegen Antifaschismus! Ines Schwerdtner Bleibt STABIL!,2025-08-27T10:39:53Z,21772,1691,191,PT24S,UC9YkSoqkMLb1nOYKAHov8zQ,Die Linke im Bundestag,https://www.youtube.com/watch?v=TKBF9ayL9Ig
juicBeGFn9E,Julia Klöckner hat es schon wieder getan!🚨,2025-08-20T11:23:58Z,15281,2348,259,PT1M28S,UC9YkSoqkMLb1nOYKAHov8zQ,Die Linke im Bundestag,https://www.youtube.com/watch?v=juicBeGFn9E
IOZe0Qb_IQQ,"So Bekämpft Merz Nach 100 Tagen Arbeitende Bürger! Wohlstandsverlust für Viele, Gewinn Für Wenige!",2025-08-15T11:42:37Z,17245,2280,206,PT2M28S,UC9YkSoqkMLb1nOYKAHov8zQ,Die Linke im Bundestag,https://www.youtube.com/watch?v=IOZe0Qb_IQQ
REjX4fHc2dg,Wie Merz Mit Seiner Chaostruppe Scheitert! Man Wünscht Sich Die Ampel Zurück.,2025-08-13T05:08:00Z,19380,1894,193,PT1M43S,UC9YkSoqkMLb1nOYKAHov8zQ,Die Linke im Bundestag,https://www.youtube.com/watch?v=REjX4fHc2dg
MbxPz_REos8,Dietmar Bartsch ENTLARVT Dobrindts Pläne! Bröckelt Der Rechtsstaat?,2025-08-05T15:55:33Z,13622,1154,161,PT5M24S,UC9YkSoqkMLb1nOYKAHov8zQ,Die Linke im Bundestag,https://www.youtube.com/watch?v=MbxPz_REos8
-httiUBQxPk,Ines Schwerdtner Spricht DIE WAHRHEIT Aus! Die Ignoranz Von Merz Ist BESCHÄMEND!,2025-08-04T15:40:39Z,63615,5539,1366,PT5M8S,UC9YkSoqkMLb1nOYKAHov8zQ,Die Linke im Bundestag,https://www.youtube.com/watch?v=-httiUBQxPk
xlw4SnBMlPc,Hungersnot In GAZA! Gregor Gysi Warnte Merz-Regierung VOR MONATEN!,2025-08-01T16:54:42Z,61256,3699,1016,PT5M25S,UC9YkSoqkMLb1nOYKAHov8zQ,Die Linke im Bundestag,https://www.youtube.com/watch?v=xlw4SnBMlPc
36LYqLSs8CI,LÜGT Der Bundeskanzler Mit Vorsatz Oder Weiß Er Es Nicht Besser? Heidi Reichinnek Ordnet Ein.,2025-08-01T12:37:12Z,29303,3445,338,PT1M17S,UC9YkSoqkMLb1nOYKAHov8zQ,Die Linke im Bundestag,https://www.youtube.com/watch?v=36LYqLSs8CI
NogLMMCQ1Cc,Komplette FEHLPLANUNG! Linker Zerreisst Folgenschweren GroKo-Haushalt!,2025-07-31T16:56:01Z,4788,671,105,PT3M37S,UC9YkSoqkMLb1nOYKAHov8zQ,Die Linke im Bundestag,https://www.youtube.com/watch?v=NogLMMCQ1Cc
jybbBWyhDOw,Millionen Tote Zusätzlich Erwartet! Merz Streicht Wie Trump Hilfen Bei HIV Zusammen!,2025-07-30T15:03:42Z,5210,1177,129,PT1M24S,UC9YkSoqkMLb1nOYKAHov8zQ,Die Linke im Bundestag,https://www.youtube.com/watch?v=jybbBWyhDOw
POkiWpnsQas,SPD-Abgeordnete Greift Ines Schwerdtner An - Und Scheitert Kläglich!,2025-07-29T11:34:43Z,41750,4118,381,PT1M38S,UC9YkSoqkMLb1nOYKAHov8zQ,Die Linke im Bundestag,https://www.youtube.com/watch?v=POkiWpnsQas
oKfIRdhaY6U,Merz Und Spahn TRETEN AUF UNS ALLE! Heidi Reichinnek Fordert Kontrolle Zurück An Bürger!,2025-07-28T14:18:38Z,64904,6070,757,PT2M26S,UC9YkSoqkMLb1nOYKAHov8zQ,Die Linke im Bundestag,https://www.youtube.com/watch?v=oKfIRdhaY6U
__Z2Kv0El-Y,FREIHEIT Für Alle Schützen! Die Vielfalt Des Lebens Zelebrieren! Kommt zum CSD!,2025-07-24T16:13:16Z,3582,622,97,PT1M39S,UC9YkSoqkMLb1nOYKAHov8zQ,Die Linke im Bundestag,https://www.youtube.com/watch?v=__Z2Kv0El-Y
AF5MKqRUoPQ,Schonungslose ABRECHNUNG Mit Spahn Und Co.! Linke Tamara Mazzi Spricht KLARTEXT!,2025-07-23T16:00:30Z,5430,784,124,PT4M41S,UC9YkSoqkMLb1nOYKAHov8zQ,Die Linke im Bundestag,https://www.youtube.com/watch?v=AF5MKqRUoPQ
STGMi7ZpGZ8,SO Inkompetent Wie Andi Scheuer! LINKER RECHNET Mit Minister Ab!,2025-07-21T16:00:58Z,5884,622,120,PT4M44S,UC9YkSoqkMLb1nOYKAHov8zQ,Die Linke im Bundestag,https://www.youtube.com/watch?v=STGMi7ZpGZ8
bka6aq9AY3g,LINKE Sahra Mirow Entlarvt Dauer-Versagen! Die CDU Mit Merz Kann Es Nicht!,2025-07-20T16:01:02Z,4366,578,116,PT4M18S,UC9YkSoqkMLb1nOYKAHov8zQ,Die Linke im Bundestag,https://www.youtube.com/watch?v=bka6aq9AY3g
tkK6MtVLpXA,Caren Lay DECKT Abzocke AUF! Dieser Gruppe Gibt Die CDU Unsere Steuern!,2025-07-18T15:59:00Z,11817,1154,176,PT5M5S,UC9YkSoqkMLb1nOYKAHov8zQ,Die Linke im Bundestag,https://www.youtube.com/watch?v=tkK6MtVLpXA
sw2HoYoyd2E,Die ABSURDEN Ideen Des Merz! Die ÄRMSTEN Sollen Das Versagen Ausbaden!,2025-07-17T11:27:16Z,13043,1495,205,PT1M,UC9YkSoqkMLb1nOYKAHov8zQ,Die Linke im Bundestag,https://www.youtube.com/watch?v=sw2HoYoyd2E
gmaIIaFpC0k,LINKE Führt Merz-Pläne Vor! BÜRGER Werden Arm Gehalten!,2025-07-16T15:04:46Z,7468,856,189,PT4M17S,UC9YkSoqkMLb1nOYKAHov8zQ,Die Linke im Bundestag,https://www.youtube.com/watch?v=gmaIIaFpC0k
GgJDcGHoG2s,Finanzexperte ZERFETZT Merz-Haushalt! CDU Plant ABSURDE Steuerverschwendung!,2025-07-15T14:11:29Z,14406,1004,146,PT2M54S,UC9YkSoqkMLb1nOYKAHov8zQ,Die Linke im Bundestag,https://www.youtube.com/watch?v=GgJDcGHoG2s
zAtbn0tRTEM,Einfach ERBÄRMLICH Von Merz & Co.! Menschen Sind KEINE ZIRKUSCLOWNS!,2025-07-15T13:36:38Z,30721,3054,519,PT59S,UC9YkSoqkMLb1nOYKAHov8zQ,Die Linke im Bundestag,https://www.youtube.com/watch?v=zAtbn0tRTEM
fqBDUZABT2A,"KLARTEXT Im Bundestag! SO Stemmen LINKE Sich Gegen Merz, Weidel & Co.!",2025-07-14T13:37:05Z,51792,4215,511,PT2M10S,UC9YkSoqkMLb1nOYKAHov8zQ,Die Linke im Bundestag,https://www.youtube.com/watch?v=fqBDUZABT2A
8jmJ7cRxxzA,Jogginghose Statt PORSCHE Im VATIKAN! Ferat Kocak Bleibt Stabil!,2025-07-13T09:30:08Z,10436,1104,114,PT1M52S,UC9YkSoqkMLb1nOYKAHov8zQ,Die Linke im Bundestag,https://www.youtube.com/watch?v=8jmJ7cRxxzA
R53t_qQnLag,SO VERSAGT Die Merz-Regierung! Rettungskraft Zeigt CDU Die REALITÄT!,2025-07-12T17:00:29Z,12297,1276,162,PT2M32S,UC9YkSoqkMLb1nOYKAHov8zQ,Die Linke im Bundestag,https://www.youtube.com/watch?v=R53t_qQnLag
wcE2O56tTtE,SO Gefährdet Spahn Mit Der CDU Den Rechtsstaat!,2025-07-12T12:35:35Z,13936,1798,176,PT1M44S,UC9YkSoqkMLb1nOYKAHov8zQ,Die Linke im Bundestag,https://www.youtube.com/watch?v=wcE2O56tTtE
1XsyhT1isGY,Heidi Reichinnek Hält WUTREDE! CDU So Inkompetent Wie Trump!,2025-07-11T14:40:24Z,35270,3076,714,PT3M10S,UC9YkSoqkMLb1nOYKAHov8zQ,Die Linke im Bundestag,https://www.youtube.com/watch?v=1XsyhT1isGY
u6Wpp5-1VCo,Rechtsstaat NICHT VERHANDELBAR! Jüngster Bundestagsabgeordneter Spricht Klartext Zu Maja T.!,2025-07-11T06:18:53Z,10900,984,235,PT1M13S,UC9YkSoqkMLb1nOYKAHov8zQ,Die Linke im Bundestag,https://www.youtube.com/watch?v=u6Wpp5-1VCo
93STHG93vHA,Janine Wissler ENTHÜLLT Neue Lobby-Verstrickungen Der CDU! Schlimmer Als Gedacht!,2025-07-10T16:53:58Z,65723,5178,604,PT5M33S,UC9YkSoqkMLb1nOYKAHov8zQ,Die Linke im Bundestag,https://www.youtube.com/watch?v=93STHG93vHA
xcRcmHskY7U,LINKE Aus Jens Spahns Wahlkreis Schlägt ALARM! Umgang Mit Natur BRANDGEFÄHRLICH!,2025-07-10T13:02:57Z,5218,579,78,PT2M58S,UC9YkSoqkMLb1nOYKAHov8zQ,Die Linke im Bundestag,https://www.youtube.com/watch?v=xcRcmHskY7U
eAPpn0_5IzE,Ines Schwerdtner BLAMIERT Die AfD! Ihre Wähler Sollten Das NICHT Wissen!,2025-07-09T17:00:55Z,194967,9720,1422,PT8M18S,UC9YkSoqkMLb1nOYKAHov8zQ,Die Linke im Bundestag,https://www.youtube.com/watch?v=eAPpn0_5IzE
HjZXdziZ0i8,SO SCHLECHT Ist Der Staatshaushalt Durchdacht! Heidi Reichinnek KLÄRT AUF!,2025-07-09T16:46:56Z,15596,1849,170,PT1M26S,UC9YkSoqkMLb1nOYKAHov8zQ,Die Linke im Bundestag,https://www.youtube.com/watch?v=HjZXdziZ0i8
J1Cw5hrnoUA,Heidi Reichinnek ENTLARVT Die HEUCHELEI! Merz & Co. SPRACHLOS!,2025-07-09T12:50:19Z,121931,9115,1555,PT10M33S,UC9YkSoqkMLb1nOYKAHov8zQ,Die Linke im Bundestag,https://www.youtube.com/watch?v=J1Cw5hrnoUA
xTigO_IjEd0,LINKS LIVE Aus Dem Bundestag! 9:00 - 17:30,2025-07-09T11:13:05Z,3551,223,35,PT4H8M58S,UC9YkSoqkMLb1nOYKAHov8zQ,Die Linke im Bundestag,https://www.youtube.com/watch?v=xTigO_IjEd0
QQU6iOdVsfw,Dietmar Bartsch Spricht KLARTEXT! Merz RUINIERT Unseren Wohlstand!,2025-07-08T17:57:43Z,112507,5015,847,PT6M7S,UC9YkSoqkMLb1nOYKAHov8zQ,Die Linke im Bundestag,https://www.youtube.com/watch?v=QQU6iOdVsfw
ugQ6xScgn6w,Ines Schwerdtner DEMONTIERT CDU-Ministerin GNADENLOS! Wohlstandsvernichtung Aufgedeckt!,2025-07-08T13:40:24Z,47068,3843,530,PT4M11S,UC9YkSoqkMLb1nOYKAHov8zQ,Die Linke im Bundestag,https://www.youtube.com/watch?v=ugQ6xScgn6w
0n9z9OSEcSg,SPAHNS Maskenaffäre Aufgedeckt! SO TIEF Ist Der Sumpf Bei CDU/CSU!,2025-07-08T11:30:33Z,9792,1221,98,PT1M21S,UC9YkSoqkMLb1nOYKAHov8zQ,Die Linke im Bundestag,https://www.youtube.com/watch?v=0n9z9OSEcSg
pN5BWsC8kVo,CDU Arbeitet GEGEN BÜRGER! Heidi Reichinnek Deckt UNWÜRDIGES SPEKTAKEL Auf!,2025-07-07T16:57:18Z,18273,1734,369,PT7M16S,UC9YkSoqkMLb1nOYKAHov8zQ,Die Linke im Bundestag,https://www.youtube.com/watch?v=pN5BWsC8kVo
YwYsbA_R7iA,Pressekonferenz DIE LINKE im Bundestag,2025-07-07T12:57:15Z,3782,423,76,PT8M46S,UC9YkSoqkMLb1nOYKAHov8zQ,Die Linke im Bundestag,https://www.youtube.com/watch?v=YwYsbA_R7iA
8tIgT_fFto8,Das Leben Muss Bezahlbar Werden! LINKE Politikerinnen Kämpfen Für Euer Geld!,2025-07-06T16:41:35Z,5617,881,72,PT58S,UC9YkSoqkMLb1nOYKAHov8zQ,Die Linke im Bundestag,https://www.youtube.com/watch?v=8tIgT_fFto8
yW5blRcGA7M,AfD und CDU Erzählen Sündenbock-Märchen! Ferat Kocak Entlarvt Heuchelei!,2025-07-05T13:36:48Z,18003,1415,362,PT3M12S,UC9YkSoqkMLb1nOYKAHov8zQ,Die Linke im Bundestag,https://www.youtube.com/watch?v=yW5blRcGA7M
-mwrSlcInOw,Merz-Regierung Macht Uns Arm! Heidi Reichinnek Spricht KLARTEXT!,2025-07-04T17:20:53Z,11106,1462,363,PT11M18S,UC9YkSoqkMLb1nOYKAHov8zQ,Die Linke im Bundestag,https://www.youtube.com/watch?v=-mwrSlcInOw
jJr5lUFJuqg,Deckel drauf! Mietengipfel der Linksfraktion,2025-07-04T15:27:59Z,6169,478,32,PT4H17M50S,UC9YkSoqkMLb1nOYKAHov8zQ,Die Linke im Bundestag,https://www.youtube.com/watch?v=jJr5lUFJuqg
LTy68NL-v9Q,AfD & CDU Halten Wenig Von Demokratie Und Freiheit!,2025-07-04T07:42:11Z,11477,1244,166,PT56S,UC9YkSoqkMLb1nOYKAHov8zQ,Die Linke im Bundestag,https://www.youtube.com/watch?v=LTy68NL-v9Q
CrFZ_K1bUpg,AfD Völlig Außer Sich! LINKE Stellt Rechsextremisten Bloss!,2025-07-03T15:13:31Z,10523,1324,327,PT5M37S,UC9YkSoqkMLb1nOYKAHov8zQ,Die Linke im Bundestag,https://www.youtube.com/watch?v=CrFZ_K1bUpg
a0WWr5OPVKw,Wir wollen EURE Meinung hören! Kommt zum MIETENGIPFEL in Berlin! (mit @CarenLay1),2025-07-01T12:39:23Z,6426,857,58,PT35S,UC9YkSoqkMLb1nOYKAHov8zQ,Die Linke im Bundestag,https://www.youtube.com/watch?v=a0WWr5OPVKw
2M-lXe-Ndpg,Spahn MUSS Endlich Zurücktreten!,2025-06-28T17:54:16Z,45741,4513,746,PT5M10S,UC9YkSoqkMLb1nOYKAHov8zQ,Die Linke im Bundestag,https://www.youtube.com/watch?v=2M-lXe-Ndpg
uRzWjMeIMn0,Die CDU Ist Kläglich GESCHEITERT!,2025-06-28T13:30:59Z,10212,1590,149,PT1M47S,UC9YkSoqkMLb1nOYKAHov8zQ,Die Linke im Bundestag,https://www.youtube.com/watch?v=uRzWjMeIMn0
WFG9CAKA8xk,"""2,3 Mrd Euro!"" Ines & Ates Nehmen Jens Spahn In Die Mangel!",2025-06-27T11:30:34Z,56238,4078,209,PT1M39S,UC9YkSoqkMLb1nOYKAHov8zQ,Die Linke im Bundestag,https://www.youtube.com/watch?v=WFG9CAKA8xk
aKE2aVPUzuw,Heidi Reichinnek & Sören Pellmann Haben Genug Von Den Machenschaften Der Merz-CDU!,2025-06-27T04:59:45Z,25409,2047,1512,PT7M57S,UC9YkSoqkMLb1nOYKAHov8zQ,Die Linke im Bundestag,https://www.youtube.com/watch?v=aKE2aVPUzuw
Yun5S6PqE_I,Sören Pellmann Spricht KLARTEXT Für Junge Menschen!,2025-06-26T13:15:04Z,5213,845,93,PT1M44S,UC9YkSoqkMLb1nOYKAHov8zQ,Die Linke im Bundestag,https://www.youtube.com/watch?v=Yun5S6PqE_I
jLSHHfOCnKI,Heidi Zeigt Den WAHNSINN Den Merz Anrichtet!,2025-06-26T07:57:03Z,7801,1228,145,PT1M25S,UC9YkSoqkMLb1nOYKAHov8zQ,Die Linke im Bundestag,https://www.youtube.com/watch?v=jLSHHfOCnKI
ngkmjCrFHCs,Spahn-Bericht Ist Eine FRECHHEIT! Heidi Reichinnek Spricht KLARTEXT!,2025-06-25T14:01:20Z,30050,2242,563,PT2M28S,UC9YkSoqkMLb1nOYKAHov8zQ,Die Linke im Bundestag,https://www.youtube.com/watch?v=ngkmjCrFHCs
014mtzeVspE,MERZ Hat Weder Ideen Noch Verantwortung! Linker PELLMANN Hat Genug!,2025-06-25T06:00:01Z,6251,595,45,PT49S,UC9YkSoqkMLb1nOYKAHov8zQ,Die Linke im Bundestag,https://www.youtube.com/watch?v=014mtzeVspE
k_EUDPIQY1E,SO DREIST Ist Jens Spahn! Heidi Reichinnek Platzt Der Kragen!,2025-06-24T16:59:07Z,51924,3875,320,PT1M9S,UC9YkSoqkMLb1nOYKAHov8zQ,Die Linke im Bundestag,https://www.youtube.com/watch?v=k_EUDPIQY1E
vFnL99NYFfM,RECHTSEXTREME Bekämpfen Fahnen! CDU Macht Sich Mitschuldig!,2025-06-23T15:40:49Z,2131,396,127,PT2M9S,UC9YkSoqkMLb1nOYKAHov8zQ,Die Linke im Bundestag,https://www.youtube.com/watch?v=vFnL99NYFfM
aSCSPMbKpmE,Wer Macht Die DRECKSARBEIT Für Rechtsextreme Im Bundestag?,2025-06-23T06:48:24Z,6192,725,87,PT1M9S,UC9YkSoqkMLb1nOYKAHov8zQ,Die Linke im Bundestag,https://www.youtube.com/watch?v=aSCSPMbKpmE
HBOvIozfwss,DEMOKRATIE Vor Musk Und Co. Verteidigen! Keine ERBENREGIERUNG!,2025-06-22T07:00:28Z,4184,852,65,PT1M24S,UC9YkSoqkMLb1nOYKAHov8zQ,Die Linke im Bundestag,https://www.youtube.com/watch?v=HBOvIozfwss
rasTq6rM0u0,SCHLUSS Mit Vorteilen Für Wenige! Gleiche CHANCEN Für Alle!,2025-06-21T07:00:54Z,6287,1084,81,PT1M6S,UC9YkSoqkMLb1nOYKAHov8zQ,Die Linke im Bundestag,https://www.youtube.com/watch?v=rasTq6rM0u0
NQJ9hRBeQA0,AfD Schäumt Vor Wut! Linken-Politikerin Stellt Ihre AHNUNGSLOSIGKEIT Bloß!,2025-06-20T10:19:59Z,11068,1063,169,PT3M21S,UC9YkSoqkMLb1nOYKAHov8zQ,Die Linke im Bundestag,https://www.youtube.com/watch?v=NQJ9hRBeQA0
Lw7dnOCXWn0,Politisches VERSAGEN Bei Geflüchteten! Klartext Von Clara Bünger!,2025-06-20T08:32:09Z,4014,692,88,PT1M9S,UC9YkSoqkMLb1nOYKAHov8zQ,Die Linke im Bundestag,https://www.youtube.com/watch?v=Lw7dnOCXWn0
pvNkpkGbfGk,Forscherin Deckt Organisierten Wohlstandsverlust auf!,2025-06-18T13:25:25Z,7755,1193,115,PT1M5S,UC9YkSoqkMLb1nOYKAHov8zQ,Die Linke im Bundestag,https://www.youtube.com/watch?v=pvNkpkGbfGk
JlcJxiR0BPw,Das Wollen RECHTE Vertuschen! EXPERTIN Deckt Täuschung AUF!,2025-06-17T16:35:33Z,8219,1464,400,PT4M12S,UC9YkSoqkMLb1nOYKAHov8zQ,Die Linke im Bundestag,https://www.youtube.com/watch?v=JlcJxiR0BPw
iVoHO4KaHdk,Heidi Reichinnek Deckt Auf! DAS Hat Merz Jetzt Gegen Unsere Kinder Vor!,2025-06-17T10:05:08Z,23012,3227,594,PT5M54S,UC9YkSoqkMLb1nOYKAHov8zQ,Die Linke im Bundestag,https://www.youtube.com/watch?v=iVoHO4KaHdk
WGtnQWzUqNw,Linker Sören Pellmann Deckt MERZ-PLAN Auf! IRRE Politik Gegen Uns Alle!,2025-06-16T12:45:04Z,7169,707,108,PT5M13S,UC9YkSoqkMLb1nOYKAHov8zQ,Die Linke im Bundestag,https://www.youtube.com/watch?v=WGtnQWzUqNw
juRkrlDsIZg,Gegen TRUMP-IRRSINN in Deutschland! Jan Van Aken VERTEIDIGT DEMOKRATIE!,2025-06-14T10:23:11Z,12986,1276,111,PT59S,UC9YkSoqkMLb1nOYKAHov8zQ,Die Linke im Bundestag,https://www.youtube.com/watch?v=juRkrlDsIZg
0MxV0RCSvMA,Jüngster Abgeordneter Hat Genug! Die JUGEND lässt sich nicht VERHEIZEN!,2025-06-12T17:30:00Z,55637,2798,511,PT2M24S,UC9YkSoqkMLb1nOYKAHov8zQ,Die Linke im Bundestag,https://www.youtube.com/watch?v=0MxV0RCSvMA
jOegfViN-ec,Massiver WOHLSTANDSVERLUST Steht Bevor! LINKER ENTLARVT Dieses Vorhaben der GROKO!,2025-06-12T12:48:15Z,11382,1156,266,PT3M22S,UC9YkSoqkMLb1nOYKAHov8zQ,Die Linke im Bundestag,https://www.youtube.com/watch?v=jOegfViN-ec
n_DySaQsPus,ABGEORDNETE komplett AHNUNGSLOS! LINKER Spricht Klartext!,2025-06-11T16:38:05Z,14901,1797,423,PT3M28S,UC9YkSoqkMLb1nOYKAHov8zQ,Die Linke im Bundestag,https://www.youtube.com/watch?v=n_DySaQsPus
fhiBI8t14zA,Jan Van Aken Hat Genug Und Prangert FEIGHEIT Der Groko An!,2025-06-08T15:56:35Z,12433,1499,300,PT3M21S,UC9YkSoqkMLb1nOYKAHov8zQ,Die Linke im Bundestag,https://www.youtube.com/watch?v=fhiBI8t14zA
K0eLp8rFeqM,Abgeordnete ERHÖHEN sich GEHALT um mehr als Bürgergeld-Regelsatz,2025-06-06T09:55:00Z,36341,2404,193,PT1M17S,UC9YkSoqkMLb1nOYKAHov8zQ,Die Linke im Bundestag,https://www.youtube.com/watch?v=K0eLp8rFeqM
EI2n6Mb9YXM,WIEDER 600€ Mehr Für Politiker! Jan van Aken Reagiert Mit WUTREDE!,2025-06-06T06:45:01Z,61050,3469,973,PT1M22S,UC9YkSoqkMLb1nOYKAHov8zQ,Die Linke im Bundestag,https://www.youtube.com/watch?v=EI2n6Mb9YXM
bRdGqhAzWs4,Schluss mit der VERACHTUNG gegenüber arbeitenden Menschen!,2025-06-05T11:39:51Z,11107,1516,105,PT1M35S,UC9YkSoqkMLb1nOYKAHov8zQ,Die Linke im Bundestag,https://www.youtube.com/watch?v=bRdGqhAzWs4
OaqqGJa_Ucs,Gregor Gysi: Machen wir es wie in BELGIEN und LUXEMBURG!,2025-06-05T09:30:13Z,19471,984,39,PT34S,UC9YkSoqkMLb1nOYKAHov8zQ,Die Linke im Bundestag,https://www.youtube.com/watch?v=OaqqGJa_Ucs
g8Gac6muoiM,Diese Regierung BRICHT DAS GESETZ,2025-06-04T15:30:21Z,6766,977,89,PT1M16S,UC9YkSoqkMLb1nOYKAHov8zQ,Die Linke im Bundestag,https://www.youtube.com/watch?v=g8Gac6muoiM
SltC-ga9-NI,Linken-Politikerin Caren Lay Deckt DOPPELMORAL Der Regierung Auf!,2025-06-04T12:30:36Z,3820,551,78,PT3M37S,UC9YkSoqkMLb1nOYKAHov8zQ,Die Linke im Bundestag,https://www.youtube.com/watch?v=SltC-ga9-NI
4IPWIXR2WuE,„Schauen Sie den Menschen IN DIE AUGEN!“,2025-06-04T12:13:24Z,12454,2045,312,PT1M29S,UC9YkSoqkMLb1nOYKAHov8zQ,Die Linke im Bundestag,https://www.youtube.com/watch?v=4IPWIXR2WuE
fGdVFc5wc2g,SCHAMLOS: POLITIKER-GEHÄLTER sollen weiter STEIGEN!,2025-06-03T17:17:44Z,7276,921,69,PT1M14S,UC9YkSoqkMLb1nOYKAHov8zQ,Die Linke im Bundestag,https://www.youtube.com/watch?v=fGdVFc5wc2g
4NnMrLGhRts,Politiker-Gehälter Sollen WIEDER Steigen! Heidi Und Sören Sprechen KLARTEXT!,2025-06-03T15:17:41Z,18784,2287,725,PT9M41S,UC9YkSoqkMLb1nOYKAHov8zQ,Die Linke im Bundestag,https://www.youtube.com/watch?v=4NnMrLGhRts
FInQNYBV90U,Forstwirt Marcel Bauer STELLT AfD BLOSS Und Zeigt Was LANDWIRTE Wirklich Brauchen!,2025-05-28T12:30:33Z,13999,1611,415,PT5M6S,UC9YkSoqkMLb1nOYKAHov8zQ,Die Linke im Bundestag,https://www.youtube.com/watch?v=FInQNYBV90U
P72a1ZBF9Ns,AfD Hat Keine Ahnung Von ATOMKRAFT! Geniale REDE Von Linken-Politikerin Mareike Hermeier!,2025-05-27T10:09:26Z,27067,2112,589,PT3M50S,UC9YkSoqkMLb1nOYKAHov8zQ,Die Linke im Bundestag,https://www.youtube.com/watch?v=P72a1ZBF9Ns
TB5ysSwXU7Q,Linke Entlarvt CDU IRREFÜHRUNG!,2025-05-25T12:18:28Z,5058,644,43,PT55S,UC9YkSoqkMLb1nOYKAHov8zQ,Die Linke im Bundestag,https://www.youtube.com/watch?v=TB5ysSwXU7Q
PsJaHjkMN8I,"Städte BLUTEN AUS, REGIERUNG Guckt Weg! Linker SPRICHT KLARTEXT!",2025-05-24T18:15:05Z,3838,641,48,PT1M8S,UC9YkSoqkMLb1nOYKAHov8zQ,Die Linke im Bundestag,https://www.youtube.com/watch?v=PsJaHjkMN8I
Q7oPyrD3qOg,CDU Gegen Rechtsstaat! Linke FÜHRT Immobilienverteter VOR!,2025-05-24T11:16:08Z,5192,545,44,PT57S,UC9YkSoqkMLb1nOYKAHov8zQ,Die Linke im Bundestag,https://www.youtube.com/watch?v=Q7oPyrD3qOg
XXqWeCtyo2c,Märchenstunde Aufgedeckt! Linken-Politikerin Caren Lay Reagiert Auf CDU!,2025-05-23T12:06:40Z,4079,647,105,PT2M45S,UC9YkSoqkMLb1nOYKAHov8zQ,Die Linke im Bundestag,https://www.youtube.com/watch?v=XXqWeCtyo2c
yQWNhZ_yE4c,"""Sie würden den Einbürgeruntstest nicht bestehen!"" FERAT KOCAK blamiert AfD",2025-05-23T10:15:12Z,5298,808,46,PT1M21S,UC9YkSoqkMLb1nOYKAHov8zQ,Die Linke im Bundestag,https://www.youtube.com/watch?v=yQWNhZ_yE4c
vLRm6p5rlbg,Linker TREIBT AfD Zur WEISSGLUT! Ferat Kocak NIMMT Sie AUSEINANDER!,2025-05-22T16:29:19Z,74267,4368,913,PT3M24S,UC9YkSoqkMLb1nOYKAHov8zQ,Die Linke im Bundestag,https://www.youtube.com/watch?v=vLRm6p5rlbg
SuHGyXSqXbs,CDU TOBT Als Linken-Politikerin Sie Vorführt! Janine Wissler Hält WUTREDE!,2025-05-22T11:05:58Z,112668,9509,1247,PT6M29S,UC9YkSoqkMLb1nOYKAHov8zQ,Die Linke im Bundestag,https://www.youtube.com/watch?v=SuHGyXSqXbs
1soSbPtBNlA,Armut durch Miete? Schluss damit!,2025-05-21T19:36:29Z,3132,516,43,PT1M50S,UC9YkSoqkMLb1nOYKAHov8zQ,Die Linke im Bundestag,https://www.youtube.com/watch?v=1soSbPtBNlA
S07avAKac-E,"Heidi Reichinnek Spricht KLARTEXT! ""Wir Stoppen Die AfD!""",2025-05-20T16:17:11Z,8652,967,701,PT16M4S,UC9YkSoqkMLb1nOYKAHov8zQ,Die Linke im Bundestag,https://www.youtube.com/watch?v=S07avAKac-E
xngcn5W5vvA,SO KORRUPT ist die Merz-Regierung - LINKE DECKT Unfassbares Verhalten Von Minister AUF!,2025-05-20T09:12:20Z,23730,1656,257,PT2M10S,UC9YkSoqkMLb1nOYKAHov8zQ,Die Linke im Bundestag,https://www.youtube.com/watch?v=xngcn5W5vvA
VVTsoGUway0,LINKE entlarvt die ARROGANZ von Friedrich Merz - Cansin Köktürk HAT GENUG!,2025-05-19T16:30:05Z,34468,2551,451,PT2M52S,UC9YkSoqkMLb1nOYKAHov8zQ,Die Linke im Bundestag,https://www.youtube.com/watch?v=VVTsoGUway0
s7T5q1o8O-I,Linken Politiker ZERREISST CDU-Pläne! Jens Spahn Bloßgestellt!,2025-05-19T12:50:04Z,8130,1080,203,PT5M52S,UC9YkSoqkMLb1nOYKAHov8zQ,Die Linke im Bundestag,https://www.youtube.com/watch?v=s7T5q1o8O-I
Kx3GH5udgMw,ERSTE REDE Von Charlotte Neuhäuser im Bundestag mit KLARER ANSAGE!,2025-05-18T12:52:49Z,7754,899,156,PT3M6S,UC9YkSoqkMLb1nOYKAHov8zQ,Die Linke im Bundestag,https://www.youtube.com/watch?v=Kx3GH5udgMw
JhMNj347ihA,Wer wirklich verliert: Ines Schwerdtner entlarvt rechte Wirtschaftsideologie,2025-05-18T09:07:46Z,4201,530,49,PT38S,UC9YkSoqkMLb1nOYKAHov8zQ,Die Linke im Bundestag,https://www.youtube.com/watch?v=JhMNj347ihA
zbapZys-l8I,Merz Verhöhnt Arbeiter - Anne Zerr Platzt Der Kragen!,2025-05-16T17:00:10Z,64681,2771,536,PT3M28S,UC9YkSoqkMLb1nOYKAHov8zQ,Die Linke im Bundestag,https://www.youtube.com/watch?v=zbapZys-l8I
UWTrIioD7Lk,Echte Krankenschwester Im Bundestag: Julia Stange Sagt ENDLICH Was Gesagt Werden Muss!,2025-05-16T12:15:05Z,9805,1001,113,PT2M24S,UC9YkSoqkMLb1nOYKAHov8zQ,Die Linke im Bundestag,https://www.youtube.com/watch?v=UWTrIioD7Lk
hg_nNRy34Tk,Stella Merendino PACKT AUS: Arbeitsalltag in der PFLEGE KAUM ERTRÄGLICH!,2025-05-15T17:50:58Z,82429,4242,588,PT2M41S,UC9YkSoqkMLb1nOYKAHov8zQ,Die Linke im Bundestag,https://www.youtube.com/watch?v=hg_nNRy34Tk
rIIxGJYKZCs,Katastrophale Zustände - Pflegekraft im Bundestag packt aus!,2025-05-15T17:24:28Z,14158,1095,47,PT1M3S,UC9YkSoqkMLb1nOYKAHov8zQ,Die Linke im Bundestag,https://www.youtube.com/watch?v=rIIxGJYKZCs
ZVwnwlo316s,Ines Schwerdtner BLAMIERT Jens Spahn und spricht KLARTEXT,2025-05-15T13:15:54Z,70323,5679,650,PT3M39S,UC9YkSoqkMLb1nOYKAHov8zQ,Die Linke im Bundestag,https://www.youtube.com/watch?v=ZVwnwlo316s
bL-HutWQGvI,Heidi Reichinnek DREHT Merz AUF LINKS,2025-05-14T18:59:47Z,35539,2971,859,PT9M1S,UC9YkSoqkMLb1nOYKAHov8zQ,Die Linke im Bundestag,https://www.youtube.com/watch?v=bL-HutWQGvI
BUeAX_Il7z4,Sören Pellmann Hat Genug - GroKo VERGISST Ostdeutschland!,2025-05-14T16:29:37Z,2581,357,62,PT6M23S,UC9YkSoqkMLb1nOYKAHov8zQ,Die Linke im Bundestag,https://www.youtube.com/watch?v=BUeAX_Il7z4
850Nqxxj_uc,SO linksradikal ist Heidi REICHINNEK,2025-05-13T18:41:02Z,7674,1372,153,PT1M5S,UC9YkSoqkMLb1nOYKAHov8zQ,Die Linke im Bundestag,https://www.youtube.com/watch?v=850Nqxxj_uc
LCxSrEgwy2E,Heidi Reichinnek Und Sören Pellmann RECHNEN Mit Der GroKo AB!,2025-05-13T15:49:44Z,6809,671,296,PT17M42S,UC9YkSoqkMLb1nOYKAHov8zQ,Die Linke im Bundestag,https://www.youtube.com/watch?v=LCxSrEgwy2E
OW1c7cdI5pA,Sören PELLMANN rechnet mit RECHTSEXTREMEN ab,2025-05-10T17:24:06Z,3091,324,66,PT15M32S,UC9YkSoqkMLb1nOYKAHov8zQ,Die Linke im Bundestag,https://www.youtube.com/watch?v=OW1c7cdI5pA
z1HWpw_9nTI,HEIDI Reichinnek entlarvt den KAPITALISMUS,2025-05-10T08:49:19Z,2436,271,145,PT13M59S,UC9YkSoqkMLb1nOYKAHov8zQ,Die Linke im Bundestag,https://www.youtube.com/watch?v=z1HWpw_9nTI
hgLAzl3iueI,Nach Merz-Blamage! Linken-Politiker ENTLARVT Lügen Der AfD!,2025-05-08T16:22:13Z,6444,443,100,PT3M2S,UC9YkSoqkMLb1nOYKAHov8zQ,Die Linke im Bundestag,https://www.youtube.com/watch?v=hgLAzl3iueI
tl8ibD5q3W4,Merz VERSAGT von Beginn,2025-05-07T09:08:38Z,3985,643,44,PT1M29S,UC9YkSoqkMLb1nOYKAHov8zQ,Die Linke im Bundestag,https://www.youtube.com/watch?v=tl8ibD5q3W4
_nLBJvToETA,"""Das ist eine RESTERAMPE Koalition!"" Heidi, Sören & Ines zur Schlappe von Merz!",2025-05-06T19:27:27Z,18849,1161,331,PT5M32S,UC9YkSoqkMLb1nOYKAHov8zQ,Die Linke im Bundestag,https://www.youtube.com/watch?v=_nLBJvToETA
iu9tA_Png0I,SO peinlich wird die nächste REGIERUNG,2025-05-06T08:07:31Z,4697,883,48,PT1M14S,UC9YkSoqkMLb1nOYKAHov8zQ,Die Linke im Bundestag,https://www.youtube.com/watch?v=iu9tA_Png0I
RWP3ZGdON0Y,#1Mai – Wir stehen an eurer Seite!,2025-05-01T12:48:07Z,1895,204,22,PT1M22S,UC9YkSoqkMLb1nOYKAHov8zQ,Die Linke im Bundestag,https://www.youtube.com/watch?v=RWP3ZGdON0Y
lrTEIebd47g,So EGAL ist ARMUT für CDU & SPD,2025-04-29T13:39:54Z,7188,1032,106,PT1M29S,UC9YkSoqkMLb1nOYKAHov8zQ,Die Linke im Bundestag,https://www.youtube.com/watch?v=lrTEIebd47g
-gx68rrWUuo,Wir wollen eine Zukunft ohne ALTERSARMUT!,2025-04-11T05:15:00Z,3100,412,45,PT32S,UC9YkSoqkMLb1nOYKAHov8zQ,Die Linke im Bundestag,https://www.youtube.com/watch?v=-gx68rrWUuo
fFdQzFbwN_M,Bayerns Prioritäten-FAIL: Raumfahrt wichtiger als KINDER?,2025-04-10T16:30:13Z,5249,400,40,PT24S,UC9YkSoqkMLb1nOYKAHov8zQ,Die Linke im Bundestag,https://www.youtube.com/watch?v=fFdQzFbwN_M
Zsh7N7PaJx8,Militarisierung & SOZIALABBAU ebnen Weg für Rechts!,2025-04-10T12:15:03Z,1187,179,9,PT1M5S,UC9YkSoqkMLb1nOYKAHov8zQ,Die Linke im Bundestag,https://www.youtube.com/watch?v=Zsh7N7PaJx8
vwwdolI8ing,Rechte bekämpft man mit einer guten SOZIALPOLITIK,2025-04-10T05:30:20Z,4513,291,26,PT23S,UC9YkSoqkMLb1nOYKAHov8zQ,Die Linke im Bundestag,https://www.youtube.com/watch?v=vwwdolI8ing
ctxkjDU17j8,MIETPREISBREMSE – alles nur Kosmetik?,2025-04-09T18:30:34Z,2172,237,16,PT19S,UC9YkSoqkMLb1nOYKAHov8zQ,Die Linke im Bundestag,https://www.youtube.com/watch?v=ctxkjDU17j8
COP6n-g_lHs,"Koalitionsvertrag von CDU, CSU & SPD: Die Menschen verdienen etwas Besseres! (Pressestatement)",2025-04-09T15:46:53Z,14692,1056,202,PT15M51S,UC9YkSoqkMLb1nOYKAHov8zQ,Die Linke im Bundestag,https://www.youtube.com/watch?v=COP6n-g_lHs
9Wj3Js7NIBY,Kubicki OHNE CHANCE gegen Heidi Reichinnek,2025-04-09T09:24:59Z,17722,1033,147,PT54S,UC9YkSoqkMLb1nOYKAHov8zQ,Die Linke im Bundestag,https://www.youtube.com/watch?v=9Wj3Js7NIBY
fV-9tdgDD3o,Was Spanien besser kann,2025-04-04T18:22:23Z,4058,142,14,PT1M35S,UC9YkSoqkMLb1nOYKAHov8zQ,Die Linke im Bundestag,https://www.youtube.com/watch?v=fV-9tdgDD3o
VZH4DYVSJLw,Kindheitstraum Bundestag,2025-04-03T11:58:46Z,3307,248,15,PT58S,UC9YkSoqkMLb1nOYKAHov8zQ,Die Linke im Bundestag,https://www.youtube.com/watch?v=VZH4DYVSJLw
8hCPFcc0pds,Starke Stimme für Gerechtigkeit im Bundestag: Ferat Koçak,2025-04-01T14:00:09Z,2846,227,36,PT1M10S,UC9YkSoqkMLb1nOYKAHov8zQ,Die Linke im Bundestag,https://www.youtube.com/watch?v=8hCPFcc0pds
emqjFzBMD9s,Pressekonferenz Die Linke im Bundestag,2025-03-29T00:04:18Z,2934,326,56,PT30M25S,UC9YkSoqkMLb1nOYKAHov8zQ,Die Linke im Bundestag,https://www.youtube.com/watch?v=emqjFzBMD9s
TEUOWwhf2PM,So senkst du die MIETE | Bald auch in deiner Stadt | Die Linke,2025-03-28T12:45:37Z,1029,141,13,PT47S,UC9YkSoqkMLb1nOYKAHov8zQ,Die Linke im Bundestag,https://www.youtube.com/watch?v=TEUOWwhf2PM
Uis8tC6vGww,Nahe bei den Menschen im Bundestag: Cansın Köktürk | Die Linke,2025-03-27T13:16:39Z,3769,240,38,PT49S,UC9YkSoqkMLb1nOYKAHov8zQ,Die Linke im Bundestag,https://www.youtube.com/watch?v=Uis8tC6vGww
ObhaEtGipAg,WIR sind hier für EUCH: Die Linke im Bundestag,2025-03-26T17:47:38Z,6640,609,153,PT1M35S,UC9YkSoqkMLb1nOYKAHov8zQ,Die Linke im Bundestag,https://www.youtube.com/watch?v=ObhaEtGipAg
kNKvTq8kpzI,Bodenständig trotz Bundestag: Stella Merendino | Die Linke,2025-03-26T11:49:09Z,2426,235,24,PT42S,UC9YkSoqkMLb1nOYKAHov8zQ,Die Linke im Bundestag,https://www.youtube.com/watch?v=kNKvTq8kpzI
f5fLe4uAH0k,Es ist so weit: wir sind zurück mit neuer Stärke!,2025-03-25T18:03:50Z,1700,269,24,PT57S,UC9YkSoqkMLb1nOYKAHov8zQ,Die Linke im Bundestag,https://www.youtube.com/watch?v=f5fLe4uAH0k
sCHf-MxPNTg,Gregor Gysis Rede als Alterspräsident,2025-03-25T11:41:13Z,4564,287,50,PT37M5S,UC9YkSoqkMLb1nOYKAHov8zQ,Die Linke im Bundestag,https://www.youtube.com/watch?v=sCHf-MxPNTg
YsaP1GHYM_E,"Heidi Reichinnek: hart zu den Reichen, fair zu den Armen",2025-03-24T21:42:36Z,43097,1011,296,PT1M12S,UC9YkSoqkMLb1nOYKAHov8zQ,Die Linke im Bundestag,https://www.youtube.com/watch?v=YsaP1GHYM_E
g05w_SbteaM,Die Linke im Bundestag: Unsere ersten Aufgaben der Wahlperiode,2025-03-24T15:19:52Z,1949,231,34,PT8M59S,UC9YkSoqkMLb1nOYKAHov8zQ,Die Linke im Bundestag,https://www.youtube.com/watch?v=g05w_SbteaM
TJfCtqISXOM,Bundestag beschließt Militarisierung - Sozialkürzungen stehen bevor,2025-03-19T15:10:57Z,940,151,20,PT2M30S,UC9YkSoqkMLb1nOYKAHov8zQ,Die Linke im Bundestag,https://www.youtube.com/watch?v=TJfCtqISXOM
_hR76V2BDwY,Nein zum gigantischen Aufrüstungsblankoscheck!,2025-03-19T09:32:03Z,1357,239,49,PT7M39S,UC9YkSoqkMLb1nOYKAHov8zQ,Die Linke im Bundestag,https://www.youtube.com/watch?v=_hR76V2BDwY
ju7NuKSjbsE,Junge Abgeordnete fassungslos über Merz' Schuldendeal,2025-03-18T06:00:35Z,1341,215,28,PT1M24S,UC9YkSoqkMLb1nOYKAHov8zQ,Die Linke im Bundestag,https://www.youtube.com/watch?v=ju7NuKSjbsE
Bp1PN92-xGo,"Finanzpaket von Union, SPD und Grünen; Einberufung des Bundestages",2025-03-17T15:20:08Z,4722,316,99,PT10M31S,UC9YkSoqkMLb1nOYKAHov8zQ,Die Linke im Bundestag,https://www.youtube.com/watch?v=Bp1PN92-xGo
O_mH4AGjUQ0,Grundgesetzänderung wird durchgepeitscht - kein Comeback des grünen Rückgrats,2025-03-14T17:13:13Z,3357,305,58,PT4M27S,UC9YkSoqkMLb1nOYKAHov8zQ,Die Linke im Bundestag,https://www.youtube.com/watch?v=O_mH4AGjUQ0
6TrEaxHoFho,Grenzenlose Militarisierung auf Kosten von Alltagsproblemen,2025-03-13T19:10:28Z,1452,258,20,PT1M47S,UC9YkSoqkMLb1nOYKAHov8zQ,Die Linke im Bundestag,https://www.youtube.com/watch?v=6TrEaxHoFho
5_HWsYZPu4Y,Heidi Reichinnek übersetzt das Sondierungspapier - Heute: Rente,2025-03-13T09:21:22Z,1063,213,21,PT2M59S,UC9YkSoqkMLb1nOYKAHov8zQ,Die Linke im Bundestag,https://www.youtube.com/watch?v=5_HWsYZPu4Y
pnbUvAhWaek,Kein Respekt vor dem Wahlergebnis!,2025-03-12T18:23:41Z,1191,139,26,PT1M11S,UC9YkSoqkMLb1nOYKAHov8zQ,Die Linke im Bundestag,https://www.youtube.com/watch?v=pnbUvAhWaek
jbmyzo-I5-Y,Wofür dann überhaupt WÄHLEN?,2025-03-12T15:04:45Z,2278,402,48,PT6M34S,UC9YkSoqkMLb1nOYKAHov8zQ,Die Linke im Bundestag,https://www.youtube.com/watch?v=jbmyzo-I5-Y
x0ceI3r37vw,Regierung unter Merz: schon jetzt Totalausfall für Mieterinnen und Mieter,2025-03-11T07:22:05Z,1228,249,22,PT57S,UC9YkSoqkMLb1nOYKAHov8zQ,Die Linke im Bundestag,https://www.youtube.com/watch?v=x0ceI3r37vw
QZTN0djBDKo,"Sind Miete, Preise und Wahlen der neuen Regierung egal?",2025-03-10T18:02:49Z,957,101,7,PT1M2S,UC9YkSoqkMLb1nOYKAHov8zQ,Die Linke im Bundestag,https://www.youtube.com/watch?v=QZTN0djBDKo
LHBObdAOHb0,Die Linke im Bundestag klagt gegen die Sondersitzungen,2025-03-10T15:34:12Z,7418,721,117,PT10M53S,UC9YkSoqkMLb1nOYKAHov8zQ,Die Linke im Bundestag,https://www.youtube.com/watch?v=LHBObdAOHb0
ZCQZ4TzNpso,Alltagssorgen sind CDU und SPD egal,2025-03-10T09:28:00Z,2403,263,29,PT21S,UC9YkSoqkMLb1nOYKAHov8zQ,Die Linke im Bundestag,https://www.youtube.com/watch?v=ZCQZ4TzNpso
BHE02Y_EPAo,Unglaublich: 30 Jahren Stillstand bei Frauenrechten!,2025-03-07T17:57:04Z,535,98,12,PT1M52S,UC9YkSoqkMLb1nOYKAHov8zQ,Die Linke im Bundestag,https://www.youtube.com/watch?v=BHE02Y_EPAo
MgladDDj0E0,Pressestatement: die Schuldenbremse muss weg!,2025-03-05T16:09:25Z,2109,279,58,PT8M2S,UC9YkSoqkMLb1nOYKAHov8zQ,Die Linke im Bundestag,https://www.youtube.com/watch?v=MgladDDj0E0
tHsEjUMM5r4,CDU lügt jahrzehntelang,2025-03-05T15:44:03Z,650,157,11,PT1M15S,UC9YkSoqkMLb1nOYKAHov8zQ,Die Linke im Bundestag,https://www.youtube.com/watch?v=tHsEjUMM5r4
V23TO1Zrc38,Mit 551 Fragen setzt die #CDU zahlreiche antifaschistische Organisationen unter Druck.,2025-02-28T14:25:43Z,921,128,20,PT1M38S,UC9YkSoqkMLb1nOYKAHov8zQ,Die Linke im Bundestag,https://www.youtube.com/watch?v=V23TO1Zrc38
jKMyueZh6jE,"Die neuen Abgeordneten der Fraktion Die Linke: jünger, weiblicher und an eurer Seite, wie immer!",2025-02-27T15:38:01Z,1594,287,35,PT58S,UC9YkSoqkMLb1nOYKAHov8zQ,Die Linke im Bundestag,https://www.youtube.com/watch?v=jKMyueZh6jE
Od4f8osJMD0,Wir sind wieder Fraktion!,2025-02-25T14:33:33Z,22534,2101,293,PT14M6S,UC9YkSoqkMLb1nOYKAHov8zQ,Die Linke im Bundestag,https://www.youtube.com/watch?v=Od4f8osJMD0
RzL6JAFN5fo,Die schlechte Bilanz der „Fortschrittskoalition“,2025-02-11T11:59:41Z,3129,404,62,PT8M7S,UC9YkSoqkMLb1nOYKAHov8zQ,Die Linke im Bundestag,https://www.youtube.com/watch?v=RzL6JAFN5fo
iRfdvForETY,"Letzte Sitzungswoche, bezahlbares Leben, Gruppen-Initiativen, Frauenrechte",2025-02-10T14:44:02Z,1314,187,27,PT10M20S,UC9YkSoqkMLb1nOYKAHov8zQ,Die Linke im Bundestag,https://www.youtube.com/watch?v=iRfdvForETY
qJcDZ8lbp8g,Das Ende von Friedrich Merz?,2025-01-31T19:20:43Z,2358,294,23,PT4M19S,UC9YkSoqkMLb1nOYKAHov8zQ,Die Linke im Bundestag,https://www.youtube.com/watch?v=qJcDZ8lbp8g
8ueu_v2XzNw,Wirtschaftspolitik: Habeck vs. Görke,2025-01-30T18:43:01Z,4201,110,7,PT58S,UC9YkSoqkMLb1nOYKAHov8zQ,Die Linke im Bundestag,https://www.youtube.com/watch?v=8ueu_v2XzNw
Bq65B6_SwqE,"Dammbruch im Bundestag, CDU-Antrag mit AfD-Unterstützung",2025-01-30T11:07:58Z,351,64,6,PT5M31S,UC9YkSoqkMLb1nOYKAHov8zQ,Die Linke im Bundestag,https://www.youtube.com/watch?v=Bq65B6_SwqE
icvKyL24LrA,"Trump 2.0, AfD-Verbot, Mietwucher-App, Arbeitskampf",2025-01-28T15:27:17Z,461,51,15,PT5M16S,UC9YkSoqkMLb1nOYKAHov8zQ,Die Linke im Bundestag,https://www.youtube.com/watch?v=icvKyL24LrA
861jUcn884w,Natürlich machen wir auf jede Miete einen Deckel,2025-01-22T08:27:44Z,903,103,11,PT53S,UC9YkSoqkMLb1nOYKAHov8zQ,Die Linke im Bundestag,https://www.youtube.com/watch?v=861jUcn884w
zW49cvk0wUc,Ungleich Vereint,2025-01-12T12:16:09Z,303,30,1,PT1M15S,UC9YkSoqkMLb1nOYKAHov8zQ,Die Linke im Bundestag,https://www.youtube.com/watch?v=zW49cvk0wUc
sRs4yYe3bx4,Eine friedliche Welt ist möglich,2025-01-10T11:39:49Z,695,57,6,PT40S,UC9YkSoqkMLb1nOYKAHov8zQ,Die Linke im Bundestag,https://www.youtube.com/watch?v=sRs4yYe3bx4
glbU8PsCs1I,Allgemeine Weihnachtsbotschaft - nicht mit Gregor Gysi,2024-12-23T16:01:06Z,3254,278,18,PT1M18S,UC9YkSoqkMLb1nOYKAHov8zQ,Die Linke im Bundestag,https://www.youtube.com/watch?v=glbU8PsCs1I
FUFDqyfzTzY,"Mindestlohn, Tarifbindung, Mitbestimmung: Die Ampel versagt - Zeit für echte Lösungen!",2024-12-20T12:22:10Z,699,58,3,PT1M,UC9YkSoqkMLb1nOYKAHov8zQ,Die Linke im Bundestag,https://www.youtube.com/watch?v=FUFDqyfzTzY
UfQ7V9pMnVE,Weg mit GEAS!,2024-12-18T11:50:49Z,2384,208,20,PT1M56S,UC9YkSoqkMLb1nOYKAHov8zQ,Die Linke im Bundestag,https://www.youtube.com/watch?v=UfQ7V9pMnVE
ya4GnOS1b4k,"Neuwahlen, Verteilungsreport 2024, Härtefallfonds, Mietwucher",2024-12-17T14:42:57Z,285,39,4,PT7M3S,UC9YkSoqkMLb1nOYKAHov8zQ,Die Linke im Bundestag,https://www.youtube.com/watch?v=ya4GnOS1b4k
jUEpccVT4As,Gregor Gysi in der Sendung Hart aber Fair,2024-12-17T14:35:46Z,22696,829,32,PT1M41S,UC9YkSoqkMLb1nOYKAHov8zQ,Die Linke im Bundestag,https://www.youtube.com/watch?v=jUEpccVT4As
IiLu7xvTyEU,Olaf Scholz: Kanzler der gebrochenen Verbrechen,2024-12-17T08:54:56Z,668,38,8,PT1M52S,UC9YkSoqkMLb1nOYKAHov8zQ,Die Linke im Bundestag,https://www.youtube.com/watch?v=IiLu7xvTyEU
uWtI-fs1xxI,Vertrauensfrage des Bundeskanzlers im Bundestag,2024-12-16T13:12:53Z,598,56,9,PT7M4S,UC9YkSoqkMLb1nOYKAHov8zQ,Die Linke im Bundestag,https://www.youtube.com/watch?v=uWtI-fs1xxI
YEK3TOfF090,Schwangerschaftsabbrüche endlich raus aus dem Strafgesetzbuch,2024-12-06T10:58:52Z,381,25,4,PT3M51S,UC9YkSoqkMLb1nOYKAHov8zQ,Die Linke im Bundestag,https://www.youtube.com/watch?v=YEK3TOfF090
s8yhrv1xfBg,"Arbeitsverweigerung im Bundestag, Mietenwucher",2024-12-03T14:02:02Z,336,37,10,PT9M21S,UC9YkSoqkMLb1nOYKAHov8zQ,Die Linke im Bundestag,https://www.youtube.com/watch?v=s8yhrv1xfBg
tF-paAc4r64,Ein Update zum Mietwucherrechner,2024-12-03T09:43:05Z,894,96,16,PT45S,UC9YkSoqkMLb1nOYKAHov8zQ,Die Linke im Bundestag,https://www.youtube.com/watch?v=tF-paAc4r64
aiTW2UlnuoA,Mieten müssen gedeckelt werden,2024-11-26T13:53:17Z,5582,208,35,PT45S,UC9YkSoqkMLb1nOYKAHov8zQ,Die Linke im Bundestag,https://www.youtube.com/watch?v=aiTW2UlnuoA
BzYR7IX8n_8,Ungebremste Mietsteigerungen stoppen!,2024-11-25T14:43:52Z,308,28,7,PT57S,UC9YkSoqkMLb1nOYKAHov8zQ,Die Linke im Bundestag,https://www.youtube.com/watch?v=BzYR7IX8n_8
8AXDntoliEM,Gewalthilfegesetz jetzt!,2024-11-24T19:16:56Z,185,30,3,PT2M12S,UC9YkSoqkMLb1nOYKAHov8zQ,Die Linke im Bundestag,https://www.youtube.com/watch?v=8AXDntoliEM
DMqbiPRB4s8,Die Wohnungssuche als Autor,2024-11-22T16:25:44Z,649,40,3,PT59S,UC9YkSoqkMLb1nOYKAHov8zQ,Die Linke im Bundestag,https://www.youtube.com/watch?v=DMqbiPRB4s8
2OpMv6mFi_k,"Mieten deckeln, Mieten senken!",2024-11-12T15:05:24Z,1552,128,43,PT7M41S,UC9YkSoqkMLb1nOYKAHov8zQ,Die Linke im Bundestag,https://www.youtube.com/watch?v=2OpMv6mFi_k
3b9QYqcCRMU,"Neuwahlen, Arbeitsfähigkeit des Parlaments, Solidaritätszuschlag",2024-11-12T14:21:28Z,326,29,7,PT5M28S,UC9YkSoqkMLb1nOYKAHov8zQ,Die Linke im Bundestag,https://www.youtube.com/watch?v=3b9QYqcCRMU
Rse3Wg8d1-k,Nach der Ampel links,2024-11-07T14:48:20Z,1247,43,33,PT9M19S,UC9YkSoqkMLb1nOYKAHov8zQ,Die Linke im Bundestag,https://www.youtube.com/watch?v=Rse3Wg8d1-k
smX8HrDfaeI,"Antisemitismus bekämpfen, Gleichbehandlung für alle Menschen erreichen",2024-11-07T12:01:56Z,1520,38,9,PT4M13S,UC9YkSoqkMLb1nOYKAHov8zQ,Die Linke im Bundestag,https://www.youtube.com/watch?v=smX8HrDfaeI
ZHEf-U20TWM,"Bundesregierung, Stationierung von Mittelstreckenraketen in Brandenburg, Antisemitismusresolution",2024-11-05T15:07:44Z,291,8,0,PT7M11S,UC9YkSoqkMLb1nOYKAHov8zQ,Die Linke im Bundestag,https://www.youtube.com/watch?v=ZHEf-U20TWM
UuFocAUDY6g,Das soll alles sein? #shorts,2024-11-04T16:19:08Z,827,40,2,PT56S,UC9YkSoqkMLb1nOYKAHov8zQ,Die Linke im Bundestag,https://www.youtube.com/watch?v=UuFocAUDY6g
cwSJCAd4FW0,Wer bekommt Was? Bundeshaushalt 2025 Edition,2024-11-04T15:39:03Z,811,93,6,PT3M52S,UC9YkSoqkMLb1nOYKAHov8zQ,Die Linke im Bundestag,https://www.youtube.com/watch?v=cwSJCAd4FW0
UObykA_80gk,Eine Investitionsoffensive in Deutschland ist längst überfällig,2024-10-24T07:03:52Z,298,12,4,PT59S,UC9YkSoqkMLb1nOYKAHov8zQ,Die Linke im Bundestag,https://www.youtube.com/watch?v=UObykA_80gk
TtsxGyVYr7I,Sie werden uns nicht los!,2024-10-19T10:56:19Z,180,3,2,PT11M51S,UC9YkSoqkMLb1nOYKAHov8zQ,Die Linke im Bundestag,https://www.youtube.com/watch?v=TtsxGyVYr7I
1S1-PJGW_Iw,"Die Linke, das sind wir – packen wir es an!",2024-10-19T09:23:44Z,738,22,20,PT10M50S,UC9YkSoqkMLb1nOYKAHov8zQ,Die Linke im Bundestag,https://www.youtube.com/watch?v=1S1-PJGW_Iw
W2Gs86Pzp6o,"Schwerpunkte: Kostenloses Mittagessen, Rentepaket II , Biden-Besuch",2024-10-15T12:41:29Z,255,16,5,PT7M23S,UC9YkSoqkMLb1nOYKAHov8zQ,Die Linke im Bundestag,https://www.youtube.com/watch?v=W2Gs86Pzp6o
gpkP3It3d2A,Notfallreform: Flickwerk statt Fortschritt,2024-10-11T13:16:48Z,73,7,1,PT1M20S,UC9YkSoqkMLb1nOYKAHov8zQ,Die Linke im Bundestag,https://www.youtube.com/watch?v=gpkP3It3d2A
CHp24LGQdG8,Ostdeutschland: die westdeutsche Regierung liefert nicht,2024-10-11T13:00:47Z,130,13,2,PT1M23S,UC9YkSoqkMLb1nOYKAHov8zQ,Die Linke im Bundestag,https://www.youtube.com/watch?v=CHp24LGQdG8
ST5-i7BBSCY,Keine Mittelstreckenraketen in Deutschland stationieren!,2024-10-11T05:51:23Z,660,31,4,PT2M43S,UC9YkSoqkMLb1nOYKAHov8zQ,Die Linke im Bundestag,https://www.youtube.com/watch?v=ST5-i7BBSCY
h5KSp82bEag,"Schwerpunkte: Raketenstützpunkte, Krankenhausreform & Ostdeutschland",2024-10-08T13:01:38Z,96,9,1,PT7M,UC9YkSoqkMLb1nOYKAHov8zQ,Die Linke im Bundestag,https://www.youtube.com/watch?v=h5KSp82bEag
EwAr6HPxvdw,Pflegekasse droht die Pleite,2024-10-07T15:28:14Z,717,56,6,PT53S,UC9YkSoqkMLb1nOYKAHov8zQ,Die Linke im Bundestag,https://www.youtube.com/watch?v=EwAr6HPxvdw
DGXAjpIwm_8,Die Waffen nieder - Verhandeln statt aufrüsten,2024-10-01T09:56:29Z,182,22,3,PT1M31S,UC9YkSoqkMLb1nOYKAHov8zQ,Die Linke im Bundestag,https://www.youtube.com/watch?v=DGXAjpIwm_8
efny6G6eHEM,"Schwerpunkte: Rentenpaket II, Aktienrente und Corona-Aufarbeitung",2024-09-24T12:42:16Z,115,9,2,PT6M8S,UC9YkSoqkMLb1nOYKAHov8zQ,Die Linke im Bundestag,https://www.youtube.com/watch?v=efny6G6eHEM
AwEUmKA-rok,Brücken statt Kanonen,2024-09-13T12:47:24Z,906,51,10,PT3M6S,UC9YkSoqkMLb1nOYKAHov8zQ,Die Linke im Bundestag,https://www.youtube.com/watch?v=AwEUmKA-rok
5a-5eFISZME,Ampelparteien und Union verkennen die Dramatik der wirtschaftlichen Situation komplett!,2024-09-13T11:51:54Z,316,22,2,PT3M43S,UC9YkSoqkMLb1nOYKAHov8zQ,Die Linke im Bundestag,https://www.youtube.com/watch?v=5a-5eFISZME
y8I3Fs4a63E,"Justizhaushalt aufstocken, um Demokratie zu stärken",2024-09-13T09:46:41Z,193,26,5,PT3M41S,UC9YkSoqkMLb1nOYKAHov8zQ,Die Linke im Bundestag,https://www.youtube.com/watch?v=y8I3Fs4a63E
BWDMeImg-SU,Fluchtursachen bekämpfen heißt: Entwicklung stärken – nicht kürzen!,2024-09-12T20:17:50Z,156,19,5,PT3M38S,UC9YkSoqkMLb1nOYKAHov8zQ,Die Linke im Bundestag,https://www.youtube.com/watch?v=BWDMeImg-SU
8NKu7nP5BmI,"Beim Schutz von Umwelt und Klima klotzen, nicht kleckern!",2024-09-12T17:54:12Z,312,14,9,PT2M49S,UC9YkSoqkMLb1nOYKAHov8zQ,Die Linke im Bundestag,https://www.youtube.com/watch?v=8NKu7nP5BmI
WKJfHiVRheg,"Politik a la AfD, Frau Faeser? Das ist untragbar!",2024-09-12T16:21:19Z,767,32,12,PT3M21S,UC9YkSoqkMLb1nOYKAHov8zQ,Die Linke im Bundestag,https://www.youtube.com/watch?v=WKJfHiVRheg
cAbI-6kJLxw,"Keine Chancen, keine sozialen Aufstiege - Ampel verpasst die versprochene Bildungswende",2024-09-12T15:56:28Z,103,6,1,PT3M23S,UC9YkSoqkMLb1nOYKAHov8zQ,Die Linke im Bundestag,https://www.youtube.com/watch?v=cAbI-6kJLxw
6o37spG67OI,Die Linke nimmt Kollaps des Gesundheitssystems nicht hin,2024-09-12T12:27:08Z,317,19,2,PT3M5S,UC9YkSoqkMLb1nOYKAHov8zQ,Die Linke im Bundestag,https://www.youtube.com/watch?v=6o37spG67OI
PaW0YJozjBA,Ampel-Koalition enttäuscht beim Familienetat,2024-09-12T11:47:13Z,145,10,1,PT3M41S,UC9YkSoqkMLb1nOYKAHov8zQ,Die Linke im Bundestag,https://www.youtube.com/watch?v=PaW0YJozjBA
-8CNMKRS0SQ,"Die Mutter aller Probleme ist soziale Spaltung, nicht die Migration!",2024-09-12T10:08:01Z,1285,51,50,PT3M56S,UC9YkSoqkMLb1nOYKAHov8zQ,Die Linke im Bundestag,https://www.youtube.com/watch?v=-8CNMKRS0SQ
3bF58gWe1GA,Der Haushaltsentwurf ist bestenfalls ein Pflaster auf die Wunden der Verkehrsinfrastruktur!,2024-09-11T18:42:46Z,108,14,3,PT3M34S,UC9YkSoqkMLb1nOYKAHov8zQ,Die Linke im Bundestag,https://www.youtube.com/watch?v=3bF58gWe1GA
9pBvPYEJ_Zc,Kanonen ohne Butter,2024-09-11T14:43:19Z,651,26,3,PT3M12S,UC9YkSoqkMLb1nOYKAHov8zQ,Die Linke im Bundestag,https://www.youtube.com/watch?v=9pBvPYEJ_Zc
PUmiohLfnzw,Komplette Themaverfehlung: Der Bundeshaushalt 2025,2024-09-11T13:15:42Z,1591,60,40,PT8M50S,UC9YkSoqkMLb1nOYKAHov8zQ,Die Linke im Bundestag,https://www.youtube.com/watch?v=PUmiohLfnzw
WkTnZzMevI0,Skandal: Eine Milliarde weniger für Friedenssicherung,2024-09-11T12:47:51Z,1147,56,11,PT3M21S,UC9YkSoqkMLb1nOYKAHov8zQ,Die Linke im Bundestag,https://www.youtube.com/watch?v=WkTnZzMevI0
y8N4M-b3GkY,Wohnungen statt Panzer,2024-09-10T17:45:26Z,202,12,7,PT5M30S,UC9YkSoqkMLb1nOYKAHov8zQ,Die Linke im Bundestag,https://www.youtube.com/watch?v=y8N4M-b3GkY
YamFid8fhf0,Rückschrittskoalition schröpft die Landwirtschaft,2024-09-10T17:28:22Z,402,14,1,PT3M31S,UC9YkSoqkMLb1nOYKAHov8zQ,Die Linke im Bundestag,https://www.youtube.com/watch?v=YamFid8fhf0
ryIJcCg3L0k,Die Rentenversicherung ist nicht das Sparschwein der Ampel!,2024-09-10T15:07:05Z,719,37,5,PT3M29S,UC9YkSoqkMLb1nOYKAHov8zQ,Die Linke im Bundestag,https://www.youtube.com/watch?v=ryIJcCg3L0k
BWV5DSRA860,Der Haushalt hat gleich zwei Milliarden-Löcher,2024-09-10T12:50:26Z,257,25,1,PT3M20S,UC9YkSoqkMLb1nOYKAHov8zQ,Die Linke im Bundestag,https://www.youtube.com/watch?v=BWV5DSRA860
sQudgKjdWO4,"Bundestag, Demokratie und Freiheit gemeinsamverteidigen",2024-09-10T06:03:18Z,756,49,16,PT4M41S,UC9YkSoqkMLb1nOYKAHov8zQ,Die Linke im Bundestag,https://www.youtube.com/watch?v=sQudgKjdWO4
Ov6un4dx7mM,"Schwerpunkte: Haushalt, Mindestlohn und VW Personalabbau",2024-09-09T13:36:48Z,128,10,1,PT6M44S,UC9YkSoqkMLb1nOYKAHov8zQ,Die Linke im Bundestag,https://www.youtube.com/watch?v=Ov6un4dx7mM
DC3HvSBLzdM,Kostenfreies Mittagsessen an Kitas und Schulen! #shorts,2024-09-05T10:50:08Z,727,72,8,PT1M,UC9YkSoqkMLb1nOYKAHov8zQ,Die Linke im Bundestag,https://www.youtube.com/watch?v=DC3HvSBLzdM
KQO7aySVJ-Q,Teilerfolg vorm Bundesverfassungsgericht,2024-07-30T13:44:04Z,822,31,1,PT59S,UC9YkSoqkMLb1nOYKAHov8zQ,Die Linke im Bundestag,https://www.youtube.com/watch?v=KQO7aySVJ-Q
x-4ae9TpoG0,Wir brauchen eine Investitionsgesellschaft Schiene für einen bürgernahen und bezahlbaren Bahnverkehr,2024-07-05T15:16:17Z,483,42,23,PT10M46S,UC9YkSoqkMLb1nOYKAHov8zQ,Die Linke im Bundestag,https://www.youtube.com/watch?v=x-4ae9TpoG0
mL5Uguspyr8,"""Entlastungspaket"" für Landwirte ist eine Enttäuschung.",2024-07-05T13:06:57Z,73,6,3,PT3M18S,UC9YkSoqkMLb1nOYKAHov8zQ,Die Linke im Bundestag,https://www.youtube.com/watch?v=mL5Uguspyr8
waaqgX_EAqM,Gehsteigbelästigung verbieten - Schwangerschaftsabbrüche legalisieren!,2024-07-05T12:50:31Z,510,11,16,PT2M27S,UC9YkSoqkMLb1nOYKAHov8zQ,Die Linke im Bundestag,https://www.youtube.com/watch?v=waaqgX_EAqM
_gJBxpbngk8,Geldwäsche in Deutschland endlich bekämpfen!,2024-07-05T12:46:53Z,231,10,1,PT2M23S,UC9YkSoqkMLb1nOYKAHov8zQ,Die Linke im Bundestag,https://www.youtube.com/watch?v=_gJBxpbngk8
iDg2jhiwSBM,Eine letzte Chance für den Osten,2024-07-05T09:50:28Z,60684,1837,289,PT3M46S,UC9YkSoqkMLb1nOYKAHov8zQ,Die Linke im Bundestag,https://www.youtube.com/watch?v=iDg2jhiwSBM
Atm-inKu35g,Preiszonentrennung statt maßlosem Netzausbau!,2024-07-05T08:34:21Z,355,6,0,PT2M32S,UC9YkSoqkMLb1nOYKAHov8zQ,Die Linke im Bundestag,https://www.youtube.com/watch?v=Atm-inKu35g
4QPfQqwoPpM,Sportgroßveranstaltungen bringen kaum den Breitensport voran,2024-07-05T07:14:09Z,132,10,2,PT2M25S,UC9YkSoqkMLb1nOYKAHov8zQ,Die Linke im Bundestag,https://www.youtube.com/watch?v=4QPfQqwoPpM
4h1d1agWdw4,Tarifbindung stärken - für gute Arbeitsbedingungen und Löhne!,2024-07-05T06:36:20Z,68,8,2,PT2M28S,UC9YkSoqkMLb1nOYKAHov8zQ,Die Linke im Bundestag,https://www.youtube.com/watch?v=4h1d1agWdw4
fsOnCIvvaNk,"Schöne Worte, leere Kassen: Kinder psychisch kranker Eltern brauchen echte Hilfe!",2024-07-04T20:05:05Z,108,3,1,PT2M5S,UC9YkSoqkMLb1nOYKAHov8zQ,Die Linke im Bundestag,https://www.youtube.com/watch?v=fsOnCIvvaNk
6FkvucZNV5w,Arzneimittelpreise außer Kontrolle: Ampelregierung gibt Pharmaindustrie grünes Licht,2024-07-04T16:29:05Z,546,15,2,PT3M7S,UC9YkSoqkMLb1nOYKAHov8zQ,Die Linke im Bundestag,https://www.youtube.com/watch?v=6FkvucZNV5w
r56iil81pfU,Unterstützung für Petition gegen LNG-Terminal auf Rügen,2024-07-04T14:39:56Z,697,15,4,PT2M19S,UC9YkSoqkMLb1nOYKAHov8zQ,Die Linke im Bundestag,https://www.youtube.com/watch?v=r56iil81pfU
1F7H9k_e-vk,Mit Brandstiftern löscht man keinen Brand!,2024-07-04T13:48:23Z,489,16,6,PT3M9S,UC9YkSoqkMLb1nOYKAHov8zQ,Die Linke im Bundestag,https://www.youtube.com/watch?v=1F7H9k_e-vk
tsFYO2LeJ98,75 Jahre NATO - Nicht im Interesse der meisten Menschen,2024-07-04T12:08:51Z,283,11,1,PT3M7S,UC9YkSoqkMLb1nOYKAHov8zQ,Die Linke im Bundestag,https://www.youtube.com/watch?v=tsFYO2LeJ98
7OVrCeA2PJQ,Häusliche Gewalt: Die Bundesregierung muss endlich effektive Maßnahmen ergreifen!,2024-07-04T11:50:16Z,199,5,6,PT3M35S,UC9YkSoqkMLb1nOYKAHov8zQ,Die Linke im Bundestag,https://www.youtube.com/watch?v=7OVrCeA2PJQ
HxrE-Y_wRoE,Commercial Courts: Besser Verhandlung auf Englisch als nicht öffentliche Schiedsgerichte,2024-07-04T11:31:57Z,371,12,6,PT3M9S,UC9YkSoqkMLb1nOYKAHov8zQ,Die Linke im Bundestag,https://www.youtube.com/watch?v=HxrE-Y_wRoE
aW01XO0scMo,Kein guter Start für mehr Demokratie im Parlament,2024-07-03T18:23:37Z,184,6,4,PT2M2S,UC9YkSoqkMLb1nOYKAHov8zQ,Die Linke im Bundestag,https://www.youtube.com/watch?v=aW01XO0scMo
Wjz3ArlWhBw,Taten statt Worte für eine gute Pflege,2024-07-03T16:39:31Z,97,6,1,PT2M28S,UC9YkSoqkMLb1nOYKAHov8zQ,Die Linke im Bundestag,https://www.youtube.com/watch?v=Wjz3ArlWhBw
GzuK5hSDGjU,Superreiche für den Klimaschutz in die Pflicht nehmen,2024-07-03T16:17:10Z,236,11,12,PT2M13S,UC9YkSoqkMLb1nOYKAHov8zQ,Die Linke im Bundestag,https://www.youtube.com/watch?v=GzuK5hSDGjU
X2yNeZlNyW4,Union schürt mit rechten Narrativen Ressentiments gegen Eingewanderte,2024-07-03T14:35:14Z,1143,16,11,PT3M33S,UC9YkSoqkMLb1nOYKAHov8zQ,Die Linke im Bundestag,https://www.youtube.com/watch?v=X2yNeZlNyW4
AaS5kBd9rrQ,"Schwerpunkte: Aktionsplan Tarifbindung, Haushalt 2025, Deutsche Bahn",2024-07-02T13:39:38Z,172,21,3,PT8M55S,UC9YkSoqkMLb1nOYKAHov8zQ,Die Linke im Bundestag,https://www.youtube.com/watch?v=AaS5kBd9rrQ
J3Gf2I9Diiw,Echte KI-Strategie ist überfällig,2024-06-28T19:16:01Z,53,5,1,PT2M51S,UC9YkSoqkMLb1nOYKAHov8zQ,Die Linke im Bundestag,https://www.youtube.com/watch?v=J3Gf2I9Diiw
XqXkpW12yt0,Bürokratieabbau sieht anders aus,2024-06-28T17:49:27Z,48,6,1,PT2M16S,UC9YkSoqkMLb1nOYKAHov8zQ,Die Linke im Bundestag,https://www.youtube.com/watch?v=XqXkpW12yt0
xlWh25RU27o,AfD will alte Menschen bis zum Tode malochen lassen!,2024-06-28T13:08:04Z,177,21,10,PT2M27S,UC9YkSoqkMLb1nOYKAHov8zQ,Die Linke im Bundestag,https://www.youtube.com/watch?v=xlWh25RU27o
H14EgrCglT8,Versorgung verbessern statt nur Arzthonorare erhöhen,2024-06-28T12:11:23Z,40,3,0,PT2M14S,UC9YkSoqkMLb1nOYKAHov8zQ,Die Linke im Bundestag,https://www.youtube.com/watch?v=H14EgrCglT8
XwwaIDsnjC8,Union will 30 Mrd. Euro an Reiche und Unternehmen verschenken! Wird dafür das Kindergeld halbiert?,2024-06-28T10:59:06Z,142,13,3,PT3M28S,UC9YkSoqkMLb1nOYKAHov8zQ,Die Linke im Bundestag,https://www.youtube.com/watch?v=XwwaIDsnjC8
CFsLy74EM_U,Faire Vergütung und mehr Schutz für Betriebsräte,2024-06-28T09:30:34Z,29,5,0,PT3M27S,UC9YkSoqkMLb1nOYKAHov8zQ,Die Linke im Bundestag,https://www.youtube.com/watch?v=CFsLy74EM_U
d_ogJuVhO-Y,Forschungspolitik an den Problemen vorbei,2024-06-28T08:25:22Z,97,5,0,PT2M47S,UC9YkSoqkMLb1nOYKAHov8zQ,Die Linke im Bundestag,https://www.youtube.com/watch?v=d_ogJuVhO-Y
BQ4Ti24Riyk,Ost-Renten stabilisieren - Umrechnungsfaktor beibehalten,2024-06-28T07:47:58Z,210,13,3,PT2M33S,UC9YkSoqkMLb1nOYKAHov8zQ,Die Linke im Bundestag,https://www.youtube.com/watch?v=BQ4Ti24Riyk
_dtIjfZX_sY,Landwirtschaft richtig entlasten,2024-06-28T07:24:38Z,111,3,0,PT2M20S,UC9YkSoqkMLb1nOYKAHov8zQ,Die Linke im Bundestag,https://www.youtube.com/watch?v=_dtIjfZX_sY
evgzTIhT0V0,"Den Konflikt völkerrechtlich klären, den Menschen vor Ort konkret helfen und Bundeswehr abziehen!",2024-06-28T07:16:48Z,59,6,0,PT2M18S,UC9YkSoqkMLb1nOYKAHov8zQ,Die Linke im Bundestag,https://www.youtube.com/watch?v=evgzTIhT0V0
yqElGKoYnAc,Geld für wirtschaftlich sinnvolle sozial-ökologische Projekte statt für diesen Bundeswehreinsatz!,2024-06-28T07:02:01Z,177,16,0,PT4M58S,UC9YkSoqkMLb1nOYKAHov8zQ,Die Linke im Bundestag,https://www.youtube.com/watch?v=yqElGKoYnAc
pu5U8wEkE1g,"Das Technische Hilfswerk kann dem Libanon helfen, der Bundeswehr-Einsatz im Mittelmeer nicht!",2024-06-28T07:00:26Z,52,4,1,PT2M37S,UC9YkSoqkMLb1nOYKAHov8zQ,Die Linke im Bundestag,https://www.youtube.com/watch?v=pu5U8wEkE1g
5k6sRFFEsWc,Raus aus der Krise: Investieren ins Soziale und ins Klima,2024-06-27T16:22:01Z,245,13,2,PT2M15S,UC9YkSoqkMLb1nOYKAHov8zQ,Die Linke im Bundestag,https://www.youtube.com/watch?v=5k6sRFFEsWc
MF9KItfcATc,Kein Verzeihen ohne Ehrlichkeit und echte Aufarbeitung,2024-06-27T14:17:03Z,1219,41,6,PT3M17S,UC9YkSoqkMLb1nOYKAHov8zQ,Die Linke im Bundestag,https://www.youtube.com/watch?v=MF9KItfcATc
tb3-wzDqqA4,AfD schafft ein Klima der Bedrohung für Muslime und Eingewanderte,2024-06-27T13:40:53Z,2195,19,0,PT3M28S,UC9YkSoqkMLb1nOYKAHov8zQ,Die Linke im Bundestag,https://www.youtube.com/watch?v=tb3-wzDqqA4
Cfl0MZulAEQ,Lauterbachs Krankenhausreform ist eine Geisterfahrt,2024-06-27T12:48:17Z,404,14,5,PT5M31S,UC9YkSoqkMLb1nOYKAHov8zQ,Die Linke im Bundestag,https://www.youtube.com/watch?v=Cfl0MZulAEQ
3CwDDDW-4JM,Petitionen in den Fokus des Parlaments holen,2024-06-27T11:09:01Z,229,8,3,PT3M22S,UC9YkSoqkMLb1nOYKAHov8zQ,Die Linke im Bundestag,https://www.youtube.com/watch?v=3CwDDDW-4JM
5B7hjai7mJo,Das Drittstaaten-Modell der Union ist rechtswidrig und inhuman,2024-06-27T10:01:48Z,318,9,1,PT3M20S,UC9YkSoqkMLb1nOYKAHov8zQ,Die Linke im Bundestag,https://www.youtube.com/watch?v=5B7hjai7mJo
hHyAmeEa_7U,Koalition versagt beim Datenschutz!,2024-06-27T06:25:52Z,141,11,0,PT2M40S,UC9YkSoqkMLb1nOYKAHov8zQ,Die Linke im Bundestag,https://www.youtube.com/watch?v=hHyAmeEa_7U
6hH3BqDXhEM,Die Gefahr für die Wissenschaftsfreiheit heißt Stark-Watzinger,2024-06-26T18:59:27Z,555,20,7,PT3M18S,UC9YkSoqkMLb1nOYKAHov8zQ,Die Linke im Bundestag,https://www.youtube.com/watch?v=6hH3BqDXhEM
TbDtyMzvkRo,Die Welt braucht eine Friedensmacht Deutschland,2024-06-26T13:59:25Z,97,11,1,PT3M19S,UC9YkSoqkMLb1nOYKAHov8zQ,Die Linke im Bundestag,https://www.youtube.com/watch?v=TbDtyMzvkRo
OZiaOjAspwQ,"Schwerpunkte: Assange, Ost-Renten, Armut unter Alleinziehenden",2024-06-25T14:44:25Z,337,25,17,PT8M32S,UC9YkSoqkMLb1nOYKAHov8zQ,Die Linke im Bundestag,https://www.youtube.com/watch?v=OZiaOjAspwQ
qFTd3su7HVs,Humanitäre Katastrophe in Gaza beenden - alle Waffenexporte nach Israel stoppen,2024-06-14T15:17:43Z,104,8,1,PT2M25S,UC9YkSoqkMLb1nOYKAHov8zQ,Die Linke im Bundestag,https://www.youtube.com/watch?v=qFTd3su7HVs
0mQukSlDTxg,"Fußball ist wichtig, aber nicht alles",2024-06-14T14:44:44Z,79,13,2,PT2M22S,UC9YkSoqkMLb1nOYKAHov8zQ,Die Linke im Bundestag,https://www.youtube.com/watch?v=0mQukSlDTxg
Cezk7rCrrUQ,Ampel mutlos gegen Wohnungslosigkeit,2024-06-14T13:11:30Z,731,15,4,PT2M19S,UC9YkSoqkMLb1nOYKAHov8zQ,Die Linke im Bundestag,https://www.youtube.com/watch?v=Cezk7rCrrUQ
ZFQ9x344neY,"Erneute Scheindebatte Atomausstieg: Zeit, die drängenden Fragen anzugehen!",2024-06-14T10:51:07Z,372,11,0,PT3M20S,UC9YkSoqkMLb1nOYKAHov8zQ,Die Linke im Bundestag,https://www.youtube.com/watch?v=ZFQ9x344neY
fLzpWogBVBc,Bundestag novelliert Berufsbildungsgesetz,2024-06-14T09:20:11Z,96,4,1,PT3M20S,UC9YkSoqkMLb1nOYKAHov8zQ,Die Linke im Bundestag,https://www.youtube.com/watch?v=fLzpWogBVBc
Hvp8jkvA2Mg,Die Bahn braucht mehr Geld und mehr Kontrolle,2024-06-14T08:43:26Z,200,24,2,PT2M20S,UC9YkSoqkMLb1nOYKAHov8zQ,Die Linke im Bundestag,https://www.youtube.com/watch?v=Hvp8jkvA2Mg
b-kYQn_IBgo,Rechtsanspruch auf Mindestinternet geht am Leben vorbei,2024-06-14T07:55:31Z,436,10,0,PT2M32S,UC9YkSoqkMLb1nOYKAHov8zQ,Die Linke im Bundestag,https://www.youtube.com/watch?v=b-kYQn_IBgo
UXMVqaMa_Gk,Cybersicherheit für alle gibt es nur mit Ländern und Kommunen,2024-06-14T06:22:44Z,145,6,3,PT2M23S,UC9YkSoqkMLb1nOYKAHov8zQ,Die Linke im Bundestag,https://www.youtube.com/watch?v=UXMVqaMa_Gk
VOZJvUfo1I8,Schlingerkurs beim Verbrenner hochgefährlich für Beschäftigte der Automobilindustrie,2024-06-13T19:25:47Z,200,17,3,PT2M22S,UC9YkSoqkMLb1nOYKAHov8zQ,Die Linke im Bundestag,https://www.youtube.com/watch?v=VOZJvUfo1I8
YdkWEdeTY2M,Profite vor Menschenrechte? Nicht mit uns!,2024-06-13T16:39:29Z,134,8,17,PT2M9S,UC9YkSoqkMLb1nOYKAHov8zQ,Die Linke im Bundestag,https://www.youtube.com/watch?v=YdkWEdeTY2M
O9VK_zXDaKA,Die CDU hetzt weiter gegen Arme,2024-06-13T14:37:56Z,1816,86,24,PT3M33S,UC9YkSoqkMLb1nOYKAHov8zQ,Die Linke im Bundestag,https://www.youtube.com/watch?v=O9VK_zXDaKA
vziU11FbOaU,Bei Post und Paketen - Wettbewerb auf dem Rücken der Beschäftigten,2024-06-13T11:50:48Z,66,8,0,PT3M14S,UC9YkSoqkMLb1nOYKAHov8zQ,Die Linke im Bundestag,https://www.youtube.com/watch?v=vziU11FbOaU
r2ueD9Y4QlU,Konsequenzen aus dem Angriff in Mannheim ziehen - aber besonnen!,2024-06-13T11:09:09Z,254,7,3,PT3M12S,UC9YkSoqkMLb1nOYKAHov8zQ,Die Linke im Bundestag,https://www.youtube.com/watch?v=r2ueD9Y4QlU
mz6_Cind49I,"Ampel verpasst es, das BAföG armutsfest und existenzsichernd zu gestalten",2024-06-13T09:29:57Z,666,28,3,PT3M23S,UC9YkSoqkMLb1nOYKAHov8zQ,Die Linke im Bundestag,https://www.youtube.com/watch?v=mz6_Cind49I
v5BDmEjjdKc,Trinkwasser- und Dürrevorsorge massiv aufstocken!,2024-06-12T17:48:20Z,199,8,2,PT2M24S,UC9YkSoqkMLb1nOYKAHov8zQ,Die Linke im Bundestag,https://www.youtube.com/watch?v=v5BDmEjjdKc
n8_0bKya4GY,Flüchtlingsfeindliche Politik der Union löst kein einziges Problem,2024-06-12T16:34:56Z,854,25,8,PT2M24S,UC9YkSoqkMLb1nOYKAHov8zQ,Die Linke im Bundestag,https://www.youtube.com/watch?v=n8_0bKya4GY
aABOOBGYy3k,Diskriminierung von queeren Menschen bekämpfen!,2024-06-12T16:04:24Z,627,7,11,PT2M28S,UC9YkSoqkMLb1nOYKAHov8zQ,Die Linke im Bundestag,https://www.youtube.com/watch?v=aABOOBGYy3k
8XlZDNt7V1Q,"Ukraine: Zentrale Herausforderung für den Wiederaufbau ist ein dauerhafter, stabiler Frieden",2024-06-12T15:27:24Z,84,9,2,PT3M8S,UC9YkSoqkMLb1nOYKAHov8zQ,Die Linke im Bundestag,https://www.youtube.com/watch?v=8XlZDNt7V1Q
plsCidKPqSI,"Schwerpunkte: Ukraine-Konferenz, kostenfreies Schul- und Kitaessen, Europa",2024-06-11T12:56:13Z,574,16,3,PT6M50S,UC9YkSoqkMLb1nOYKAHov8zQ,Die Linke im Bundestag,https://www.youtube.com/watch?v=plsCidKPqSI
O-EiojD-gZo,Nicklas' erster Arbeitstag in Berlin,2024-06-11T10:01:57Z,618,30,7,PT1M,UC9YkSoqkMLb1nOYKAHov8zQ,Die Linke im Bundestag,https://www.youtube.com/watch?v=O-EiojD-gZo
pKlTFTcDXEk,"Keine Steuergeschenke für Reiche - Mehr Unterstützung für Familien, die es wirklich brauchen!",2024-06-07T12:29:58Z,85,11,0,PT2M18S,UC9YkSoqkMLb1nOYKAHov8zQ,Die Linke im Bundestag,https://www.youtube.com/watch?v=pKlTFTcDXEk
_eln4ieruqw,"Der Libanon braucht keine Bundeswehr-Schiffe vor der Küste, sondern Hilfen",2024-06-07T11:48:11Z,33,4,2,PT2M41S,UC9YkSoqkMLb1nOYKAHov8zQ,Die Linke im Bundestag,https://www.youtube.com/watch?v=_eln4ieruqw
s7I9SJxJw7I,Wie steht es um die solidarische Gesundheitsversicherung? #shorts,2024-06-07T10:59:28Z,12224,1216,52,PT1M,UC9YkSoqkMLb1nOYKAHov8zQ,Die Linke im Bundestag,https://www.youtube.com/watch?v=s7I9SJxJw7I
zPX7O37wqgo,Wir wollen eine faire Handelspolitik,2024-06-07T10:11:45Z,40,4,0,PT3M23S,UC9YkSoqkMLb1nOYKAHov8zQ,Die Linke im Bundestag,https://www.youtube.com/watch?v=zPX7O37wqgo
c-Kz0Yh4ijM,Europa den Reichen und Konzernen nehmen,2024-06-07T09:14:39Z,131,14,1,PT3M33S,UC9YkSoqkMLb1nOYKAHov8zQ,Die Linke im Bundestag,https://www.youtube.com/watch?v=c-Kz0Yh4ijM
67FYyUbmJpI,Entkriminalisierung light statt Cannabislegalisierung,2024-06-07T07:59:01Z,65,3,1,PT2M18S,UC9YkSoqkMLb1nOYKAHov8zQ,Die Linke im Bundestag,https://www.youtube.com/watch?v=67FYyUbmJpI
1Ij6AGP4NqA,Elementarschadenpflichtversicherung endlich einführen,2024-06-07T06:55:14Z,57,6,0,PT2M5S,UC9YkSoqkMLb1nOYKAHov8zQ,Die Linke im Bundestag,https://www.youtube.com/watch?v=1Ij6AGP4NqA
Fsjv60Uxs8o,CDU-Mogelpackung bei der Arbeitszeit: Lobbyfreuden statt Familienfreundlichkeit,2024-06-07T06:24:41Z,55,3,1,PT2M15S,UC9YkSoqkMLb1nOYKAHov8zQ,Die Linke im Bundestag,https://www.youtube.com/watch?v=Fsjv60Uxs8o
RV_lcB5GGVA,Wir brauchen eine Revolution des Gesundheitswesens,2024-06-07T06:03:02Z,87,9,1,PT2M24S,UC9YkSoqkMLb1nOYKAHov8zQ,Die Linke im Bundestag,https://www.youtube.com/watch?v=RV_lcB5GGVA
GfYC3RpK1DU,Ausbildungen in Deutschland: Echte Reformen statt leere Versprechen!,2024-06-06T17:35:46Z,25,4,0,PT2M20S,UC9YkSoqkMLb1nOYKAHov8zQ,Die Linke im Bundestag,https://www.youtube.com/watch?v=GfYC3RpK1DU
tYFew7kjnbk,Der Hüter der Menschlichkeit: das Völkerstrafrecht,2024-06-06T17:14:26Z,53,4,0,PT2M24S,UC9YkSoqkMLb1nOYKAHov8zQ,Die Linke im Bundestag,https://www.youtube.com/watch?v=tYFew7kjnbk
LnA2W45WmRw,Lex Lilly: Keine Geheimhaltung bei Arzneimittelpreisen,2024-06-06T16:18:12Z,79,9,2,PT2M25S,UC9YkSoqkMLb1nOYKAHov8zQ,Die Linke im Bundestag,https://www.youtube.com/watch?v=LnA2W45WmRw
76zDRk75w3I,Die Ampel versagt beim Klima- und Katastrophenschutz,2024-06-06T14:55:30Z,45,5,0,PT3M25S,UC9YkSoqkMLb1nOYKAHov8zQ,Die Linke im Bundestag,https://www.youtube.com/watch?v=76zDRk75w3I
pPjMjlXs7LI,Mehr Unterstützung für die Kommunen vom Bund!,2024-06-06T14:39:16Z,18,5,0,PT3M14S,UC9YkSoqkMLb1nOYKAHov8zQ,Die Linke im Bundestag,https://www.youtube.com/watch?v=pPjMjlXs7LI
gUXqOdovy9w,Mehr Mut und Ehrlichkeit beim Klimaschutz,2024-06-06T14:30:04Z,38,7,0,PT3M12S,UC9YkSoqkMLb1nOYKAHov8zQ,Die Linke im Bundestag,https://www.youtube.com/watch?v=gUXqOdovy9w
Jp2w_ENvwFY,Islamismus-Bekämpfung: Nicht in einen populistischen Überbietungswettbewerb verfallen!,2024-06-06T10:31:11Z,45,2,0,PT3M6S,UC9YkSoqkMLb1nOYKAHov8zQ,Die Linke im Bundestag,https://www.youtube.com/watch?v=Jp2w_ENvwFY
pCdsdwGwC38,Regierungserklärung zur Sicherheitslage: Die Sparpolitik rächt sich,2024-06-06T09:55:50Z,104,6,0,PT3M22S,UC9YkSoqkMLb1nOYKAHov8zQ,Die Linke im Bundestag,https://www.youtube.com/watch?v=pCdsdwGwC38
tYt255Rj3d0,Bosnien-Herzegowina braucht Demokratie und Perspektive statt Bundeswehreinsätze,2024-06-05T15:55:33Z,107,12,0,PT2M11S,UC9YkSoqkMLb1nOYKAHov8zQ,Die Linke im Bundestag,https://www.youtube.com/watch?v=tYt255Rj3d0
aOj2okmYq88,"Schwerpunkte: Diätenerhöhung, das Attentat in Mannheim und Aussetzen der Schuldenbremse",2024-06-04T14:05:06Z,101,15,1,PT6M21S,UC9YkSoqkMLb1nOYKAHov8zQ,Die Linke im Bundestag,https://www.youtube.com/watch?v=aOj2okmYq88
HycCE39z2hU,"Gesundheit statt Profite! Ein Krankenhaus muss sich nicht rechnen, sondern in gesund machen.",2024-06-04T06:34:24Z,4183,199,9,PT31S,UC9YkSoqkMLb1nOYKAHov8zQ,Die Linke im Bundestag,https://www.youtube.com/watch?v=HycCE39z2hU
T4tPMZ2bxCE,75 Jahre Grundgesetz #shorts,2024-05-23T09:55:44Z,1195,30,12,PT56S,UC9YkSoqkMLb1nOYKAHov8zQ,Die Linke im Bundestag,https://www.youtube.com/watch?v=T4tPMZ2bxCE
vMa-K6HE5_Q,Ates Gürpinar: Ampel schränkt die Cannabislegalisierung weiter ein #shorts,2024-05-18T10:50:16Z,606,26,1,PT58S,UC9YkSoqkMLb1nOYKAHov8zQ,Die Linke im Bundestag,https://www.youtube.com/watch?v=vMa-K6HE5_Q
nK6VXfzNs08,Ausbildungsqualität verbessern - Berufsbildungsgesetz umfassend novellieren,2024-05-17T13:15:10Z,61,9,2,PT2M7S,UC9YkSoqkMLb1nOYKAHov8zQ,Die Linke im Bundestag,https://www.youtube.com/watch?v=nK6VXfzNs08
my3GFYvLPYs,"Bürokratieabbau? Der FDP-Ampel geht es nur um die Wirtschaft, uns um die Menschen! #shorts",2024-05-17T12:43:43Z,7607,135,12,PT36S,UC9YkSoqkMLb1nOYKAHov8zQ,Die Linke im Bundestag,https://www.youtube.com/watch?v=my3GFYvLPYs
yAwPCIGHo04,Berufsbildungsbericht offenbart Ausbildungskrise,2024-05-17T11:52:51Z,123,13,0,PT2M33S,UC9YkSoqkMLb1nOYKAHov8zQ,Die Linke im Bundestag,https://www.youtube.com/watch?v=yAwPCIGHo04
b3hxp6wtcdU,"Bürokratieabbau? Der FDP-Ampel geht es nur um die Wirtschaft, uns um die Menschen!",2024-05-17T10:02:12Z,383,12,4,PT3M19S,UC9YkSoqkMLb1nOYKAHov8zQ,Die Linke im Bundestag,https://www.youtube.com/watch?v=b3hxp6wtcdU
1OLCAvtvzRA,Theokraten bekämpfen wir nicht mit scheinheiligem Populismus,2024-05-17T09:37:23Z,77,9,1,PT3M28S,UC9YkSoqkMLb1nOYKAHov8zQ,Die Linke im Bundestag,https://www.youtube.com/watch?v=1OLCAvtvzRA
njwYkgtHrhs,Ampel schränkt Cannabislegalisierung weiter ein,2024-05-17T08:12:43Z,747,34,5,PT2M9S,UC9YkSoqkMLb1nOYKAHov8zQ,Die Linke im Bundestag,https://www.youtube.com/watch?v=njwYkgtHrhs
W0qQeagzsNg,Gesetzliche Rente stärken! Artikel 1 GG gilt auch für alte Menschen,2024-05-17T07:12:57Z,1183,27,7,PT2M28S,UC9YkSoqkMLb1nOYKAHov8zQ,Die Linke im Bundestag,https://www.youtube.com/watch?v=W0qQeagzsNg
bevtQJnou_Q,Keine Drohnenarmee für die Bundeswehr!,2024-05-16T18:55:37Z,158,8,3,PT2M9S,UC9YkSoqkMLb1nOYKAHov8zQ,Die Linke im Bundestag,https://www.youtube.com/watch?v=bevtQJnou_Q
BRP8NghRfzU,Vernünftig bezahlte Jobs: Ja! Rollback beim Klimaschutz: Nein!,2024-05-16T17:47:48Z,92,6,0,PT2M13S,UC9YkSoqkMLb1nOYKAHov8zQ,Die Linke im Bundestag,https://www.youtube.com/watch?v=BRP8NghRfzU
yTErGEnw2d8,Deutschlands Wirtschaftsmodell zerstört die EU,2024-05-16T16:47:17Z,451,9,1,PT2M10S,UC9YkSoqkMLb1nOYKAHov8zQ,Die Linke im Bundestag,https://www.youtube.com/watch?v=yTErGEnw2d8
0B-Uh96JttI,Menschenrechtliche Verpflichtungen endlich umsetzen,2024-05-16T16:20:06Z,331,4,3,PT2M39S,UC9YkSoqkMLb1nOYKAHov8zQ,Die Linke im Bundestag,https://www.youtube.com/watch?v=0B-Uh96JttI
vrefX7ljZjQ,Echte Steuerentlastung für die Mitte geht nur mit links,2024-05-16T16:03:35Z,353,9,5,PT2M26S,UC9YkSoqkMLb1nOYKAHov8zQ,Die Linke im Bundestag,https://www.youtube.com/watch?v=vrefX7ljZjQ
KwbxFsZX-zc,Sprengstoff gegen die Demokratie! Angriffe auf WahlkämpferInnen und Politiker sind verachtenswert!,2024-05-16T14:41:08Z,257,11,4,PT3M20S,UC9YkSoqkMLb1nOYKAHov8zQ,Die Linke im Bundestag,https://www.youtube.com/watch?v=KwbxFsZX-zc
WEvdI1CIiOE,Patentfreigabe als Baustein für Pandemievorsorge,2024-05-16T13:10:21Z,672,12,7,PT3M14S,UC9YkSoqkMLb1nOYKAHov8zQ,Die Linke im Bundestag,https://www.youtube.com/watch?v=WEvdI1CIiOE
gx9AIksGhm8,Erheblicher Nachbesserungsbedarf bei BAföG-Reform,2024-05-16T12:39:30Z,377,14,4,PT3M17S,UC9YkSoqkMLb1nOYKAHov8zQ,Die Linke im Bundestag,https://www.youtube.com/watch?v=gx9AIksGhm8
XPDKu3S9JnI,75 Jahre Grundgesetz: Menschenwürde verteidigen und Demokratie stärken,2024-05-16T10:04:37Z,171,5,37,PT3M46S,UC9YkSoqkMLb1nOYKAHov8zQ,Die Linke im Bundestag,https://www.youtube.com/watch?v=XPDKu3S9JnI
h78EfFotHkk,Menschenrechte in Europa - Deutschland steht öfter auf der Bremse,2024-05-16T09:02:09Z,379,6,8,PT3M35S,UC9YkSoqkMLb1nOYKAHov8zQ,Die Linke im Bundestag,https://www.youtube.com/watch?v=h78EfFotHkk
pfbFB5EyEXA,Die Ukraine hat inzwischen ein massives Personalproblem. Deshalb: Waffenstillstand & Verhandlungen!,2024-05-16T07:05:01Z,73084,2910,396,PT1M,UC9YkSoqkMLb1nOYKAHov8zQ,Die Linke im Bundestag,https://www.youtube.com/watch?v=pfbFB5EyEXA
S-6cCtAqlbE,"Die Verhältnisse ändern, an denen die Gesellschaft krankt!",2024-05-15T17:08:53Z,789,16,4,PT2M39S,UC9YkSoqkMLb1nOYKAHov8zQ,Die Linke im Bundestag,https://www.youtube.com/watch?v=S-6cCtAqlbE
nxXQUYLeuEo,Beharrlichkeit darf nicht das Amt Kosten,2024-05-15T16:12:24Z,325,6,0,PT2M32S,UC9YkSoqkMLb1nOYKAHov8zQ,Die Linke im Bundestag,https://www.youtube.com/watch?v=nxXQUYLeuEo
wCrSySdjz-4,"Scheindebatte Atomausstieg: Zeit, die drängenden Energiefragen anzugehen!",2024-05-15T15:29:58Z,277,8,0,PT3M33S,UC9YkSoqkMLb1nOYKAHov8zQ,Die Linke im Bundestag,https://www.youtube.com/watch?v=wCrSySdjz-4
-lAV0op0AkE,"Schwerpunkte: Mindestlohn, Rente; Diätenerhöhung",2024-05-14T12:18:58Z,390,12,7,PT4M16S,UC9YkSoqkMLb1nOYKAHov8zQ,Die Linke im Bundestag,https://www.youtube.com/watch?v=-lAV0op0AkE
78bOsfEOyK4,Lesen gegen das Vergessen Teil 5 #shorts,2024-05-10T07:09:05Z,644,28,2,PT59S,UC9YkSoqkMLb1nOYKAHov8zQ,Die Linke im Bundestag,https://www.youtube.com/watch?v=78bOsfEOyK4
7-nK1lgJqio,Warum sollte man sich an die Bücherverbrennung von 1933 erinnern? #shorts #zehntermai,2024-05-09T08:30:39Z,2433,124,22,PT1M,UC9YkSoqkMLb1nOYKAHov8zQ,Die Linke im Bundestag,https://www.youtube.com/watch?v=7-nK1lgJqio
bXScFQKQ4C8,Rentenpaket: Ampel-Chaos treibt Verunsicherung voran #maischberger #rente,2024-05-08T18:29:07Z,628,25,0,PT45S,UC9YkSoqkMLb1nOYKAHov8zQ,Die Linke im Bundestag,https://www.youtube.com/watch?v=bXScFQKQ4C8
qC-iDnw3Too,Lesen gegen das Vergessen Teil 3 #shorts,2024-05-08T07:55:12Z,533,16,1,PT1M,UC9YkSoqkMLb1nOYKAHov8zQ,Die Linke im Bundestag,https://www.youtube.com/watch?v=qC-iDnw3Too
ZLXztiKyo2k,Wir brauchen eine echte Mietpreisbremse #shorts,2024-05-07T09:59:15Z,155,16,0,PT1M,UC9YkSoqkMLb1nOYKAHov8zQ,Die Linke im Bundestag,https://www.youtube.com/watch?v=ZLXztiKyo2k
xt2RPGmcTSY,Lesen gegen das Vergessen Teil 2 #shorts,2024-05-07T07:04:15Z,563,26,3,PT1M,UC9YkSoqkMLb1nOYKAHov8zQ,Die Linke im Bundestag,https://www.youtube.com/watch?v=xt2RPGmcTSY
SERwZA1DswU,Lesen gegen das Vergessen Teil 1 #shorts,2024-05-06T15:37:58Z,122,21,1,PT55S,UC9YkSoqkMLb1nOYKAHov8zQ,Die Linke im Bundestag,https://www.youtube.com/watch?v=SERwZA1DswU
pqv7l0dYzeo,Der Kampf um gute Arbeitsbedingungen & ein Leben in Würde: #1mai2024 #1mai #erstermai #tagederarbeit,2024-05-01T05:59:55Z,605,33,2,PT59S,UC9YkSoqkMLb1nOYKAHov8zQ,Die Linke im Bundestag,https://www.youtube.com/watch?v=pqv7l0dYzeo
tiyqwJUVgVs,Linke fordert Verbesserungen für alle Freiwilligen!,2024-04-26T13:31:52Z,41,6,1,PT2M17S,UC9YkSoqkMLb1nOYKAHov8zQ,Die Linke im Bundestag,https://www.youtube.com/watch?v=tiyqwJUVgVs
yYogcr0O5ac,Verkehrsminister Wissing ist ein Totalausfall,2024-04-26T12:05:34Z,105,26,4,PT3M33S,UC9YkSoqkMLb1nOYKAHov8zQ,Die Linke im Bundestag,https://www.youtube.com/watch?v=yYogcr0O5ac
EXa9KHpU2O4,Mindestlohn: Regelung mit Weitblick statt eine Eintagsfliege,2024-04-26T11:46:01Z,30,7,0,PT2M10S,UC9YkSoqkMLb1nOYKAHov8zQ,Die Linke im Bundestag,https://www.youtube.com/watch?v=EXa9KHpU2O4
OVUFS7KH_f0,Nutzen und Nachteile der Digitalisierung müssen global gerechter verteilt werden,2024-04-26T11:14:31Z,22,4,2,PT2M24S,UC9YkSoqkMLb1nOYKAHov8zQ,Die Linke im Bundestag,https://www.youtube.com/watch?v=OVUFS7KH_f0
iV-ILzjKcMM,Schuldenbremse: Die dümmste Regel der Politik muss weg,2024-04-26T10:12:57Z,26,4,0,PT3M24S,UC9YkSoqkMLb1nOYKAHov8zQ,Die Linke im Bundestag,https://www.youtube.com/watch?v=iV-ILzjKcMM
AIGBTCsBHNA,Batterieforschung ist Zukunftsinvestition,2024-04-26T10:11:18Z,24,3,0,PT2M31S,UC9YkSoqkMLb1nOYKAHov8zQ,Die Linke im Bundestag,https://www.youtube.com/watch?v=AIGBTCsBHNA
UKE83uPSaHQ,Skandal: In 🇩🇪 fehlen 13.000 Frauenhausplätze. Obendrein muss Opfer selbst für Plätze zahlen.,2024-04-26T08:46:00Z,99,17,0,PT30S,UC9YkSoqkMLb1nOYKAHov8zQ,Die Linke im Bundestag,https://www.youtube.com/watch?v=UKE83uPSaHQ
-SlmGUzc3wo,Solarpaket: Sargnagel für die heimische Solarwirtschaft,2024-04-26T08:31:39Z,30,4,0,PT2M16S,UC9YkSoqkMLb1nOYKAHov8zQ,Die Linke im Bundestag,https://www.youtube.com/watch?v=-SlmGUzc3wo
_JM6S2RUSmY,Krankheit darf nicht arm machen!,2024-04-26T06:48:12Z,22,3,0,PT2M13S,UC9YkSoqkMLb1nOYKAHov8zQ,Die Linke im Bundestag,https://www.youtube.com/watch?v=_JM6S2RUSmY
NUo0qZMEJoI,"Menschen in Libyen brauchen eine politische Lösung, keine EU-Militärpräsenz",2024-04-25T16:24:37Z,24,3,0,PT2M12S,UC9YkSoqkMLb1nOYKAHov8zQ,Die Linke im Bundestag,https://www.youtube.com/watch?v=NUo0qZMEJoI
un5HNZDXLd8,Bei Gleichberechtigung in der Bundeswehr ist deutlich Luft nach oben,2024-04-25T15:52:01Z,21,5,0,PT2M28S,UC9YkSoqkMLb1nOYKAHov8zQ,Die Linke im Bundestag,https://www.youtube.com/watch?v=un5HNZDXLd8
IrlVmb6SBaM,Demokratiefeinde raus aus den Parlamenten!,2024-04-25T15:22:53Z,35,4,0,PT3M53S,UC9YkSoqkMLb1nOYKAHov8zQ,Die Linke im Bundestag,https://www.youtube.com/watch?v=IrlVmb6SBaM
hcmbqJfi57Y,AfD will den Euro abschaffen,2024-04-25T13:07:59Z,77,7,0,PT2M56S,UC9YkSoqkMLb1nOYKAHov8zQ,Die Linke im Bundestag,https://www.youtube.com/watch?v=hcmbqJfi57Y
Ft66AFjNevE,Veteranentag: Bootsfahrt wie Heinemann statt Paraden-Pomp,2024-04-25T12:32:04Z,84,13,0,PT3M3S,UC9YkSoqkMLb1nOYKAHov8zQ,Die Linke im Bundestag,https://www.youtube.com/watch?v=Ft66AFjNevE
JHlIgGCGdms,Wir fordern Solidarität und Abschiebestopp für die mutigen Kämpfer*innen Irans,2024-04-25T11:13:41Z,35,5,0,PT3M21S,UC9YkSoqkMLb1nOYKAHov8zQ,Die Linke im Bundestag,https://www.youtube.com/watch?v=JHlIgGCGdms
McF4LTQp0Lo,EU erweitern und besser machen!,2024-04-25T08:42:04Z,20,4,0,PT3M3S,UC9YkSoqkMLb1nOYKAHov8zQ,Die Linke im Bundestag,https://www.youtube.com/watch?v=McF4LTQp0Lo
ftAYAlyCcag,Gesellschaftliche Debatte über Routine-Bluttests für Schwangere,2024-04-24T15:17:19Z,23,6,0,PT2M25S,UC9YkSoqkMLb1nOYKAHov8zQ,Die Linke im Bundestag,https://www.youtube.com/watch?v=ftAYAlyCcag
YWUgbWRlTZs,Linke für Neustart in der Sportpolitik,2024-04-24T14:40:08Z,38,5,0,PT3M33S,UC9YkSoqkMLb1nOYKAHov8zQ,Die Linke im Bundestag,https://www.youtube.com/watch?v=YWUgbWRlTZs
JFgcqgDyexE,Schwerpunkte: Perspektiven für die Jugend und Solarförderung,2024-04-23T12:36:10Z,50,9,0,PT9M38S,UC9YkSoqkMLb1nOYKAHov8zQ,Die Linke im Bundestag,https://www.youtube.com/watch?v=JFgcqgDyexE
2Jb75r1F1sY,Ich halte die Wahlrechtsreform der Ampel für grundgesetzwidrig,2024-04-23T07:17:36Z,215,29,7,PT2M32S,UC9YkSoqkMLb1nOYKAHov8zQ,Die Linke im Bundestag,https://www.youtube.com/watch?v=2Jb75r1F1sY
O8sLpi3e_wc,Die #GEAS Reform tötet! #shorts,2024-04-18T09:00:59Z,663,26,4,PT20S,UC9YkSoqkMLb1nOYKAHov8zQ,Die Linke im Bundestag,https://www.youtube.com/watch?v=O8sLpi3e_wc
H9xSMliWPPQ,Die Bundesregierung muss ihre Iran-Politik umgehend korrigieren. #Israel,2024-04-15T14:30:31Z,8873,103,36,PT16S,UC9YkSoqkMLb1nOYKAHov8zQ,Die Linke im Bundestag,https://www.youtube.com/watch?v=H9xSMliWPPQ
4d8DGYzu-dw,Auch in der Solarbranche regelt der Markt einen Scheiß – Resilienzbonus jetzt!,2024-04-12T14:36:36Z,77,7,0,PT6M22S,UC9YkSoqkMLb1nOYKAHov8zQ,Die Linke im Bundestag,https://www.youtube.com/watch?v=4d8DGYzu-dw
FscAK9Oq4AY,Wasserstoffnetz für die Energiewende unverzichtbar,2024-04-12T13:53:39Z,28,6,1,PT2M7S,UC9YkSoqkMLb1nOYKAHov8zQ,Die Linke im Bundestag,https://www.youtube.com/watch?v=FscAK9Oq4AY
16SWn28S_2w,Die AfD macht Steuerpolitik für Reiche!,2024-04-12T13:28:18Z,135,10,1,PT2M4S,UC9YkSoqkMLb1nOYKAHov8zQ,Die Linke im Bundestag,https://www.youtube.com/watch?v=16SWn28S_2w
uU_DvtXD2Dk,Endlich ein Selbstbestimmungsgesetz. Leider kein wirklich gutes.,2024-04-12T12:39:40Z,81,10,0,PT2M21S,UC9YkSoqkMLb1nOYKAHov8zQ,Die Linke im Bundestag,https://www.youtube.com/watch?v=uU_DvtXD2Dk
vIePih-hBPc,Antisemitismus ist Made in Germany,2024-04-12T10:08:30Z,101,9,0,PT3M44S,UC9YkSoqkMLb1nOYKAHov8zQ,Die Linke im Bundestag,https://www.youtube.com/watch?v=vIePih-hBPc
Muf-AQVqt9Y,Bezahlkarte für Geflüchtete: Entrechtung und Bürokratiemonster,2024-04-12T08:54:56Z,44,5,0,PT3M43S,UC9YkSoqkMLb1nOYKAHov8zQ,Die Linke im Bundestag,https://www.youtube.com/watch?v=Muf-AQVqt9Y
_kIvQB176b4,CDU will 'Wirtschaftswende' auf Kosten der Beschäftigten,2024-04-12T07:27:52Z,25,4,0,PT3M14S,UC9YkSoqkMLb1nOYKAHov8zQ,Die Linke im Bundestag,https://www.youtube.com/watch?v=_kIvQB176b4
oifyz_QeYD8,Abzocke mit Heizkosten beenden,2024-04-12T06:21:23Z,75,9,1,PT2M24S,UC9YkSoqkMLb1nOYKAHov8zQ,Die Linke im Bundestag,https://www.youtube.com/watch?v=oifyz_QeYD8
cPzzhg59c8I,Neue Umbaukultur und Mietenstopp!,2024-04-11T17:17:16Z,41,4,1,PT2M23S,UC9YkSoqkMLb1nOYKAHov8zQ,Die Linke im Bundestag,https://www.youtube.com/watch?v=cPzzhg59c8I
j1grkrwXf8o,Sichere Medizinprodukte durch effektive Kontrollen,2024-04-11T16:44:52Z,18,5,0,PT2M25S,UC9YkSoqkMLb1nOYKAHov8zQ,Die Linke im Bundestag,https://www.youtube.com/watch?v=j1grkrwXf8o
zigCypFEUgg,Deutschlands und Europas Mitverantwortung für den Völkermord in Ruanda ist erheblich,2024-04-11T14:46:30Z,34,5,0,PT2M41S,UC9YkSoqkMLb1nOYKAHov8zQ,Die Linke im Bundestag,https://www.youtube.com/watch?v=zigCypFEUgg
mizaMu-RfIM,Bündnis von AfD und Russland skandalisieren – russischen Einfluss im Parlament zurückdrängen,2024-04-11T13:34:16Z,33,6,1,PT3M17S,UC9YkSoqkMLb1nOYKAHov8zQ,Die Linke im Bundestag,https://www.youtube.com/watch?v=mizaMu-RfIM
tfPH13XS_yo,Für einen besseren Euro braucht es mehr Kooperation in Europa,2024-04-11T13:11:43Z,27,6,1,PT3M6S,UC9YkSoqkMLb1nOYKAHov8zQ,Die Linke im Bundestag,https://www.youtube.com/watch?v=tfPH13XS_yo
eDFbq52J4IY,Ernährungsstrategie der Bundesregierung ein einziger Fehlgriff,2024-04-11T11:31:32Z,19,4,0,PT3M19S,UC9YkSoqkMLb1nOYKAHov8zQ,Die Linke im Bundestag,https://www.youtube.com/watch?v=eDFbq52J4IY
gvqhOzI8c20,Für die Ampel ist jeder Panzer und jede Autobahn wichtiger als die Investition in Bildung,2024-04-11T10:30:15Z,27,6,0,PT3M37S,UC9YkSoqkMLb1nOYKAHov8zQ,Die Linke im Bundestag,https://www.youtube.com/watch?v=gvqhOzI8c20
ycmi9MXkg-8,Schluss mit den Atomfantasien,2024-04-10T17:35:36Z,33,6,3,PT2M31S,UC9YkSoqkMLb1nOYKAHov8zQ,Die Linke im Bundestag,https://www.youtube.com/watch?v=ycmi9MXkg-8
1lAq1Jx1NO8,Gehsteigbelästigung verbieten!,2024-04-10T16:03:57Z,46,4,3,PT2M18S,UC9YkSoqkMLb1nOYKAHov8zQ,Die Linke im Bundestag,https://www.youtube.com/watch?v=1lAq1Jx1NO8
YPmfpw09KbM,Die beste Kriminalprävention bleibt eine gute Sozialpolitik,2024-04-10T14:39:56Z,34,5,0,PT3M12S,UC9YkSoqkMLb1nOYKAHov8zQ,Die Linke im Bundestag,https://www.youtube.com/watch?v=YPmfpw09KbM
o2_cTFVIp3Q,Schwerpunkte in dieser Woche: Kindergrundsicherung und Heizkostennotfallplan,2024-04-09T12:32:20Z,81,6,1,PT15M14S,UC9YkSoqkMLb1nOYKAHov8zQ,Die Linke im Bundestag,https://www.youtube.com/watch?v=o2_cTFVIp3Q
yf4ETlPN4tI,"Bedrohte Tierarten schützen, auch wenn sie keine Flügel haben",2024-04-04T08:24:48Z,1337,16,8,PT2M56S,UC9YkSoqkMLb1nOYKAHov8zQ,Die Linke im Bundestag,https://www.youtube.com/watch?v=yf4ETlPN4tI
rX7MqDiKNhQ,Ampel will Opposition einschränken aber zieht den Kürzeren,2024-04-02T11:08:53Z,2332,36,9,PT2M29S,UC9YkSoqkMLb1nOYKAHov8zQ,Die Linke im Bundestag,https://www.youtube.com/watch?v=rX7MqDiKNhQ
pf4nLFOxC8A,Statt Bundeswehrmandat mehr humanitäre Hilfe für Libyen,2024-04-01T10:37:05Z,52,7,0,PT2M41S,UC9YkSoqkMLb1nOYKAHov8zQ,Die Linke im Bundestag,https://www.youtube.com/watch?v=pf4nLFOxC8A
R_J2NxZk7M4,Bauen wie in Wien!,2024-04-01T09:50:42Z,44,10,0,PT3M39S,UC9YkSoqkMLb1nOYKAHov8zQ,Die Linke im Bundestag,https://www.youtube.com/watch?v=R_J2NxZk7M4
WCSO1X7nYWE,Bessere Arbeitsbedingungen für Betriebsräte und mehr Mitbestimmung!,2024-04-01T09:50:00Z,41,6,1,PT3M29S,UC9YkSoqkMLb1nOYKAHov8zQ,Die Linke im Bundestag,https://www.youtube.com/watch?v=WCSO1X7nYWE
_Okr_uIIi7Y,Die Schuldenbremse ist an der Realität vorbei,2024-04-01T09:49:11Z,63,7,1,PT2M51S,UC9YkSoqkMLb1nOYKAHov8zQ,Die Linke im Bundestag,https://www.youtube.com/watch?v=_Okr_uIIi7Y
M5amsor3Qb4,Mehr Investitionen in die Bildung und eine Gemeinschaftsaufgabe Bildung im Grundgesetz,2024-04-01T09:48:22Z,31,6,0,PT2M31S,UC9YkSoqkMLb1nOYKAHov8zQ,Die Linke im Bundestag,https://www.youtube.com/watch?v=M5amsor3Qb4
_QwXT0hWJog,"Bundeswehreinsatz im Südsudan beenden, humanitär und zivil helfen",2024-04-01T09:47:38Z,25,5,0,PT2M41S,UC9YkSoqkMLb1nOYKAHov8zQ,Die Linke im Bundestag,https://www.youtube.com/watch?v=_QwXT0hWJog
wGiJe7dyMWA,Privatisierung der Bahn ist größter Irrsinn,2024-04-01T09:46:52Z,334,8,2,PT2M41S,UC9YkSoqkMLb1nOYKAHov8zQ,Die Linke im Bundestag,https://www.youtube.com/watch?v=wGiJe7dyMWA
_-8nIRqUVe4,Sea Guardian: Bundeswehrmandat im Mittelmeer ohne Ende?!,2024-04-01T09:46:02Z,28,6,0,PT2M31S,UC9YkSoqkMLb1nOYKAHov8zQ,Die Linke im Bundestag,https://www.youtube.com/watch?v=_-8nIRqUVe4
6-jPp51_LA4,Für einen sofortigen Waffenstillstand und die Freilassung der Geiseln,2024-04-01T09:45:11Z,391,9,2,PT4M15S,UC9YkSoqkMLb1nOYKAHov8zQ,Die Linke im Bundestag,https://www.youtube.com/watch?v=6-jPp51_LA4
k1gxhGh3pCg,Aufrüstung und Krieg sind die schlimmsten ökologischen Verbrechen,2024-04-01T09:44:24Z,24,5,0,PT3M19S,UC9YkSoqkMLb1nOYKAHov8zQ,Die Linke im Bundestag,https://www.youtube.com/watch?v=k1gxhGh3pCg
wbslQcrXXB8,"Internationale Bildung und Wissenschaft: reich an Ideen, aber schwach in der Umsetzung",2024-04-01T09:43:29Z,246,6,1,PT3M41S,UC9YkSoqkMLb1nOYKAHov8zQ,Die Linke im Bundestag,https://www.youtube.com/watch?v=wbslQcrXXB8
i4oQLLGYmvU,Die Bezahlkarte schafft keine Rechtssicherheit – im Gegenteil,2024-04-01T09:42:02Z,151,8,3,PT3M37S,UC9YkSoqkMLb1nOYKAHov8zQ,Die Linke im Bundestag,https://www.youtube.com/watch?v=i4oQLLGYmvU
Op3DBLaoMoc,Umsetzung Digital Services Act: zu spät und mit Mängeln,2024-04-01T09:41:13Z,307,3,2,PT3M47S,UC9YkSoqkMLb1nOYKAHov8zQ,Die Linke im Bundestag,https://www.youtube.com/watch?v=Op3DBLaoMoc
Djfp_01L2YQ,Es braucht mehr finanzielle Mittel im Kampf gegen Antisemitismus in Bildung und Wissenschaft,2024-03-20T18:40:46Z,50,10,1,PT3M21S,UC9YkSoqkMLb1nOYKAHov8zQ,Die Linke im Bundestag,https://www.youtube.com/watch?v=Djfp_01L2YQ
h8gUYk2Bras,Diplomatie in der Ukraine und in Gaza ist das Gebot der Stunde,2024-03-20T14:50:09Z,141,16,3,PT3M31S,UC9YkSoqkMLb1nOYKAHov8zQ,Die Linke im Bundestag,https://www.youtube.com/watch?v=h8gUYk2Bras
io6DBYcDLvM,Die Schuldenbremse ist eine Zukunftsbremse,2024-03-19T13:43:49Z,144,19,4,PT7M46S,UC9YkSoqkMLb1nOYKAHov8zQ,Die Linke im Bundestag,https://www.youtube.com/watch?v=io6DBYcDLvM
oALZaqmP1qc,Härtefallfonds ist Frustfonds für ostdeutsche Rentner #shorts,2024-03-18T16:54:52Z,8062,868,51,PT44S,UC9YkSoqkMLb1nOYKAHov8zQ,Die Linke im Bundestag,https://www.youtube.com/watch?v=oALZaqmP1qc
ZPe4C2RqVQ0,"Entkriminalisierung von Cannabis überfällig. Gut, dass 🚦keine faktenresistente Drogenpolitik macht.",2024-03-16T09:21:52Z,1458,37,5,PT55S,UC9YkSoqkMLb1nOYKAHov8zQ,Die Linke im Bundestag,https://www.youtube.com/watch?v=ZPe4C2RqVQ0
sVyHsXk4B_Y,Für den gleichen Lohn wie Westdeutsche 2023 müssen Ostdeutsche müssen bis 16. März 2024 arbeiten.,2024-03-16T07:52:42Z,170,24,1,PT39S,UC9YkSoqkMLb1nOYKAHov8zQ,Die Linke im Bundestag,https://www.youtube.com/watch?v=sVyHsXk4B_Y
-7ZtzcEoO_U,Confront: Long Covid 2024!,2024-03-15T12:23:53Z,236,13,6,PT2M22S,UC9YkSoqkMLb1nOYKAHov8zQ,Die Linke im Bundestag,https://www.youtube.com/watch?v=-7ZtzcEoO_U
sO4ef16f8zw,Die CDU bleibt sich treu: Abschottung und Entrechtung von Geflüchteten,2024-03-15T11:07:21Z,142,15,0,PT3M28S,UC9YkSoqkMLb1nOYKAHov8zQ,Die Linke im Bundestag,https://www.youtube.com/watch?v=sO4ef16f8zw
BPlMS_uL-6Q,Frauenpolitik hat bei der Ampel keine Priorität,2024-03-15T09:46:39Z,196,19,6,PT2M54S,UC9YkSoqkMLb1nOYKAHov8zQ,Die Linke im Bundestag,https://www.youtube.com/watch?v=BPlMS_uL-6Q
0D7jxQ6GNEI,Versteckte Preiserhöhungen bei Bedarfsgütern wirksam bekämpfen!,2024-03-15T07:05:44Z,73,11,3,PT2M7S,UC9YkSoqkMLb1nOYKAHov8zQ,Die Linke im Bundestag,https://www.youtube.com/watch?v=0D7jxQ6GNEI
9corV5gKzIc,Schlupflöcher bei einheitlichen Ladegeräten,2024-03-14T19:26:12Z,49,13,3,PT2M,UC9YkSoqkMLb1nOYKAHov8zQ,Die Linke im Bundestag,https://www.youtube.com/watch?v=9corV5gKzIc
Pk5rM6RbjL4,Ländlichen Kommunen nicht den Geldhahn abdrehen!,2024-03-14T19:25:27Z,40,6,0,PT2M8S,UC9YkSoqkMLb1nOYKAHov8zQ,Die Linke im Bundestag,https://www.youtube.com/watch?v=Pk5rM6RbjL4
eC-G-ylrL4A,CDU/CSU will die Leute noch leichter auspressen,2024-03-14T19:06:56Z,70,13,0,PT2M35S,UC9YkSoqkMLb1nOYKAHov8zQ,Die Linke im Bundestag,https://www.youtube.com/watch?v=eC-G-ylrL4A
-BrDU6D52N4,Das Scheitern der Energiewende droht,2024-03-14T15:27:33Z,63,11,3,PT3M4S,UC9YkSoqkMLb1nOYKAHov8zQ,Die Linke im Bundestag,https://www.youtube.com/watch?v=-BrDU6D52N4
QJDY1b_G044,Bürgergeld-Reform à la AfD: Arbeitszwang und Mobilitätseinschränkung,2024-03-14T14:01:47Z,150,13,2,PT2M41S,UC9YkSoqkMLb1nOYKAHov8zQ,Die Linke im Bundestag,https://www.youtube.com/watch?v=QJDY1b_G044
oDeOoDFPS1M,Das Verbot von racial profiling muss ins Gesetz!,2024-03-14T12:48:04Z,149,14,4,PT2M52S,UC9YkSoqkMLb1nOYKAHov8zQ,Die Linke im Bundestag,https://www.youtube.com/watch?v=oDeOoDFPS1M
-rwE6sCx82M,Taurus: Frieden lässt sich nicht herbeibomben!,2024-03-14T11:04:05Z,181,18,4,PT3M37S,UC9YkSoqkMLb1nOYKAHov8zQ,Die Linke im Bundestag,https://www.youtube.com/watch?v=-rwE6sCx82M
mpGZkdScG84,Kostenlose Kita- und Schulverpflegung jetzt!,2024-03-14T09:59:23Z,115,7,1,PT1M19S,UC9YkSoqkMLb1nOYKAHov8zQ,Die Linke im Bundestag,https://www.youtube.com/watch?v=mpGZkdScG84
byQUmyfzBq0,Empfehlungen des Bürgerrates ernst nehmen!,2024-03-14T09:47:30Z,665,7,2,PT2M15S,UC9YkSoqkMLb1nOYKAHov8zQ,Die Linke im Bundestag,https://www.youtube.com/watch?v=byQUmyfzBq0
PVfmt2TkDBk,Wissenschaftskommunikation stärken heißt gute Arbeitsbedingungen in der Wissenschaft schaffen,2024-03-14T08:11:31Z,47,7,5,PT2M12S,UC9YkSoqkMLb1nOYKAHov8zQ,Die Linke im Bundestag,https://www.youtube.com/watch?v=PVfmt2TkDBk
rzwkz3PBD-c,Ampel lässt Mieterinnen und Mieter hängen,2024-03-13T18:53:37Z,710,11,7,PT2M2S,UC9YkSoqkMLb1nOYKAHov8zQ,Die Linke im Bundestag,https://www.youtube.com/watch?v=rzwkz3PBD-c
zkuPWmHSMGk,Taurus-Leak: Unprofessioneller Schlendrian bei der Bundeswehr!,2024-03-13T16:16:44Z,1220,33,8,PT3M25S,UC9YkSoqkMLb1nOYKAHov8zQ,Die Linke im Bundestag,https://www.youtube.com/watch?v=zkuPWmHSMGk
HpLMV8YdgN8,"Ja, in der Taurus-Debatte kann manch einer eine Gurke nicht vom Gewehr unterscheiden.",2024-03-12T21:00:02Z,1082,39,0,PT52S,UC9YkSoqkMLb1nOYKAHov8zQ,Die Linke im Bundestag,https://www.youtube.com/watch?v=HpLMV8YdgN8
xJkWroQSofU,Diplomatie muss über Waffen stehen,2024-03-12T13:34:18Z,276,16,7,PT6M14S,UC9YkSoqkMLb1nOYKAHov8zQ,Die Linke im Bundestag,https://www.youtube.com/watch?v=xJkWroQSofU
GJqWJfjTClM,Statt Aktienrente: Gesetzliche Rente stärken,2024-03-05T13:17:15Z,653,29,25,PT3M15S,UC9YkSoqkMLb1nOYKAHov8zQ,Die Linke im Bundestag,https://www.youtube.com/watch?v=GJqWJfjTClM
uLXZqPZvus4,"Vielen Dank, Pascal Meiser! #shorts",2024-02-26T12:40:20Z,920,31,1,PT58S,UC9YkSoqkMLb1nOYKAHov8zQ,Die Linke im Bundestag,https://www.youtube.com/watch?v=uLXZqPZvus4
pp-ofap2sJA,Bundeswehr im Roten Meer: Es droht ein Afghanistan 2.0,2024-02-23T15:52:39Z,299,20,2,PT2M14S,UC9YkSoqkMLb1nOYKAHov8zQ,Die Linke im Bundestag,https://www.youtube.com/watch?v=pp-ofap2sJA
JLKLjk3SP6I,Cannabis: Kriminalisierung schadet der Gesundheit,2024-02-23T14:14:09Z,2918,320,69,PT2M18S,UC9YkSoqkMLb1nOYKAHov8zQ,Die Linke im Bundestag,https://www.youtube.com/watch?v=JLKLjk3SP6I
2ym3SS0H3D8,Mehr Unterstützung für Prostituierte statt Sexkaufverbot,2024-02-23T13:15:16Z,1864,55,39,PT2M33S,UC9YkSoqkMLb1nOYKAHov8zQ,Die Linke im Bundestag,https://www.youtube.com/watch?v=2ym3SS0H3D8
VDHqOE2T1t0,Verwaltungsdigitalisierung: unterfinanziert und in Tippelschritten,2024-02-23T12:35:36Z,342,7,0,PT2M22S,UC9YkSoqkMLb1nOYKAHov8zQ,Die Linke im Bundestag,https://www.youtube.com/watch?v=VDHqOE2T1t0
MzbskyQGcNk,"Jetzt Energiewende einleiten, Fusionskraftwerke für morgen vorbereiten!",2024-02-23T12:00:53Z,180,10,3,PT3M29S,UC9YkSoqkMLb1nOYKAHov8zQ,Die Linke im Bundestag,https://www.youtube.com/watch?v=MzbskyQGcNk
Yeog-SaMxYU,20 Jahre Afghanistan-Krieg gegen die Mehrheitsmeinung,2024-02-23T10:42:59Z,1573,104,5,PT3M37S,UC9YkSoqkMLb1nOYKAHov8zQ,Die Linke im Bundestag,https://www.youtube.com/watch?v=Yeog-SaMxYU
XFEi48P8F7w,Übergewinnsteuer für Kriegsgewinnler,2024-02-23T10:24:45Z,488,15,1,PT3M3S,UC9YkSoqkMLb1nOYKAHov8zQ,Die Linke im Bundestag,https://www.youtube.com/watch?v=XFEi48P8F7w
c_0HaN_gFP0,Sinnvolle Wege aus der Katastrophe gehen!,2024-02-23T07:56:07Z,69,10,0,PT2M26S,UC9YkSoqkMLb1nOYKAHov8zQ,Die Linke im Bundestag,https://www.youtube.com/watch?v=c_0HaN_gFP0
cps_ybcR9mE,Gute Arbeit hat kein Verfallsdatum,2024-02-23T07:16:21Z,170,18,4,PT2M17S,UC9YkSoqkMLb1nOYKAHov8zQ,Die Linke im Bundestag,https://www.youtube.com/watch?v=cps_ybcR9mE
CLfjgDNyfYQ,Den Zug endlich auf die Schiene bringen,2024-02-22T16:48:29Z,64,8,0,PT2M20S,UC9YkSoqkMLb1nOYKAHov8zQ,Die Linke im Bundestag,https://www.youtube.com/watch?v=CLfjgDNyfYQ
Fsme9OSum6Y,"Ein Basiskonto für Geflüchtete einführen, keine diskriminierende Bezahlkarte!",2024-02-22T16:25:28Z,74,6,0,PT2M48S,UC9YkSoqkMLb1nOYKAHov8zQ,Die Linke im Bundestag,https://www.youtube.com/watch?v=Fsme9OSum6Y
xhRRsfkfqtY,Verhandlungen müssen das Gebot der Stunde sein,2024-02-22T14:55:29Z,185,16,3,PT3M26S,UC9YkSoqkMLb1nOYKAHov8zQ,Die Linke im Bundestag,https://www.youtube.com/watch?v=xhRRsfkfqtY
4p9GdIOl12s,Die Agrarpolitik der Ampel ist perspektivlos,2024-02-22T14:21:54Z,86,8,1,PT3M13S,UC9YkSoqkMLb1nOYKAHov8zQ,Die Linke im Bundestag,https://www.youtube.com/watch?v=4p9GdIOl12s
sf2jBpysbgU,Wir müssen wieder mehr Brandt wagen,2024-02-22T12:02:51Z,1126,76,15,PT3M11S,UC9YkSoqkMLb1nOYKAHov8zQ,Die Linke im Bundestag,https://www.youtube.com/watch?v=sf2jBpysbgU
KIkP4uoJ8UY,Ihre Politik macht die Menschen arm!,2024-02-22T11:27:26Z,221,15,4,PT3M37S,UC9YkSoqkMLb1nOYKAHov8zQ,Die Linke im Bundestag,https://www.youtube.com/watch?v=KIkP4uoJ8UY
oxbCYBu5DV0,Auch die Postpolitik der Bundesregierung ist eine Politik der gebrochenen Versprechen!,2024-02-22T10:53:53Z,227,9,1,PT3M27S,UC9YkSoqkMLb1nOYKAHov8zQ,Die Linke im Bundestag,https://www.youtube.com/watch?v=oxbCYBu5DV0
_24OsO5z1ts,"Die AfD gehört nicht ins demokratische Spektrum, sondern bekämpft!",2024-02-22T10:33:44Z,2697,27,117,PT2M59S,UC9YkSoqkMLb1nOYKAHov8zQ,Die Linke im Bundestag,https://www.youtube.com/watch?v=_24OsO5z1ts
TcPJbPFqPSg,Sie fahren die Wirtschaft an die Wand!,2024-02-21T20:20:20Z,355,22,6,PT2M25S,UC9YkSoqkMLb1nOYKAHov8zQ,Die Linke im Bundestag,https://www.youtube.com/watch?v=TcPJbPFqPSg
9SzT_vAQjzU,"Wer Nawalny ehren will, muss sich für die Freiheit von Assange einsetzen",2024-02-21T15:50:29Z,227,22,4,PT3M23S,UC9YkSoqkMLb1nOYKAHov8zQ,Die Linke im Bundestag,https://www.youtube.com/watch?v=9SzT_vAQjzU
XgNTjDhEp0g,"Wenn ich die Mitte entlasten will, muss ich oben angemessen mehr nehmen. Das trauen sie sich nicht.",2024-02-21T12:57:16Z,27020,2287,142,PT35S,UC9YkSoqkMLb1nOYKAHov8zQ,Die Linke im Bundestag,https://www.youtube.com/watch?v=XgNTjDhEp0g
jgneAg0FthY,Wir ziehen an einem Strang,2024-02-21T12:23:32Z,263,18,2,PT12M11S,UC9YkSoqkMLb1nOYKAHov8zQ,Die Linke im Bundestag,https://www.youtube.com/watch?v=jgneAg0FthY
nzwRCHykvuQ,Investitionen in die Zukunft statt Schuldenbremse,2024-02-20T20:09:28Z,714,33,6,PT21M45S,UC9YkSoqkMLb1nOYKAHov8zQ,Die Linke im Bundestag,https://www.youtube.com/watch?v=nzwRCHykvuQ
4kk0rz1mlZE,"Schluss mit Alimenten für die Rüstungsindustrie, dann ist Geld für Kinder, Familien und Senioren da.",2024-02-18T18:23:05Z,2721,80,13,PT52S,UC9YkSoqkMLb1nOYKAHov8zQ,Die Linke im Bundestag,https://www.youtube.com/watch?v=4kk0rz1mlZE
aBTla2yhVuY,Ostdeutsche erhalten 13.000 € weniger Lohn pro Jahr. Der Osten darf nicht länger Billiglohnzone sein,2024-02-18T09:19:32Z,12173,1105,56,PT26S,UC9YkSoqkMLb1nOYKAHov8zQ,Die Linke im Bundestag,https://www.youtube.com/watch?v=aBTla2yhVuY
chayLOtpS2A,Wir lieben euch #shorts,2024-02-14T11:00:09Z,107,18,5,PT21S,UC9YkSoqkMLb1nOYKAHov8zQ,Die Linke im Bundestag,https://www.youtube.com/watch?v=chayLOtpS2A
zcVn8uH2MMM,Das war's noch lange nicht! #shorts,2024-02-12T13:13:59Z,374,15,2,PT26S,UC9YkSoqkMLb1nOYKAHov8zQ,Die Linke im Bundestag,https://www.youtube.com/watch?v=zcVn8uH2MMM
FzxJNaI6o4s,Red Hand Day 2024 #shorts,2024-02-12T11:09:03Z,147,18,1,PT57S,UC9YkSoqkMLb1nOYKAHov8zQ,Die Linke im Bundestag,https://www.youtube.com/watch?v=FzxJNaI6o4s
-VPjION5O5I,Gregor Gysi: Der größte Fehler ist die Schuldenbremse,2024-02-03T09:27:19Z,37147,742,78,PT3M24S,UC9YkSoqkMLb1nOYKAHov8zQ,Die Linke im Bundestag,https://www.youtube.com/watch?v=-VPjION5O5I
6Q9id0sHASI,Linke-Gruppe legt los,2024-02-02T16:02:12Z,281,22,3,PT12M5S,UC9YkSoqkMLb1nOYKAHov8zQ,Die Linke im Bundestag,https://www.youtube.com/watch?v=6Q9id0sHASI
v7dmElbsGKc,"Herr Lindner, Sie sind die größte Gefahr für die Wirtschaft in unserem Land!",2024-02-02T13:13:48Z,120,14,2,PT3M8S,UC9YkSoqkMLb1nOYKAHov8zQ,Die Linke im Bundestag,https://www.youtube.com/watch?v=v7dmElbsGKc
poiljYMSPAE,"Sie haben ein Herz für Panzer, aber nicht für Kinder",2024-02-02T11:59:54Z,603,25,2,PT3M33S,UC9YkSoqkMLb1nOYKAHov8zQ,Die Linke im Bundestag,https://www.youtube.com/watch?v=poiljYMSPAE
zfg2bAynI2A,Ein Angriff auf die Opposition,2024-02-02T11:29:19Z,291,17,5,PT2M41S,UC9YkSoqkMLb1nOYKAHov8zQ,Die Linke im Bundestag,https://www.youtube.com/watch?v=zfg2bAynI2A
-ogqdJ3_Sp0,Ampel enttäuscht in der Wohnungspolitik,2024-02-02T09:34:26Z,72,10,2,PT3M31S,UC9YkSoqkMLb1nOYKAHov8zQ,Die Linke im Bundestag,https://www.youtube.com/watch?v=-ogqdJ3_Sp0
5LtBzFJKhl4,Landwirtschaftsetat ist skandalös,2024-02-02T09:34:21Z,55,7,1,PT3M24S,UC9YkSoqkMLb1nOYKAHov8zQ,Die Linke im Bundestag,https://www.youtube.com/watch?v=5LtBzFJKhl4
5Rbq9NPYfvU,So TEUER wird der Ampel-Haushalt für Verbraucher!,2024-02-02T09:34:16Z,221,16,1,PT3M26S,UC9YkSoqkMLb1nOYKAHov8zQ,Die Linke im Bundestag,https://www.youtube.com/watch?v=5Rbq9NPYfvU
B8RSIYKvz_w,Falsche Prioritäten und Schuldenbremse behindern Digitalisierung,2024-02-02T09:34:08Z,41,5,0,PT3M26S,UC9YkSoqkMLb1nOYKAHov8zQ,Die Linke im Bundestag,https://www.youtube.com/watch?v=B8RSIYKvz_w
DV24kL4woxM,Ampel-Haushalt ist Horrorrechnung für Otto Normalverbraucher,2024-02-02T09:34:03Z,707,30,2,PT8M38S,UC9YkSoqkMLb1nOYKAHov8zQ,Die Linke im Bundestag,https://www.youtube.com/watch?v=DV24kL4woxM
JlDAgciUV5I,Lauterbach fährt Gesundheitssystem vor die Wand,2024-02-02T09:33:59Z,88,7,1,PT3M11S,UC9YkSoqkMLb1nOYKAHov8zQ,Die Linke im Bundestag,https://www.youtube.com/watch?v=JlDAgciUV5I
K8PBHm_U3VE,Zu große Wahlkreise verhindern Kontakte und belasten die Demokratie!,2024-02-02T09:33:52Z,61,7,0,PT2M6S,UC9YkSoqkMLb1nOYKAHov8zQ,Die Linke im Bundestag,https://www.youtube.com/watch?v=K8PBHm_U3VE
LJ5fgG1Nrj8,Die AfD mit allen politischen und juristischen Mitteln bekämpfen,2024-02-02T09:33:47Z,50,8,1,PT3M28S,UC9YkSoqkMLb1nOYKAHov8zQ,Die Linke im Bundestag,https://www.youtube.com/watch?v=LJ5fgG1Nrj8
UowP5l_kaak,Unser Land muss friedenstüchtig werden,2024-02-02T09:33:40Z,56,7,0,PT3M19S,UC9YkSoqkMLb1nOYKAHov8zQ,Die Linke im Bundestag,https://www.youtube.com/watch?v=UowP5l_kaak
XaoRapRFzj8,Rekordkürzungen bei Entwicklungszusammenarbeit lässt die Schwächsten im Stich,2024-02-02T09:33:36Z,36,8,0,PT3M5S,UC9YkSoqkMLb1nOYKAHov8zQ,Die Linke im Bundestag,https://www.youtube.com/watch?v=XaoRapRFzj8
ZbdXCXjCRzw,‘Wertegeleitete Außenpolitik’ - Ampel hat sich selbst widerlegt,2024-02-02T09:33:28Z,6303,165,18,PT3M53S,UC9YkSoqkMLb1nOYKAHov8zQ,Die Linke im Bundestag,https://www.youtube.com/watch?v=ZbdXCXjCRzw
f_MIudjU0p4,Statt Altersarmut: Renten rauf!,2024-02-02T09:33:22Z,992,63,7,PT3M45S,UC9YkSoqkMLb1nOYKAHov8zQ,Die Linke im Bundestag,https://www.youtube.com/watch?v=f_MIudjU0p4
hZZfXJbzCyc,Am Klimageld sparen ist unsozial,2024-02-02T09:33:17Z,44,6,1,PT3M25S,UC9YkSoqkMLb1nOYKAHov8zQ,Die Linke im Bundestag,https://www.youtube.com/watch?v=hZZfXJbzCyc
kzGeYAjuzW0,Die Ampel kürzt mitten in die Bildungsmisere hinein,2024-02-02T09:33:08Z,57,7,0,PT3M14S,UC9YkSoqkMLb1nOYKAHov8zQ,Die Linke im Bundestag,https://www.youtube.com/watch?v=kzGeYAjuzW0
sbpayoY3huw,Dieser Haushalt ist alles andere als olympiareif,2024-02-02T09:33:02Z,45,7,0,PT1M22S,UC9YkSoqkMLb1nOYKAHov8zQ,Die Linke im Bundestag,https://www.youtube.com/watch?v=sbpayoY3huw
tLG7rWKqHOA,Sicherheitspolitik nicht von konservativen Bürokraten diktieren lassen!,2024-02-02T09:32:44Z,37,7,0,PT2M7S,UC9YkSoqkMLb1nOYKAHov8zQ,Die Linke im Bundestag,https://www.youtube.com/watch?v=tLG7rWKqHOA
yOZORs_yaKI,Wie man die Zukunft kaputtspart – der Haushalt des Familienministeriums,2024-02-02T09:32:19Z,189,20,2,PT2M56S,UC9YkSoqkMLb1nOYKAHov8zQ,Die Linke im Bundestag,https://www.youtube.com/watch?v=yOZORs_yaKI
