videoId,title,publishedAt,viewCount,likeCount,commentCount,duration,channelId,channelName,url
mx1W_Aq2hHI,"""Raus mit diesen Leuten die unsere Rechtsordnung auf den Kopf stellen!"" – Alice Weidel – AfD",2026-03-06T17:00:06Z,11048,2606,242,PT25M53S,UCq2rogaxLtQFrYG3X3KYNww,AfD TV,https://www.youtube.com/watch?v=mx1W_Aq2hHI
nJY9MGXwj_g,"""Wer nicht einzahlt, bekommt nur die Grundleistung!"" – Tino Chrupalla – AfD",2026-03-06T12:02:49Z,1,60,8,,UCq2rogaxLtQFrYG3X3KYNww,AfD TV,https://www.youtube.com/watch?v=nJY9MGXwj_g
IpklRqaa014,Live aus Rottweil: Alice Weidel und Tino Chrupalla beim Wahlkampfendspurt in Baden-Württemberg!,2026-03-05T17:07:10Z,0,356,0,P0D,UCq2rogaxLtQFrYG3X3KYNww,AfD TV,https://www.youtube.com/watch?v=IpklRqaa014
PgJS5M2yDMQ,Bundesregierung so: Benzin zu teuer? Kauf Dir doch ein E-Auto! 🤡,2026-03-05T15:24:25Z,12908,1314,211,PT16S,UCq2rogaxLtQFrYG3X3KYNww,AfD TV,https://www.youtube.com/watch?v=PgJS5M2yDMQ
XWVPNv3_iA8,Akte Altparteien #2: Der Staat als Beute! - AfD,2026-03-04T19:00:07Z,14044,2292,230,PT10M42S,UCq2rogaxLtQFrYG3X3KYNww,AfD TV,https://www.youtube.com/watch?v=XWVPNv3_iA8
UKJTdbXNrK8,Spritpreise explodieren – Merz-Regierung schaut zu!,2026-03-04T16:00:52Z,21156,2548,133,PT22S,UCq2rogaxLtQFrYG3X3KYNww,AfD TV,https://www.youtube.com/watch?v=UKJTdbXNrK8
drCj7MSjTBs,"""Trump wird als Kriegspräsident enden, will er das?"" - Tino Chrupalla",2026-03-03T11:10:21Z,10794,772,65,PT45S,UCq2rogaxLtQFrYG3X3KYNww,AfD TV,https://www.youtube.com/watch?v=drCj7MSjTBs
eOJ7dqmp1Dc,"""Autoland ist abgebrannt"" - Akte Altparteien #1 - Alice Weidel und Markus Frohnmaier",2026-03-02T18:00:21Z,49617,3678,606,PT8M57S,UCq2rogaxLtQFrYG3X3KYNww,AfD TV,https://www.youtube.com/watch?v=eOJ7dqmp1Dc
ANI_nPJwlFc,Deutschlands Kinder sind zum Luxus geworden. Nicht mit uns! 👶💙,2026-02-25T08:45:35Z,12265,1098,131,PT28S,UCq2rogaxLtQFrYG3X3KYNww,AfD TV,https://www.youtube.com/watch?v=ANI_nPJwlFc
61hxwrQSwaU,Live aus Rockenhausen: Alice Weidel beim großen AfD-Pfalztreffen!,2026-02-21T20:24:04Z,38296,3121,421,PT1H21M4S,UCq2rogaxLtQFrYG3X3KYNww,AfD TV,https://www.youtube.com/watch?v=61hxwrQSwaU
MkWDBiYGVGM,Merz will Klarnamen-Pflicht im Internet,2026-02-19T14:00:36Z,23439,1514,497,PT20S,UCq2rogaxLtQFrYG3X3KYNww,AfD TV,https://www.youtube.com/watch?v=MkWDBiYGVGM
8r8uUtuinS0,ZDF Manipulation: Der Rundfunkbeitrag muss weg!,2026-02-18T16:00:12Z,17984,2269,207,PT59S,UCq2rogaxLtQFrYG3X3KYNww,AfD TV,https://www.youtube.com/watch?v=8r8uUtuinS0
ZgbvQGX3OgQ,Die CDU schafft Kontrollen ab,2026-02-17T11:00:53Z,14675,1434,94,PT25S,UCq2rogaxLtQFrYG3X3KYNww,AfD TV,https://www.youtube.com/watch?v=ZgbvQGX3OgQ
OhPvyqhwMVI,Live aus Pforzheim: Alice Weidel & Markus Frohnmaier!,2026-02-13T20:49:29Z,54852,4427,299,PT2H19M49S,UCq2rogaxLtQFrYG3X3KYNww,AfD TV,https://www.youtube.com/watch?v=OhPvyqhwMVI
x4Qz_JH1xGQ,Huso ist seit 2003 ausreisepflichtig – und trotzdem bis heute in Deutschland,2026-02-13T16:01:25Z,18772,1467,126,PT1M16S,UCq2rogaxLtQFrYG3X3KYNww,AfD TV,https://www.youtube.com/watch?v=x4Qz_JH1xGQ
4tbtX0CbP_E,BASF verlagert 2.800 deutsche Jobs nach Indien,2026-02-12T11:00:08Z,15271,1237,100,PT25S,UCq2rogaxLtQFrYG3X3KYNww,AfD TV,https://www.youtube.com/watch?v=4tbtX0CbP_E
DplHCMvO4gE,Schwarz-Rot plant den totalen Überwachungsstaat,2026-02-10T12:00:23Z,18464,1722,104,PT16S,UCq2rogaxLtQFrYG3X3KYNww,AfD TV,https://www.youtube.com/watch?v=DplHCMvO4gE
BW20OoX2aHM,"AfD-Bundessprecher Tino Chrupalla war gestern bei ""Miosga"" zu Gast!",2026-02-09T09:25:15Z,22704,2029,102,PT26S,UCq2rogaxLtQFrYG3X3KYNww,AfD TV,https://www.youtube.com/watch?v=BW20OoX2aHM
xjjMvmLHhjk,„Respekt für den Mittelstand – Fehlanzeige!“ – Tino Chrupalla im Bundestag – AfD,2026-01-29T10:45:43Z,13838,1392,331,PT11M21S,UCq2rogaxLtQFrYG3X3KYNww,AfD TV,https://www.youtube.com/watch?v=xjjMvmLHhjk
fpRN8oPJXC0,Live: Wahlkampfauftakt der AfD Baden-Württemberg mit Alice Weidel & Markus Frohnmaier!,2026-01-22T21:51:30Z,50810,3129,181,PT3H10M14S,UCq2rogaxLtQFrYG3X3KYNww,AfD TV,https://www.youtube.com/watch?v=fpRN8oPJXC0
NCEP4aQlLxo,"AfD-Bundessprecher Tino Chrupalla war gestern bei ""maischberger"" zu Gast!",2026-01-22T12:52:03Z,17321,2054,157,PT1M11S,UCq2rogaxLtQFrYG3X3KYNww,AfD TV,https://www.youtube.com/watch?v=NCEP4aQlLxo
MevQGUm3Zr4,"Bundeskanzler Merz verlangt ""mehr Arbeit"" von uns Bürgern, um den Wohlstand zu sichern.",2026-01-19T14:00:50Z,16242,536,324,PT25S,UCq2rogaxLtQFrYG3X3KYNww,AfD TV,https://www.youtube.com/watch?v=MevQGUm3Zr4
gWBFK1-1Kcw,Live: AfD zu Gast in Bad Dürkheim - mit Alice Weidel & Tino Chrupalla!,2026-01-17T16:26:14Z,49249,3384,246,PT3H27M10S,UCq2rogaxLtQFrYG3X3KYNww,AfD TV,https://www.youtube.com/watch?v=gWBFK1-1Kcw
74Fi1P6CPhk,Live: Wahlkampferöffnung der AfD Rheinland-Pfalz mit Alice Weidel & Tino Chrupalla!,2026-01-16T20:54:16Z,36834,2978,132,PT2H12M48S,UCq2rogaxLtQFrYG3X3KYNww,AfD TV,https://www.youtube.com/watch?v=74Fi1P6CPhk
uH_TuITHAb0,"CDU pampert Links-Terrorismus:""Milliarden Euro fließen in linken Sumpf!"" - Stephan Brandner - AfD",2026-01-16T08:21:51Z,53567,4940,385,PT9M7S,UCq2rogaxLtQFrYG3X3KYNww,AfD TV,https://www.youtube.com/watch?v=uH_TuITHAb0
k6K0-ZFECnY,Live: Wahlkampferöffnung der AfD Baden-Württemberg mit Markus Frohnmaier & Ulrich Siegmund!,2026-01-14T20:56:11Z,27232,2091,56,PT2H36M2S,UCq2rogaxLtQFrYG3X3KYNww,AfD TV,https://www.youtube.com/watch?v=k6K0-ZFECnY
9sT1Ud2tCOE,"""Wir fordern einen NGO-Untersuchungsausschuss!"" - Stephan Brandner - AfD",2025-12-19T18:00:08Z,9703,1138,125,PT9M54S,UCq2rogaxLtQFrYG3X3KYNww,AfD TV,https://www.youtube.com/watch?v=9sT1Ud2tCOE
pR5OMyLzFq4,"""Weg mit ""Chatcontrol"": Wir brauchen keinen Überwachungsstaat!"" - Pierre Lamely - AfD",2025-12-19T14:01:29Z,4052,611,39,PT3M41S,UCq2rogaxLtQFrYG3X3KYNww,AfD TV,https://www.youtube.com/watch?v=pR5OMyLzFq4
piWAHdqkAmE,"""Dieser Krieg ist nicht unser Krieg!"" - Tino Chrupalla - AfD",2025-12-19T10:07:48Z,11174,1932,211,PT11M30S,UCq2rogaxLtQFrYG3X3KYNww,AfD TV,https://www.youtube.com/watch?v=piWAHdqkAmE
rtCvMuUT5OI,Bürger sollen in Essen bis zu 267 Euro für Rettungsfahrten zuzahlen!,2025-12-13T08:01:07Z,33990,0,271,PT32S,UCq2rogaxLtQFrYG3X3KYNww,AfD TV,https://www.youtube.com/watch?v=rtCvMuUT5OI
vzPdE90RFiE,"Ausnahmezustand: Die Gründung der ""Generation Deutschland""! - AfD TV",2025-12-05T18:00:06Z,40269,3339,305,PT21M36S,UCq2rogaxLtQFrYG3X3KYNww,AfD TV,https://www.youtube.com/watch?v=vzPdE90RFiE
6zPRMF1EqNY,"""Diesen Wehrdienst lehnen wir ab!"" - Kurt Kleinschmidt - AfD",2025-12-05T14:42:52Z,5951,672,97,PT3M20S,UCq2rogaxLtQFrYG3X3KYNww,AfD TV,https://www.youtube.com/watch?v=6zPRMF1EqNY
hYTN6_C32yg,"Uwe Schulz: ""Das war ein Tag der linksextremen Machtübernahme!"" - AfD",2025-12-03T15:56:27Z,7051,1018,104,PT5M,UCq2rogaxLtQFrYG3X3KYNww,AfD TV,https://www.youtube.com/watch?v=hYTN6_C32yg
1IoqewiPzrU,"""Das will die Generation Deutschland verändern!"" - Jean-Pascal Hohm - AfD",2025-12-01T10:01:49Z,16018,1620,159,PT2M55S,UCq2rogaxLtQFrYG3X3KYNww,AfD TV,https://www.youtube.com/watch?v=1IoqewiPzrU
uc6ahJmlaJk,"""Volle Sozialleistung nur für die, die auch ihren Beitrag leisten!"" - Dr. Alice Weidel - AfD",2025-11-30T14:00:18Z,29407,2333,183,PT38S,UCq2rogaxLtQFrYG3X3KYNww,AfD TV,https://www.youtube.com/watch?v=uc6ahJmlaJk
NHAD_l8yEXQ,"""Herr Klingbeil hat in seinem Leben noch nie wertschöpfend gearbeitet."" - Tino Chrupalla - AfD",2025-11-30T11:00:14Z,48144,3859,133,PT35S,UCq2rogaxLtQFrYG3X3KYNww,AfD TV,https://www.youtube.com/watch?v=NHAD_l8yEXQ
XHt20WuROPU,Gründung AfD-Jugendorganisation live aus Gießen! - AfD TV,2025-11-30T00:51:54Z,314901,12650,433,PT8H2M48S,UCq2rogaxLtQFrYG3X3KYNww,AfD TV,https://www.youtube.com/watch?v=XHt20WuROPU
wOLNmXIWc44,"„Wir brauchen günstige und sichere Energie."" - Dr. Alice Weidel - AfD",2025-11-29T14:00:25Z,16228,2186,64,PT1M12S,UCq2rogaxLtQFrYG3X3KYNww,AfD TV,https://www.youtube.com/watch?v=wOLNmXIWc44
WbDSv9mXT_A,"""Es klafft eine massive Gerechtigkeitslücke beim Rentenniveau"" - Tino Chrupalla - AfD",2025-11-29T11:00:21Z,86183,4382,104,PT43S,UCq2rogaxLtQFrYG3X3KYNww,AfD TV,https://www.youtube.com/watch?v=WbDSv9mXT_A
cKO2gsM-mj0,"""Die Regierung finanziert mit unserem Steuergeld Korruption in der Ukraine."" - Tino Chrupalla - AfD",2025-11-28T14:30:11Z,32391,2875,101,PT38S,UCq2rogaxLtQFrYG3X3KYNww,AfD TV,https://www.youtube.com/watch?v=cKO2gsM-mj0
RhgsaiEVT5A,"""Statt Probleme zu lösen, bekämpft Merz die Opposition."" - Dr. Alice Weidel - AfD",2025-11-28T12:30:20Z,19704,2376,82,PT1M54S,UCq2rogaxLtQFrYG3X3KYNww,AfD TV,https://www.youtube.com/watch?v=RhgsaiEVT5A
fS7jEDz7Kqg,"""Die Rentenkommission der Regierung ist ein Armutszeugnis"" - Tino Chrupalla - AfD",2025-11-27T14:00:57Z,21552,1906,63,PT53S,UCq2rogaxLtQFrYG3X3KYNww,AfD TV,https://www.youtube.com/watch?v=fS7jEDz7Kqg
UdKz6scDl8c,"""Unsere Bürger verlieren ihre Heimat"" - Dr. Alice Weidel - AfD",2025-11-27T11:00:12Z,20620,2370,85,PT51S,UCq2rogaxLtQFrYG3X3KYNww,AfD TV,https://www.youtube.com/watch?v=UdKz6scDl8c
XVmXP_MKNiw,"""Unseliges Heizungsgesetz sofort abschaffen!"" - Alice Weidel",2025-11-26T17:00:42Z,12586,1341,50,PT28S,UCq2rogaxLtQFrYG3X3KYNww,AfD TV,https://www.youtube.com/watch?v=XVmXP_MKNiw
tUgLJ6NJQ18,"""Dieser Haushalt ist verfassungsfeindlich"" - Tino Chrupalla - AfD",2025-11-26T14:16:02Z,8416,1241,152,PT16M2S,UCq2rogaxLtQFrYG3X3KYNww,AfD TV,https://www.youtube.com/watch?v=tUgLJ6NJQ18
kZQ1bNgSRBk,"""Unser Plan für Deutschland"" - Dr. Alice Weidel - AfD",2025-11-26T11:29:35Z,29178,2501,436,PT20M52S,UCq2rogaxLtQFrYG3X3KYNww,AfD TV,https://www.youtube.com/watch?v=kZQ1bNgSRBk
8acsnwktkXA,Erstickt - Der schleichende Tod des Mittelstands,2025-11-20T18:00:06Z,167888,11575,1327,PT16M58S,UCq2rogaxLtQFrYG3X3KYNww,AfD TV,https://www.youtube.com/watch?v=8acsnwktkXA
7vueIdl9vqA,"Tino Chrupalla: „Ganztagsbetreuung gratis, Energiekosten runter, CO₂-Steuer weg!“",2025-11-19T13:15:01Z,25276,2636,137,PT1M,UCq2rogaxLtQFrYG3X3KYNww,AfD TV,https://www.youtube.com/watch?v=7vueIdl9vqA
l64DwJlBMoI,"Diese Bundesregierung riskiert gerade den Dritten Weltkrieg."" - Tino Chrupalla bei Markus Lanz",2025-11-12T11:17:55Z,132603,5056,176,PT43S,UCq2rogaxLtQFrYG3X3KYNww,AfD TV,https://www.youtube.com/watch?v=l64DwJlBMoI
n69UVKy5s7Y,"Markus Frohnmaier bei Maischberger: ""Wir befinden uns nicht im Krieg mit Russland.""",2025-11-11T14:44:50Z,143802,8500,309,PT1M39S,UCq2rogaxLtQFrYG3X3KYNww,AfD TV,https://www.youtube.com/watch?v=n69UVKy5s7Y
wWODufnWfVs,Magdeburg: Die Wahrheit über Todesfahrer Taleb A. - AfD TV Brennpunkt,2025-11-10T08:00:11Z,87628,6794,860,PT9M15S,UCq2rogaxLtQFrYG3X3KYNww,AfD TV,https://www.youtube.com/watch?v=wWODufnWfVs
QAxCiJ4_kvo,Hammer-Rede: Hier zerstört Brandner ein CDU-Märchen!,2025-11-06T09:30:46Z,19065,2626,169,PT51S,UCq2rogaxLtQFrYG3X3KYNww,AfD TV,https://www.youtube.com/watch?v=QAxCiJ4_kvo
JgDv8C9RgnU,In Schutt und Asche: So sabotiert die CDU unser Land! - AfD TV Brennpunkt,2025-10-31T17:00:11Z,96397,8038,1232,PT7M20S,UCq2rogaxLtQFrYG3X3KYNww,AfD TV,https://www.youtube.com/watch?v=JgDv8C9RgnU
x2rnYnNOHrA,Gundremmingen: Die Sprengung unserer Energieversorgung!,2025-10-25T11:10:11Z,37767,2774,1171,PT55S,UCq2rogaxLtQFrYG3X3KYNww,AfD TV,https://www.youtube.com/watch?v=x2rnYnNOHrA
xmW_oTYgbgM,Keine Heizung ist illegal!,2025-10-25T07:01:12Z,44757,5473,398,PT1M19S,UCq2rogaxLtQFrYG3X3KYNww,AfD TV,https://www.youtube.com/watch?v=xmW_oTYgbgM
V0as2HlihFw,++ Drohnen-Paranoia und Totalüberwachung: EU dreht völlig frei! ++,2025-10-18T16:06:07Z,6368,861,116,PT9M41S,UCq2rogaxLtQFrYG3X3KYNww,AfD TV,https://www.youtube.com/watch?v=V0as2HlihFw
ivxKFZp7fM8,"""Herr Bundeskanzler, Sie versetzen die Bürger in Panik!"" - Tino Chrupalla - AfD",2025-10-16T11:01:21Z,26396,2980,407,PT12M56S,UCq2rogaxLtQFrYG3X3KYNww,AfD TV,https://www.youtube.com/watch?v=ivxKFZp7fM8
86MOflht45M,ChatControl: Die totale Kontrolle über Dein Smartphone! - Mary Khan - AfD,2025-10-16T06:48:01Z,5301,774,82,PT2M18S,UCq2rogaxLtQFrYG3X3KYNww,AfD TV,https://www.youtube.com/watch?v=86MOflht45M
_8m5x-HyKoU,"""Grenzkontrolle statt Chatkontrolle!"" — Pierre Lamely — AfD",2025-10-09T16:00:59Z,5549,803,68,PT5M22S,UCq2rogaxLtQFrYG3X3KYNww,AfD TV,https://www.youtube.com/watch?v=_8m5x-HyKoU
fcf61rDIq1A,"""Man verschenkt Geld in alle Welt & füttert hier illegale Migranten durch."" – Gottfried Curio – AfD",2025-10-09T13:13:56Z,6732,1047,125,PT8M24S,UCq2rogaxLtQFrYG3X3KYNww,AfD TV,https://www.youtube.com/watch?v=fcf61rDIq1A
y9-sQFdEhdI,"""Wir werden dem Antrag der Bundesregierung zur Wehrpflicht nicht zustimmen!"" - Alice Weidel - AfD",2025-10-08T09:54:04Z,87589,12140,633,PT2M39S,UCq2rogaxLtQFrYG3X3KYNww,AfD TV,https://www.youtube.com/watch?v=y9-sQFdEhdI
8jCUTak3XRk,EU-Chatkontrolle: Tschüss Privatsphäre!,2025-10-07T15:08:03Z,22546,2539,184,PT28S,UCq2rogaxLtQFrYG3X3KYNww,AfD TV,https://www.youtube.com/watch?v=8jCUTak3XRk
pCQWIRRwr0A,"""CDU verrät den Sozialstaat!"" – René Springer – AfD",2025-09-26T09:47:43Z,7910,1058,174,PT7M,UCq2rogaxLtQFrYG3X3KYNww,AfD TV,https://www.youtube.com/watch?v=pCQWIRRwr0A
8AxW9tCT4iM,CDU entlarvt: Migrationslügen aufgeflogen! – Gottfried Curio – AfD,2025-09-25T13:47:35Z,9405,1165,84,PT5M23S,UCq2rogaxLtQFrYG3X3KYNww,AfD TV,https://www.youtube.com/watch?v=8AxW9tCT4iM
9b-QiWt2Okc,Warum sich Arbeit in Deutschland nicht mehr lohnt!,2025-09-25T11:14:04Z,22724,1829,105,PT42S,UCq2rogaxLtQFrYG3X3KYNww,AfD TV,https://www.youtube.com/watch?v=9b-QiWt2Okc
zeVIvYyaNZw,SPD-Kandidatin Kaufhold: Skandalöse Personalie! - Alice Weidel,2025-09-25T06:44:38Z,27787,2792,152,PT53S,UCq2rogaxLtQFrYG3X3KYNww,AfD TV,https://www.youtube.com/watch?v=zeVIvYyaNZw
YTsEkAJM2No,Rente in Deutschland: Ungerecht und kaputtgespart!,2025-09-24T14:00:58Z,19479,1834,56,PT35S,UCq2rogaxLtQFrYG3X3KYNww,AfD TV,https://www.youtube.com/watch?v=YTsEkAJM2No
34nfuLAQd-E,Schon wieder: Alice Weidel zerlegt Bundestag!,2025-09-24T11:34:35Z,54580,4473,679,PT22M39S,UCq2rogaxLtQFrYG3X3KYNww,AfD TV,https://www.youtube.com/watch?v=34nfuLAQd-E
edh362gYHbY,„Diese Schuldenorgie zerstört Deutschland!“ – Tino Chrupalla – AfD,2025-09-24T08:06:24Z,6226,1186,98,PT15M,UCq2rogaxLtQFrYG3X3KYNww,AfD TV,https://www.youtube.com/watch?v=edh362gYHbY
fzoWLJAMijY,KALTGESTELLT: Wie die Kartellparteien die Demokratie zerstören! - AfD Brennpunkt,2025-09-20T16:00:06Z,31074,2726,345,PT9M11S,UCq2rogaxLtQFrYG3X3KYNww,AfD TV,https://www.youtube.com/watch?v=fzoWLJAMijY
NqCZ7PtDkSA,"Jung & Patriotisch: ""Die Schieflage der Union"" - mit Alexander Jungbluth und Petra Steger (FPOE)",2025-09-19T16:00:06Z,3609,555,44,PT23M28S,UCq2rogaxLtQFrYG3X3KYNww,AfD TV,https://www.youtube.com/watch?v=NqCZ7PtDkSA
o61ph1N4eNs,Die widerwärtige Propaganda von Hayali & Co.! - Alice Weidel,2025-09-18T08:55:10Z,28578,2934,460,PT4M33S,UCq2rogaxLtQFrYG3X3KYNww,AfD TV,https://www.youtube.com/watch?v=o61ph1N4eNs
KxT_U88AXl4,"""Sie nehmen unseren Kindern die Zukunft!"" - Tino Chrupalla - AfD",2025-09-18T08:00:20Z,19472,1816,58,PT33S,UCq2rogaxLtQFrYG3X3KYNww,AfD TV,https://www.youtube.com/watch?v=KxT_U88AXl4
RfZK025TVw8,"""Sie nehmen unseren Kindern die Zukunft!"" - Tino Chrupalla - AfD",2025-09-17T13:00:57Z,5051,1062,63,PT13M43S,UCq2rogaxLtQFrYG3X3KYNww,AfD TV,https://www.youtube.com/watch?v=RfZK025TVw8
MH8iCV8qQiU,Unfassbarer Ordnungsruf für Alice Weidel!  #afd #cdu,2025-09-17T10:19:58Z,92377,4535,615,PT56S,UCq2rogaxLtQFrYG3X3KYNww,AfD TV,https://www.youtube.com/watch?v=MH8iCV8qQiU
dz-zuiK0X1s,"""Sie machen einfach weiter mit dem grünen Narrenschiff!"" - Alice Weidel - AfD",2025-09-17T08:15:06Z,9196,1775,197,PT16M54S,UCq2rogaxLtQFrYG3X3KYNww,AfD TV,https://www.youtube.com/watch?v=dz-zuiK0X1s
mQaUtCyVjIQ,"""Wir tun was wir tun aus Liebe, die tun es aus Hass!"" - AfD-Kundgebung Charlie Kirk",2025-09-12T05:45:21Z,23558,3054,340,PT6M54S,UCq2rogaxLtQFrYG3X3KYNww,AfD TV,https://www.youtube.com/watch?v=mQaUtCyVjIQ
EBAHzqft5lc,"«10 Jahre sind genug, mehr als genug!» - Dr. Gottfried Curio - AfD",2025-09-10T15:05:03Z,8191,1190,136,PT5M9S,UCq2rogaxLtQFrYG3X3KYNww,AfD TV,https://www.youtube.com/watch?v=EBAHzqft5lc
6GApVuq0Czw,"Politischer ""Gillamoos"" mit AfD-Bundessprecher Tino Chrupalla und vielen weiteren Gästen!",2025-09-08T15:45:49Z,27074,2290,169,PT2H17M53S,UCq2rogaxLtQFrYG3X3KYNww,AfD TV,https://www.youtube.com/watch?v=6GApVuq0Czw
ak7BK_eURtY,"«Wir holen uns den Stolz zurück!» - Tino Chrupalla beim ""politischen Gillamoos"" - AfD",2025-09-08T14:00:03Z,37035,4597,451,PT23M13S,UCq2rogaxLtQFrYG3X3KYNww,AfD TV,https://www.youtube.com/watch?v=ak7BK_eURtY
6dWYxKW5rY4,"10 Jahre ""Wir schaffen das"": Aus Merkel wurde Merz! - AfD Brennpunkt",2025-09-05T12:15:06Z,32715,3067,505,PT6M24S,UCq2rogaxLtQFrYG3X3KYNww,AfD TV,https://www.youtube.com/watch?v=6dWYxKW5rY4
zgr6lsT2Vr0,"10 Jahre ""Wir schaffen das"" - AfD Brennpunkt Trailer",2025-09-05T10:04:13Z,21049,1051,189,PT40S,UCq2rogaxLtQFrYG3X3KYNww,AfD TV,https://www.youtube.com/watch?v=zgr6lsT2Vr0
xGR85IwsHp4,Zwangsgebühren bei der Arbeit: WDR berät Migranten auf Arabisch über Sozialleistungen!,2025-09-05T09:10:54Z,15998,1082,134,PT30S,UCq2rogaxLtQFrYG3X3KYNww,AfD TV,https://www.youtube.com/watch?v=xGR85IwsHp4
JtPvJqiK3Fo,"Gruppenvergewaltigungen, Messerstechereien, Mord: 10 Jahre ""Wir schaffen das""",2025-09-04T16:00:41Z,8581,1430,176,PT1M56S,UCq2rogaxLtQFrYG3X3KYNww,AfD TV,https://www.youtube.com/watch?v=JtPvJqiK3Fo
n8xJhGl4JlU,Der Fall Ludwigshafen: Angriff auf die Demokratie - AfD Brennpunkt,2025-09-02T11:45:05Z,18593,2135,293,PT9M54S,UCq2rogaxLtQFrYG3X3KYNww,AfD TV,https://www.youtube.com/watch?v=n8xJhGl4JlU
Tw960CKirwY,Für die SPD geht es ums nackte Überleben! - Interviw Joachim Paul - AfD Brennpunkt,2025-08-30T10:08:42Z,13217,1742,181,PT58S,UCq2rogaxLtQFrYG3X3KYNww,AfD TV,https://www.youtube.com/watch?v=Tw960CKirwY
0VxmbG_rMbk,"10 Jahre ""Wir schaffen das"": Deutschland ist No-Go-Area!",2025-08-25T08:38:30Z,149276,10185,1181,PT1M1S,UCq2rogaxLtQFrYG3X3KYNww,AfD TV,https://www.youtube.com/watch?v=0VxmbG_rMbk
6uWE_K7z0Yk,Scharia to go: Frauen-Basar in Deutschland! - AfD Brennpunkt,2025-08-21T16:00:07Z,151954,9086,2922,PT6M38S,UCq2rogaxLtQFrYG3X3KYNww,AfD TV,https://www.youtube.com/watch?v=6uWE_K7z0Yk
-esJ6h5GO10,Dorf am Limit: 1 Asylbewerber auf 4 Einwohner – und kein Platz!,2025-08-14T10:28:10Z,53722,2302,215,PT32S,UCq2rogaxLtQFrYG3X3KYNww,AfD TV,https://www.youtube.com/watch?v=-esJ6h5GO10
XoZWMMWrF2Q,„Merz hätte mit Putin sprechen und diplomatisch eine Lösung suchen müssen.“  - Tino Chrupalla - AfD,2025-08-11T16:01:02Z,10142,1268,123,PT1M13S,UCq2rogaxLtQFrYG3X3KYNww,AfD TV,https://www.youtube.com/watch?v=XoZWMMWrF2Q
s7ZDG8q-JC8,„Man wird an einer Regierung mit der AfD nicht mehr vorbeikommen!“ - Tino Chrupalla - AfD,2025-08-11T15:13:32Z,8378,1370,103,PT36S,UCq2rogaxLtQFrYG3X3KYNww,AfD TV,https://www.youtube.com/watch?v=s7ZDG8q-JC8
KaRAPSGtmNw,Tag der Indigenen Völker: Die Deutschland Edition!,2025-08-09T08:00:19Z,33084,4268,229,PT45S,UCq2rogaxLtQFrYG3X3KYNww,AfD TV,https://www.youtube.com/watch?v=KaRAPSGtmNw
WyDFIOYWjOo,NGO-Terror: So zerstören sie die Meinungsfreiheit! - AfD TV,2025-07-23T14:00:06Z,36398,3640,488,PT8M9S,UCq2rogaxLtQFrYG3X3KYNww,AfD TV,https://www.youtube.com/watch?v=WyDFIOYWjOo
oYznh3XcuQg,EU fordert neue Steuern! - Jung & Patriotisch,2025-07-18T16:06:26Z,8549,1034,116,PT8M23S,UCq2rogaxLtQFrYG3X3KYNww,AfD TV,https://www.youtube.com/watch?v=oYznh3XcuQg
NFJSvPXwFtY,Jetzt will Dich die EU so richtig ausnehmen! - AfD - Alexander Jungbluth,2025-07-17T17:14:43Z,9333,1333,135,PT1M23S,UCq2rogaxLtQFrYG3X3KYNww,AfD TV,https://www.youtube.com/watch?v=NFJSvPXwFtY
_4cw2GxeoMw,Null Toleranz für Täter: Freibäder wieder sicher machen! ✋,2025-07-17T15:08:54Z,20978,2497,152,PT42S,UCq2rogaxLtQFrYG3X3KYNww,AfD TV,https://www.youtube.com/watch?v=_4cw2GxeoMw
MpN7GIiD6Ps,Die NGO-Industrie – mit Steuergeldern gegen die AfD!,2025-07-16T13:03:17Z,18964,1169,95,PT45S,UCq2rogaxLtQFrYG3X3KYNww,AfD TV,https://www.youtube.com/watch?v=MpN7GIiD6Ps
7DSl6X6v-To,"""Sie haben den Insolvenzvertrag für unser Land unterschrieben!"" - Tino Chrupalla - AfD",2025-07-09T10:09:10Z,41770,3392,286,PT13M37S,UCq2rogaxLtQFrYG3X3KYNww,AfD TV,https://www.youtube.com/watch?v=7DSl6X6v-To
0qqPdh6L0nk,"""Die Islamisierung schreitet rasend voran!"" - Alice Weidel - AfD",2025-07-09T08:29:57Z,101482,7197,1607,PT24M54S,UCq2rogaxLtQFrYG3X3KYNww,AfD TV,https://www.youtube.com/watch?v=0qqPdh6L0nk
hSxX-e4OLmk,Merz lügt auch noch als Kanzler - AfD TV,2025-07-03T15:03:34Z,24806,2999,351,PT24S,UCq2rogaxLtQFrYG3X3KYNww,AfD TV,https://www.youtube.com/watch?v=hSxX-e4OLmk
OVIee2hgctE,Null Toleranz für Täter: Freibäder wieder sicher machen! ✋,2025-07-01T14:10:24Z,27554,3484,205,PT19S,UCq2rogaxLtQFrYG3X3KYNww,AfD TV,https://www.youtube.com/watch?v=OVIee2hgctE
Y9wE06PI7Gk,"""Die sehen hier vor allem üppige Sozialsysteme!"" - Dr. Gottfried Curio - AfD",2025-06-27T13:01:07Z,7403,935,116,PT7M30S,UCq2rogaxLtQFrYG3X3KYNww,AfD TV,https://www.youtube.com/watch?v=Y9wE06PI7Gk
BmtIs-1Jo8E,CDU-Abgeordneter hält Antifa-Rede: Sie wollen nichts für Dich tun!,2025-06-27T07:11:28Z,40072,1126,276,PT47S,UCq2rogaxLtQFrYG3X3KYNww,AfD TV,https://www.youtube.com/watch?v=BmtIs-1Jo8E
4YjUg8S-ae4,Bürgergeld für Ukrainer sofort abschaffen!  - René Springer - AfD,2025-06-27T07:06:12Z,17831,2611,429,PT5M12S,UCq2rogaxLtQFrYG3X3KYNww,AfD TV,https://www.youtube.com/watch?v=4YjUg8S-ae4
-Sag1OxlJKU,"Heimaturlaub für Syrer, Balkonien für unsere Bürger?",2025-06-26T13:00:00Z,34717,4779,359,PT44S,UCq2rogaxLtQFrYG3X3KYNww,AfD TV,https://www.youtube.com/watch?v=-Sag1OxlJKU
fs4pqjJ-lXs,Schulden & Kriegsgefahr: Diplomatie jetzt! - Tino Chrupalla - AfD,2025-06-24T12:46:07Z,6011,1082,121,PT12M26S,UCq2rogaxLtQFrYG3X3KYNww,AfD TV,https://www.youtube.com/watch?v=fs4pqjJ-lXs
-aTC0k7E2k4,"Jung & Patriotisch: Kriegstreiberei, Ungarn-Bashing und massive Korruption!",2025-06-23T18:00:00Z,4756,790,69,PT10M22S,UCq2rogaxLtQFrYG3X3KYNww,AfD TV,https://www.youtube.com/watch?v=-aTC0k7E2k4
GJJJcVApt1c,"50 Millionen Euro Hotelkosten für ""Ortskräfte"": CDU bezahlt fleißig weiter!",2025-06-20T10:08:28Z,28429,2355,183,PT27S,UCq2rogaxLtQFrYG3X3KYNww,AfD TV,https://www.youtube.com/watch?v=GJJJcVApt1c
_w9kUZcU4LA,Senioren verjagt für Asylprofit? Schockierende Fakten!,2025-06-17T14:39:56Z,25010,2657,164,PT35S,UCq2rogaxLtQFrYG3X3KYNww,AfD TV,https://www.youtube.com/watch?v=_w9kUZcU4LA
ehWFvUtC82Q,"28 Mrd. € für Migration? Die Wahrheit, die keiner sagt! 😱",2025-06-11T15:22:01Z,20744,2359,119,PT34S,UCq2rogaxLtQFrYG3X3KYNww,AfD TV,https://www.youtube.com/watch?v=ehWFvUtC82Q
5XfKpoRwOG0,"""Sanktionen: Brandner & Frohnmaier entlarven Ahnungslosigkeit der CDU-geführten Bundesregierung!""",2025-06-06T11:02:19Z,13188,1241,157,PT2M4S,UCq2rogaxLtQFrYG3X3KYNww,AfD TV,https://www.youtube.com/watch?v=5XfKpoRwOG0
FsVMH9YZSd8,"""Dieser CDU Schutzwall ist nicht viel Wirkungsvoller als ein Gartenzaun!"" - Dr. Bernd Baumann - AfD",2025-06-06T09:16:15Z,7469,1099,120,PT10M34S,UCq2rogaxLtQFrYG3X3KYNww,AfD TV,https://www.youtube.com/watch?v=FsVMH9YZSd8
va3eO32jR8E,Ein Blick an unsere Schulen zeigt: Unsere Kinder sind nicht mehr sicher!,2025-06-05T10:07:45Z,13864,1469,79,PT59S,UCq2rogaxLtQFrYG3X3KYNww,AfD TV,https://www.youtube.com/watch?v=va3eO32jR8E
j2G75BfpuD8,Diese Rede geht unter die Haut: Tränen im Publikum! - Alice Weidel - CPAC,2025-05-30T09:18:26Z,854063,61872,6723,PT12M30S,UCq2rogaxLtQFrYG3X3KYNww,AfD TV,https://www.youtube.com/watch?v=j2G75BfpuD8
9ehTYQ1SVIU,Bundespolizist packt aus: Der große Grenzbetrug!Die neue AfD Brennpunkt  Reportage auf YouTube!,2025-05-27T10:00:16Z,52701,3821,190,PT28S,UCq2rogaxLtQFrYG3X3KYNww,AfD TV,https://www.youtube.com/watch?v=9ehTYQ1SVIU
WO8g7cT4PYg,Bundespolizist packt aus: Der große Grenzbetrug! - AfD TV,2025-05-25T17:00:06Z,139003,7941,925,PT18M19S,UCq2rogaxLtQFrYG3X3KYNww,AfD TV,https://www.youtube.com/watch?v=WO8g7cT4PYg
M1xySs_ZTXk,Bundespolizist packt aus: Der große Grenzbetrug! - Trailer - AfD TV,2025-05-23T16:06:46Z,26476,2450,172,PT28S,UCq2rogaxLtQFrYG3X3KYNww,AfD TV,https://www.youtube.com/watch?v=M1xySs_ZTXk
CEnph1U2eTU,Ja zur Kernkraft: Jetzt ist sogar Belgien Vorbild für Deutschland!,2025-05-16T13:37:09Z,23938,2319,133,PT15S,UCq2rogaxLtQFrYG3X3KYNww,AfD TV,https://www.youtube.com/watch?v=CEnph1U2eTU
SX-o-Zsvm1Q,"""Migrantengeld für Syrer so hoch wie Gesamtausgaben der Bundespolizei!"" - Alice Weidel",2025-05-15T08:51:43Z,46200,3979,459,PT56S,UCq2rogaxLtQFrYG3X3KYNww,AfD TV,https://www.youtube.com/watch?v=SX-o-Zsvm1Q
cZd4eVf05fw,"“Falsche Politik, falsche Prioritäten - Deutschland verdient Besseres!” - Tino Chrupalla - AfD",2025-05-14T14:36:04Z,10950,1646,172,PT11M16S,UCq2rogaxLtQFrYG3X3KYNww,AfD TV,https://www.youtube.com/watch?v=cZd4eVf05fw
L5ZYC-Z3Q1Q,Grenzenlose Arroganz: CDU beleidigt Arbeitnehmer in ganz Deutschland!,2025-05-14T13:09:36Z,80033,3428,1077,PT1M40S,UCq2rogaxLtQFrYG3X3KYNww,AfD TV,https://www.youtube.com/watch?v=L5ZYC-Z3Q1Q
rTpt8VZwulo,Jung & Patriotisch: Patrioten jetzt gesichert unbequem!,2025-05-13T18:00:06Z,5856,932,87,PT7M15S,UCq2rogaxLtQFrYG3X3KYNww,AfD TV,https://www.youtube.com/watch?v=rTpt8VZwulo
QuOTB5eAGJA,"Erschreckende Zahlen widerlegen These von ""Problem-Männern""!",2025-05-13T14:50:26Z,28346,3703,193,PT40S,UCq2rogaxLtQFrYG3X3KYNww,AfD TV,https://www.youtube.com/watch?v=QuOTB5eAGJA
mNnX_k9Blfw,Überrannt: Wenn Dörfer zu Asylhochburgen werden! - AfD Brennpunkt,2025-05-08T17:00:06Z,501707,23082,4136,PT24M,UCq2rogaxLtQFrYG3X3KYNww,AfD TV,https://www.youtube.com/watch?v=mNnX_k9Blfw
FxmtPQYqryI,Überrannt: Wenn Dörfer zu Asylhochburgen werden! - Trailer,2025-05-07T14:52:38Z,20972,1735,248,PT50S,UCq2rogaxLtQFrYG3X3KYNww,AfD TV,https://www.youtube.com/watch?v=FxmtPQYqryI
jci_1b5ILJE,"Offen wie ein Scheunentor: ""Faktisches Einreiseverbot"" ist eine Farce!",2025-05-07T11:37:02Z,35873,2084,167,PT48S,UCq2rogaxLtQFrYG3X3KYNww,AfD TV,https://www.youtube.com/watch?v=jci_1b5ILJE
4Hl_GEPZ87w,"Bernd Baumann: ""Diese Regierung ist das Gegenteil von dem, was Deutschland braucht!"" | 6. Mai 2025",2025-05-06T14:16:06Z,11161,1858,200,PT3M1S,UCq2rogaxLtQFrYG3X3KYNww,AfD TV,https://www.youtube.com/watch?v=4Hl_GEPZ87w
0oqlellpvn0,Nächste Merz-Lüge: Kernenergie nicht im Koalitionsvertrag!,2025-04-10T08:05:17Z,32530,2941,207,PT34S,UCq2rogaxLtQFrYG3X3KYNww,AfD TV,https://www.youtube.com/watch?v=0oqlellpvn0
zplju-2g4m8,"Jung & Patriotisch: ""EU-Wahnsinn pur!"" - Alexander Jungbluth (AfD) & Petra Steger  (FPÖ)",2025-04-09T18:00:06Z,10741,1192,135,PT7M11S,UCq2rogaxLtQFrYG3X3KYNww,AfD TV,https://www.youtube.com/watch?v=zplju-2g4m8
RkMXfha77sc,Union setzt lieber auf Gallionsfigur der radikalen Linken!,2025-03-25T11:55:58Z,26165,2594,184,PT55S,UCq2rogaxLtQFrYG3X3KYNww,AfD TV,https://www.youtube.com/watch?v=RkMXfha77sc
NUjPDGORmMg,"Inkognito: Unser Anruf beim ""Verschwörungstelefon"" des Innenministeriums!",2025-03-20T17:00:06Z,332217,21761,2975,PT7M12S,UCq2rogaxLtQFrYG3X3KYNww,AfD TV,https://www.youtube.com/watch?v=NUjPDGORmMg
dnf0voN95bQ,NEIN zum digitalen Euro! #AfD,2025-03-20T16:01:10Z,28512,4552,424,PT30S,UCq2rogaxLtQFrYG3X3KYNww,AfD TV,https://www.youtube.com/watch?v=dnf0voN95bQ
rlYzJHuVhgM,"""Sie verursachen in 6 Tagen mehr Schulden als in 59 Jahren!"" - Michael Espendiller - AfD",2025-03-19T09:46:42Z,20467,1832,243,PT4M29S,UCq2rogaxLtQFrYG3X3KYNww,AfD TV,https://www.youtube.com/watch?v=rlYzJHuVhgM
cKtb4Hkgw1U,"""Merz opfert Wähler für Macht!"" - Alexander Gauland - AfD",2025-03-18T12:55:28Z,55397,4019,403,PT3M43S,UCq2rogaxLtQFrYG3X3KYNww,AfD TV,https://www.youtube.com/watch?v=cKtb4Hkgw1U
H7VCj_N9Omw,"""Kein anderes Land tut seiner Wirtschaft so etwas an!"" - Bernd Baumann - AfD",2025-03-18T12:05:59Z,12285,1720,147,PT3M20S,UCq2rogaxLtQFrYG3X3KYNww,AfD TV,https://www.youtube.com/watch?v=H7VCj_N9Omw
Y0rKMLq3e0w,"""Gegen den Antrag - und damit für das Grundgesetz und für Deutschland!"" - Tino Chrupalla - AfD",2025-03-18T11:56:53Z,11121,1823,176,PT11M4S,UCq2rogaxLtQFrYG3X3KYNww,AfD TV,https://www.youtube.com/watch?v=Y0rKMLq3e0w
X2ZtHkYjSiE,"Jung & Patriotisch: ""EU-Diktatur in Rumänien?"" - Alexander Jungbluth (AfD) & Petra Steger (FPÖ)",2025-03-17T19:00:06Z,8232,1284,79,PT9M32S,UCq2rogaxLtQFrYG3X3KYNww,AfD TV,https://www.youtube.com/watch?v=X2ZtHkYjSiE
E1go33jNHvM,"""Sie begehen den schnellsten und größten Wahlbetrug der Geschichte"" - Peter Boehringer - AfD",2025-03-13T16:43:54Z,14600,1956,176,PT7M12S,UCq2rogaxLtQFrYG3X3KYNww,AfD TV,https://www.youtube.com/watch?v=E1go33jNHvM
ZaKUiKU2DA0,Verrat am Wähler: Merz verweigert Migrationswende! 🤡,2025-03-07T09:48:25Z,42604,2964,682,PT42S,UCq2rogaxLtQFrYG3X3KYNww,AfD TV,https://www.youtube.com/watch?v=ZaKUiKU2DA0
oqSGT5RFCsU,"Einreiseluftbrücke stoppen, Deutschland schützen! Deshalb AfD! 💙",2025-03-06T15:48:01Z,23339,4540,274,PT26S,UCq2rogaxLtQFrYG3X3KYNww,AfD TV,https://www.youtube.com/watch?v=oqSGT5RFCsU
YdclKh-oqjk,Dirk Nockemann: Kein Geld für Integrationsleistungen von Ausreisepflichtigen!,2025-02-28T08:00:29Z,24030,2868,106,PT50S,UCq2rogaxLtQFrYG3X3KYNww,AfD TV,https://www.youtube.com/watch?v=YdclKh-oqjk
lS5ewr-VxHU,"Dirk Nockemann: Rechtsstaat durchsetzen, kriminelle Migranten abschieben!",2025-02-27T17:57:22Z,117245,13434,593,PT25S,UCq2rogaxLtQFrYG3X3KYNww,AfD TV,https://www.youtube.com/watch?v=lS5ewr-VxHU
M67olMVhnKQ,Heizungsgesetz: Der nächste CDU-Wahlbetrug!,2025-02-27T15:57:00Z,75925,4349,713,PT25S,UCq2rogaxLtQFrYG3X3KYNww,AfD TV,https://www.youtube.com/watch?v=M67olMVhnKQ
GbrcuQr668Y,Schuldenbremse schon gekippt: Merz betrügt die Wähler erneut!,2025-02-26T18:00:20Z,26026,1556,253,PT32S,UCq2rogaxLtQFrYG3X3KYNww,AfD TV,https://www.youtube.com/watch?v=GbrcuQr668Y
h6rka4oBOw8,Wählerbetrug: Merz zieht keine Konsequenzen aus Terror und Messermorden!,2025-02-26T15:47:30Z,49944,3355,992,PT37S,UCq2rogaxLtQFrYG3X3KYNww,AfD TV,https://www.youtube.com/watch?v=h6rka4oBOw8
vjMjdVRwzF4,Grenzschließung schon abgesagt: So betrügt Merz die Wähler!,2025-02-25T13:52:00Z,61762,3775,897,PT24S,UCq2rogaxLtQFrYG3X3KYNww,AfD TV,https://www.youtube.com/watch?v=vjMjdVRwzF4
aoUPAxdhB7U,„Die AfD konnte einen historischen Erfolg einfahren!“,2025-02-24T16:03:53Z,26645,3148,647,PT7M13S,UCq2rogaxLtQFrYG3X3KYNww,AfD TV,https://www.youtube.com/watch?v=aoUPAxdhB7U
GIQTDiWTzko,Zeit für die Entscheidung: AfD-Wahlabend live aus Berlin!,2025-02-23T18:37:21Z,354450,15264,784,PT2H27M25S,UCq2rogaxLtQFrYG3X3KYNww,AfD TV,https://www.youtube.com/watch?v=GIQTDiWTzko
3KFWZlEiKck,Live aus Erfurt: Björn Höcke und Stephan Brandner beim Wahlkampfabschluss der AfD Thüringen,2025-02-23T00:53:25Z,149359,12906,851,PT1H47M14S,UCq2rogaxLtQFrYG3X3KYNww,AfD TV,https://www.youtube.com/watch?v=3KFWZlEiKck
upcIr_TCom0,"Live aus Löbau: Chrupalla, Urban und Gerald Grosz beim Wahlkampfabschluss der AfD Sachsen",2025-02-21T20:41:49Z,97984,7303,301,PT2H34M48S,UCq2rogaxLtQFrYG3X3KYNww,AfD TV,https://www.youtube.com/watch?v=upcIr_TCom0
Cyu94m4_hKA,Energie bezahlbar machen - am Sonntag mit beiden Stimmen AfD wählen!,2025-02-21T14:09:57Z,17024,2311,422,PT57S,UCq2rogaxLtQFrYG3X3KYNww,AfD TV,https://www.youtube.com/watch?v=Cyu94m4_hKA
OKkKnUHxdXI,"Wer sich grün ärgern will, kann auch einfach schwarz wählen!",2025-02-21T10:39:44Z,35710,2841,194,PT6S,UCq2rogaxLtQFrYG3X3KYNww,AfD TV,https://www.youtube.com/watch?v=OKkKnUHxdXI
WDOJedFCy5E,"Wer CDU wählt, wählt die anderen gleich mit!",2025-02-21T10:38:58Z,33857,2852,243,PT6S,UCq2rogaxLtQFrYG3X3KYNww,AfD TV,https://www.youtube.com/watch?v=WDOJedFCy5E
5-Itw3JrRYc,AfD Hessen: Wahlkampfabschluss in Neuhof!,2025-02-20T21:07:23Z,25080,2520,70,PT2H51M28S,UCq2rogaxLtQFrYG3X3KYNww,AfD TV,https://www.youtube.com/watch?v=5-Itw3JrRYc
NUiKSOT3FPc,"Tino Chrupalla, Uwe Steimle & Gerald Grosz in Bad Muskau - AfD",2025-02-19T18:00:06Z,73646,5486,611,PT1H34M13S,UCq2rogaxLtQFrYG3X3KYNww,AfD TV,https://www.youtube.com/watch?v=NUiKSOT3FPc
iePFsxi9eIg,"Euer Plan für Sonntag? Aufstehen, Kaffee trinken, zu dritt AfD wählen! #3Freunde",2025-02-19T14:50:11Z,17569,2234,386,PT6S,UCq2rogaxLtQFrYG3X3KYNww,AfD TV,https://www.youtube.com/watch?v=iePFsxi9eIg
rrWcLUqw05g,Wer sich grün ärgern will...,2025-02-18T15:51:19Z,24148,2633,271,PT6S,UCq2rogaxLtQFrYG3X3KYNww,AfD TV,https://www.youtube.com/watch?v=rrWcLUqw05g
uxFHbi68Bug,"Wer CDU wählt, wählt die anderen gleich mit!",2025-02-18T15:49:55Z,20872,2677,330,PT6S,UCq2rogaxLtQFrYG3X3KYNww,AfD TV,https://www.youtube.com/watch?v=uxFHbi68Bug
RkW9Hln1_rw,"Die CDU verteuert Benzin, die AfD macht es bezahlbar!",2025-02-18T09:54:52Z,31402,3083,247,PT59S,UCq2rogaxLtQFrYG3X3KYNww,AfD TV,https://www.youtube.com/watch?v=RkW9Hln1_rw
zTGHwYbcdIY,"Zeit für Veränderung: Wahlen beobachten, Demokratie schützen!",2025-02-15T18:00:06Z,20976,2376,565,PT10M46S,UCq2rogaxLtQFrYG3X3KYNww,AfD TV,https://www.youtube.com/watch?v=zTGHwYbcdIY
EROxE0gufgk,„Ich überlebte den Feuersturm“ - Dresden vor 80 Jahren: Wir gedenken der Opfer des Bombenangriﬀs,2025-02-13T08:00:06Z,18563,1699,455,PT4M45S,UCq2rogaxLtQFrYG3X3KYNww,AfD TV,https://www.youtube.com/watch?v=EROxE0gufgk
0jdQdMEGA6U,Zeit für Veränderung: Wir wollen souveräne Staaten in Europa!,2025-02-12T18:00:06Z,14548,1915,320,PT14M39S,UCq2rogaxLtQFrYG3X3KYNww,AfD TV,https://www.youtube.com/watch?v=0jdQdMEGA6U
UPuQ71mP_hA,Zeit für einen Neuanfang - Zeit für Deutschland! - Alice Weidel - AfD,2025-02-12T09:00:40Z,73090,5007,669,PT1M54S,UCq2rogaxLtQFrYG3X3KYNww,AfD TV,https://www.youtube.com/watch?v=UPuQ71mP_hA
UgYxvj46QV0,"""Gehen Sie arbeiten!"" - Weidel vs. Grüne - AfD",2025-02-11T10:37:34Z,91760,9010,1754,PT12M51S,UCq2rogaxLtQFrYG3X3KYNww,AfD TV,https://www.youtube.com/watch?v=UgYxvj46QV0
ep6o7EmsvOE,Zeit für Veränderung: „Die Medien verschleiern dieses Politikversagen!“,2025-02-10T18:00:06Z,19519,2752,226,PT12M48S,UCq2rogaxLtQFrYG3X3KYNww,AfD TV,https://www.youtube.com/watch?v=ep6o7EmsvOE
lIl056lYszY,Live: Mega-Veranstaltung mit Alice Weidel in Heidenheim! - AfD,2025-02-09T17:19:46Z,212672,13854,528,PT2H20M33S,UCq2rogaxLtQFrYG3X3KYNww,AfD TV,https://www.youtube.com/watch?v=lIl056lYszY
ULoF6vcX87k,Live: Mega-Veranstaltung mit Alice Weidel in Kusel! - AfD,2025-02-08T18:41:47Z,146183,9689,711,PT1H35M38S,UCq2rogaxLtQFrYG3X3KYNww,AfD TV,https://www.youtube.com/watch?v=ULoF6vcX87k
-tY0YV8hNEE,"""Zeit für Alice Weidel"" live aus Greding!",2025-02-07T18:02:51Z,236494,14865,601,PT2H57M17S,UCq2rogaxLtQFrYG3X3KYNww,AfD TV,https://www.youtube.com/watch?v=-tY0YV8hNEE
AsTggz--XB0,Tino Chrupalla: Die Bevölkerung will die Migrationswende!,2025-02-06T09:55:55Z,59806,5576,248,PT29S,UCq2rogaxLtQFrYG3X3KYNww,AfD TV,https://www.youtube.com/watch?v=AsTggz--XB0
x5zaC7Gs2RE,Zeit für Veränderung: „Die Jugend strömt in Scharen zur AfD!“,2025-02-05T18:00:06Z,64237,6903,929,PT11M53S,UCq2rogaxLtQFrYG3X3KYNww,AfD TV,https://www.youtube.com/watch?v=x5zaC7Gs2RE
jaxs2GwThNs,"Alice Weidel: Recht und Gesetz umsetzen, um Spaltung zu verhindern!",2025-02-03T14:19:09Z,46284,4245,253,PT36S,UCq2rogaxLtQFrYG3X3KYNww,AfD TV,https://www.youtube.com/watch?v=jaxs2GwThNs
ch_yTGoCEsk,Energiepreise: Unsere Probleme sind hausgemacht!,2025-02-03T12:25:42Z,40828,4154,130,PT39S,UCq2rogaxLtQFrYG3X3KYNww,AfD TV,https://www.youtube.com/watch?v=ch_yTGoCEsk
TLdcM3hyuII,Alice Weidel: Wir werden unsere außenpolitischen Beziehungen verbessern!,2025-02-03T09:59:20Z,32695,4744,202,PT36S,UCq2rogaxLtQFrYG3X3KYNww,AfD TV,https://www.youtube.com/watch?v=TLdcM3hyuII
DeReJVt4uQc,Live: Mega-Veranstaltung mit Alice Weidel in Neu-Isenburg! - AfD,2025-02-01T17:33:16Z,335060,22316,1159,PT2H38M26S,UCq2rogaxLtQFrYG3X3KYNww,AfD TV,https://www.youtube.com/watch?v=DeReJVt4uQc
3HLFWDoBbYE,"Zeit für eine Kanzlerin, die sich an den Eid erinnert! - Alice Weidel - AfD Wahlwerbespot",2025-01-26T13:11:19Z,373359,18300,4510,PT54S,UCq2rogaxLtQFrYG3X3KYNww,AfD TV,https://www.youtube.com/watch?v=3HLFWDoBbYE
cG9gl2RIr90,Wahlkampfauftakt: Mega-Veranstaltung mit Alice Weidel in Halle!,2025-01-25T22:44:40Z,394534,25349,960,PT3H28M14S,UCq2rogaxLtQFrYG3X3KYNww,AfD TV,https://www.youtube.com/watch?v=cG9gl2RIr90
ZumGcdGdOSQ,"FPÖ-Regierung, USA unter Trump und Meinungsfreiheit unter Beschuss: Jung & Patriotisch - FPÖ & AfD",2025-01-24T17:30:05Z,10556,1141,127,PT7M5S,UCq2rogaxLtQFrYG3X3KYNww,AfD TV,https://www.youtube.com/watch?v=ZumGcdGdOSQ
qLtkcA52raI,Alice Weidel spricht Klartext: Live in Hamburg!,2025-01-16T20:23:49Z,240547,16446,1902,PT2H24M4S,UCq2rogaxLtQFrYG3X3KYNww,AfD TV,https://www.youtube.com/watch?v=qLtkcA52raI
L2Z794uwWyA,Über Migrantenflut & Medienlügen: Stephan Brandner im Interview mit AfD-TV!,2025-01-15T13:15:02Z,93242,7918,767,PT14M,UCq2rogaxLtQFrYG3X3KYNww,AfD TV,https://www.youtube.com/watch?v=L2Z794uwWyA
Iq_VrfSI-AI,"""Mit uns gibt es keine halben Sachen mehr!"" - Tino Chrupalla - AfD",2025-01-14T11:00:06Z,95298,8024,877,PT9M26S,UCq2rogaxLtQFrYG3X3KYNww,AfD TV,https://www.youtube.com/watch?v=Iq_VrfSI-AI
B8YByr2RUC0,"""Zeit für Deutschland"": 16. AfD-Bundesparteitag live aus Riesa! - Tag 2",2025-01-12T15:50:48Z,178378,7129,362,PT6H57M45S,UCq2rogaxLtQFrYG3X3KYNww,AfD TV,https://www.youtube.com/watch?v=B8YByr2RUC0
uqxNsnC6o34,"""Zeit für Deutschland"": 16. AfD-Bundesparteitag live aus Riesa! - Tag 1",2025-01-11T21:10:35Z,478929,19596,568,PT11H25M3S,UCq2rogaxLtQFrYG3X3KYNww,AfD TV,https://www.youtube.com/watch?v=uqxNsnC6o34
6KgV1o_8E2k,"Weißt Du noch, wie schön es in Deutschland einmal war? - AfD",2025-01-10T06:53:06Z,163325,4026,797,PT44S,UCq2rogaxLtQFrYG3X3KYNww,AfD TV,https://www.youtube.com/watch?v=6KgV1o_8E2k
8VOE0y11zOY,"DAS ist auf unserer Seite der ""Brandmauer""! - AfD",2025-01-10T06:49:57Z,216718,3787,255,PT31S,UCq2rogaxLtQFrYG3X3KYNww,AfD TV,https://www.youtube.com/watch?v=8VOE0y11zOY
uaXitMYXhpg,"Weißt Du noch, wie schön Deutschland einmal war? - Alice Weidel #afd #weidel #deutschland",2025-01-05T16:28:53Z,200823,18938,780,PT44S,UCq2rogaxLtQFrYG3X3KYNww,AfD TV,https://www.youtube.com/watch?v=uaXitMYXhpg
Y-BOY7GGf50,ReLive: #AfD Sachsen-Anhalt & Alice #Weidel aus #Magdeburg!,2024-12-24T10:08:33Z,9716,644,59,PT51M58S,UCq2rogaxLtQFrYG3X3KYNww,AfD TV,https://www.youtube.com/watch?v=Y-BOY7GGf50
ZjzXYnb1Qdg,Gänsehaut pur bei dieser Rede!  - AfD - Livemitschnitt Alice Weidel Magdeburg,2024-12-23T21:33:20Z,818224,54365,7730,PT12M9S,UCq2rogaxLtQFrYG3X3KYNww,AfD TV,https://www.youtube.com/watch?v=ZjzXYnb1Qdg
nxmSoRXpsv4,Live aus #Magdeburg: #AfD-Gedenkveranstaltung mit Alice #Weidel!,2024-12-23T17:10:21Z,224409,16486,1268,PT1H6M24S,UCq2rogaxLtQFrYG3X3KYNww,AfD TV,https://www.youtube.com/watch?v=nxmSoRXpsv4
lWeyt1Bg5E8,Jung & Patriotisch: So versagt Deutschland bei der Remigration! - AfD - FPÖ,2024-12-23T11:00:06Z,9530,1241,103,PT9M40S,UCq2rogaxLtQFrYG3X3KYNww,AfD TV,https://www.youtube.com/watch?v=lWeyt1Bg5E8
dFRDgZkuYP0,"""Deutschland braucht einen Neuanfang - und der ist nur mit der AfD möglich!"" - Alice Weidel",2024-12-16T15:01:48Z,25356,2468,441,PT10M34S,UCq2rogaxLtQFrYG3X3KYNww,AfD TV,https://www.youtube.com/watch?v=dFRDgZkuYP0
0U3IFhG_sXE,Live: Vorstellung AfD-Kanzlerkandidatin!,2024-12-07T11:02:01Z,54263,4971,705,PT47M32S,UCq2rogaxLtQFrYG3X3KYNww,AfD TV,https://www.youtube.com/watch?v=0U3IFhG_sXE
vQ6wvtnyKlI,Live: Vorstellung AfD-Kanzlerkandidat!,2024-12-07T10:07:24Z,4049,581,44,PT1S,UCq2rogaxLtQFrYG3X3KYNww,AfD TV,https://www.youtube.com/watch?v=vQ6wvtnyKlI
uuwdfOsP1_w,Blanker Wahnsinn: Kriegstreiberei im EU-Parlament - Jung & Patriotisch - FPOE & AfD,2024-11-30T10:36:46Z,18166,1849,178,PT8M57S,UCq2rogaxLtQFrYG3X3KYNww,AfD TV,https://www.youtube.com/watch?v=uuwdfOsP1_w
YqFCyPzQtVE,"""Anzeige ist raus!"" Statt Einschüchterung und Zensur: Meinungsfreiheit schützen!",2024-11-21T14:02:55Z,63211,6087,658,PT39S,UCq2rogaxLtQFrYG3X3KYNww,AfD TV,https://www.youtube.com/watch?v=YqFCyPzQtVE
O8tqeu7EZ_E,Vertrauensfrage: Deshalb stimme ich gegen Scholz! - Peter Boehringer im Interview,2024-11-20T16:30:26Z,26513,1617,297,PT41M4S,UCq2rogaxLtQFrYG3X3KYNww,AfD TV,https://www.youtube.com/watch?v=O8tqeu7EZ_E
9Owb6CszYRg,Parlament im Stillstand – Regierung ohne Plan!“ | Frequenz: Freiheit - Der Podcast der AfD,2024-11-18T08:05:04Z,24776,2195,224,PT13M33S,UCq2rogaxLtQFrYG3X3KYNww,AfD TV,https://www.youtube.com/watch?v=9Owb6CszYRg
ZE7ADrI62Xc,JUNG & PATRIOTISCH: Trump-Triumph und Ampel-Ausfall - AfD & FPÖ,2024-11-16T08:40:29Z,12864,1548,112,PT11M2S,UCq2rogaxLtQFrYG3X3KYNww,AfD TV,https://www.youtube.com/watch?v=ZE7ADrI62Xc
_74EsmRRLOc,AfD-Abrechnung im Bundestag: Baumann fordert sofortige Neuwahlen!,2024-11-08T14:12:45Z,23659,2513,306,PT6M1S,UCq2rogaxLtQFrYG3X3KYNww,AfD TV,https://www.youtube.com/watch?v=_74EsmRRLOc
hXZQo_ldM5k,++ AfD lässt EU-Haushalt scheitern! ++,2024-10-24T07:59:42Z,26269,2840,204,PT3M30S,UCq2rogaxLtQFrYG3X3KYNww,AfD TV,https://www.youtube.com/watch?v=hXZQo_ldM5k
fttFOCzYK8I,„Regierung ohne Plan – Migration außer Kontrolle!“ | Frequenz: Freiheit - Der Podcast der AfD,2024-10-18T09:00:15Z,21169,1876,164,PT14M34S,UCq2rogaxLtQFrYG3X3KYNww,AfD TV,https://www.youtube.com/watch?v=fttFOCzYK8I
hYngm_4txgA,Tino Chrupalla: Die Ampel regiert wie aus einem Raumschiff!,2024-10-16T13:02:08Z,14745,1873,173,PT9M17S,UCq2rogaxLtQFrYG3X3KYNww,AfD TV,https://www.youtube.com/watch?v=hYngm_4txgA
w5ECwYWaZes,Talahons im EU-Parlament?! - Jung & Patriotisch,2024-10-15T08:13:36Z,21269,1720,161,PT9M47S,UCq2rogaxLtQFrYG3X3KYNww,AfD TV,https://www.youtube.com/watch?v=w5ECwYWaZes
pAex3PZe1KE,Talahons im EU-Parlament?! - Jung & Patriotisch,2024-10-14T17:33:03Z,9610,1309,125,PT9M47S,UCq2rogaxLtQFrYG3X3KYNww,AfD TV,https://www.youtube.com/watch?v=pAex3PZe1KE
N16550eY1w8,„Wirtschaft am Abgrund – Bildung im Chaos!“ | Frequenz: Freiheit - Der Podcast der AfD,2024-10-11T10:30:11Z,12621,1313,107,PT17M6S,UCq2rogaxLtQFrYG3X3KYNww,AfD TV,https://www.youtube.com/watch?v=N16550eY1w8
Sqyz-XZa4B4,"CDU-Skandalaussage über Terror-Syrer: ""Sowas gabs schon immer!""",2024-09-30T13:50:56Z,39984,1972,486,PT21S,UCq2rogaxLtQFrYG3X3KYNww,AfD TV,https://www.youtube.com/watch?v=Sqyz-XZa4B4
3HlKiwM5vUM,Brandmauer-Chaos im Landtag Thüringen: Konstituierende Sitzung mit der #AfD!,2024-09-26T14:29:57Z,247747,9485,1434,PT4H15M24S,UCq2rogaxLtQFrYG3X3KYNww,AfD TV,https://www.youtube.com/watch?v=3HlKiwM5vUM
TjCpr0x9ELo,"JUNG & PATRIOTISCH 2: Asylchaos, Schuldenwahnsinn – doch die EU macht einfach weiter!",2024-09-24T14:16:19Z,14924,1573,170,PT12M32S,UCq2rogaxLtQFrYG3X3KYNww,AfD TV,https://www.youtube.com/watch?v=TjCpr0x9ELo
5FicK0RuMLY,"Wahlnachlese Brandenburg: Alice Weidel, Tino Chrupalla & Christoph Berndt! - AfD",2024-09-23T09:06:29Z,103458,8153,973,PT1H3M36S,UCq2rogaxLtQFrYG3X3KYNww,AfD TV,https://www.youtube.com/watch?v=5FicK0RuMLY
UrxXK3mizZs,„Für das eigene Land ist kein Geld da!“ | Frequenz: Freiheit - Der Podcast der AfD,2024-09-19T09:02:15Z,13881,1547,148,PT10M13S,UCq2rogaxLtQFrYG3X3KYNww,AfD TV,https://www.youtube.com/watch?v=UrxXK3mizZs
MGoCKLzSvTY,"Peter Boehringer: „Sie wussten, dass ein Lockdown überflüssig war!“",2024-09-06T07:00:12Z,19246,2517,289,PT9M23S,UCq2rogaxLtQFrYG3X3KYNww,AfD TV,https://www.youtube.com/watch?v=MGoCKLzSvTY
7QcvzIEeM0s,Tino Chrupalla: „Der Osten ist das Thermometer der Bundesrepublik Deutschland!“ #shorts,2024-09-05T16:00:07Z,44605,5395,343,PT39S,UCq2rogaxLtQFrYG3X3KYNww,AfD TV,https://www.youtube.com/watch?v=7QcvzIEeM0s
5_bzdRzN7c8,Tino Chrupalla: „Ich würde die Briefwahl wieder verbieten! Sie ist als Ausnahme initiiert worden!“,2024-09-03T10:30:17Z,49374,4436,732,PT1M32S,UCq2rogaxLtQFrYG3X3KYNww,AfD TV,https://www.youtube.com/watch?v=5_bzdRzN7c8
3Cu5CnlrUHw,"Wahlnachlese Thüringen & Sachsen: Weidel, Chrupalla, Möller & Urban live! - AfD",2024-09-02T10:36:18Z,92851,6487,666,PT1H9M10S,UCq2rogaxLtQFrYG3X3KYNww,AfD TV,https://www.youtube.com/watch?v=3Cu5CnlrUHw
TyHCHmCkZ8U,Finale: Weidel & Höcke LIVE aus Erfurt! - AfD Thüringen,2024-08-31T20:21:18Z,152329,9857,427,PT1H59M44S,UCq2rogaxLtQFrYG3X3KYNww,AfD TV,https://www.youtube.com/watch?v=TyHCHmCkZ8U
X1QKv_lUfnc,"Weidel, Chrupalla und Wippel LIVE in Görlitz",2024-08-30T17:41:13Z,72074,6698,310,PT1H38M47S,UCq2rogaxLtQFrYG3X3KYNww,AfD TV,https://www.youtube.com/watch?v=X1QKv_lUfnc
y5q6L2vODv4,"Tino Chrupalla: „Für Frieden, Freiheit und Souveränität!“",2024-08-30T14:23:07Z,8434,1355,132,PT15M31S,UCq2rogaxLtQFrYG3X3KYNww,AfD TV,https://www.youtube.com/watch?v=y5q6L2vODv4
yjxC8LxUzck,Alice Weidel: „Sorgen wir für das blaue Wunder!“,2024-08-30T14:05:56Z,98290,8611,1131,PT26M10S,UCq2rogaxLtQFrYG3X3KYNww,AfD TV,https://www.youtube.com/watch?v=yjxC8LxUzck
Zh8P0FWu6ek,"Weidel, Chrupalla & Urban LIVE aus Dresden! - AfD Wahlkampffinale",2024-08-29T17:51:50Z,84104,6355,432,PT1H56M36S,UCq2rogaxLtQFrYG3X3KYNww,AfD TV,https://www.youtube.com/watch?v=Zh8P0FWu6ek
s6koUQMTm0w,"Weidel, Chrupalla und Urban LIVE in Bautzen",2024-08-27T17:33:30Z,47927,4812,321,PT1H22M14S,UCq2rogaxLtQFrYG3X3KYNww,AfD TV,https://www.youtube.com/watch?v=s6koUQMTm0w
-BiMXOvIPAY,Diesen Wahnsinn werden die Altparteien weiterführen! #AfD #shorts,2024-08-27T12:47:58Z,47896,4168,347,PT58S,UCq2rogaxLtQFrYG3X3KYNww,AfD TV,https://www.youtube.com/watch?v=-BiMXOvIPAY
4jDebvTdJmY,Beide Stimmen #AfD: Damit sich wirklich etwas ändert! #shorts,2024-08-26T08:44:50Z,92138,8693,364,PT15S,UCq2rogaxLtQFrYG3X3KYNww,AfD TV,https://www.youtube.com/watch?v=4jDebvTdJmY
FlZZ87pd0HA,Tag der Indigenen Völker : Die Deutschland Edition! #short,2024-08-09T14:05:37Z,51625,6862,279,PT45S,UCq2rogaxLtQFrYG3X3KYNww,AfD TV,https://www.youtube.com/watch?v=FlZZ87pd0HA
qbO1TWMiMes,Freibäder wieder sicher machen! #short #dortmund #freibad #AfD,2024-08-08T14:30:17Z,25369,1921,156,PT14S,UCq2rogaxLtQFrYG3X3KYNww,AfD TV,https://www.youtube.com/watch?v=qbO1TWMiMes
ye_wFnH0KOA,Wir sagen Nein zu Baerbocks Sozialstaats-Ausbeutung! #short,2024-08-01T15:07:39Z,34530,4534,227,PT27S,UCq2rogaxLtQFrYG3X3KYNww,AfD TV,https://www.youtube.com/watch?v=ye_wFnH0KOA
JPFs5BE3jT8,Baerbock blockiert Abschiebung von Syrern: Wir wollen ihren Rücktritt! #short,2024-07-31T14:21:56Z,53082,6306,402,PT22S,UCq2rogaxLtQFrYG3X3KYNww,AfD TV,https://www.youtube.com/watch?v=JPFs5BE3jT8
ir4VdozjSfI,Visa-Rechtsbruch: Die AfD fordert Baerbocks Rücktritt! #short,2024-07-29T14:35:42Z,33958,5412,396,PT17S,UCq2rogaxLtQFrYG3X3KYNww,AfD TV,https://www.youtube.com/watch?v=ir4VdozjSfI
S1Ekpou67-I,Sichere Renten und soziale Politik? Nur mit der AfD! #short,2024-07-26T15:00:27Z,24342,2186,180,PT29S,UCq2rogaxLtQFrYG3X3KYNww,AfD TV,https://www.youtube.com/watch?v=S1Ekpou67-I
WJfcV9lAgO0,Abschiebe-Offensive? Leere Phrasen von Olaf Scholz! #short,2024-07-26T12:01:10Z,20838,2284,364,PT23S,UCq2rogaxLtQFrYG3X3KYNww,AfD TV,https://www.youtube.com/watch?v=WJfcV9lAgO0
XhqC1lzTb0I,"Wahlkampfstart live aus Thüringen: Mit Björn Höcke, Jörg Urban & Hans-Christoph Berndt!",2024-07-20T18:46:21Z,119258,7086,621,PT2H7M23S,UCq2rogaxLtQFrYG3X3KYNww,AfD TV,https://www.youtube.com/watch?v=XhqC1lzTb0I
N3WAxuO6Y-s,Jung & Patriotisch: Von der Leyens Skandalwahl! - Episode 1 - Petra Steger & Alexander Jungbluth,2024-07-19T14:30:42Z,41357,3494,461,PT7M59S,UCq2rogaxLtQFrYG3X3KYNww,AfD TV,https://www.youtube.com/watch?v=N3WAxuO6Y-s
iHFX6mKFd6k,"von der Leyen wiedergewählt: Wer CDU wählt, wählt Grüne! #short",2024-07-19T13:43:22Z,30990,2031,264,PT20S,UCq2rogaxLtQFrYG3X3KYNww,AfD TV,https://www.youtube.com/watch?v=iHFX6mKFd6k
5eEsz4vMOYc,Schon 47.244 AfD-Mitglieder: Wo bleibst Du? #short,2024-07-18T08:00:05Z,20700,2430,210,PT15S,UCq2rogaxLtQFrYG3X3KYNww,AfD TV,https://www.youtube.com/watch?v=5eEsz4vMOYc
iQUErOq6t0s,Merkel wird 70: Eine desaströse Bilanz! #short,2024-07-17T14:48:30Z,29202,3444,337,PT22S,UCq2rogaxLtQFrYG3X3KYNww,AfD TV,https://www.youtube.com/watch?v=iQUErOq6t0s
tm4VgUnESGA,Steuerzahler-Gedenktag: AfD entlastet die Bürger! #shorts,2024-07-11T12:29:23Z,21910,2782,133,PT17S,UCq2rogaxLtQFrYG3X3KYNww,AfD TV,https://www.youtube.com/watch?v=tm4VgUnESGA
A_RRqfvV3vQ,Interview Kay Gottschalk zum 15. AfD-Bundesparteitag in Essen,2024-07-05T14:12:21Z,11244,492,76,PT5M36S,UCq2rogaxLtQFrYG3X3KYNww,AfD TV,https://www.youtube.com/watch?v=A_RRqfvV3vQ
QThZMJVjJJI,Interview Tino Chrupalla zum 15. AfD-Bundesparteitag in Essen,2024-07-05T13:41:52Z,11465,847,112,PT4M1S,UCq2rogaxLtQFrYG3X3KYNww,AfD TV,https://www.youtube.com/watch?v=QThZMJVjJJI
N7bwJ9ACkXw,Interview Dirk Brandes zum 15. AfD-Bundesparteitag in Essen,2024-07-05T13:37:33Z,2319,224,8,PT7M13S,UCq2rogaxLtQFrYG3X3KYNww,AfD TV,https://www.youtube.com/watch?v=N7bwJ9ACkXw
BZ208jhWDNQ,Interview Dennis Hohloch zum 15. AfD-Bundesparteitag in Essen,2024-07-05T13:35:27Z,3298,285,20,PT12M32S,UCq2rogaxLtQFrYG3X3KYNww,AfD TV,https://www.youtube.com/watch?v=BZ208jhWDNQ
Vx7EHVq1Kio,Interview Hannes Gnauck zum 15. AfD-Bundesparteitag in Essen,2024-07-05T13:34:57Z,4004,631,33,PT14M40S,UCq2rogaxLtQFrYG3X3KYNww,AfD TV,https://www.youtube.com/watch?v=Vx7EHVq1Kio
ETokL2mX0Zc,Dirk Brandes: Wir wollen zurück zu einem demokratischen Deutschland!,2024-07-05T13:16:51Z,3126,581,19,PT4M56S,UCq2rogaxLtQFrYG3X3KYNww,AfD TV,https://www.youtube.com/watch?v=ETokL2mX0Zc
t_PHgJpu8iE,"Marc Jongen: Wir müssen verhindern, dass die EU weiter Macht akkumuliert!",2024-07-05T13:13:39Z,3032,590,31,PT5M14S,UCq2rogaxLtQFrYG3X3KYNww,AfD TV,https://www.youtube.com/watch?v=t_PHgJpu8iE
ihWivHVbgYs,Interview Alice Weidel zum 15. AfD Bundesparteitag in Essen,2024-07-05T09:21:20Z,7894,807,71,PT6M37S,UCq2rogaxLtQFrYG3X3KYNww,AfD TV,https://www.youtube.com/watch?v=ihWivHVbgYs
PUAetNjdl1U,Carsten Hütter: Wir sind DIE demokratische Partei Deutschlands!,2024-07-05T09:18:17Z,1401,213,10,PT2M5S,UCq2rogaxLtQFrYG3X3KYNww,AfD TV,https://www.youtube.com/watch?v=PUAetNjdl1U
yPh8OicpKEQ,Heiko Scholz: Jugendliche lehnen die Indoktrination durch links-grüne Lehrer zunehmend ab!,2024-07-04T14:24:49Z,5009,637,50,PT5M,UCq2rogaxLtQFrYG3X3KYNww,AfD TV,https://www.youtube.com/watch?v=yPh8OicpKEQ
VuMte3kdcwk,Interview Peter Boehringer zum 15. AfD-Bundesparteitag in Essen,2024-07-04T14:01:00Z,2815,357,12,PT6M26S,UCq2rogaxLtQFrYG3X3KYNww,AfD TV,https://www.youtube.com/watch?v=VuMte3kdcwk
nh9Gdq33Jxk,Roman Reusch: Wir wehren uns weiterhin juristisch gegen die Schikanen!,2024-07-04T13:57:00Z,3702,771,48,PT4M27S,UCq2rogaxLtQFrYG3X3KYNww,AfD TV,https://www.youtube.com/watch?v=nh9Gdq33Jxk
FelU2GfeQsI,"Alexander Jungbluth: Wir sind die Einzigen, die Deutschland verteidigen werden!",2024-07-04T13:38:18Z,2218,491,20,PT4M1S,UCq2rogaxLtQFrYG3X3KYNww,AfD TV,https://www.youtube.com/watch?v=FelU2GfeQsI
w9GSDO66aLs,Hannes Gnauck: Wir müssen uns von der Fremdbestimmung lösen!,2024-07-04T12:15:52Z,5186,1035,76,PT5M18S,UCq2rogaxLtQFrYG3X3KYNww,AfD TV,https://www.youtube.com/watch?v=w9GSDO66aLs
OLqByutPELc,Kay Gottschalk: In den Ministerin herrscht Korruption!,2024-07-03T13:27:03Z,12201,1865,142,PT5M55S,UCq2rogaxLtQFrYG3X3KYNww,AfD TV,https://www.youtube.com/watch?v=OLqByutPELc
OPEHPXzMSyY,Peter Boehringer: Wir werden das Weltsozialamt schließen!,2024-07-03T12:59:08Z,17203,2718,210,PT6M12S,UCq2rogaxLtQFrYG3X3KYNww,AfD TV,https://www.youtube.com/watch?v=OPEHPXzMSyY
GWRK7LJXKA4,"Stephan Brandner: Wir brauchen Staatsanwälte, die ermitteln und anklagen!",2024-07-03T12:13:20Z,37203,4710,392,PT6M18S,UCq2rogaxLtQFrYG3X3KYNww,AfD TV,https://www.youtube.com/watch?v=GWRK7LJXKA4
K0VQu41uFb0,Interview Vanessa Behrendt zum 15. AfD-Bundesparteitag in Essen,2024-07-02T14:18:56Z,6370,478,22,PT1M38S,UCq2rogaxLtQFrYG3X3KYNww,AfD TV,https://www.youtube.com/watch?v=K0VQu41uFb0
liNTFCeQ9S4,Interview Maximilian Kneller zum 15. AfD-Bundesparteitag in Essen,2024-07-02T14:18:53Z,2339,201,9,PT2M49S,UCq2rogaxLtQFrYG3X3KYNww,AfD TV,https://www.youtube.com/watch?v=liNTFCeQ9S4
HblHDPxWDXY,Interview Alexander Jungbluth zum 15. AfD-Bundesparteitag in Essen,2024-07-02T14:18:45Z,2504,241,11,PT1M51S,UCq2rogaxLtQFrYG3X3KYNww,AfD TV,https://www.youtube.com/watch?v=HblHDPxWDXY
WVxyoETfaAM,Interview Jean-Pascal Hohm zum 15. AfD-Bundesparteitag in Essen,2024-07-02T14:18:27Z,2307,181,2,PT1M49S,UCq2rogaxLtQFrYG3X3KYNww,AfD TV,https://www.youtube.com/watch?v=WVxyoETfaAM
ybNrQMkE8gU,Tino Chrupalla: Diese Partei wird dieses Land verändern!,2024-07-02T13:41:16Z,17374,2398,253,PT8M44S,UCq2rogaxLtQFrYG3X3KYNww,AfD TV,https://www.youtube.com/watch?v=ybNrQMkE8gU
rxJIH9Zk884,Alice Weidel: Deutschland braucht ein zweites 1989!,2024-07-02T12:10:33Z,100991,8705,857,PT7M22S,UCq2rogaxLtQFrYG3X3KYNww,AfD TV,https://www.youtube.com/watch?v=rxJIH9Zk884
P1s68_H_Zbg,Live aus #Essen: Fortsetzung #AfD-Bundesparteitag mit Neuwahlen Bundesvorstand!,2024-06-30T15:25:27Z,38666,2152,54,PT3H10M58S,UCq2rogaxLtQFrYG3X3KYNww,AfD TV,https://www.youtube.com/watch?v=P1s68_H_Zbg
vCQHIKdhEg8,Live aus #Essen: Fortsetzung #AfD-Bundesparteitag mit Neuwahlen Bundesvorstand!,2024-06-30T12:22:06Z,76192,4107,60,PT4H28M19S,UCq2rogaxLtQFrYG3X3KYNww,AfD TV,https://www.youtube.com/watch?v=vCQHIKdhEg8
tw7v8MnARG0,Live aus #Essen: #AfD-Bundesparteitag mit Neuwahl Bundesvorstand!,2024-06-29T23:44:34Z,193370,11952,76,PT9H7M4S,UCq2rogaxLtQFrYG3X3KYNww,AfD TV,https://www.youtube.com/watch?v=tw7v8MnARG0
O93eDqv8scc,„Tagesschau“-Verdummung: Wir erklären „einfache Sprache“!  #afd  #deshalbafd,2024-06-17T12:18:25Z,77131,8609,733,PT55S,UCq2rogaxLtQFrYG3X3KYNww,AfD TV,https://www.youtube.com/watch?v=O93eDqv8scc
vUt9Dg0Hiw8,René Springer: Sozialmissbrauch durch Pendelmigration stoppen!,2024-06-13T14:33:08Z,15616,1695,195,PT5M,UCq2rogaxLtQFrYG3X3KYNww,AfD TV,https://www.youtube.com/watch?v=vUt9Dg0Hiw8
KmrVIp03AKw,Martin Reichardt zum sogenannten Aktionsplan „Queer leben“ #shorts,2024-06-13T14:30:27Z,32405,3255,188,PT55S,UCq2rogaxLtQFrYG3X3KYNww,AfD TV,https://www.youtube.com/watch?v=KmrVIp03AKw
UzMGFRx26AY,"4,5 Milliarden Euro: Einfach weg! #afd #ampel #shorts",2024-06-12T12:33:54Z,59602,5825,362,PT20S,UCq2rogaxLtQFrYG3X3KYNww,AfD TV,https://www.youtube.com/watch?v=UzMGFRx26AY
eFuzDaJs310,Christine Anderson zum AfD-Wahlergebnis bei der  Europawahl,2024-06-10T15:30:12Z,41247,3709,532,PT4M56S,UCq2rogaxLtQFrYG3X3KYNww,AfD TV,https://www.youtube.com/watch?v=eFuzDaJs310
ZRRf605WX6I,Irmhild Boßdorf zum Ergebnis der Europawahl,2024-06-10T14:30:12Z,5994,430,34,PT2M15S,UCq2rogaxLtQFrYG3X3KYNww,AfD TV,https://www.youtube.com/watch?v=ZRRf605WX6I
LLD9Lz5Y_aY,Interview: Marc Jongen zum Ergebnis der Europawahl,2024-06-10T14:00:21Z,4166,392,27,PT2M12S,UCq2rogaxLtQFrYG3X3KYNww,AfD TV,https://www.youtube.com/watch?v=LLD9Lz5Y_aY
KSBvi6xSw3g,AfD: Anja Arndt zum Ergebnis der Europawahl,2024-06-10T13:51:45Z,4235,397,27,PT2M33S,UCq2rogaxLtQFrYG3X3KYNww,AfD TV,https://www.youtube.com/watch?v=KSBvi6xSw3g
99EWXm-Bmh0,Dr. Kristin Brinker zum Ergebnis der Europawahl,2024-06-10T13:49:24Z,3609,397,25,PT1M34S,UCq2rogaxLtQFrYG3X3KYNww,AfD TV,https://www.youtube.com/watch?v=99EWXm-Bmh0
bXfPPI6gDbI,Mary Khan (AfD) zum Wahlergebnis der Europawahl,2024-06-10T13:40:13Z,10546,815,83,PT2M40S,UCq2rogaxLtQFrYG3X3KYNww,AfD TV,https://www.youtube.com/watch?v=bXfPPI6gDbI
q75Q496RR3Y,AfD: Beatrix von Storch kommentiert das Ergebnis der Europawahl,2024-06-10T13:33:03Z,27758,2970,217,PT1M58S,UCq2rogaxLtQFrYG3X3KYNww,AfD TV,https://www.youtube.com/watch?v=q75Q496RR3Y
NeKy9FR_oYQ,Sebastian Münzenmaier zum Ergebnis der Europawahl,2024-06-10T13:22:08Z,2976,413,14,PT1M6S,UCq2rogaxLtQFrYG3X3KYNww,AfD TV,https://www.youtube.com/watch?v=NeKy9FR_oYQ
j2kURFX38BQ,Die große #AfD-Wahlnachlese zur #Europawahl mit Alice #Weidel und Tino #Chrupalla!,2024-06-10T13:13:29Z,48642,4879,411,PT1H7M57S,UCq2rogaxLtQFrYG3X3KYNww,AfD TV,https://www.youtube.com/watch?v=j2kURFX38BQ
wlbo2tCFDJ8,AfD-Bundessprecher Tino Chrupalla zum Ergebnis der Europawahl,2024-06-10T12:38:45Z,10466,1822,173,PT1M11S,UCq2rogaxLtQFrYG3X3KYNww,AfD TV,https://www.youtube.com/watch?v=wlbo2tCFDJ8
4C-toqqkd5g,Alice Weidel zum AfD-Wahlerfolg bei der Europawahl,2024-06-10T10:30:22Z,52645,5123,721,PT1M33S,UCq2rogaxLtQFrYG3X3KYNww,AfD TV,https://www.youtube.com/watch?v=4C-toqqkd5g
Ieb-ZFyU1jo,Große AfD-Kundgebung auf dem Mannheimer Paradeplatz!,2024-06-07T17:48:14Z,99346,9875,839,PT1H37M52S,UCq2rogaxLtQFrYG3X3KYNww,AfD TV,https://www.youtube.com/watch?v=Ieb-ZFyU1jo
7SZY-aSwJbM,Am 9. Juni für die Asylwende die AfD wählen! #afd #europawahl #deshalbafd #shorts,2024-06-07T15:25:33Z,20626,2002,103,PT14S,UCq2rogaxLtQFrYG3X3KYNww,AfD TV,https://www.youtube.com/watch?v=7SZY-aSwJbM
3sRczyxwR1Y,Tino Chrupalla: Diese EU schadet deutschen Interessen!,2024-06-07T14:51:43Z,9758,1294,229,PT7M14S,UCq2rogaxLtQFrYG3X3KYNww,AfD TV,https://www.youtube.com/watch?v=3sRczyxwR1Y
QIS4bVjFlYg,"René Aust: Druck auf Staaten ausüben, die Abschiebungen verhindern!",2024-06-07T12:48:20Z,11726,1695,161,PT4M19S,UCq2rogaxLtQFrYG3X3KYNww,AfD TV,https://www.youtube.com/watch?v=QIS4bVjFlYg
xUT60uJNrAE,Gottfried Curio: Die Politik der Abschiebeverweigerung ist tödlich!,2024-06-06T12:17:58Z,5206,634,83,PT7M2S,UCq2rogaxLtQFrYG3X3KYNww,AfD TV,https://www.youtube.com/watch?v=xUT60uJNrAE
SdMAhgae6mM,Kay Gottschalk: Der verfassungswidrige Soli-Zuschlag muss weg!,2024-06-06T10:59:09Z,21538,2195,79,PT1M,UCq2rogaxLtQFrYG3X3KYNww,AfD TV,https://www.youtube.com/watch?v=SdMAhgae6mM
MW2ap6osShU,„Ihre Heuchelei ist tödlich!“,2024-06-06T08:37:57Z,29606,4355,586,PT11M42S,UCq2rogaxLtQFrYG3X3KYNww,AfD TV,https://www.youtube.com/watch?v=MW2ap6osShU
zgEQQjqnfpE,"Live aus Oranienburg: Tino Chrupalla, René Aust, Mary Khan & Dr. Christoph Berndt",2024-06-05T18:27:08Z,44513,5276,211,PT1H26M14S,UCq2rogaxLtQFrYG3X3KYNww,AfD TV,https://www.youtube.com/watch?v=zgEQQjqnfpE
AWhjynuQd2Y,„Wann machen wir endlich mal richtige Grenzkontrollen?“,2024-06-05T14:12:16Z,6943,1252,140,PT3M8S,UCq2rogaxLtQFrYG3X3KYNww,AfD TV,https://www.youtube.com/watch?v=AWhjynuQd2Y
6xet9CxIlno,Die AfD fordert seit Jahren konsequente Abschiebungen nach Afghanistan!,2024-06-04T12:51:00Z,8417,1523,228,PT4M41S,UCq2rogaxLtQFrYG3X3KYNww,AfD TV,https://www.youtube.com/watch?v=6xet9CxIlno
hH7V67QAdGQ,Die CO2-Luftsteuer macht uns arm. Wir schaffen sie ab!  #deshalbafd #afd,2024-06-04T09:31:29Z,135027,4825,110,PT15S,UCq2rogaxLtQFrYG3X3KYNww,AfD TV,https://www.youtube.com/watch?v=hH7V67QAdGQ
DaHzxKvFmeg,Mannheim ist überall: Wir haben gewarnt!  #deshalbafd #afd,2024-06-03T15:18:36Z,33771,3504,160,PT15S,UCq2rogaxLtQFrYG3X3KYNww,AfD TV,https://www.youtube.com/watch?v=DaHzxKvFmeg
VVGvugQQCgs,Das ist #CDU: Die Union importiert den Messer-Terror!  #deshalbafd  #afd,2024-06-03T14:35:49Z,73062,3968,194,PT10S,UCq2rogaxLtQFrYG3X3KYNww,AfD TV,https://www.youtube.com/watch?v=VVGvugQQCgs
U9DZtBUQR4A,"Zehntausende EU-Bürokraten: Mehr Demokratie, weniger Bürokratie!",2024-06-03T08:41:16Z,17023,1805,83,PT15S,UCq2rogaxLtQFrYG3X3KYNww,AfD TV,https://www.youtube.com/watch?v=U9DZtBUQR4A
IogSppWsvH4,CDU: Der Ruin unserer Stromversorgung! AfD macht Strom bezahlbar!,2024-06-03T08:41:14Z,16126,2125,88,PT15S,UCq2rogaxLtQFrYG3X3KYNww,AfD TV,https://www.youtube.com/watch?v=IogSppWsvH4
dOBj7p_YyBo,2 Mio. Illegale in die EU eingewandert: Massenmigration stoppen!,2024-06-03T08:41:12Z,16362,2382,129,PT15S,UCq2rogaxLtQFrYG3X3KYNww,AfD TV,https://www.youtube.com/watch?v=dOBj7p_YyBo
mlVsQo0v9nA,"AfD-Pfalztreffen: ReLive mit Alice Weidel, Sebastian Münzenmaier, René Aust",2024-06-02T13:32:36Z,26607,2651,159,PT2H5M35S,UCq2rogaxLtQFrYG3X3KYNww,AfD TV,https://www.youtube.com/watch?v=mlVsQo0v9nA
btz1VxGi_7s,"René Aust: Die Bürger müssen entscheiden dürfen, wie sie sich fortbewegen!",2024-05-31T14:48:19Z,73199,5170,280,PT44S,UCq2rogaxLtQFrYG3X3KYNww,AfD TV,https://www.youtube.com/watch?v=btz1VxGi_7s
lsKpuea__MU,Irmhild Boßdorf: „Ich will meinen Kindern ein Europa der Vaterländer hinterlassen!“,2024-05-31T12:41:36Z,4762,640,77,PT5M54S,UCq2rogaxLtQFrYG3X3KYNww,AfD TV,https://www.youtube.com/watch?v=lsKpuea__MU
Xc_Qf3oKw7k,Mary Khan-Hohloch: Die illegale Massenmigration brachte mich zur AfD!,2024-05-31T12:32:45Z,6934,797,92,PT8M28S,UCq2rogaxLtQFrYG3X3KYNww,AfD TV,https://www.youtube.com/watch?v=Xc_Qf3oKw7k
Tgcxk24JuXQ,Alexander Jungbluth: Nur die AfD kann Identität in Stadt und Land bewahren!,2024-05-30T12:58:40Z,3486,644,63,PT6M53S,UCq2rogaxLtQFrYG3X3KYNww,AfD TV,https://www.youtube.com/watch?v=Tgcxk24JuXQ
tgj4ukaCJu4,Michael Schumann: „Die europäische Völkerfamilie wahren und beschützen!“,2024-05-30T12:48:18Z,3140,512,52,PT4M35S,UCq2rogaxLtQFrYG3X3KYNww,AfD TV,https://www.youtube.com/watch?v=tgj4ukaCJu4
6uKg3nElgkQ,Kay Gottschalk: Landesverrat in den Reihen der CDU/CSU,2024-05-29T14:02:35Z,10463,1880,116,PT1M,UCq2rogaxLtQFrYG3X3KYNww,AfD TV,https://www.youtube.com/watch?v=6uKg3nElgkQ
KN0VB4goNjQ,Siegbert Droese: „Weniger EU ist mehr Europa!“,2024-05-29T13:13:36Z,2789,564,39,PT6M42S,UCq2rogaxLtQFrYG3X3KYNww,AfD TV,https://www.youtube.com/watch?v=KN0VB4goNjQ
7xi8pAsm3Cg,Lars Haise: Von der Leyen in die Wüste schicken!,2024-05-29T09:03:33Z,3918,944,75,PT6M45S,UCq2rogaxLtQFrYG3X3KYNww,AfD TV,https://www.youtube.com/watch?v=7xi8pAsm3Cg
t0S0u94fES8,"""Zukunft sichern"" #deshalbafd #afd",2024-05-29T06:41:43Z,15184,1173,74,PT15S,UCq2rogaxLtQFrYG3X3KYNww,AfD TV,https://www.youtube.com/watch?v=t0S0u94fES8
jYZ-RbnMFBw,"""Endlich mal sicher fühlen"" #deshalbafd #afd",2024-05-29T06:38:39Z,17841,1935,170,PT15S,UCq2rogaxLtQFrYG3X3KYNww,AfD TV,https://www.youtube.com/watch?v=jYZ-RbnMFBw
9LKJ5x3QKCQ,Dr. Marc Jongen: Deutschland darf nicht Zahlmeister der EU sein!,2024-05-28T10:03:00Z,3623,449,41,PT9M54S,UCq2rogaxLtQFrYG3X3KYNww,AfD TV,https://www.youtube.com/watch?v=9LKJ5x3QKCQ
wlDXMjFbhXA,Martin Vincentz: Wir machen Politik für das Rückgrat unseres Landes!,2024-05-28T08:44:38Z,6929,1442,93,PT7M35S,UCq2rogaxLtQFrYG3X3KYNww,AfD TV,https://www.youtube.com/watch?v=wlDXMjFbhXA
0ImceKIXwMY,"Tino Chrupalla: „Wir haben Mandatsträger, die etwas geleistet haben!“",2024-05-27T14:00:01Z,19432,2889,252,PT24M50S,UCq2rogaxLtQFrYG3X3KYNww,AfD TV,https://www.youtube.com/watch?v=0ImceKIXwMY
E2GjA-zzicA,Alice Weidel: „Wir sind eine patriotische Partei für Deutschland!“,2024-05-27T13:32:14Z,29158,4165,463,PT21M13S,UCq2rogaxLtQFrYG3X3KYNww,AfD TV,https://www.youtube.com/watch?v=E2GjA-zzicA
WQzsNsoly5g,"""Spielplatz statt Genderwahn! - #DeshalbAfD #AfD #Gender #Spielplatz",2024-05-27T09:45:13Z,56008,2493,157,PT15S,UCq2rogaxLtQFrYG3X3KYNww,AfD TV,https://www.youtube.com/watch?v=WQzsNsoly5g
vaXEs4HjFiM,"""Endlich mal was leisten können! - #DeshalbAfD #AfD""",2024-05-27T09:44:09Z,62252,1891,80,PT15S,UCq2rogaxLtQFrYG3X3KYNww,AfD TV,https://www.youtube.com/watch?v=vaXEs4HjFiM
8YN6rJPfWAI,"""Freibäder endlich sicher machen! - #DeshalbAfD #AfD #Freibad",2024-05-27T09:43:29Z,70950,2013,87,PT15S,UCq2rogaxLtQFrYG3X3KYNww,AfD TV,https://www.youtube.com/watch?v=8YN6rJPfWAI
X1fwlzFexvM,Voller Erfolg in #Thüringen! #afd #shorts,2024-05-26T19:28:42Z,67078,11297,483,PT29S,UCq2rogaxLtQFrYG3X3KYNww,AfD TV,https://www.youtube.com/watch?v=X1fwlzFexvM
pEaESvdcy0Q,"Re-Live aus Marl: Alice Weidel, Tino Chrupalla und Martin Vincentz! - AfD",2024-05-26T15:28:34Z,68630,6769,449,PT1H19M51S,UCq2rogaxLtQFrYG3X3KYNww,AfD TV,https://www.youtube.com/watch?v=pEaESvdcy0Q
LpbCZLUvWzI,AfD-Wahlkampfabschluss in Dresden!,2024-05-24T13:06:06Z,16002,2240,168,PT25S,UCq2rogaxLtQFrYG3X3KYNww,AfD TV,https://www.youtube.com/watch?v=LpbCZLUvWzI
4OG5VPkPD8U,AfD-Urteil: Das Gericht hat den Verfassungsschutz deutlich zurechtgewiesen!,2024-05-23T10:35:04Z,73497,6004,577,PT15M52S,UCq2rogaxLtQFrYG3X3KYNww,AfD TV,https://www.youtube.com/watch?v=4OG5VPkPD8U
y8YyVFwXEEE,Alexander #Heppe: Die deutschen Interessen stärker vertreten!,2024-05-23T08:00:28Z,3575,624,70,PT7M33S,UCq2rogaxLtQFrYG3X3KYNww,AfD TV,https://www.youtube.com/watch?v=y8YyVFwXEEE
K5wpPSqZ2N0,"""Wer das Grundgesetz liebt, schaut den Mächtigen kritisch auf die Finger!"" - Alice Weidel - AfD",2024-05-23T07:00:11Z,9268,2078,342,PT1M38S,UCq2rogaxLtQFrYG3X3KYNww,AfD TV,https://www.youtube.com/watch?v=K5wpPSqZ2N0
8N6KOh68ecA,Belastungen der illegalen Migration | BRÜSSEL - BERLIN - DRESDEN | AfD Talk,2024-05-22T09:29:50Z,24672,2149,251,PT48M23S,UCq2rogaxLtQFrYG3X3KYNww,AfD TV,https://www.youtube.com/watch?v=8N6KOh68ecA
PujtX_Epew4,Der offizielle #AfD-Wahlwerbespot zur #Europawahl!,2024-05-22T09:20:41Z,608392,7820,825,PT1M30S,UCq2rogaxLtQFrYG3X3KYNww,AfD TV,https://www.youtube.com/watch?v=PujtX_Epew4
JybZBodyTm8,Dr. Alexander #Sell: „Der Bundesstaat Europa wird nicht funktionieren!“,2024-05-22T08:00:09Z,2026,238,19,PT14M12S,UCq2rogaxLtQFrYG3X3KYNww,AfD TV,https://www.youtube.com/watch?v=JybZBodyTm8
Bco10L1OXIg,Live vom Bodensee: Bundessprecherin Alice Weidel! - AfD,2024-05-21T19:21:04Z,63762,5467,248,PT2H13M7S,UCq2rogaxLtQFrYG3X3KYNww,AfD TV,https://www.youtube.com/watch?v=Bco10L1OXIg
UQa2LHbzgQk,"David Christopher #Eckert: Mein Anspruch ist es, die Bürger direkt zu erreichen!",2024-05-21T09:36:07Z,3436,704,59,PT9M7S,UCq2rogaxLtQFrYG3X3KYNww,AfD TV,https://www.youtube.com/watch?v=UQa2LHbzgQk
pvX8acZiP-E,Arno #Bausemer: Die Politik an der Basis spielt eine wichtige Rolle!,2024-05-18T16:10:07Z,4150,698,27,PT8M27S,UCq2rogaxLtQFrYG3X3KYNww,AfD TV,https://www.youtube.com/watch?v=pvX8acZiP-E
U4aNdFnmga8,Live aus Aalen: Alice Weidel und Marc Bernhard!,2024-05-17T19:18:06Z,5027,377,26,PT6M20S,UCq2rogaxLtQFrYG3X3KYNww,AfD TV,https://www.youtube.com/watch?v=U4aNdFnmga8
vsWJNvPS6Nw,Live aus Aalen: Alice Weidel und Marc Bernhard!,2024-05-17T19:12:17Z,38490,4017,180,PT2H11M44S,UCq2rogaxLtQFrYG3X3KYNww,AfD TV,https://www.youtube.com/watch?v=vsWJNvPS6Nw
1JJTQDNKtK8,Tino Chrupalla: „Diese Bundesregierung bekommt nichts auf die Kette!“ | Frequenz Freiheit!,2024-05-17T12:57:49Z,11313,1700,232,PT17M51S,UCq2rogaxLtQFrYG3X3KYNww,AfD TV,https://www.youtube.com/watch?v=1JJTQDNKtK8
qsdjKPeGHa8,Anja #Arndt: Endlich die Außengrenzen schützen!,2024-05-17T07:15:42Z,4399,973,108,PT10M4S,UCq2rogaxLtQFrYG3X3KYNww,AfD TV,https://www.youtube.com/watch?v=qsdjKPeGHa8
1n1_XLtw5hM,Warum Du doch #AfD wählen solltest!,2024-05-15T14:00:14Z,277949,8263,227,PT25S,UCq2rogaxLtQFrYG3X3KYNww,AfD TV,https://www.youtube.com/watch?v=1n1_XLtw5hM
6U5ib9yesP0,Deshalb solltest Du doch #AfD wählen!,2024-05-15T13:54:02Z,104461,3070,142,PT25S,UCq2rogaxLtQFrYG3X3KYNww,AfD TV,https://www.youtube.com/watch?v=6U5ib9yesP0
auaLmALH9SQ,Warum Du doch #AfD wählen solltest!,2024-05-15T13:52:54Z,280531,7264,374,PT25S,UCq2rogaxLtQFrYG3X3KYNww,AfD TV,https://www.youtube.com/watch?v=auaLmALH9SQ
P5NlPYgjprQ,Deshalb solltest Du doch #AfD wählen!,2024-05-15T13:50:48Z,281433,7300,356,PT53S,UCq2rogaxLtQFrYG3X3KYNww,AfD TV,https://www.youtube.com/watch?v=P5NlPYgjprQ
vpGB9wP9YNM,"""Das ist CDU!""",2024-05-15T13:04:37Z,90355,2032,83,PT10S,UCq2rogaxLtQFrYG3X3KYNww,AfD TV,https://www.youtube.com/watch?v=vpGB9wP9YNM
CS6FWGSL4uw,"""Auch das ist CDU!""",2024-05-15T13:04:34Z,113529,2747,109,PT10S,UCq2rogaxLtQFrYG3X3KYNww,AfD TV,https://www.youtube.com/watch?v=CS6FWGSL4uw
jIep278NVYA,"""Die CDU, wie sie wirklich ist!""",2024-05-15T13:04:31Z,322659,2033,54,PT10S,UCq2rogaxLtQFrYG3X3KYNww,AfD TV,https://www.youtube.com/watch?v=jIep278NVYA
BfFQm54ZyB4,"""So ist die CDU!""",2024-05-15T13:04:27Z,388815,1697,33,PT10S,UCq2rogaxLtQFrYG3X3KYNww,AfD TV,https://www.youtube.com/watch?v=BfFQm54ZyB4
8vZ80Ae2OPg,"""Wie die CDU wirklich handelt!""",2024-05-15T13:04:23Z,149252,2936,79,PT10S,UCq2rogaxLtQFrYG3X3KYNww,AfD TV,https://www.youtube.com/watch?v=8vZ80Ae2OPg
HmgBKrswZug,Jens Kestner: „Festung Europa – Was denn sonst!“,2024-05-15T12:29:26Z,4544,750,46,PT9M45S,UCq2rogaxLtQFrYG3X3KYNww,AfD TV,https://www.youtube.com/watch?v=HmgBKrswZug
2yGUh9zkD4Y,Tomasz Froelich: „Die Leute haben die links-woke Raserei satt!“,2024-05-14T11:33:48Z,10162,1311,81,PT7M22S,UCq2rogaxLtQFrYG3X3KYNww,AfD TV,https://www.youtube.com/watch?v=2yGUh9zkD4Y
krCg2zjNu5w,Details aus dem Münster-Prozess: Materialschlacht gegen die AfD! - Peter Boehringer im Interview,2024-05-14T07:33:10Z,9415,1399,152,PT7M50S,UCq2rogaxLtQFrYG3X3KYNww,AfD TV,https://www.youtube.com/watch?v=krCg2zjNu5w
DvR26bcm-cI,Live: Tino Chrupalla & Dr. Marc Jongen in Baden-Baden! - AfD,2024-05-08T19:49:59Z,39112,4126,121,PT2H39M18S,UCq2rogaxLtQFrYG3X3KYNww,AfD TV,https://www.youtube.com/watch?v=DvR26bcm-cI
i4ljrCUoi0k,Unbezahlbar: Chrupalla erteilt Lang eine Nachhilfestunde! - AfD,2024-05-08T13:36:42Z,191236,11587,897,PT47S,UCq2rogaxLtQFrYG3X3KYNww,AfD TV,https://www.youtube.com/watch?v=i4ljrCUoi0k
oY1wnsX67eQ,"Robert Lambrou: „Viele in der AfD haben Migrationshintergrund!""",2024-05-07T13:41:08Z,13983,1929,225,PT13M48S,UCq2rogaxLtQFrYG3X3KYNww,AfD TV,https://www.youtube.com/watch?v=oY1wnsX67eQ
8JDKWv_gndc,Dr. Marc Jongen: „Wir sind auch die Alternative für Europa!“,2024-05-03T11:44:16Z,10586,1568,180,PT16M55S,UCq2rogaxLtQFrYG3X3KYNww,AfD TV,https://www.youtube.com/watch?v=8JDKWv_gndc
cOOcFV9zIDI,Alice Weidel: „Diese Leute dürften dieses Land nicht regieren!“,2024-05-03T11:42:13Z,102995,9472,1072,PT15M24S,UCq2rogaxLtQFrYG3X3KYNww,AfD TV,https://www.youtube.com/watch?v=cOOcFV9zIDI
92__8kNOCOQ,Tino Chrupalla: „Für uns steht Deutschland an erster Stelle!“,2024-05-03T11:40:43Z,26501,3354,329,PT23M48S,UCq2rogaxLtQFrYG3X3KYNww,AfD TV,https://www.youtube.com/watch?v=92__8kNOCOQ
pQ8OkuPqALY,AfD Europawahlprogramm in 100 Sekunden,2024-04-30T16:00:07Z,546335,24562,2354,PT2M5S,UCq2rogaxLtQFrYG3X3KYNww,AfD TV,https://www.youtube.com/watch?v=pQ8OkuPqALY
YSa_y3ZLXO4,"""Wer nicht hier sein darf, muss nach Hause gehen!"" - Harald Vilimsky - FPÖ",2024-04-30T08:26:31Z,8799,1262,116,PT11M26S,UCq2rogaxLtQFrYG3X3KYNww,AfD TV,https://www.youtube.com/watch?v=YSa_y3ZLXO4
5wZYPxw3uPU,Live: AfD-Wahlkampfstart in Donaueschingen!,2024-04-27T16:12:25Z,77455,6339,481,PT2H54M54S,UCq2rogaxLtQFrYG3X3KYNww,AfD TV,https://www.youtube.com/watch?v=5wZYPxw3uPU
4kv6PN4hMsw,Meysam Ehtemai: „Ich will in Deutschland unter einer deutschen Leitkultur leben!“,2024-04-23T15:17:08Z,26576,2626,435,PT23M13S,UCq2rogaxLtQFrYG3X3KYNww,AfD TV,https://www.youtube.com/watch?v=4kv6PN4hMsw
MI995Gx1EE8,Zakia Rappenberg: „Corona hat mich zur AfD gebracht!“,2024-04-19T14:26:48Z,14527,1857,234,PT11M1S,UCq2rogaxLtQFrYG3X3KYNww,AfD TV,https://www.youtube.com/watch?v=MI995Gx1EE8
a3shkraB4Hk,"Mertcan Karakaya: „Wer hart arbeitet, unterstützt die AfD!“",2024-04-18T08:08:20Z,14179,1819,190,PT8M12S,UCq2rogaxLtQFrYG3X3KYNww,AfD TV,https://www.youtube.com/watch?v=a3shkraB4Hk
1Xw-ZEOcqPU,"Live aus Rottweil: Alice Weidel, Markus Frohnmaier, Martin Hess und Hans-Jürgen Goßner! - AfD",2024-04-17T22:55:26Z,53651,4796,193,PT2H57M3S,UCq2rogaxLtQFrYG3X3KYNww,AfD TV,https://www.youtube.com/watch?v=1Xw-ZEOcqPU
77TICW4AHpc,"Nihal Sariyildiz: „Ich weiß, was der Islam für Frauen bedeutet!“",2024-04-17T10:03:38Z,99799,6446,1015,PT11M19S,UCq2rogaxLtQFrYG3X3KYNww,AfD TV,https://www.youtube.com/watch?v=77TICW4AHpc
GnuhwuZWLiE,Alexander Tassis: „Ohne Grenzschutz keine Zivilisation!“,2024-04-15T13:32:07Z,8351,1071,100,PT14M10S,UCq2rogaxLtQFrYG3X3KYNww,AfD TV,https://www.youtube.com/watch?v=GnuhwuZWLiE
hpdqFfhDzc4,Martin Reichardt: Das „Selbstbestimmungsgesetz“ gefährdet Kinder!,2024-04-12T13:48:40Z,7364,1083,62,PT1M,UCq2rogaxLtQFrYG3X3KYNww,AfD TV,https://www.youtube.com/watch?v=hpdqFfhDzc4
SxkqHdduo-k,"Tino Chrupalla zur PKS 2023: Man sieht, woher die Kriminalität kommt! | Frequenz Freiheit!",2024-04-12T11:27:18Z,7584,1222,53,PT7M,UCq2rogaxLtQFrYG3X3KYNww,AfD TV,https://www.youtube.com/watch?v=SxkqHdduo-k
Z7VDOysds9M,Brandner geht gegen „Mr. Cash Money“ vor!,2024-04-11T10:48:31Z,43866,4050,249,PT1M,UCq2rogaxLtQFrYG3X3KYNww,AfD TV,https://www.youtube.com/watch?v=Z7VDOysds9M
5KDKpxeve_g,Brandner geht gegen „Mr. Cash Money“ vor! #shorts #afd #deshalbafd,2024-04-11T08:43:04Z,20436,2480,122,PT1M,UCq2rogaxLtQFrYG3X3KYNww,AfD TV,https://www.youtube.com/watch?v=5KDKpxeve_g
uL8KDnUG7Bw,"""Meine jüdische Familie wählt AfD!"" - Anna Di Monte - Mit Migrationshintergrund für Deutschland",2024-04-10T08:00:07Z,79319,7629,1009,PT13M,UCq2rogaxLtQFrYG3X3KYNww,AfD TV,https://www.youtube.com/watch?v=uL8KDnUG7Bw
gHejw_Ru5ww,"""Die AfD ist mein Safe Space!"" - Catherine Schmiedel",2024-04-08T08:27:57Z,61974,6401,839,PT13M38S,UCq2rogaxLtQFrYG3X3KYNww,AfD TV,https://www.youtube.com/watch?v=gHejw_Ru5ww
qAI7NH1TCOQ,Stephan Brandner: Die Ampel knickt vor den Linken ein,2024-04-02T09:12:39Z,16669,2223,117,PT1M,UCq2rogaxLtQFrYG3X3KYNww,AfD TV,https://www.youtube.com/watch?v=qAI7NH1TCOQ
tYA8gxhFhBE,"Live aus Dresden: ""Ohne Frieden ist alles nichts!"" mit Tino Chrupalla, Maximilian Krah & André Wendt",2024-04-01T17:17:30Z,75720,7283,363,PT1H13M30S,UCq2rogaxLtQFrYG3X3KYNww,AfD TV,https://www.youtube.com/watch?v=tYA8gxhFhBE
YQRSpVJpQzA,"Live aus Heilbronn: Alice Weidel, Tino Chrupalla, Stephan Brandner und Maximilian Krah!",2024-03-23T20:10:04Z,116528,10504,800,PT1H51M17S,UCq2rogaxLtQFrYG3X3KYNww,AfD TV,https://www.youtube.com/watch?v=YQRSpVJpQzA
pMSIimI1MIY,Beatrix von Storch: #Ampel will #Bundesnetzagentur für Online-Zensur einsetzen! #afd #deshalbafd,2024-03-22T13:08:25Z,31635,3712,179,PT1M,UCq2rogaxLtQFrYG3X3KYNww,AfD TV,https://www.youtube.com/watch?v=pMSIimI1MIY
s7UAMYPsvZY,Stefan Keuter im Bundestag: „Das ist nicht unser #Krieg!“ #afd #deshalbafd #ukraine,2024-03-21T13:23:12Z,17529,2062,70,PT52S,UCq2rogaxLtQFrYG3X3KYNww,AfD TV,https://www.youtube.com/watch?v=s7UAMYPsvZY
47ZtEwLER2I,"Marc Jongen im Bundestag: ""Die Regierung hat linken #Antisemitismus gefördert!"" #afd #deshalbafd",2024-03-21T13:11:54Z,16229,2175,37,PT56S,UCq2rogaxLtQFrYG3X3KYNww,AfD TV,https://www.youtube.com/watch?v=47ZtEwLER2I
Kl9aRuDsxNc,Stefan Keuter: „Das ist nicht unser Krieg!“,2024-03-21T12:17:04Z,9445,1406,132,PT52S,UCq2rogaxLtQFrYG3X3KYNww,AfD TV,https://www.youtube.com/watch?v=Kl9aRuDsxNc
ENyp6zXa1Wc,Marc Jongen: Die Regierung hat linken Antisemitismus gefördert!,2024-03-21T11:21:56Z,6180,1007,33,PT56S,UCq2rogaxLtQFrYG3X3KYNww,AfD TV,https://www.youtube.com/watch?v=ENyp6zXa1Wc
Cj2KodhQj4Q,Mariana Harder-Kühnel: Die Migrationspolitik der Ampel bringt Frauen in Gefahr!,2024-03-18T10:08:13Z,29041,3708,126,PT59S,UCq2rogaxLtQFrYG3X3KYNww,AfD TV,https://www.youtube.com/watch?v=Cj2KodhQj4Q
_2jdoemDZjQ,Marc Bernhard: Datenhunger von Staat und Konzernen strikt begrenzen!,2024-03-15T15:45:49Z,7216,952,62,PT1M,UCq2rogaxLtQFrYG3X3KYNww,AfD TV,https://www.youtube.com/watch?v=_2jdoemDZjQ
nb4cqpHYCJs,Marc Jongen: Die Ampel macht Wissenschaft zur Staatswissenschaft!,2024-03-15T10:02:34Z,6565,1124,63,PT4M,UCq2rogaxLtQFrYG3X3KYNww,AfD TV,https://www.youtube.com/watch?v=nb4cqpHYCJs
eVX9pgLybv8,Rüdiger Lucassen: Aussagen von Haßelmann und Strack-Zimmermann sind unanständig!,2024-03-15T09:59:54Z,4873,971,40,PT1M,UCq2rogaxLtQFrYG3X3KYNww,AfD TV,https://www.youtube.com/watch?v=eVX9pgLybv8
AQEkhUkbaME,Stephan Protschka: Grüne Diskussions-Manipulation beherrscht den sogenannten Bürgerrat!,2024-03-14T16:00:13Z,15287,1584,52,PT56S,UCq2rogaxLtQFrYG3X3KYNww,AfD TV,https://www.youtube.com/watch?v=AQEkhUkbaME
mr_06R9EG8Q,Tino Chrupalla zu Taurus-Lieferungen: Diesen Kriegs-Antrag der CDU lehnen wir ab!,2024-03-14T14:14:53Z,17616,2746,74,PT58S,UCq2rogaxLtQFrYG3X3KYNww,AfD TV,https://www.youtube.com/watch?v=mr_06R9EG8Q
aCNsJeJ6yQI,Peter Felser: Fleisch darf kein Luxusgut werden!,2024-03-14T14:11:41Z,11057,1337,35,PT52S,UCq2rogaxLtQFrYG3X3KYNww,AfD TV,https://www.youtube.com/watch?v=aCNsJeJ6yQI
QA-WLTp8LiA,"„Herr Kanzler, die Zahlen widerlegen Ihre Rede!“",2024-03-13T16:13:03Z,35103,4103,176,PT53S,UCq2rogaxLtQFrYG3X3KYNww,AfD TV,https://www.youtube.com/watch?v=QA-WLTp8LiA
xUWeTFGRH5A,Will Scholz seine sterbende Partei durch Einbürgerungen retten?,2024-03-13T16:10:33Z,14532,2402,111,PT59S,UCq2rogaxLtQFrYG3X3KYNww,AfD TV,https://www.youtube.com/watch?v=xUWeTFGRH5A
IBeypgGqM28,Deshalb engagieren sich Migranten in der AfD!,2024-03-07T11:48:44Z,67674,7906,1016,PT1M55S,UCq2rogaxLtQFrYG3X3KYNww,AfD TV,https://www.youtube.com/watch?v=IBeypgGqM28
KxdITgWFZbI,Die Deutschlandhasser von Ampel und Union treiben uns in den Krieg!,2024-03-06T15:55:39Z,99327,4468,808,PT1M36S,UCq2rogaxLtQFrYG3X3KYNww,AfD TV,https://www.youtube.com/watch?v=KxdITgWFZbI
XM4fF59CZx8,ZDF macht den Krieg zum lustigen Spiel: Keine Zwangsbeiträge für eklige Kinder-Kriegspropaganda!,2024-03-04T13:12:38Z,29062,3025,526,PT57S,UCq2rogaxLtQFrYG3X3KYNww,AfD TV,https://www.youtube.com/watch?v=XM4fF59CZx8
3kYIWOic90M,Abrechnung mit Habeck: „Sie sind mit Ihrer Transformation krachend gescheitert!“,2024-02-28T13:51:58Z,21858,2789,233,PT4M27S,UCq2rogaxLtQFrYG3X3KYNww,AfD TV,https://www.youtube.com/watch?v=3kYIWOic90M
eonRD4J5pmo,+++ Lauterbachs Argument für legales Kiffen: „Cannabis ist Gift für das heranwachsende Gehirn.“ +++,2024-02-28T13:46:32Z,12436,1138,538,PT1M48S,UCq2rogaxLtQFrYG3X3KYNww,AfD TV,https://www.youtube.com/watch?v=eonRD4J5pmo
DsUu-Lc5lEQ,Brandner sprengt die Phoenix-Runde: „Manchmal spinnen Sie sich auch ein bisschen was zusammen“,2024-02-27T12:24:08Z,984025,30837,4256,PT9M24S,UCq2rogaxLtQFrYG3X3KYNww,AfD TV,https://www.youtube.com/watch?v=DsUu-Lc5lEQ
T53CyJt_-jA,"Der Staat will bestimmen, was wir noch denken und sagen dürfen!",2024-02-26T12:05:05Z,22058,3687,282,PT5M8S,UCq2rogaxLtQFrYG3X3KYNww,AfD TV,https://www.youtube.com/watch?v=T53CyJt_-jA
piKYlzVnEYA,Deutschlandfahne im Bundestag? Das ist zu viel für die Altparteien,2024-02-26T10:41:00Z,34403,4274,544,PT5M50S,UCq2rogaxLtQFrYG3X3KYNww,AfD TV,https://www.youtube.com/watch?v=piKYlzVnEYA
QqH5YFTEw4s,Kein EU-Beitritt der Ukraine!,2024-02-23T15:21:03Z,25317,3438,307,PT4M2S,UCq2rogaxLtQFrYG3X3KYNww,AfD TV,https://www.youtube.com/watch?v=QqH5YFTEw4s
Pl-cc_1Zjug,Der Afghanistan-Einsatz ging von unrealistischen Annahmen aus!,2024-02-23T14:54:33Z,5530,854,51,PT3M28S,UCq2rogaxLtQFrYG3X3KYNww,AfD TV,https://www.youtube.com/watch?v=Pl-cc_1Zjug
K94QLzLpjT0,"Wer kein Deutsch kann, wird nie Teil unserer Gesellschaft | Frequenz: Freiheit! Ausgabe 3/2024",2024-02-23T13:39:27Z,6138,995,111,PT16M3S,UCq2rogaxLtQFrYG3X3KYNww,AfD TV,https://www.youtube.com/watch?v=K94QLzLpjT0
PE4d80Z7GbA,„Der Feind muss vernichtet werden“ – mit dieser Politik wird es keinen Frieden geben,2024-02-22T13:46:52Z,14186,2169,198,PT3M54S,UCq2rogaxLtQFrYG3X3KYNww,AfD TV,https://www.youtube.com/watch?v=PE4d80Z7GbA
RWpoPIUtGR0,Migration: In Dänemark wird gerade aufgeräumt. Das werden wir hier auch!,2024-02-22T09:53:54Z,239252,14875,1574,PT5M1S,UCq2rogaxLtQFrYG3X3KYNww,AfD TV,https://www.youtube.com/watch?v=RWpoPIUtGR0
L9g-CTr4Z04,Über 41 Milliarden aus Deutschland für Ukraine: Wir fordern die Kehrtwende!  #afd #deutschland,2024-02-21T09:32:24Z,33000,4640,285,PT56S,UCq2rogaxLtQFrYG3X3KYNww,AfD TV,https://www.youtube.com/watch?v=L9g-CTr4Z04
Sycxh8hlPhs,Nur noch Propaganda und Hetze? Über die Hälfte der Deutschen glaubt dem Staatsfunk nicht mehr,2024-02-20T11:05:04Z,139513,11239,1483,PT2M18S,UCq2rogaxLtQFrYG3X3KYNww,AfD TV,https://www.youtube.com/watch?v=Sycxh8hlPhs
uBoV7r7_3DQ,Politischer Aschermittwoch der AfD: Wir müssen wieder stolz und selbstbewusst sein!,2024-02-14T17:00:55Z,58969,4387,701,PT37M30S,UCq2rogaxLtQFrYG3X3KYNww,AfD TV,https://www.youtube.com/watch?v=uBoV7r7_3DQ
u0d9k_7KAw4,Politischer Aschermittwoch der AfD: So geht Satire!,2024-02-14T16:19:56Z,49732,4056,316,PT25M52S,UCq2rogaxLtQFrYG3X3KYNww,AfD TV,https://www.youtube.com/watch?v=u0d9k_7KAw4
QmBcHPvosEI,LIVE Aschermittwoch der AfD,2024-02-14T12:56:04Z,52515,4358,217,PT2H1M14S,UCq2rogaxLtQFrYG3X3KYNww,AfD TV,https://www.youtube.com/watch?v=QmBcHPvosEI
iiNaoDgoBCM,Politischer Aschermittwoch: AfD live aus Osterhofen!,2024-02-14T11:09:25Z,43448,2959,85,PT2H3M22S,UCq2rogaxLtQFrYG3X3KYNww,AfD TV,https://www.youtube.com/watch?v=iiNaoDgoBCM
KIV7hA2FL0k,Fakten über „Correctiv“: AfD benennt die Geldgeber!,2024-02-09T11:15:15Z,29027,2827,352,PT1M1S,UCq2rogaxLtQFrYG3X3KYNww,AfD TV,https://www.youtube.com/watch?v=KIV7hA2FL0k
dsvv3c2mRsg,Alice Weidel live aus Karlsruhe!  - AfD,2024-02-03T19:54:13Z,196483,14901,1029,PT1H48M17S,UCq2rogaxLtQFrYG3X3KYNww,AfD TV,https://www.youtube.com/watch?v=dsvv3c2mRsg
3dMJ2JGSiBY,Die Energiewende der Ampel stürzt uns in den Ruin! | Frequenz: Freiheit | Ausgabe 2/2024,2024-02-02T14:00:04Z,9521,1270,171,PT22M22S,UCq2rogaxLtQFrYG3X3KYNww,AfD TV,https://www.youtube.com/watch?v=3dMJ2JGSiBY
rXP2lumfZ4s,"Brandner holt aus: Wenn der Präsident Bürger ""Ratten"" nennt - bezahlen die ihm dann ein Rattenloch?",2024-02-02T13:00:45Z,186940,14670,1675,PT2M47S,UCq2rogaxLtQFrYG3X3KYNww,AfD TV,https://www.youtube.com/watch?v=rXP2lumfZ4s
cgp8n9x0kGY,Grüne Gigantomanie: So wird unser Steuergeld ins Ausland verklappt!,2024-02-02T11:30:42Z,8540,1397,82,PT4M24S,UCq2rogaxLtQFrYG3X3KYNww,AfD TV,https://www.youtube.com/watch?v=cgp8n9x0kGY
Kei-uskdk38,Correctiv-Kampagne: Steuerfinanzierte Denunziation gegen eine Konkurrenzpartei!,2024-02-01T15:28:39Z,109375,13103,412,PT38S,UCq2rogaxLtQFrYG3X3KYNww,AfD TV,https://www.youtube.com/watch?v=Kei-uskdk38
sB0ez7O8HQo,"Jeder kann kommen, keiner muss gehen: Bundesregierung bürgert in Akkord neue Wähler ein!",2024-02-01T13:33:28Z,34911,4968,189,PT37S,UCq2rogaxLtQFrYG3X3KYNww,AfD TV,https://www.youtube.com/watch?v=sB0ez7O8HQo
YH7_O5yZ-dc,Peinliches Regierungs-Schauspiel: „Gute Demos“ gegen „schlechte Demos“!,2024-02-01T13:09:12Z,31815,3711,446,PT2M26S,UCq2rogaxLtQFrYG3X3KYNww,AfD TV,https://www.youtube.com/watch?v=YH7_O5yZ-dc
lzZSay7M-5w,"""Diese Regierung aus überforderter Fehlbesetzung und starrsinniger Ideologen ist der Brandstifter!""",2024-02-01T12:48:38Z,42573,5625,164,PT52S,UCq2rogaxLtQFrYG3X3KYNww,AfD TV,https://www.youtube.com/watch?v=lzZSay7M-5w
VNiV9CZADkU,Statt obdachlos mit der Ampel: Schöner wohnen mit der AfD!,2024-01-31T13:47:46Z,9747,1378,116,PT3M11S,UCq2rogaxLtQFrYG3X3KYNww,AfD TV,https://www.youtube.com/watch?v=VNiV9CZADkU
QMf8Fc-rnIs,Diese Regierung HASST Deutschland! - Alice Weidel - AfD,2024-01-31T12:18:36Z,88316,6381,1239,PT11M18S,UCq2rogaxLtQFrYG3X3KYNww,AfD TV,https://www.youtube.com/watch?v=QMf8Fc-rnIs
1XvtzkdHEDw,Reichardt sorgt bei der Ampel für Schnappatmung. „Mao und Pol Pot: Das sind Ihre Traditionen!“,2024-01-31T11:24:21Z,22944,2894,238,PT5M15S,UCq2rogaxLtQFrYG3X3KYNww,AfD TV,https://www.youtube.com/watch?v=1XvtzkdHEDw
bAUfqmr0UyI,"„Wenn die Ampel endlich fällt, hat der Bauer viel mehr Geld“",2024-01-30T15:11:15Z,7702,1545,126,PT4M50S,UCq2rogaxLtQFrYG3X3KYNww,AfD TV,https://www.youtube.com/watch?v=bAUfqmr0UyI
-I1w72Pilbo,"Blumige Namen, eiskalte Abzocke: AfD-Haushaltsexperte plättet die Ampel",2024-01-30T15:02:18Z,6407,1140,56,PT3M34S,UCq2rogaxLtQFrYG3X3KYNww,AfD TV,https://www.youtube.com/watch?v=-I1w72Pilbo
2TPG0IVHLCk,"""Wird der Bürger unbequem, bezeichne ihn als rechtsextrem!""",2024-01-29T15:18:04Z,43384,6663,304,PT58S,UCq2rogaxLtQFrYG3X3KYNww,AfD TV,https://www.youtube.com/watch?v=2TPG0IVHLCk
yiUNB3LdsMk,"""Verfassungskonforme Haushalte sind nur mit sinnvoller und ideologiefreier Politik zu erreichen!""",2024-01-29T14:35:15Z,6048,1285,65,PT2M59S,UCq2rogaxLtQFrYG3X3KYNww,AfD TV,https://www.youtube.com/watch?v=yiUNB3LdsMk
Xak8v7Vgujo,Mit Kriegstreiberei will die Ampel von den eigenen Problemen ablenken,2024-01-26T16:25:53Z,13236,1925,230,PT5M38S,UCq2rogaxLtQFrYG3X3KYNww,AfD TV,https://www.youtube.com/watch?v=Xak8v7Vgujo
VY4V4ucWtOs,"""Du wirst abgeschoben!"" - Maximilian Krah",2024-01-26T12:10:22Z,12369,1576,150,PT1M30S,UCq2rogaxLtQFrYG3X3KYNww,AfD TV,https://www.youtube.com/watch?v=VY4V4ucWtOs
WT2Ndkdak_0,"""Du wirst abgeschoben!"" - Maximilian Krah",2024-01-25T16:05:00Z,30287,4264,507,PT1M30S,UCq2rogaxLtQFrYG3X3KYNww,AfD TV,https://www.youtube.com/watch?v=WT2Ndkdak_0
hqcBdjR2Bto,Chrupalla zur „Correctiv“-Kampagne: Bespitzelung und Lügen gegen die AfD!,2024-01-25T10:51:18Z,112326,10977,511,PT50S,UCq2rogaxLtQFrYG3X3KYNww,AfD TV,https://www.youtube.com/watch?v=hqcBdjR2Bto
C_bL4veZLn4,Bei „Maischberger“: Chrupalla prangert Stasi-Methoden an!,2024-01-25T08:55:38Z,70615,7493,201,PT59S,UCq2rogaxLtQFrYG3X3KYNww,AfD TV,https://www.youtube.com/watch?v=C_bL4veZLn4
XQnVOlw0w2E,Sebastian Münzenmaier: Die AfD verklagt Malu Dreyer!,2024-01-24T14:50:17Z,68183,11576,478,PT52S,UCq2rogaxLtQFrYG3X3KYNww,AfD TV,https://www.youtube.com/watch?v=XQnVOlw0w2E
5xbqEmSwKYw,Tino Chrupalla zur Einstufung der AfD durch den Verfassungsschutz,2024-01-24T13:41:25Z,134904,14041,351,PT51S,UCq2rogaxLtQFrYG3X3KYNww,AfD TV,https://www.youtube.com/watch?v=5xbqEmSwKYw
n2g3BsNlAVw,Tino Chrupalla zu Gast in der ARD-Sendung „Maischberger“,2024-01-24T09:22:53Z,232831,19038,676,PT54S,UCq2rogaxLtQFrYG3X3KYNww,AfD TV,https://www.youtube.com/watch?v=n2g3BsNlAVw
eQX1Qi4wLYA,"Wahnwitzige Energiepolitik der Ampel: Fünf Milliarden Euro für Strom, der nie erzeugt wurde!",2024-01-22T10:46:42Z,34699,4085,354,PT3M25S,UCq2rogaxLtQFrYG3X3KYNww,AfD TV,https://www.youtube.com/watch?v=eQX1Qi4wLYA
c1OP7uiTh4s,Demonstrationen ohne Ende: Die Wirtschaft rebelliert | Frequenz: Freiheit - Der Podcast der AfD,2024-01-19T13:57:58Z,13948,1761,156,PT22M37S,UCq2rogaxLtQFrYG3X3KYNww,AfD TV,https://www.youtube.com/watch?v=c1OP7uiTh4s
zciVXRjwW9k,"""Correctiv“-Debatte: Der Bundestag tobt bei dieser Rede!",2024-01-18T15:11:59Z,164420,14227,1544,PT5M27S,UCq2rogaxLtQFrYG3X3KYNww,AfD TV,https://www.youtube.com/watch?v=zciVXRjwW9k
kLP0YM9h8Yo,„Wir stehen an der Seite der deutschen Bürger!“,2024-01-18T13:56:49Z,73919,9361,340,PT1M,UCq2rogaxLtQFrYG3X3KYNww,AfD TV,https://www.youtube.com/watch?v=kLP0YM9h8Yo
SCEQBCRagHI,"+++ AfD bringt Habeck aus der Fassung: „Sie haben Glück, dass meine Zeit abgelaufen ist!“ +++",2024-01-18T11:28:23Z,178146,8072,1704,PT7M14S,UCq2rogaxLtQFrYG3X3KYNww,AfD TV,https://www.youtube.com/watch?v=SCEQBCRagHI
G1rwDv0gllo,"""Das sind DDR-Methoden!"" - Alice Weidel #AfD #Weidel #Correctiv",2024-01-18T10:58:33Z,39717,4814,343,PT50S,UCq2rogaxLtQFrYG3X3KYNww,AfD TV,https://www.youtube.com/watch?v=G1rwDv0gllo
fhk943nceFo,„In einem Ernstfall kämpft nicht der links-grüne Sozialpädagoge für unsere Sicherheit!“,2024-01-18T09:05:27Z,42744,4887,120,PT58S,UCq2rogaxLtQFrYG3X3KYNww,AfD TV,https://www.youtube.com/watch?v=fhk943nceFo
gbZAX0h471Y,"""Sie sind die Spalter in diesem Land!"" #afd #bauerndemo #dieampelmussweg #deutschland #bundestag",2024-01-17T15:53:48Z,101730,11317,307,PT58S,UCq2rogaxLtQFrYG3X3KYNww,AfD TV,https://www.youtube.com/watch?v=gbZAX0h471Y
s_utiYXERVM,Inkompetent und abgehoben: Ricarda Lang hat keine Ahnung von Durchschnittsrenten!,2024-01-17T15:29:29Z,95996,2304,602,PT26S,UCq2rogaxLtQFrYG3X3KYNww,AfD TV,https://www.youtube.com/watch?v=s_utiYXERVM
CDE5XWLzh0U,"AfD für Volksabstimmungen, Habeck für China-System",2024-01-17T10:52:26Z,60683,2008,676,PT46S,UCq2rogaxLtQFrYG3X3KYNww,AfD TV,https://www.youtube.com/watch?v=CDE5XWLzh0U
OpmHoJOAANM,Correctiv & Medien vs. AfD: Die Wahrheit über die Schmutzkampagne!,2024-01-16T14:44:41Z,107384,9749,1340,PT9M28S,UCq2rogaxLtQFrYG3X3KYNww,AfD TV,https://www.youtube.com/watch?v=OpmHoJOAANM
kyj0gL5yc7E,"Das hört nicht auf, bis wir Neuwahlen haben!",2024-01-15T15:40:45Z,284439,23608,2323,PT5M48S,UCq2rogaxLtQFrYG3X3KYNww,AfD TV,https://www.youtube.com/watch?v=kyj0gL5yc7E
ZKGpoXbQqkU,Weidel-Klartext: Deutschland geht auf die Straße - und das ist gut so!  - AfD,2024-01-14T13:21:13Z,129469,13210,1381,PT33M24S,UCq2rogaxLtQFrYG3X3KYNww,AfD TV,https://www.youtube.com/watch?v=ZKGpoXbQqkU
-BYnqq4OcJQ,+++ Die Bauern sind der Ampel im Weg. Wir stehen zur Landwirtschaft! +++,2024-01-12T17:00:00Z,14218,2255,361,PT2M19S,UCq2rogaxLtQFrYG3X3KYNww,AfD TV,https://www.youtube.com/watch?v=-BYnqq4OcJQ
N7dmor0TWbI,Medienhetze gegen die #Bauern? Die Bürger haben das Spiel durchschaut! #ampel #0108  #deutschland,2024-01-10T07:28:20Z,105634,8716,907,PT53S,UCq2rogaxLtQFrYG3X3KYNww,AfD TV,https://www.youtube.com/watch?v=N7dmor0TWbI
sfiWpq6d5o0,Mit Drei-Ampel-Kraft sitzt die Frisur! #afd #deutschland #ampel,2024-01-09T13:15:53Z,138305,6080,366,PT27S,UCq2rogaxLtQFrYG3X3KYNww,AfD TV,https://www.youtube.com/watch?v=sfiWpq6d5o0
OlOrxSD7VgM,Heimat braucht euch Bauern – und keine Ampel!,2024-01-09T09:34:25Z,20838,3622,151,PT1M,UCq2rogaxLtQFrYG3X3KYNww,AfD TV,https://www.youtube.com/watch?v=OlOrxSD7VgM
UHWAVXlKYn4,"""Heimat braucht Bauern - dafür steht die AfD!"" - Bauernproteste - AfD im Bundestag",2024-01-08T14:11:35Z,16869,2629,229,PT2M17S,UCq2rogaxLtQFrYG3X3KYNww,AfD TV,https://www.youtube.com/watch?v=UHWAVXlKYn4
_k1DtSz4uDY,"Danke, dass ihr für uns da seid! - Bauernprotest - AfD",2024-01-08T08:00:12Z,54583,9014,963,PT1M52S,UCq2rogaxLtQFrYG3X3KYNww,AfD TV,https://www.youtube.com/watch?v=_k1DtSz4uDY
V4oXilJcdIM,Jubelnd in den Untergang: Die peinliche Inszenierung von Habeck und Scholz!,2024-01-05T14:59:52Z,198720,11026,1160,PT2M33S,UCq2rogaxLtQFrYG3X3KYNww,AfD TV,https://www.youtube.com/watch?v=V4oXilJcdIM
h8PsvSxnzEc,"""Frohe Weihnachten!"" Das 24. Türchen im AfD-Ampelkalender 2023  #afd #deutschland #ampel #scholz",2023-12-24T08:00:30Z,23920,4706,187,PT47S,UCq2rogaxLtQFrYG3X3KYNww,AfD TV,https://www.youtube.com/watch?v=h8PsvSxnzEc
TUW0lCvz928,"""Robert und die schönsten Walgesänge"" Das 23. Türchen im AfD-Ampelkalender  #afd #bundestag",2023-12-23T08:00:23Z,16132,2657,58,PT45S,UCq2rogaxLtQFrYG3X3KYNww,AfD TV,https://www.youtube.com/watch?v=TUW0lCvz928
YvUsHdxAqzY,"""Annalena kauft ein Schloss"" Das 22. Türchen im AfD-Ampelkalender #afd #deutschland #grüne",2023-12-22T08:00:29Z,25267,3061,163,PT1M1S,UCq2rogaxLtQFrYG3X3KYNww,AfD TV,https://www.youtube.com/watch?v=YvUsHdxAqzY
hWHRWDDkOH0,"""Friederich und sein Gedicht"" Das 21. Türchen im AfD-Ampelkalender #afd #cdu #ampel",2023-12-21T08:00:18Z,13734,2299,68,PT1M1S,UCq2rogaxLtQFrYG3X3KYNww,AfD TV,https://www.youtube.com/watch?v=hWHRWDDkOH0
2FUa9tsYPvI,"""Annalenas Jahresendfigur mit Flügeln"" Das 20. Türchen im AfD-Ampelkalender  #afd #deutschland",2023-12-20T08:00:01Z,27301,3919,118,PT56S,UCq2rogaxLtQFrYG3X3KYNww,AfD TV,https://www.youtube.com/watch?v=2FUa9tsYPvI
xHA4qgJFXuw,Tino Chrupalla zur Halbzeit der Ampel-Regierung,2023-12-19T10:46:58Z,11562,1934,121,PT1M2S,UCq2rogaxLtQFrYG3X3KYNww,AfD TV,https://www.youtube.com/watch?v=xHA4qgJFXuw
QfGZHttPP7U,"""Fancy Nancy will Millionen!"" Das 19. Türchen im Afd-Ampelkalender  #afd #deutschland #ampel",2023-12-19T08:00:13Z,28632,4107,77,PT57S,UCq2rogaxLtQFrYG3X3KYNww,AfD TV,https://www.youtube.com/watch?v=QfGZHttPP7U
ZDDxmJc96MU,Die Bauern rebellieren gegen den Ampel-Irrsinn: Das ist erst der Anfang!,2023-12-18T14:30:21Z,35464,4886,642,PT1M,UCq2rogaxLtQFrYG3X3KYNww,AfD TV,https://www.youtube.com/watch?v=ZDDxmJc96MU
xBnQ3PNh0jE,"""Roberts Familie zieht nach!""  - Heute im AfD-Ampelkalender #afd #deutschland #ampel #scholz #habeck",2023-12-18T08:00:26Z,21273,3454,67,PT49S,UCq2rogaxLtQFrYG3X3KYNww,AfD TV,https://www.youtube.com/watch?v=xBnQ3PNh0jE
YhPRUnCbgmo,"""Friederich lügt, dass sich die Balken biegen!"" -Heute im AfD-Ampelkalender",2023-12-17T08:00:27Z,13682,2361,95,PT1M1S,UCq2rogaxLtQFrYG3X3KYNww,AfD TV,https://www.youtube.com/watch?v=YhPRUnCbgmo
MWkUhdKBfjM,"""Bei Robert geh'n die Lichter aus!""  #afd #bundestag #deutschland #habeck #krise #grünen",2023-12-16T08:00:10Z,25775,3851,123,PT1M,UCq2rogaxLtQFrYG3X3KYNww,AfD TV,https://www.youtube.com/watch?v=MWkUhdKBfjM
fun2QGE-oGs,"Plastiksteuer, CO2-Abgabe, teure Energie: Wir zahlen nicht mehr für Euer Versagen!",2023-12-15T14:30:59Z,13852,1946,201,PT25M15S,UCq2rogaxLtQFrYG3X3KYNww,AfD TV,https://www.youtube.com/watch?v=fun2QGE-oGs
yoxMR5vBzFo,Haushaltsplanung mit Rekordschulden: Die Ampel umgeht das Grundgesetz nun dauerhaft,2023-12-15T13:53:57Z,9005,1292,89,PT4M5S,UCq2rogaxLtQFrYG3X3KYNww,AfD TV,https://www.youtube.com/watch?v=yoxMR5vBzFo
os-SbyAn9QQ,Weder die Ampel noch die Union ändern den Migrationskurs!,2023-12-15T08:00:28Z,10960,2040,143,PT3M10S,UCq2rogaxLtQFrYG3X3KYNww,AfD TV,https://www.youtube.com/watch?v=os-SbyAn9QQ
X3Bxm6gK6cI,"""Fancy Nancy beschenkt die ganze Welt"" - Heute im AfD-Ampelkalender #faeser #ampel #afd #deutschland",2023-12-15T08:00:17Z,39424,4392,124,PT59S,UCq2rogaxLtQFrYG3X3KYNww,AfD TV,https://www.youtube.com/watch?v=X3Bxm6gK6cI
XQmo2oUy9ZM,Deutschland kann es besser – aber nicht mit der CDU!,2023-12-14T13:00:33Z,9710,1210,102,PT4M27S,UCq2rogaxLtQFrYG3X3KYNww,AfD TV,https://www.youtube.com/watch?v=XQmo2oUy9ZM
y21dX3TYeyI,Kampfzone Schule: Ohne Migrationswende keine Bildungswende!,2023-12-14T11:00:52Z,5220,679,64,PT5M10S,UCq2rogaxLtQFrYG3X3KYNww,AfD TV,https://www.youtube.com/watch?v=y21dX3TYeyI
Ra7cU__TlMQ,Der klägliche Rest der Linken darf nicht an Parlamentsposten kleben!,2023-12-14T09:47:37Z,145260,11194,1028,PT5M39S,UCq2rogaxLtQFrYG3X3KYNww,AfD TV,https://www.youtube.com/watch?v=Ra7cU__TlMQ
1TmfGfOEBCM,Chrupalla nimmt sich Scholz zur Brust: „Sie laufen unbeirrt weiter in die Sackgasse!“,2023-12-14T08:49:03Z,21548,3349,229,PT6M48S,UCq2rogaxLtQFrYG3X3KYNww,AfD TV,https://www.youtube.com/watch?v=1TmfGfOEBCM
FILRETe15vY,"""Exklusiv: Interview mit Miss Bundestag!"" : Heute im Ampelkalender #afd #ampel #deutschland",2023-12-14T08:00:13Z,14691,2040,127,PT1M14S,UCq2rogaxLtQFrYG3X3KYNww,AfD TV,https://www.youtube.com/watch?v=FILRETe15vY
79_GGa6lj8w,Mit der Plastiksteuer gegen das Haushaltsloch! - Sonderausgabe AfD-Ampelkalender #shorts,2023-12-13T14:51:37Z,14803,2211,138,PT1M1S,UCq2rogaxLtQFrYG3X3KYNww,AfD TV,https://www.youtube.com/watch?v=79_GGa6lj8w
NQNoKMyZhmw,#shorts Halbzeit für die Ampel: Alice Weidel zieht nach zwei Jahren der Ampelkoalition Bilanz,2023-12-13T11:58:41Z,21894,3228,80,PT58S,UCq2rogaxLtQFrYG3X3KYNww,AfD TV,https://www.youtube.com/watch?v=NQNoKMyZhmw
SEtNfn5GoyA,"""Annalena hat noch was zu sagen"" - Heute im AfD-Ampelkalender #afd #deutschland #scholz #baerbock",2023-12-13T08:00:13Z,26220,3474,64,PT57S,UCq2rogaxLtQFrYG3X3KYNww,AfD TV,https://www.youtube.com/watch?v=SEtNfn5GoyA
Gwb7zgEsjmE,Der Islam gehört zu Deutschland? Er gehört zur CDU!,2023-12-12T10:34:43Z,42495,5158,984,PT3M28S,UCq2rogaxLtQFrYG3X3KYNww,AfD TV,https://www.youtube.com/watch?v=Gwb7zgEsjmE
VEe88NmQYsI,"""Annalena, Olaf und Robert lernen rechnen!"" Das 12. Türchen im AfD-Ampelkalender  #afd #deutschland",2023-12-12T08:00:13Z,25227,3734,109,PT49S,UCq2rogaxLtQFrYG3X3KYNww,AfD TV,https://www.youtube.com/watch?v=VEe88NmQYsI
8gCL8oR0mz8,"""Weihnachtssingen mit Angela"" Das 11. Türchen im Afd-Ampelkalender #angie #ampel #afd #deutschland",2023-12-11T08:00:04Z,18288,2839,73,PT1M,UCq2rogaxLtQFrYG3X3KYNww,AfD TV,https://www.youtube.com/watch?v=8gCL8oR0mz8
FR-BVbX0InA,"""Frank-Walters Kreuz mit dem Kreuz"" - Heute im AfD-Ampelkalender #steinmeier #ampel #deutschland",2023-12-10T08:00:10Z,14157,2150,56,PT1M16S,UCq2rogaxLtQFrYG3X3KYNww,AfD TV,https://www.youtube.com/watch?v=FR-BVbX0InA
dvAYbJ9Kus4,"""Besser rechts regieren als schlecht regieren! Das 9. Türchen im AfD-Ampelkalender  #afd  #lindner",2023-12-09T08:00:30Z,19520,3309,60,PT1M,UCq2rogaxLtQFrYG3X3KYNww,AfD TV,https://www.youtube.com/watch?v=dvAYbJ9Kus4
s9-eO3TiRZY,Zwei Jahre Ampel - zweihundert Jahre Rückschritt!,2023-12-08T13:00:51Z,49706,5523,609,PT3M13S,UCq2rogaxLtQFrYG3X3KYNww,AfD TV,https://www.youtube.com/watch?v=s9-eO3TiRZY
NHW7t_IPRCU,Sehenswert: Chrupalla zerlegt die Grünen bei Lanz!,2023-12-08T09:32:37Z,510392,27206,1167,PT57S,UCq2rogaxLtQFrYG3X3KYNww,AfD TV,https://www.youtube.com/watch?v=NHW7t_IPRCU
KjedorL3gJ4,"""Karlchen und sein Lachs"" - Heute im AfD-Ampelkalender #bundestag #lauterbach #advent",2023-12-08T08:00:12Z,20106,3213,83,PT49S,UCq2rogaxLtQFrYG3X3KYNww,AfD TV,https://www.youtube.com/watch?v=KjedorL3gJ4
uDdbc3Aqd-c,"""Annalena auf Kobold-Safari"" Das 7. Türchen im AfD-Ampelkalender  #bundestag #baerbock #deutschland",2023-12-07T08:00:25Z,58148,6676,163,PT58S,UCq2rogaxLtQFrYG3X3KYNww,AfD TV,https://www.youtube.com/watch?v=uDdbc3Aqd-c
528UUUaUrvM,"""Na, Olaf - warst Du auch schön brav?"" Das 6. Türchen im AfD-Ampelkalender  #afd #ampel #scholz",2023-12-06T08:00:02Z,66325,6858,138,PT1M,UCq2rogaxLtQFrYG3X3KYNww,AfD TV,https://www.youtube.com/watch?v=528UUUaUrvM
4V3Srbu2TSs,"""Friederich auf Abwegen"" Das 5. Türchen im AfD-Ampelkalender  #afd #ampel #cdu # #deutschland",2023-12-05T08:00:04Z,28365,3770,65,PT44S,UCq2rogaxLtQFrYG3X3KYNww,AfD TV,https://www.youtube.com/watch?v=4V3Srbu2TSs
UXG6ODbEFWE,Klimakonferenz: Vernichtung unseres Wohlstandes für nichts!,2023-12-04T14:30:14Z,15910,2239,176,PT4M4S,UCq2rogaxLtQFrYG3X3KYNww,AfD TV,https://www.youtube.com/watch?v=UXG6ODbEFWE
m5IyarqQ7fA,"Nicht Corona hat die Kinder krank gemacht, das waren Sie alle!",2023-12-04T13:00:44Z,10894,1805,149,PT3M8S,UCq2rogaxLtQFrYG3X3KYNww,AfD TV,https://www.youtube.com/watch?v=m5IyarqQ7fA
jMxELNixvm4,Rekord-Verschuldung ist verfassungswidrig - aber die Ampel macht einfach weiter!,2023-12-04T11:30:30Z,9537,1560,107,PT4M19S,UCq2rogaxLtQFrYG3X3KYNww,AfD TV,https://www.youtube.com/watch?v=jMxELNixvm4
MA08oaxiWA4,"""Fancy Nancys gute Vorsätze"" - Heute im AfD-Ampelkalender #afd #ampel #deutschland #migration",2023-12-04T08:00:11Z,30043,3717,81,PT41S,UCq2rogaxLtQFrYG3X3KYNww,AfD TV,https://www.youtube.com/watch?v=MA08oaxiWA4
kVBYbIgWzDE,"""Insekten zum Frühstück"" Das 3. Türchen im AfD-Ampelkalender  #afd #bundestag #ampel #deutschland",2023-12-03T08:00:22Z,18653,2873,74,PT41S,UCq2rogaxLtQFrYG3X3KYNww,AfD TV,https://www.youtube.com/watch?v=kVBYbIgWzDE
GlreIX0T-8c,"""Anruf bei Robert"" Das 2. Türchen im AfD-Ampelkalender #afd #ampel #bundestag #deutschland",2023-12-02T08:00:06Z,33415,4225,91,PT45S,UCq2rogaxLtQFrYG3X3KYNww,AfD TV,https://www.youtube.com/watch?v=GlreIX0T-8c
46zlIbVVA70,Wir machen Schluss mit den Horror-Steuern!,2023-12-01T13:26:22Z,17162,2495,232,PT3M8S,UCq2rogaxLtQFrYG3X3KYNww,AfD TV,https://www.youtube.com/watch?v=46zlIbVVA70
SbnoU5Hp8ao,Regierungsbankrott in allen Bereichen - wann tritt die Ampel endlich ab?,2023-12-01T12:35:31Z,11985,1613,185,PT27M26S,UCq2rogaxLtQFrYG3X3KYNww,AfD TV,https://www.youtube.com/watch?v=SbnoU5Hp8ao
cPm_5Sy3PtQ,Ampel missbraucht Ahrkatastrophe für Haushaltstricks - Brandner reicht's  #afd #ampel #bundestag,2023-12-01T09:17:31Z,133711,11706,317,PT1M,UCq2rogaxLtQFrYG3X3KYNww,AfD TV,https://www.youtube.com/watch?v=cPm_5Sy3PtQ
25AL1bWUnos,"""Katrin mag es drastisch!"" Das 1. Türchen im AfD-Ampelkalender #ampel #deutschland",2023-12-01T08:00:02Z,31039,3463,100,PT37S,UCq2rogaxLtQFrYG3X3KYNww,AfD TV,https://www.youtube.com/watch?v=25AL1bWUnos
Yn-5iLoksDI,Staatsbürgerschaft für alle? Solche Gesetzesentwürfe kann man nur zerreißen!,2023-11-30T14:12:50Z,11794,1398,164,PT7M13S,UCq2rogaxLtQFrYG3X3KYNww,AfD TV,https://www.youtube.com/watch?v=Yn-5iLoksDI
4yxI-1SWbiA,"Die Bürger haben keinen Bock mehr auf's Unterhaken, Herr Scholz!",2023-11-30T13:30:04Z,14569,2071,128,PT4M14S,UCq2rogaxLtQFrYG3X3KYNww,AfD TV,https://www.youtube.com/watch?v=4yxI-1SWbiA
7JdrnJL74_U,Keinen Bock mehr auf's Unterhaken! AfD-Wirtschaftsexperte redet Klartext.  #afd #ampel  #scholz,2023-11-30T13:17:00Z,76722,6627,117,PT1M,UCq2rogaxLtQFrYG3X3KYNww,AfD TV,https://www.youtube.com/watch?v=7JdrnJL74_U
D8x0vaFXeDo,"Migrationswende: Nur die AfD hat den Mut, den Willen und die Kraft dazu!",2023-11-30T12:30:12Z,5390,876,94,PT6M45S,UCq2rogaxLtQFrYG3X3KYNww,AfD TV,https://www.youtube.com/watch?v=D8x0vaFXeDo
aX5Q_h-OYQY,"Bauen in Deutschland: Identität, Heimat und Zufriedenheit statt Klima-Ideologie!",2023-11-30T11:30:00Z,3794,427,27,PT4M8S,UCq2rogaxLtQFrYG3X3KYNww,AfD TV,https://www.youtube.com/watch?v=aX5Q_h-OYQY
vRY3SBufCOM,Typisch Grüne: Erst hetzen – und dann fehlen die Argumente,2023-11-30T10:30:28Z,43178,4095,327,PT2M5S,UCq2rogaxLtQFrYG3X3KYNww,AfD TV,https://www.youtube.com/watch?v=vRY3SBufCOM
nDoosc26_JY,AfD entlarvt die Corona-Lügen: Es gab keine Grundlage für die Abschaffung der Freiheit!,2023-11-30T09:30:13Z,30914,3961,435,PT4M59S,UCq2rogaxLtQFrYG3X3KYNww,AfD TV,https://www.youtube.com/watch?v=nDoosc26_JY
_vHV0cfHM0w,Standpauke von der AfD - Da sucht Scholz das Weite,2023-11-29T13:50:16Z,8435,1326,97,PT5M49S,UCq2rogaxLtQFrYG3X3KYNww,AfD TV,https://www.youtube.com/watch?v=_vHV0cfHM0w
YbRLaXk-R0U,So einfach löst die #afd die #staatskrise! #weidel #bundestag #scholz #ampel #habeck #rücktritt,2023-11-28T19:00:14Z,60188,6479,189,PT59S,UCq2rogaxLtQFrYG3X3KYNww,AfD TV,https://www.youtube.com/watch?v=YbRLaXk-R0U
Qa0sa_Y-Uqk,"Die #Ampel hat nicht zu wenig Geld, sie hat zu viel - und kann nicht damit umgehen! #weidel #afd",2023-11-28T18:00:11Z,14677,2040,44,PT52S,UCq2rogaxLtQFrYG3X3KYNww,AfD TV,https://www.youtube.com/watch?v=Qa0sa_Y-Uqk
f-HxLyrab3k,Endgültige Abrechnung mit der #Ampel! #weidel #scholz #habeck #baerbock #lindner #afd #bundestag,2023-11-28T17:00:35Z,20184,3401,93,PT59S,UCq2rogaxLtQFrYG3X3KYNww,AfD TV,https://www.youtube.com/watch?v=f-HxLyrab3k
I6Exsc6nHvA,"Wer heute noch arbeiten geht, ist der Dumme! #weidel #afd #bürgergeld #bundestag #deutschland",2023-11-28T16:00:12Z,41357,4001,103,PT1M,UCq2rogaxLtQFrYG3X3KYNww,AfD TV,https://www.youtube.com/watch?v=I6Exsc6nHvA
Ro6Xtvx6bCM,"Die Bürger warten auf Ihren #Rücktritt, Herr #scholz!  #afd #bundestag #ampel #weidel #migration",2023-11-28T15:00:31Z,20740,3684,121,PT54S,UCq2rogaxLtQFrYG3X3KYNww,AfD TV,https://www.youtube.com/watch?v=Ro6Xtvx6bCM
z8mpt_GEs3s,Was haben Sie da auf unser Volk losgelassen? #shorts #weidel #ampel #scholz #afd #rücktritt,2023-11-28T14:00:45Z,57257,5417,140,PT59S,UCq2rogaxLtQFrYG3X3KYNww,AfD TV,https://www.youtube.com/watch?v=z8mpt_GEs3s
oPhW3NHS1VA,LIVE: Weidel grillt Scholz im Bundestag!  - AfD,2023-11-28T13:06:46Z,48842,3418,185,PT2H59M51S,UCq2rogaxLtQFrYG3X3KYNww,AfD TV,https://www.youtube.com/watch?v=oPhW3NHS1VA
T5imqtNI2J0,Die Deindustrialisierung läuft - es ist allein die Schuld der Ampel!  #afd #deutschland #habeck,2023-11-28T13:00:32Z,10016,1810,37,PT54S,UCq2rogaxLtQFrYG3X3KYNww,AfD TV,https://www.youtube.com/watch?v=T5imqtNI2J0
N0R_bAITYBA,"Der Weidel-Hammer im Bundestag: ""Was haben Sie da auf unser Volk losgelassen?""",2023-11-28T10:36:49Z,554850,35852,4230,PT8M53S,UCq2rogaxLtQFrYG3X3KYNww,AfD TV,https://www.youtube.com/watch?v=N0R_bAITYBA
nunVEZt2XTU,Sparen? Nicht bei der Ampel!  #afd #BVerfG #haushalt #scholz #baerbock #ukraine #afrika,2023-11-27T14:08:17Z,33718,2387,232,PT59S,UCq2rogaxLtQFrYG3X3KYNww,AfD TV,https://www.youtube.com/watch?v=nunVEZt2XTU
xlXIez5FTdc,Misswirtschaft der Ampel: Dem Mittelstand reicht’s!,2023-11-24T14:38:59Z,10409,1360,118,PT24M7S,UCq2rogaxLtQFrYG3X3KYNww,AfD TV,https://www.youtube.com/watch?v=xlXIez5FTdc
f4d_bNTxka0,Der #verfassungsschutz ist Teil des Kampfes gegen die #afd! #gauland #maischberger #ampel,2023-11-23T10:23:31Z,29409,4764,219,PT59S,UCq2rogaxLtQFrYG3X3KYNww,AfD TV,https://www.youtube.com/watch?v=f4d_bNTxka0
X_aIALDDCVE,Mit Worthülsen lässt sich die Wirtschaft nicht ankurbeln – aber „die Ampel kann es nicht besser!“,2023-11-17T14:57:00Z,7975,548,32,PT3M16S,UCq2rogaxLtQFrYG3X3KYNww,AfD TV,https://www.youtube.com/watch?v=X_aIALDDCVE
FkJzXnoISaQ,Vielehe und Kopftuch gehören nicht zu Deutschland!,2023-11-17T14:56:43Z,17196,1840,193,PT3M31S,UCq2rogaxLtQFrYG3X3KYNww,AfD TV,https://www.youtube.com/watch?v=FkJzXnoISaQ
87tMMuxjtfQ,Verschwendungsorgien der Ampel beenden: Es ist auch Dein Geld!,2023-11-17T13:52:09Z,6805,1036,92,PT24M21S,UCq2rogaxLtQFrYG3X3KYNww,AfD TV,https://www.youtube.com/watch?v=87tMMuxjtfQ
IP3kJ1dWngE,"Kopftücher für Mädchen verbieten, Vielehen bekämpfen!",2023-11-17T11:41:40Z,7608,1064,133,PT4M38S,UCq2rogaxLtQFrYG3X3KYNww,AfD TV,https://www.youtube.com/watch?v=IP3kJ1dWngE
85Rij-z0QEQ,"Würde sich die Ampel nur um Deutschland kümmern, bräuchten wir keine illegalen Schulden!",2023-11-17T11:32:48Z,10649,1731,89,PT5M9S,UCq2rogaxLtQFrYG3X3KYNww,AfD TV,https://www.youtube.com/watch?v=85Rij-z0QEQ
W_66MfxFCXg,"Gewalt gegen Frauen stoppen, Mädchen früh vor Parallelgesellschaften warnen",2023-11-16T15:52:17Z,8137,1494,152,PT6M2S,UCq2rogaxLtQFrYG3X3KYNww,AfD TV,https://www.youtube.com/watch?v=W_66MfxFCXg
i-9Q-KYzHg0,AfD-Politiker schießt gegen CumEx-Scholz: „Jetzt können Sie reinen Tisch machen!“,2023-11-16T13:58:08Z,12066,1722,160,PT2M21S,UCq2rogaxLtQFrYG3X3KYNww,AfD TV,https://www.youtube.com/watch?v=i-9Q-KYzHg0
iBuPq1JbCiY,Warum gilt im Verteidigungsfall plötzlich wieder das biologische Geschlecht?,2023-11-16T11:47:29Z,7793,895,98,PT1M24S,UCq2rogaxLtQFrYG3X3KYNww,AfD TV,https://www.youtube.com/watch?v=iBuPq1JbCiY
BkZFt9vFqH0,"Selbstbestimmungsgesetz: ""Das ist die Symbiose von Gender-Gaga und Nordkorea""",2023-11-16T11:15:26Z,14840,1738,362,PT7M14S,UCq2rogaxLtQFrYG3X3KYNww,AfD TV,https://www.youtube.com/watch?v=BkZFt9vFqH0
Unutiuglb7I,Haushaltstrickserei verfassungswidrig: Die AfD hat es vorhergesagt!,2023-11-15T15:27:55Z,11586,1473,126,PT3M11S,UCq2rogaxLtQFrYG3X3KYNww,AfD TV,https://www.youtube.com/watch?v=Unutiuglb7I
gONVEEJcF8I,Die 5 schlimmsten Asyl-Bestimmungen der Ampel! - Alice Weidel - AfD,2023-11-15T13:46:52Z,11848,1608,97,PT1M3S,UCq2rogaxLtQFrYG3X3KYNww,AfD TV,https://www.youtube.com/watch?v=gONVEEJcF8I
Y4CqzaJtkbI,Migrationskrise: So verhöhnen Ampel und Union die Bevölkerung!  #afd #bundestag #deutschland #curio,2023-11-13T06:34:53Z,43940,5703,125,PT46S,UCq2rogaxLtQFrYG3X3KYNww,AfD TV,https://www.youtube.com/watch?v=Y4CqzaJtkbI
fXM2OIWS1pQ,Schluss mit dem Import von Gewalt und Antisemitismus! | Frequenz: Freiheit – der Podcast der AfD,2023-11-12T10:15:17Z,10180,1548,141,PT25M56S,UCq2rogaxLtQFrYG3X3KYNww,AfD TV,https://www.youtube.com/watch?v=fXM2OIWS1pQ
GU48MluVGcI,Die Mechanismen des Kommunismus wirken auch heute!,2023-11-10T13:45:56Z,7715,1088,77,PT4M32S,UCq2rogaxLtQFrYG3X3KYNww,AfD TV,https://www.youtube.com/watch?v=GU48MluVGcI
z2EvD_oNcPY,"Bundesverfassungsgericht soll effizienter werden – besser wäre, wenn es unabhängig würde!",2023-11-10T12:27:51Z,20286,2888,238,PT3M32S,UCq2rogaxLtQFrYG3X3KYNww,AfD TV,https://www.youtube.com/watch?v=z2EvD_oNcPY
_PweIvGghJo,Kindergrundsicherung: Wir brauchen keinen linken Gesinnungsstaat!,2023-11-10T11:32:21Z,2480,397,24,PT4M27S,UCq2rogaxLtQFrYG3X3KYNww,AfD TV,https://www.youtube.com/watch?v=_PweIvGghJo
ZlE9SK5pKXE,350.000 Ukrainer ziehen von Polen nach Deutschland – wegen der Sozialleistungen!,2023-11-10T09:32:41Z,38769,2689,508,PT3M53S,UCq2rogaxLtQFrYG3X3KYNww,AfD TV,https://www.youtube.com/watch?v=ZlE9SK5pKXE
DQWf827q7GY,Bürokratieabbau: Die AfD legt die Axt an der Wurzel an!,2023-11-10T08:09:01Z,2196,303,14,PT3M25S,UCq2rogaxLtQFrYG3X3KYNww,AfD TV,https://www.youtube.com/watch?v=DQWf827q7GY
Ok_Ql61KWJg,Deutsches Kalifat? Das kann nur die AfD verhindern!,2023-11-09T15:11:43Z,159620,10935,1824,PT5M6S,UCq2rogaxLtQFrYG3X3KYNww,AfD TV,https://www.youtube.com/watch?v=Ok_Ql61KWJg
jrr9trjBNJg,Linke und Islamisten gefährden unsere Zukunft,2023-11-09T14:42:21Z,14548,1898,170,PT4M31S,UCq2rogaxLtQFrYG3X3KYNww,AfD TV,https://www.youtube.com/watch?v=jrr9trjBNJg
C2zcz1X7ZAk,Der beste Schutz für jüdisches Leben: Keine Antisemiten mehr ins Land lassen!,2023-11-09T12:44:10Z,4788,664,54,PT3M26S,UCq2rogaxLtQFrYG3X3KYNww,AfD TV,https://www.youtube.com/watch?v=C2zcz1X7ZAk
KyZhwCB0vaI,AfD verwirrt Familienministerin mit ihrer eigenen Geschlechter-Ideologie,2023-11-09T12:35:09Z,218829,8021,1442,PT2M18S,UCq2rogaxLtQFrYG3X3KYNww,AfD TV,https://www.youtube.com/watch?v=KyZhwCB0vaI
H9TDWBukxbs,Wir brauchen Re-Migration und keine Show-Termine für die Regierungspropaganda,2023-11-09T12:27:11Z,5805,1245,94,PT5M9S,UCq2rogaxLtQFrYG3X3KYNww,AfD TV,https://www.youtube.com/watch?v=H9TDWBukxbs
3GPaJMSma70,Medienspektakel von Ampel und Union: Massenmigration wird nicht durch Plauderrunden gestoppt!,2023-11-07T14:41:04Z,38189,4497,430,PT5M30S,UCq2rogaxLtQFrYG3X3KYNww,AfD TV,https://www.youtube.com/watch?v=3GPaJMSma70
ztznQ5dw1b0,Mit Vernunft ist man im Bundestag ein Exot  #afd #ampel #deutschland #bundestag #huy,2023-10-28T14:00:46Z,88746,8655,231,PT47S,UCq2rogaxLtQFrYG3X3KYNww,AfD TV,https://www.youtube.com/watch?v=ztznQ5dw1b0
igT3djqRnw4,Die Grünen machen das Parlament zum Narrenschiff  #afd #ampel #bundestag,2023-10-28T10:00:40Z,27285,3152,47,PT54S,UCq2rogaxLtQFrYG3X3KYNww,AfD TV,https://www.youtube.com/watch?v=igT3djqRnw4
UpHqZevHwg8,Der Grund für den deutschen Niedergang - einfach erklärt!  #afd #bundestag #ampelregierung,2023-10-28T08:00:17Z,64646,5982,180,PT55S,UCq2rogaxLtQFrYG3X3KYNww,AfD TV,https://www.youtube.com/watch?v=UpHqZevHwg8
hPf7llLtuTA,Islamistischer Antisemitismus in Deutschland ist eine Bankrotterklärung!  #afd #ampel #bundestag,2023-10-28T06:00:18Z,23156,2691,149,PT47S,UCq2rogaxLtQFrYG3X3KYNww,AfD TV,https://www.youtube.com/watch?v=hPf7llLtuTA
KjlLRRI8Y6w,Islamistischer Antisemitismus: Man hat zu lange die Augen davor verschlossen,2023-10-27T14:22:23Z,13732,1262,179,PT6M54S,UCq2rogaxLtQFrYG3X3KYNww,AfD TV,https://www.youtube.com/watch?v=KjlLRRI8Y6w
VN8Ro_zVO2I,Druck und Überforderung im Gesundheitsbereich endlich stoppen!  #afd #bundestag #ampel #baum,2023-10-27T11:09:17Z,16533,1765,27,PT54S,UCq2rogaxLtQFrYG3X3KYNww,AfD TV,https://www.youtube.com/watch?v=VN8Ro_zVO2I
9RxdEFvzEaY,Todesangst vor Corona - aber bei Haschischkonsum sind die Folgen egal?  #afd #bundestag #ampel,2023-10-27T10:54:08Z,105360,6823,279,PT58S,UCq2rogaxLtQFrYG3X3KYNww,AfD TV,https://www.youtube.com/watch?v=9RxdEFvzEaY
JkNcR09qN6E,Gender-Ideologie an Schulen? Da wird es wirklich kriminell!,2023-10-26T14:38:57Z,9007,1019,132,PT3M52S,UCq2rogaxLtQFrYG3X3KYNww,AfD TV,https://www.youtube.com/watch?v=JkNcR09qN6E
SqSdhntQb2I,Wir brauchen eine interessengeleitete Außenpolitik - und nicht Krieg und Feindschaft!,2023-10-26T14:35:59Z,31287,3026,68,PT1M,UCq2rogaxLtQFrYG3X3KYNww,AfD TV,https://www.youtube.com/watch?v=SqSdhntQb2I
5f0H1RcJuF0,Echte Fachkräfte werden abgeschoben - das ist die Migrationspolitik der Ampel,2023-10-26T13:15:12Z,36784,2589,64,PT59S,UCq2rogaxLtQFrYG3X3KYNww,AfD TV,https://www.youtube.com/watch?v=5f0H1RcJuF0
jMmLJc2LwSU,Sie bringen die Menschen erst in Seenot! #afd #bundestag #deutschland,2023-10-26T13:10:05Z,296541,18796,509,PT59S,UCq2rogaxLtQFrYG3X3KYNww,AfD TV,https://www.youtube.com/watch?v=jMmLJc2LwSU
59t9RABgQ4Y,Steuergeld für Schleuser-Schiffe? Wir dürfen uns das nicht mehr bieten lassen!,2023-10-26T11:01:53Z,12442,2173,239,PT4M16S,UCq2rogaxLtQFrYG3X3KYNww,AfD TV,https://www.youtube.com/watch?v=59t9RABgQ4Y
znq41nNCtJw,Stoppt den Krieg auf unseren Straßen! | Frequenz: Freiheit – der Podcast der AfD | Ausgabe 30/2023,2023-10-20T12:27:18Z,12685,1312,182,PT18M22S,UCq2rogaxLtQFrYG3X3KYNww,AfD TV,https://www.youtube.com/watch?v=znq41nNCtJw
gTSdE_cphTc,"Ampelpolitik vereint Ignoranz, Dummheit und Böswilligkeit",2023-10-20T12:00:39Z,33087,3662,409,PT3M18S,UCq2rogaxLtQFrYG3X3KYNww,AfD TV,https://www.youtube.com/watch?v=gTSdE_cphTc
0uMC6DebmJg,Linksgrüne toben: AfD legt Schleusertum schonungslos offen,2023-10-20T09:00:01Z,17151,2352,195,PT3M8S,UCq2rogaxLtQFrYG3X3KYNww,AfD TV,https://www.youtube.com/watch?v=0uMC6DebmJg
728CvuEmfSg,#shorts Grüner Filz ermöglicht Schleusungen und Menschenhandel!,2023-10-20T07:00:03Z,17903,3164,99,PT54S,UCq2rogaxLtQFrYG3X3KYNww,AfD TV,https://www.youtube.com/watch?v=728CvuEmfSg
sOlxjtqnX9c,Chrupallas Ansage an Scholz und Merz: Wir brauchen Frieden statt Krieg und Feindschaft!,2023-10-19T16:00:42Z,12249,1926,181,PT6M45S,UCq2rogaxLtQFrYG3X3KYNww,AfD TV,https://www.youtube.com/watch?v=sOlxjtqnX9c
AwdDeaqT5JU,Die Union ist der Frankenstein der Bürokratie!,2023-10-19T14:00:07Z,6748,1113,61,PT4M31S,UCq2rogaxLtQFrYG3X3KYNww,AfD TV,https://www.youtube.com/watch?v=AwdDeaqT5JU
APfwy52MhF4,"Verletzte Kinderseelen, verdrehte Wissenschaft, verhunzte Sprache: Stoppt die Gender-Ideologie!",2023-10-19T08:41:01Z,9545,1438,125,PT5M24S,UCq2rogaxLtQFrYG3X3KYNww,AfD TV,https://www.youtube.com/watch?v=APfwy52MhF4
U09Zly5DpiA,#shorts Die Ampel befeuert die Armut in Deutschland!,2023-10-19T07:00:21Z,16270,2507,75,PT59S,UCq2rogaxLtQFrYG3X3KYNww,AfD TV,https://www.youtube.com/watch?v=U09Zly5DpiA
6hLsxkD7DiA,Unser Land hat hier längst nichts mehr zu melden!,2023-10-18T08:37:49Z,71059,6690,1808,PT50S,UCq2rogaxLtQFrYG3X3KYNww,AfD TV,https://www.youtube.com/watch?v=6hLsxkD7DiA
OR5RgF8qIBI,"""Nachhaltigkeitsstrategie"" - mit diesem Unsinn muss sich das Parlament beschäftigen!",2023-10-17T09:34:01Z,17337,2036,192,PT1M41S,UCq2rogaxLtQFrYG3X3KYNww,AfD TV,https://www.youtube.com/watch?v=OR5RgF8qIBI
pY08kRr2qc0,"Energiewende gescheitert: ""Die Menschen können nicht mehr!""",2023-10-17T08:51:07Z,10665,1731,176,PT4M1S,UCq2rogaxLtQFrYG3X3KYNww,AfD TV,https://www.youtube.com/watch?v=pY08kRr2qc0
Ql52FqKbsug,Stiftungsfinanzierung: Die Ampel trickst munter weiter,2023-10-14T08:00:15Z,10419,1527,138,PT4M18S,UCq2rogaxLtQFrYG3X3KYNww,AfD TV,https://www.youtube.com/watch?v=Ql52FqKbsug
uH52VcrnXgk,Die Nachhaltigkeit der Ampel: Deutschland wird abgewickelt | Frequenz: Freiheit – Podcast der AfD,2023-10-13T12:01:15Z,10250,1353,141,PT19M30S,UCq2rogaxLtQFrYG3X3KYNww,AfD TV,https://www.youtube.com/watch?v=uH52VcrnXgk
v2TrpQqAGeA,Ein Angriff auf Israel ist ein Angriff auf uns alle,2023-10-12T14:26:34Z,18578,1925,596,PT4M15S,UCq2rogaxLtQFrYG3X3KYNww,AfD TV,https://www.youtube.com/watch?v=v2TrpQqAGeA
hazOf2sOkhw,Ansage an SPD und Grüne: „In der Praxis finanzieren Sie den Judenhass“,2023-10-12T12:02:28Z,20547,2642,299,PT4M57S,UCq2rogaxLtQFrYG3X3KYNww,AfD TV,https://www.youtube.com/watch?v=hazOf2sOkhw
VRSEZ2MhWX4,Integration: Wann gesteht die Ampelregierung ihr Scheitern endlich ein?,2023-10-12T08:01:35Z,35005,3745,564,PT2M39S,UCq2rogaxLtQFrYG3X3KYNww,AfD TV,https://www.youtube.com/watch?v=VRSEZ2MhWX4
hQlLHwqqrpc,Wir wollen keine fremden Konflikte auf unseren Straßen!,2023-10-11T10:47:03Z,27316,4693,951,PT43S,UCq2rogaxLtQFrYG3X3KYNww,AfD TV,https://www.youtube.com/watch?v=hQlLHwqqrpc
oBgA9rjGt0w,LIVE: Wahlnachlese der Landtagswahlen in Hessen und Bayern,2023-10-09T11:21:34Z,63485,6413,461,PT1H9M32S,UCq2rogaxLtQFrYG3X3KYNww,AfD TV,https://www.youtube.com/watch?v=oBgA9rjGt0w
80vY-BBpsVE,Wir auf der Straße: Mit den Bürgern gegen den Filz | Frequenz: Freiheit - der Podcast der AfD |,2023-10-06T14:02:57Z,11493,1347,198,PT19M36S,UCq2rogaxLtQFrYG3X3KYNww,AfD TV,https://www.youtube.com/watch?v=80vY-BBpsVE
H1PsLYZEZBw,"Werden Sie Wahlbeobachter, stärken Sie die Demokratie, stärken Sie unser Deutschland!",2023-10-06T13:41:59Z,11073,1672,217,PT1M26S,UCq2rogaxLtQFrYG3X3KYNww,AfD TV,https://www.youtube.com/watch?v=H1PsLYZEZBw
QA0dKcXgQ-4,"Wahlbeobachter, die neue App der AfD – so geht Demokratie!",2023-10-06T13:30:58Z,4637,465,17,PT39S,UCq2rogaxLtQFrYG3X3KYNww,AfD TV,https://www.youtube.com/watch?v=QA0dKcXgQ-4
9ryLBM5dvV4,Bitterfeld-Wolfen: Bereit für die blaue Wende!,2023-10-04T14:34:02Z,13854,1942,176,PT33S,UCq2rogaxLtQFrYG3X3KYNww,AfD TV,https://www.youtube.com/watch?v=9ryLBM5dvV4
9-yepymyKRs,Hundert Milliarden für Waffen – aber für unsere Kinder ist kein Geld da!,2023-10-02T11:31:16Z,15084,1949,295,PT4M27S,UCq2rogaxLtQFrYG3X3KYNww,AfD TV,https://www.youtube.com/watch?v=9-yepymyKRs
a2Xj755FxdY,Migrationspolitik von Ampel und Union ist nur Wählertäuschung!,2023-10-02T10:21:23Z,42438,4547,130,PT1M,UCq2rogaxLtQFrYG3X3KYNww,AfD TV,https://www.youtube.com/watch?v=a2Xj755FxdY
IVnoCmJmYiE,So lässt die CDU die Clans gewähren - nur die AfD s sorgt für Sicherheit!,2023-10-02T10:16:05Z,67454,7054,244,PT58S,UCq2rogaxLtQFrYG3X3KYNww,AfD TV,https://www.youtube.com/watch?v=IVnoCmJmYiE
56JM4EKwtlY,Schluss mit Masseneinwanderung - wir bleiben das Original! | Frequenz: Freiheit | Ausgabe 27/2023,2023-09-29T14:07:28Z,11443,1377,157,PT22M32S,UCq2rogaxLtQFrYG3X3KYNww,AfD TV,https://www.youtube.com/watch?v=56JM4EKwtlY
eETzt5qnmEU,So dreist klaut „Brandmaurer“ Merz AfD-Positionen!,2023-09-29T14:03:27Z,12918,1599,221,PT6M22S,UCq2rogaxLtQFrYG3X3KYNww,AfD TV,https://www.youtube.com/watch?v=eETzt5qnmEU
Btixv7zBc6M,Wir brechen das Zeitungsmonopol der SPD!,2023-09-29T07:57:40Z,14013,1731,152,PT5M55S,UCq2rogaxLtQFrYG3X3KYNww,AfD TV,https://www.youtube.com/watch?v=Btixv7zBc6M
pcnnJ5GMT8U,Die Regierung will die Massenmigration nicht beenden,2023-09-28T14:32:26Z,13981,1650,151,PT5M11S,UCq2rogaxLtQFrYG3X3KYNww,AfD TV,https://www.youtube.com/watch?v=pcnnJ5GMT8U
COpjUhYlmqk,Datenstrategie? So plant die Ampel den Totalitarismus!,2023-09-28T13:06:16Z,14132,1863,176,PT4M12S,UCq2rogaxLtQFrYG3X3KYNww,AfD TV,https://www.youtube.com/watch?v=COpjUhYlmqk
opS_BtiwB6A,#shorts RTL2 -Niveau von Baerbock: Deutschland hat besseres verdient!,2023-09-28T12:37:06Z,114370,8944,367,PT59S,UCq2rogaxLtQFrYG3X3KYNww,AfD TV,https://www.youtube.com/watch?v=opS_BtiwB6A
BH3a1IS8Os8,"Standpauke für Baerbock: „Sie zertrampeln, was große Staatsmänner einst aufgebaut haben“",2023-09-28T12:01:06Z,96009,6174,443,PT4M20S,UCq2rogaxLtQFrYG3X3KYNww,AfD TV,https://www.youtube.com/watch?v=BH3a1IS8Os8
_lDIY9KUzKM,Lektion fürs Bauministerium: Abschieben schafft Wohnraum,2023-09-28T11:44:51Z,6125,1052,184,PT4M49S,UCq2rogaxLtQFrYG3X3KYNww,AfD TV,https://www.youtube.com/watch?v=_lDIY9KUzKM
CUd-m5L-4jQ,"Zehn Milliarden für Indien, während hier die Industrie stirbt!",2023-09-28T10:30:03Z,16058,2093,392,PT2M5S,UCq2rogaxLtQFrYG3X3KYNww,AfD TV,https://www.youtube.com/watch?v=CUd-m5L-4jQ
RNd52QPNDJs,Tino Chrupalla: Die Grünen werden unter die 5-%-Hürde rutschen!,2023-09-26T14:21:06Z,117654,9658,1464,PT2M29S,UCq2rogaxLtQFrYG3X3KYNww,AfD TV,https://www.youtube.com/watch?v=RNd52QPNDJs
-flnJl2pCPM,"Irre grüne Welt - Sachleistungen heißt nicht, für Migranten einzukaufen!",2023-09-26T11:44:13Z,36992,2834,538,PT1M45S,UCq2rogaxLtQFrYG3X3KYNww,AfD TV,https://www.youtube.com/watch?v=-flnJl2pCPM
Zeb8zKXGeqE,Nicht die Union wird die Migration stoppen – das kann nur die AfD!,2023-09-26T06:19:37Z,5081,781,60,PT1M16S,UCq2rogaxLtQFrYG3X3KYNww,AfD TV,https://www.youtube.com/watch?v=Zeb8zKXGeqE
4WMyKSfB9ZQ,Klimaschutzgesetz: „Sie belügen die Menschen!“,2023-09-25T12:26:07Z,4262,501,36,PT1M2S,UCq2rogaxLtQFrYG3X3KYNww,AfD TV,https://www.youtube.com/watch?v=4WMyKSfB9ZQ
flHhLx3iXI8,Nicht die Union wird die Migration stoppen – das kann nur die AfD!,2023-09-25T11:50:31Z,7920,1442,171,PT7M6S,UCq2rogaxLtQFrYG3X3KYNww,AfD TV,https://www.youtube.com/watch?v=flHhLx3iXI8
WD_SOzHqIrc,Klimaschutzgesetz: „Sie belügen die Menschen!“,2023-09-25T11:23:39Z,14293,2161,221,PT4M10S,UCq2rogaxLtQFrYG3X3KYNww,AfD TV,https://www.youtube.com/watch?v=WD_SOzHqIrc
IXtfGyR4b4o,Abrechnung mit der Union: „Sie haben den Kindern ihre Zukunft genommen!“,2023-09-25T09:44:45Z,6074,1151,101,PT4M8S,UCq2rogaxLtQFrYG3X3KYNww,AfD TV,https://www.youtube.com/watch?v=IXtfGyR4b4o
Ow5Zx89lSUo,#shorts Nicht die Union wird die Migration stoppen – das kann nur die AfD!,2023-09-22T13:22:05Z,34207,4673,183,PT53S,UCq2rogaxLtQFrYG3X3KYNww,AfD TV,https://www.youtube.com/watch?v=Ow5Zx89lSUo
t_b4nfSVHAw,Wir nehmen Kurs: auf die Landtage und Rathäuser,2023-09-22T12:15:48Z,11705,1681,180,PT26M37S,UCq2rogaxLtQFrYG3X3KYNww,AfD TV,https://www.youtube.com/watch?v=t_b4nfSVHAw
ezlpK15WGO8,Schönbohm-Affäre: AfD-Fraktion grillt Faeser!,2023-09-21T11:57:23Z,16487,2072,222,PT5M13S,UCq2rogaxLtQFrYG3X3KYNww,AfD TV,https://www.youtube.com/watch?v=ezlpK15WGO8
avwHGE5OAkc,"Am 24. September den 1. AfD-Oberbürgermeister wählen! - Jörg Prophet, Nordhausen",2023-09-21T11:49:32Z,18210,1882,279,PT39S,UCq2rogaxLtQFrYG3X3KYNww,AfD TV,https://www.youtube.com/watch?v=avwHGE5OAkc
PSumKHhJXY4,Live: AfD-FPÖ-Pressekonferenz mit Alice Weidel und Herbert Kickl!,2023-09-19T09:46:34Z,64576,5842,547,PT1H2M48S,UCq2rogaxLtQFrYG3X3KYNww,AfD TV,https://www.youtube.com/watch?v=PSumKHhJXY4
h7IbECxs7hw,Partyszene dreht auf: Dankesfeiern in ganz Deutschland! #shorts,2023-09-18T11:25:31Z,82504,5994,472,PT1M,UCq2rogaxLtQFrYG3X3KYNww,AfD TV,https://www.youtube.com/watch?v=h7IbECxs7hw
N6q16zVYHdU,Alice Weidel live aus Deggendorf! - AfD - Bayernwahl,2023-09-16T19:20:55Z,72387,6161,325,PT2H1M7S,UCq2rogaxLtQFrYG3X3KYNww,AfD TV,https://www.youtube.com/watch?v=N6q16zVYHdU
8vfASBvCeW8,Tino Chrupalla im Bayern-Wahlkampf! LIVE aus Starnberg,2023-09-16T06:25:00Z,58276,5330,326,PT1H43M43S,UCq2rogaxLtQFrYG3X3KYNww,AfD TV,https://www.youtube.com/watch?v=8vfASBvCeW8
hUq_-g5BvzM,"Die Wirtschaft schmiert ab - Insolvenzwelle stoppen, Habeck aufhalten! | Frequenz: Freiheit",2023-09-15T12:53:29Z,12584,1677,168,PT19M1S,UCq2rogaxLtQFrYG3X3KYNww,AfD TV,https://www.youtube.com/watch?v=hUq_-g5BvzM
4nF_f3QH7yQ,Ausbildungsnotstand: Bürgergeld macht Arbeit für viele überflüssig,2023-09-13T12:34:06Z,37726,4160,199,PT54S,UCq2rogaxLtQFrYG3X3KYNww,AfD TV,https://www.youtube.com/watch?v=4nF_f3QH7yQ
ABW99YQzWag,Kulturpolitik der Ampel: „Das ist der Weg in einen totalitären Staat“,2023-09-12T14:38:49Z,11217,1547,136,PT4M27S,UCq2rogaxLtQFrYG3X3KYNww,AfD TV,https://www.youtube.com/watch?v=ABW99YQzWag
IQrLEgofYB0,Kanzlerpalast und Maultiere in Haiti: Dafür gibt die Ampel unser Geld aus!,2023-09-12T08:00:14Z,20886,2614,216,PT5M25S,UCq2rogaxLtQFrYG3X3KYNww,AfD TV,https://www.youtube.com/watch?v=IQrLEgofYB0
rI4U3Kd6iqs,Nachhaltige Einkommensteuer-Politik für Deutschland,2023-09-11T16:00:39Z,5782,1234,69,PT1M19S,UCq2rogaxLtQFrYG3X3KYNww,AfD TV,https://www.youtube.com/watch?v=rI4U3Kd6iqs
00xhj5jSbdg,Neue Wagenknecht-Partei? Schadet vor allem der Linken,2023-09-11T15:00:00Z,5986,1009,85,PT1M36S,UCq2rogaxLtQFrYG3X3KYNww,AfD TV,https://www.youtube.com/watch?v=00xhj5jSbdg
IrexaQYYTy4,So macht die Ampel Politik gegen das Volk!,2023-09-11T14:00:11Z,59502,7468,242,PT49S,UCq2rogaxLtQFrYG3X3KYNww,AfD TV,https://www.youtube.com/watch?v=IrexaQYYTy4
o-R0OiSqPac,"Bürgergeld sorgt dafür, dass sich Arbeit nicht lohnt",2023-09-11T13:00:41Z,1270549,41479,2180,PT54S,UCq2rogaxLtQFrYG3X3KYNww,AfD TV,https://www.youtube.com/watch?v=o-R0OiSqPac
J3_XhalER68,Genderquark? Nervig und gefährlich!,2023-09-11T12:00:14Z,106211,10873,333,PT37S,UCq2rogaxLtQFrYG3X3KYNww,AfD TV,https://www.youtube.com/watch?v=J3_XhalER68
U1BNQqP4fQA,"EU? Nur noch dort, wo es sinnvoll ist!",2023-09-11T11:00:31Z,65429,6755,261,PT52S,UCq2rogaxLtQFrYG3X3KYNww,AfD TV,https://www.youtube.com/watch?v=U1BNQqP4fQA
JMiKvSbkOn8,Darum wird es Zeit für die AfD in der Regierung!,2023-09-11T09:47:47Z,52951,5318,187,PT34S,UCq2rogaxLtQFrYG3X3KYNww,AfD TV,https://www.youtube.com/watch?v=JMiKvSbkOn8
UVOKj9XJzLs,Unser Zehn-Punkte-Plan: Erste Hilfe für Deutschland!,2023-09-08T15:52:33Z,11858,1670,187,PT27M31S,UCq2rogaxLtQFrYG3X3KYNww,AfD TV,https://www.youtube.com/watch?v=UVOKj9XJzLs
OSTtmg4v3Q4,„Schluss mit der Clowns-Republik!“ - Brandner führt die Ampel vor,2023-09-08T12:28:14Z,71220,6664,492,PT3M44S,UCq2rogaxLtQFrYG3X3KYNww,AfD TV,https://www.youtube.com/watch?v=OSTtmg4v3Q4
GDfBQ3ZMUXs,Volle Breitseite für Faeser: Curio rechnet mit der Ampel ab!,2023-09-08T11:49:36Z,18199,2547,237,PT4M24S,UCq2rogaxLtQFrYG3X3KYNww,AfD TV,https://www.youtube.com/watch?v=GDfBQ3ZMUXs
Ll2ekbMSmOM,„Es geht um die gezielte Verarmung des deutschen Volkes!“,2023-09-07T14:55:02Z,35097,3740,395,PT5M12S,UCq2rogaxLtQFrYG3X3KYNww,AfD TV,https://www.youtube.com/watch?v=Ll2ekbMSmOM
uvcNMHGal1s,#shorts Tino Chrupalla: „Ihre politischen Schwerpunkte sind völlig entrückt!“,2023-09-07T14:25:49Z,3113,473,15,PT1M17S,UCq2rogaxLtQFrYG3X3KYNww,AfD TV,https://www.youtube.com/watch?v=uvcNMHGal1s
ftvgazZSHnk,#shorts Bernd Baumann: „In der Bevölkerung kocht es wegen des Heizungsgesetzes!“,2023-09-07T14:18:07Z,4579,599,31,PT1M15S,UCq2rogaxLtQFrYG3X3KYNww,AfD TV,https://www.youtube.com/watch?v=ftvgazZSHnk
H91FdHfQvmY,#shorts Karsten Hilse: „Es geht um die gezielte Verarmung des deutschen Volkes!“,2023-09-07T13:52:22Z,136603,9380,297,PT52S,UCq2rogaxLtQFrYG3X3KYNww,AfD TV,https://www.youtube.com/watch?v=H91FdHfQvmY
g-GeIB5wx40,Tino Chrupalla: Dieses Heizungs-Gesetz braucht kein Mensch!,2023-09-06T16:12:23Z,8411,1625,157,PT13M44S,UCq2rogaxLtQFrYG3X3KYNww,AfD TV,https://www.youtube.com/watch?v=g-GeIB5wx40
KfzLb5chSRU,Tag der Wohltätigkeit? Ist doch in Deutschland das ganze Jahr über,2023-09-05T14:13:34Z,13558,1723,169,PT56S,UCq2rogaxLtQFrYG3X3KYNww,AfD TV,https://www.youtube.com/watch?v=KfzLb5chSRU
r8hxHbQmz8I,Alice Weidel LIVE beim politischen Gillamoos,2023-09-04T10:13:51Z,68031,5369,384,PT1H59M56S,UCq2rogaxLtQFrYG3X3KYNww,AfD TV,https://www.youtube.com/watch?v=r8hxHbQmz8I
K8s0mQc2Z7k,„Die Preise sinken“ - Komödien-Kanzler Scholz auf Kriegsfuß mit der Wahrheit,2023-09-01T10:31:14Z,44105,5223,706,PT1M21S,UCq2rogaxLtQFrYG3X3KYNww,AfD TV,https://www.youtube.com/watch?v=K8s0mQc2Z7k
SBo-kxVZryo,Peter Würdig: Die Worte „Dem Deutschen Volke“ stehen in unserem Herzen!,2023-08-18T10:14:02Z,16002,1547,336,PT9M15S,UCq2rogaxLtQFrYG3X3KYNww,AfD TV,https://www.youtube.com/watch?v=SBo-kxVZryo
WFGVE6binhM,"Enxhi Seli-Zacharias: „Es ist an der Zeit, dass wir endlich mal durchgreifen!“",2023-08-18T09:45:09Z,58266,3635,390,PT9M10S,UCq2rogaxLtQFrYG3X3KYNww,AfD TV,https://www.youtube.com/watch?v=WFGVE6binhM
xMBKzKHxhYo,Tomasz Froelich: „Wir sind rechts und das ist auch gut so!“,2023-08-08T14:12:51Z,39958,2903,636,PT10M37S,UCq2rogaxLtQFrYG3X3KYNww,AfD TV,https://www.youtube.com/watch?v=xMBKzKHxhYo
ip50kDR9Nfk,Björn Höcke privat: Das große Interview mit AfD TV in Magdeburg!,2023-08-08T11:44:08Z,92993,5040,815,PT14M,UCq2rogaxLtQFrYG3X3KYNww,AfD TV,https://www.youtube.com/watch?v=ip50kDR9Nfk
arJOcfqkk9E,Lars Haise: „Das Volk will nicht Gendern und keinen Krieg!“,2023-08-07T12:53:47Z,7306,926,101,PT10M9S,UCq2rogaxLtQFrYG3X3KYNww,AfD TV,https://www.youtube.com/watch?v=arJOcfqkk9E
j4QIm_KlsDA,Alexander Heppe: Der grüne Kommunismus führt zur Verarmung!,2023-08-07T12:52:48Z,3716,524,50,PT9M11S,UCq2rogaxLtQFrYG3X3KYNww,AfD TV,https://www.youtube.com/watch?v=j4QIm_KlsDA
3FQxqvBE8uU,Julian Flak: Wir wollen keinen EU-Superstaat!,2023-08-07T12:52:15Z,5547,744,63,PT10M58S,UCq2rogaxLtQFrYG3X3KYNww,AfD TV,https://www.youtube.com/watch?v=3FQxqvBE8uU
7AeQrqKLXn4,Live: Europawahlversammlung der AfD in Magdeburg! 06.08.2023,2023-08-06T15:50:29Z,50958,2186,85,PT8H4M17S,UCq2rogaxLtQFrYG3X3KYNww,AfD TV,https://www.youtube.com/watch?v=7AeQrqKLXn4
VRZ0BRp9MLo,Andreas Mayer: Wir lassen uns von Haldenwangs Regierungsschutz nicht spalten!,2023-08-06T11:06:58Z,10788,1150,110,PT7M35S,UCq2rogaxLtQFrYG3X3KYNww,AfD TV,https://www.youtube.com/watch?v=VRZ0BRp9MLo
D_FwV_064sM,Erich Heidkamp: „Wir dürfen nie unsere einzige Heimat aufgeben!“,2023-08-06T11:06:53Z,4401,481,46,PT11M54S,UCq2rogaxLtQFrYG3X3KYNww,AfD TV,https://www.youtube.com/watch?v=D_FwV_064sM
BrtpiiYrJv8,Volker Schnurrbusch: Geldverschwendung der EU stoppen!,2023-08-06T08:51:41Z,2390,276,15,PT7M15S,UCq2rogaxLtQFrYG3X3KYNww,AfD TV,https://www.youtube.com/watch?v=BrtpiiYrJv8
LhprMx7XhKs,Live: Europawahlversammlung der AfD in Magdeburg! 05.08.2023,2023-08-05T22:23:53Z,75771,2727,41,PT11H54M59S,UCq2rogaxLtQFrYG3X3KYNww,AfD TV,https://www.youtube.com/watch?v=LhprMx7XhKs
rnivArt7PPc,Dennis Hohloch: Wir sind vorbereitet aufs Regieren!,2023-08-05T13:51:35Z,6626,895,125,PT6M48S,UCq2rogaxLtQFrYG3X3KYNww,AfD TV,https://www.youtube.com/watch?v=rnivArt7PPc
iaHmYlCG0OM,Gunnar Beck: „Von der Leyen entrechtet und enteignet uns!“,2023-08-05T11:58:03Z,6666,607,77,PT23M31S,UCq2rogaxLtQFrYG3X3KYNww,AfD TV,https://www.youtube.com/watch?v=iaHmYlCG0OM
BM7EG2S8dMU,Brandner und Reichardt: Frau Baerbock ist unfreiwillig komisch!,2023-08-05T11:57:46Z,30040,2408,244,PT14M36S,UCq2rogaxLtQFrYG3X3KYNww,AfD TV,https://www.youtube.com/watch?v=BM7EG2S8dMU
B2lROH3bz2I,Live: Europawahlversammlung der AfD in Magdeburg! 04.08.2023,2023-08-04T20:29:55Z,71515,2657,94,PT11H45M54S,UCq2rogaxLtQFrYG3X3KYNww,AfD TV,https://www.youtube.com/watch?v=B2lROH3bz2I
hHCgS_2YBmA,Jens Kestner: „Ich bin ein Verfechter der No-Way-Politik in Australien!“,2023-08-04T17:40:09Z,4241,423,54,PT6M37S,UCq2rogaxLtQFrYG3X3KYNww,AfD TV,https://www.youtube.com/watch?v=hHCgS_2YBmA
JFrflPuQ0_4,Volker Schnurrbusch: Lasst uns den Brüsseler Sumpf trockenlegen!,2023-08-04T14:19:38Z,7615,1049,120,PT11M38S,UCq2rogaxLtQFrYG3X3KYNww,AfD TV,https://www.youtube.com/watch?v=JFrflPuQ0_4
DfPJM8_OZHI,Gerolf Annemans: Die AfD steht 2024 vor einem großen Durchbruch!,2023-08-04T06:52:28Z,2478,283,35,PT7M42S,UCq2rogaxLtQFrYG3X3KYNww,AfD TV,https://www.youtube.com/watch?v=DfPJM8_OZHI
QZPpaheomzE,André Ventura: Die AfD ist die Zukunft Deutschlands!,2023-08-04T06:52:22Z,3630,405,59,PT8M6S,UCq2rogaxLtQFrYG3X3KYNww,AfD TV,https://www.youtube.com/watch?v=QZPpaheomzE
XJsRwxxinPw,Kostadin Kostadinov: Die AfD ist authentischer Träger deutscher Werte!,2023-08-04T06:52:14Z,5005,471,49,PT10M13S,UCq2rogaxLtQFrYG3X3KYNww,AfD TV,https://www.youtube.com/watch?v=XJsRwxxinPw
xfqphrHx3H0,Arno Bausemer: Unser Land vom Kopf auf die Füße stellen!,2023-08-04T06:51:55Z,2707,514,45,PT6M51S,UCq2rogaxLtQFrYG3X3KYNww,AfD TV,https://www.youtube.com/watch?v=xfqphrHx3H0
_RMlV5f2HhU,Irmhild Boßdorf: Kinder vor der Gender-Agenda schützen!,2023-08-04T06:51:49Z,5084,839,61,PT5M36S,UCq2rogaxLtQFrYG3X3KYNww,AfD TV,https://www.youtube.com/watch?v=_RMlV5f2HhU
cB1uCYwvGng,"Sieh nicht dabei zu, wie Deine Heimat zerstört wird: Werde AfD-Mitglied!",2023-08-03T11:52:56Z,64362,5347,795,PT55S,UCq2rogaxLtQFrYG3X3KYNww,AfD TV,https://www.youtube.com/watch?v=cB1uCYwvGng
SrXntYqdx8o,"10 Jahre Liebe für unser Land, 10 Jahre AfD!",2023-08-02T12:19:21Z,52112,3281,448,PT4M35S,UCq2rogaxLtQFrYG3X3KYNww,AfD TV,https://www.youtube.com/watch?v=SrXntYqdx8o
nN14_h3a8h0,"Sorin-Titus Muncaciu: Gemeinsam für Nationalstaat, Familie und Demokratie kämpfen!",2023-08-02T08:29:49Z,3183,268,23,PT5M14S,UCq2rogaxLtQFrYG3X3KYNww,AfD TV,https://www.youtube.com/watch?v=nN14_h3a8h0
0yVhjqStIi4,"Herbert Kickl: Die AfD ist das Symbol der Hoffnung, des Mutes und der Zuversicht!",2023-08-02T08:29:36Z,14995,1965,163,PT4M15S,UCq2rogaxLtQFrYG3X3KYNww,AfD TV,https://www.youtube.com/watch?v=0yVhjqStIi4
rP_0769sTAc,Markus Buchheit: „Für uns ist die kommunale Arbeit besonders wichtig!“,2023-08-02T08:29:19Z,1039,149,8,PT4M28S,UCq2rogaxLtQFrYG3X3KYNww,AfD TV,https://www.youtube.com/watch?v=rP_0769sTAc
sKrqMphzGEk,Christine Anderson: Die etablierten Parteien sind verlottert und dekadent!,2023-08-02T08:29:14Z,13008,1296,133,PT7M29S,UCq2rogaxLtQFrYG3X3KYNww,AfD TV,https://www.youtube.com/watch?v=sKrqMphzGEk
UaFWry7Cgu4,Christine Anderson: „Die Irren haben das Kommando übernommen!“,2023-08-02T06:08:41Z,23046,2419,277,PT8M11S,UCq2rogaxLtQFrYG3X3KYNww,AfD TV,https://www.youtube.com/watch?v=UaFWry7Cgu4
X4obXJk6nT8,René Aust: Deindustrialisierung und Masseneinwanderung abwenden!,2023-08-01T14:47:09Z,5401,382,35,PT8M,UCq2rogaxLtQFrYG3X3KYNww,AfD TV,https://www.youtube.com/watch?v=X4obXJk6nT8
9B74YrYq_M8,Marc Jongen: „Wir brauchen die Souveränität in Deutschland zurück!“,2023-08-01T14:46:46Z,2274,279,30,PT4M35S,UCq2rogaxLtQFrYG3X3KYNww,AfD TV,https://www.youtube.com/watch?v=9B74YrYq_M8
GxI2xpYRUVg,Hans Neuhoff: Europas Regierungen gleichen Schlafwandlern!,2023-08-01T14:46:39Z,3379,307,34,PT12M44S,UCq2rogaxLtQFrYG3X3KYNww,AfD TV,https://www.youtube.com/watch?v=GxI2xpYRUVg
JxsCG5es26U,Anja Arndt: „Die Politik der EU ist Wahnsinn und hat Methode!“,2023-08-01T12:00:01Z,12180,1226,127,PT10M16S,UCq2rogaxLtQFrYG3X3KYNww,AfD TV,https://www.youtube.com/watch?v=JxsCG5es26U
mP7Q5HVgAFI,Maximilian Krah: Wir stehen komplett in Opposition zur EU-Agenda!,2023-08-01T11:35:36Z,3070,312,19,PT4M46S,UCq2rogaxLtQFrYG3X3KYNww,AfD TV,https://www.youtube.com/watch?v=mP7Q5HVgAFI
z_agqAJJPHw,"Tomasz Froelich: „Die Stärke der AfD ist, dass sie ihren Prinzipien immer treu bleibt!“",2023-08-01T11:15:05Z,2220,206,9,PT4M50S,UCq2rogaxLtQFrYG3X3KYNww,AfD TV,https://www.youtube.com/watch?v=z_agqAJJPHw
-BP9knrC9IU,Siegbert Droese: „Die EU ist nicht reformierbar!“,2023-08-01T11:14:59Z,1807,240,25,PT5M55S,UCq2rogaxLtQFrYG3X3KYNww,AfD TV,https://www.youtube.com/watch?v=-BP9knrC9IU
de7OKLgBApw,Stephan Brandner: Die AfD schickt die Besten der Besten in den Wahlkampf!,2023-08-01T11:14:19Z,16814,1391,105,PT8M32S,UCq2rogaxLtQFrYG3X3KYNww,AfD TV,https://www.youtube.com/watch?v=de7OKLgBApw
RbwbypT_kXs,Dr. Marc Jongen: „Kulturkampf gegen grüne Agenda muss geführt werden!“,2023-08-01T11:06:42Z,4125,843,114,PT11M50S,UCq2rogaxLtQFrYG3X3KYNww,AfD TV,https://www.youtube.com/watch?v=RbwbypT_kXs
ht0ZWPI9PW8,Mary Khan: „Mit uns endet die unkontrollierte Masseneinwanderung!“,2023-08-01T11:06:27Z,17252,2023,350,PT10M36S,UCq2rogaxLtQFrYG3X3KYNww,AfD TV,https://www.youtube.com/watch?v=ht0ZWPI9PW8
6ij8hdY15us,Tino Chrupalla: „Wir haben eine klare Vision für Deutschland!“,2023-08-01T10:55:37Z,3976,820,65,PT4M7S,UCq2rogaxLtQFrYG3X3KYNww,AfD TV,https://www.youtube.com/watch?v=6ij8hdY15us
CVsunBQDFC0,Alexander Sell: Wir wollen nicht Tür an Tür mit Barbaren leben!,2023-07-31T11:03:04Z,18402,1245,291,PT10M50S,UCq2rogaxLtQFrYG3X3KYNww,AfD TV,https://www.youtube.com/watch?v=CVsunBQDFC0
r0SCc9c0Qjs,Siegbert Droese: „Wir wollen unsere Souveränität erhalten!“,2023-07-31T10:26:47Z,3188,210,25,PT10M48S,UCq2rogaxLtQFrYG3X3KYNww,AfD TV,https://www.youtube.com/watch?v=r0SCc9c0Qjs
85tmN2tyd7I,Robert Sesselmann im Interview auf dem Bundesparteitag 2023,2023-07-31T10:12:06Z,8296,872,60,PT5M53S,UCq2rogaxLtQFrYG3X3KYNww,AfD TV,https://www.youtube.com/watch?v=85tmN2tyd7I
6lSxSKp48Wc,Peter Boehringer im Interview auf dem Bundesparteitag 2023,2023-07-31T10:08:52Z,7288,1095,70,PT9M18S,UCq2rogaxLtQFrYG3X3KYNww,AfD TV,https://www.youtube.com/watch?v=6lSxSKp48Wc
z6y5cIykLTM,Live: Tag 2 der Europawahlversammlung der AfD in Magdeburg,2023-07-31T00:48:09Z,73591,3088,96,PT9H44M39S,UCq2rogaxLtQFrYG3X3KYNww,AfD TV,https://www.youtube.com/watch?v=z6y5cIykLTM
cZgVqkEW9D0,"Markus Buchheit: ""Unser oberstes Menschenrecht ist das Recht auf Heimat!""",2023-07-30T17:02:18Z,6631,647,78,PT11M12S,UCq2rogaxLtQFrYG3X3KYNww,AfD TV,https://www.youtube.com/watch?v=cZgVqkEW9D0
7gafp7fL55s,Arno Bausemer: „Es ist jetzt unsere Zeit!“,2023-07-30T16:08:57Z,4470,490,74,PT6M51S,UCq2rogaxLtQFrYG3X3KYNww,AfD TV,https://www.youtube.com/watch?v=7gafp7fL55s
IoNuce6q6dE,Irmhild Boßdorf: „Massenzuwanderung ist immer das Problem und niemals eine Lösung!“,2023-07-30T15:59:22Z,8633,781,100,PT10M8S,UCq2rogaxLtQFrYG3X3KYNww,AfD TV,https://www.youtube.com/watch?v=IoNuce6q6dE
qRn3lr4if7s,"Alexander Jungbluth: ""Die EU ist der Unruhestifter Europas!""",2023-07-30T15:48:13Z,3702,346,27,PT9M5S,UCq2rogaxLtQFrYG3X3KYNww,AfD TV,https://www.youtube.com/watch?v=qRn3lr4if7s
r_ICCncUnMI,Alexander Jungbluth: EU-Übergriffigkeit gegenüber Kommunen beenden!,2023-07-30T13:19:45Z,3966,658,42,PT4M32S,UCq2rogaxLtQFrYG3X3KYNww,AfD TV,https://www.youtube.com/watch?v=r_ICCncUnMI
r5JwQFUfrD8,Martin Reichardt: Der Parteitag steht im Zeichen des Aufbruchs!,2023-07-30T09:03:18Z,4623,543,20,PT3M18S,UCq2rogaxLtQFrYG3X3KYNww,AfD TV,https://www.youtube.com/watch?v=r5JwQFUfrD8
TxW4-BwrGBw,Live: Europawahlversammlung der AfD in Magdeburg,2023-07-29T23:07:51Z,96484,4268,59,PT11H54M59S,UCq2rogaxLtQFrYG3X3KYNww,AfD TV,https://www.youtube.com/watch?v=TxW4-BwrGBw
MAWmmWJcaug,René Aust: Die FPÖ ist bei 30 % – „Da wollen wir auch hin!“,2023-07-29T19:27:09Z,10677,925,110,PT7M53S,UCq2rogaxLtQFrYG3X3KYNww,AfD TV,https://www.youtube.com/watch?v=MAWmmWJcaug
o-lspxEdXAY,Petr Bystron: „Die Altparteien sind im Panik-Modus!“,2023-07-29T18:11:35Z,37452,3452,426,PT11M27S,UCq2rogaxLtQFrYG3X3KYNww,AfD TV,https://www.youtube.com/watch?v=o-lspxEdXAY
UDCzPTQJ9iU,Maximilian Krah: „Wir machen ganz Deutschland zu einem großen Sonneberg!“,2023-07-29T16:57:22Z,24919,1374,242,PT11M46S,UCq2rogaxLtQFrYG3X3KYNww,AfD TV,https://www.youtube.com/watch?v=UDCzPTQJ9iU
Lw-m9U4v2YE,Stephan Brandner im Interview auf dem Bundesparteitag 2023,2023-07-29T15:58:33Z,23704,1969,138,PT7M11S,UCq2rogaxLtQFrYG3X3KYNww,AfD TV,https://www.youtube.com/watch?v=Lw-m9U4v2YE
f3ACYmfqEIg,Tino Chrupalla im Interview auf dem Bundesparteitag 2023,2023-07-29T14:52:26Z,8893,1178,83,PT4M5S,UCq2rogaxLtQFrYG3X3KYNww,AfD TV,https://www.youtube.com/watch?v=f3ACYmfqEIg
0d02zywnJnA,Dr. Alice Weidel im Interview auf dem Bundesparteitag 2023,2023-07-29T12:17:29Z,54244,4709,497,PT9M25S,UCq2rogaxLtQFrYG3X3KYNww,AfD TV,https://www.youtube.com/watch?v=0d02zywnJnA
yyPCNmKMsaU,Gerolf Annemans : „Es lebe die AfD! Lang lebe die AfD!“,2023-07-29T11:13:16Z,12886,1963,156,PT7M53S,UCq2rogaxLtQFrYG3X3KYNww,AfD TV,https://www.youtube.com/watch?v=yyPCNmKMsaU
AwEw61Up9nY,Livestream vom Bundesparteitag 2023 der AfD in Magdeburg,2023-07-28T20:17:45Z,62572,3250,55,PT7H16M14S,UCq2rogaxLtQFrYG3X3KYNww,AfD TV,https://www.youtube.com/watch?v=AwEw61Up9nY
xu2ixiWFuNY,Livestream vom Bundesparteitag 2023 der AfD in Magdeburg,2023-07-28T12:53:02Z,60107,3972,177,PT4H30M6S,UCq2rogaxLtQFrYG3X3KYNww,AfD TV,https://www.youtube.com/watch?v=xu2ixiWFuNY
fW74J_KoWuQ,Abibälle sind kein Spielplatz für Gewalt-Migranten!,2023-07-14T13:27:50Z,48809,4414,734,PT26M40S,UCq2rogaxLtQFrYG3X3KYNww,AfD TV,https://www.youtube.com/watch?v=fW74J_KoWuQ
snf2nsFUVSQ,07.07.2023 Live aus dem Bundestag: Heimat erhalten - Habeck entlassen!,2023-07-07T18:51:30Z,34208,1477,90,PT9H9M41S,UCq2rogaxLtQFrYG3X3KYNww,AfD TV,https://www.youtube.com/watch?v=snf2nsFUVSQ
2LVpmSysotc,Hammelsprung für Deutschland: AfD verhindert Ampel-Energiegesetz!,2023-07-07T15:53:27Z,62479,7469,875,PT1M34S,UCq2rogaxLtQFrYG3X3KYNww,AfD TV,https://www.youtube.com/watch?v=2LVpmSysotc
NO0Lf0x0vLw,Der blaue Zug kommt in Fahrt | 7 Tage Deutschland – der Wochenend-Podcast der AfD | Ausgabe 23/2023,2023-07-07T11:28:25Z,49087,5490,579,PT28M14S,UCq2rogaxLtQFrYG3X3KYNww,AfD TV,https://www.youtube.com/watch?v=NO0Lf0x0vLw
m9MvKkQ6QX4,Weidel teilt aus: Heuchler von der CDU halten an Heizungsgesetz fest! - AfD,2023-07-07T10:15:13Z,37402,4341,524,PT4M57S,UCq2rogaxLtQFrYG3X3KYNww,AfD TV,https://www.youtube.com/watch?v=m9MvKkQ6QX4
JSvrRMNJF6o,06.07.2023 Live aus dem Bundestag: Clankriminalität wirkungsvoll bekämpfen!,2023-07-06T22:29:02Z,19443,959,15,PT11H55M,UCq2rogaxLtQFrYG3X3KYNww,AfD TV,https://www.youtube.com/watch?v=JSvrRMNJF6o
XdGZHDsVMbk,So schützt die Ampel ihren Cum-Ex-Olaf,2023-07-06T13:57:53Z,47853,5355,397,PT4M22S,UCq2rogaxLtQFrYG3X3KYNww,AfD TV,https://www.youtube.com/watch?v=XdGZHDsVMbk
TNoLLytJzUA,Verfassungsschutz unabhängig? Selten so gelacht!,2023-07-06T13:39:04Z,69640,5603,938,PT1M43S,UCq2rogaxLtQFrYG3X3KYNww,AfD TV,https://www.youtube.com/watch?v=TNoLLytJzUA
3NuImTiw6Xk,Kampfansage an die Pseudo-Wissenschaften,2023-07-06T08:49:50Z,19074,2519,222,PT5M32S,UCq2rogaxLtQFrYG3X3KYNww,AfD TV,https://www.youtube.com/watch?v=3NuImTiw6Xk
8HPshETszaY,"Live: Haben wir bald Pariser Zustände, Herr Scholz?",2023-07-05T18:26:50Z,36552,1760,66,PT7H6M53S,UCq2rogaxLtQFrYG3X3KYNww,AfD TV,https://www.youtube.com/watch?v=8HPshETszaY
K81nKMEFdZs,Wir sind das unerschütterliche Bollwerk der Freiheit Deutschlands!,2023-07-03T13:54:50Z,16902,2383,280,PT8M22S,UCq2rogaxLtQFrYG3X3KYNww,AfD TV,https://www.youtube.com/watch?v=K81nKMEFdZs
oK9MD7RZNF4,Gegen den linksgrünen Zeitgeist: „Wir sind Schicksalsgemeinschaft!“,2023-07-03T13:54:37Z,9983,944,58,PT3M39S,UCq2rogaxLtQFrYG3X3KYNww,AfD TV,https://www.youtube.com/watch?v=oK9MD7RZNF4
N6vHI2s0hqM,Klartext in Magdeburg: EU schafft Trümmerfelder statt blühender Gemeinden,2023-07-03T09:39:13Z,60272,6933,729,PT13M15S,UCq2rogaxLtQFrYG3X3KYNww,AfD TV,https://www.youtube.com/watch?v=N6vHI2s0hqM
aO89kNWjg2Y,"Live aus Magdeburg: ""Friede und Souveränität für Europa!"" - AfD-Kundgebung",2023-07-01T14:40:15Z,79439,6124,453,PT1H39M,UCq2rogaxLtQFrYG3X3KYNww,AfD TV,https://www.youtube.com/watch?v=aO89kNWjg2Y
Nbyj94X20Yo,Ein Foul nach dem anderen: Wir zeigen der Ampelregierung die Rote Karte! | Ausgabe 22/2023,2023-06-30T09:49:17Z,26979,3469,321,PT25M5S,UCq2rogaxLtQFrYG3X3KYNww,AfD TV,https://www.youtube.com/watch?v=Nbyj94X20Yo
7-1R1qo36EA,"Raus aus der Rezession – das geht mit der AfD, aber nicht mit Robert Habeck!",2023-06-26T10:20:16Z,24876,3094,297,PT4M3S,UCq2rogaxLtQFrYG3X3KYNww,AfD TV,https://www.youtube.com/watch?v=7-1R1qo36EA
wlIp1JS-FPw,"""Europa neu gedacht!"" mit Alice Weidel u.v.m. - live aus Kirchheimbolanden",2023-06-24T14:51:19Z,129267,8605,633,PT3H15M59S,UCq2rogaxLtQFrYG3X3KYNww,AfD TV,https://www.youtube.com/watch?v=wlIp1JS-FPw
2IljGepY4gA,23.06.2023 Live aus dem Bundestag: Fachkräfte-Tag – „Das sind keine Fachkräfte“ !,2023-06-23T22:21:59Z,45208,1600,85,PT11H54M59S,UCq2rogaxLtQFrYG3X3KYNww,AfD TV,https://www.youtube.com/watch?v=2IljGepY4gA
aJF0bbGLvQE,#shorts Frustrierter FDP-Mann pöbelt gegen die AfD – da holt Brandner zum Konter aus,2023-06-23T16:41:59Z,188565,14784,1229,PT1M56S,UCq2rogaxLtQFrYG3X3KYNww,AfD TV,https://www.youtube.com/watch?v=aJF0bbGLvQE
aADqBJDHYJU,"#shorts Deutschland braucht Fachkräfte, aber nicht aus dem Ausland!",2023-06-23T14:58:09Z,10028,1534,138,PT1M51S,UCq2rogaxLtQFrYG3X3KYNww,AfD TV,https://www.youtube.com/watch?v=aADqBJDHYJU
lIuVF3XiLv8,Schluss mit der Sprachdressur: Wir wollen nicht mehr gendern!,2023-06-23T13:15:59Z,36461,4470,440,PT21M7S,UCq2rogaxLtQFrYG3X3KYNww,AfD TV,https://www.youtube.com/watch?v=lIuVF3XiLv8
nHwNNJ9qPWQ,Weidel mit der Generalabrechnung live aus dem Bundestag!,2023-06-22T22:01:26Z,57813,1790,47,PT11H55M,UCq2rogaxLtQFrYG3X3KYNww,AfD TV,https://www.youtube.com/watch?v=nHwNNJ9qPWQ
jFtC6wi1qRw,Tino Chrupalla: Die FDP stützt grüne Heizungs-Hirngespinste!,2023-06-22T13:13:18Z,87991,9122,1547,PT3M20S,UCq2rogaxLtQFrYG3X3KYNww,AfD TV,https://www.youtube.com/watch?v=jFtC6wi1qRw
9-KekzU3AJU,Der Weidel-Hammer: Bei dieser Rede tobte der Bundestag! - AfD - Alice Weidel,2023-06-22T08:47:42Z,3191542,122422,14050,PT8M58S,UCq2rogaxLtQFrYG3X3KYNww,AfD TV,https://www.youtube.com/watch?v=9-KekzU3AJU
my9kCxszSEw,Live aus dem Bundestag: Heute nehmen wir Habeck in die Mangel!,2023-06-21T21:27:56Z,33054,1450,123,PT9H6M20S,UCq2rogaxLtQFrYG3X3KYNww,AfD TV,https://www.youtube.com/watch?v=my9kCxszSEw
hvHUgdi87BM,Der Irrsinn der Ampelpolitik kennt kaum noch Grenzen...,2023-06-21T15:07:01Z,295784,14660,2884,PT3M53S,UCq2rogaxLtQFrYG3X3KYNww,AfD TV,https://www.youtube.com/watch?v=hvHUgdi87BM
jp9dt6H2Ll0,Zurück zur Demokratie: Brüssels Bürokraten nach Hause schicken!,2023-06-21T12:51:21Z,24852,3318,304,PT2M57S,UCq2rogaxLtQFrYG3X3KYNww,AfD TV,https://www.youtube.com/watch?v=jp9dt6H2Ll0
nBs9gO_JT48,Live aus dem Bundestag: Heute nehmen wir Habeck in die Mangel!,2023-06-21T11:04:53Z,4862,431,32,PT3S,UCq2rogaxLtQFrYG3X3KYNww,AfD TV,https://www.youtube.com/watch?v=nBs9gO_JT48
y4QBKWwK08s,Am 25. Juni: Robert Sesselmann zum ersten AfD-Landrat machen!,2023-06-21T09:23:00Z,22395,3092,515,PT25S,UCq2rogaxLtQFrYG3X3KYNww,AfD TV,https://www.youtube.com/watch?v=y4QBKWwK08s
Fdrz8qKQbcU,Deutlicher geht es kaum: Der Verfassungsschutz ist Faesers Gesinnungspolizei,2023-06-21T09:19:44Z,73415,7870,1132,PT50S,UCq2rogaxLtQFrYG3X3KYNww,AfD TV,https://www.youtube.com/watch?v=Fdrz8qKQbcU
6e95unjU-Zk,#shorts Alice Weidel: EU-Beamte rausschmeißen und einer wirklichen Arbeit zuführen!,2023-06-20T14:43:38Z,97130,10528,670,PT24S,UCq2rogaxLtQFrYG3X3KYNww,AfD TV,https://www.youtube.com/watch?v=6e95unjU-Zk
XHuLgNzPJiw,„Weltflüchtlingstag“: Deutsche flüchten vor der Ampel!,2023-06-20T10:23:54Z,36077,4739,636,PT34S,UCq2rogaxLtQFrYG3X3KYNww,AfD TV,https://www.youtube.com/watch?v=XHuLgNzPJiw
9DamaZ_lpDY,"Militärhilfe für Nordmazedonien, während die Bundeswehr mit Besenstielen schießt",2023-06-20T10:07:28Z,24564,2639,192,PT3M13S,UCq2rogaxLtQFrYG3X3KYNww,AfD TV,https://www.youtube.com/watch?v=9DamaZ_lpDY
JtaM7SrVzw4,Schluss mit den endlosen Militärmissionen,2023-06-19T13:10:44Z,8209,1333,101,PT3M58S,UCq2rogaxLtQFrYG3X3KYNww,AfD TV,https://www.youtube.com/watch?v=JtaM7SrVzw4
WnB3mO9gBK8,17. Juni 1953 als Gedenk- und Feiertag würdigen,2023-06-17T07:00:10Z,14166,1501,277,PT3M13S,UCq2rogaxLtQFrYG3X3KYNww,AfD TV,https://www.youtube.com/watch?v=WnB3mO9gBK8
hEckC6q_TsY,Live aus dem Bundestag (16.06.2023) - Das größte Sicherheitsrisiko ist die Ampel!,2023-06-16T14:56:37Z,13585,954,23,PT5H58M43S,UCq2rogaxLtQFrYG3X3KYNww,AfD TV,https://www.youtube.com/watch?v=hEckC6q_TsY
NRuThSa1Pz8,FDP könnte den Haushaltsstreit bei der Ampel beenden – indem sie aus der Koalition austritt,2023-06-16T14:20:49Z,7275,801,78,PT4M2S,UCq2rogaxLtQFrYG3X3KYNww,AfD TV,https://www.youtube.com/watch?v=NRuThSa1Pz8
whY7WuoIvA0,Europa muss über Alternativen zur Nato nachdenken!,2023-06-16T14:19:09Z,14870,1890,251,PT3M7S,UCq2rogaxLtQFrYG3X3KYNww,AfD TV,https://www.youtube.com/watch?v=whY7WuoIvA0
v1V1gGtrtYo,Skandal im Bundestag: Habeck bleibt bei Nationalhymne stumm!,2023-06-16T12:48:16Z,238548,8593,3535,PT28S,UCq2rogaxLtQFrYG3X3KYNww,AfD TV,https://www.youtube.com/watch?v=v1V1gGtrtYo
8XND6mGP7ZE,Die Erinnerung wachhalten!,2023-06-16T12:17:02Z,6401,696,39,PT19M28S,UCq2rogaxLtQFrYG3X3KYNww,AfD TV,https://www.youtube.com/watch?v=8XND6mGP7ZE
4wwBz4ohrrI,"„Es gibt Zustände, die fatal an die DDR erinnern!“",2023-06-16T11:41:40Z,46805,4533,464,PT4M31S,UCq2rogaxLtQFrYG3X3KYNww,AfD TV,https://www.youtube.com/watch?v=4wwBz4ohrrI
qF5DKT4XZrg,Deutschland ertrinkt im Ansturm: Wir brauchen ein Migrations-Minus!,2023-06-16T09:06:00Z,9406,1824,312,PT7M15S,UCq2rogaxLtQFrYG3X3KYNww,AfD TV,https://www.youtube.com/watch?v=qF5DKT4XZrg
wtAo1hE9pEc,Heizungsgesetz: Die Ampel macht Politik gegen 80 % der Deutschen!,2023-06-15T12:23:31Z,7659,1127,77,PT1M29S,UCq2rogaxLtQFrYG3X3KYNww,AfD TV,https://www.youtube.com/watch?v=wtAo1hE9pEc
3W20MPRKKiM,Heizhammer im Bundestag - wir sagen: Schluss mit dem Klima-Joch!,2023-06-15T11:25:57Z,9210,1775,159,PT3M,UCq2rogaxLtQFrYG3X3KYNww,AfD TV,https://www.youtube.com/watch?v=3W20MPRKKiM
0bL3DCkKDBQ,Live aus dem Bundestag (15.06.2023) - Grüne Inflation und CO2-Besteuerung beenden!,2023-06-15T08:15:52Z,3705,443,16,PT6H43M28S,UCq2rogaxLtQFrYG3X3KYNww,AfD TV,https://www.youtube.com/watch?v=0bL3DCkKDBQ
QYRIzDIhQtc,Live: Grenzen schützen - Sicherheit wieder herstellen!,2023-06-15T03:43:50Z,7215,616,32,PT11H11M54S,UCq2rogaxLtQFrYG3X3KYNww,AfD TV,https://www.youtube.com/watch?v=QYRIzDIhQtc
szX711ccfSg,Weidel teilt aus: Migrationspolitik der Ampel eine Farce! - AfD,2023-06-13T14:11:13Z,67353,6725,726,PT5M48S,UCq2rogaxLtQFrYG3X3KYNww,AfD TV,https://www.youtube.com/watch?v=szX711ccfSg
sqLjbwncW5U,Auf dem linken Auge blind? Es gibt keinen „guten“ Extremismus!,2023-06-09T13:07:20Z,13408,2024,245,PT19M6S,UCq2rogaxLtQFrYG3X3KYNww,AfD TV,https://www.youtube.com/watch?v=sqLjbwncW5U
rR2JJafp7_8,+++ AfD im Aufwind: Jetzt unsere Partei unterstützen! +++,2023-06-06T14:34:06Z,19678,3980,522,PT38S,UCq2rogaxLtQFrYG3X3KYNww,AfD TV,https://www.youtube.com/watch?v=rR2JJafp7_8
UwAlL_3QU18,Interview im Deutschlandfunk: Tino Chrupalla weist Moderator in die Schranken,2023-06-06T11:36:54Z,338094,26145,2523,PT2M58S,UCq2rogaxLtQFrYG3X3KYNww,AfD TV,https://www.youtube.com/watch?v=UwAlL_3QU18
0FNmJwb8eco,AfD bei 19 Prozent: Der Medienboykott hält uns nicht auf!,2023-06-05T13:16:21Z,192580,16306,3004,PT54S,UCq2rogaxLtQFrYG3X3KYNww,AfD TV,https://www.youtube.com/watch?v=0FNmJwb8eco
Ad7l8s5O0PA,Jetzt Mitglied werden: Für Deutschlands Zukunft!,2023-06-03T12:26:54Z,14776,2497,288,PT1M,UCq2rogaxLtQFrYG3X3KYNww,AfD TV,https://www.youtube.com/watch?v=Ad7l8s5O0PA
ePbOdBXvX2s,"AfD bei 18 Prozent: Gemeinsam geht noch viel, viel mehr | 7 Tage Deutschland – Ausgabe 18/2023",2023-06-02T11:37:31Z,36628,4796,729,PT22M3S,UCq2rogaxLtQFrYG3X3KYNww,AfD TV,https://www.youtube.com/watch?v=ePbOdBXvX2s
_QW73yxzYuM,Pflegebeiträge willkürlich erhöhen? Nicht mit der AfD!,2023-05-30T12:47:38Z,24720,3082,355,PT3M8S,UCq2rogaxLtQFrYG3X3KYNww,AfD TV,https://www.youtube.com/watch?v=_QW73yxzYuM
PHTsq44nISQ,Aktuelle Stunde im Bundestag: Grünen Lobbyismus im Vetternwirtschaftsministerium beenden!,2023-05-26T15:07:03Z,10876,737,27,PT6H25M33S,UCq2rogaxLtQFrYG3X3KYNww,AfD TV,https://www.youtube.com/watch?v=PHTsq44nISQ
bNyaRdnPPrY,Klimaschutz vertreibt die Wirtschaft: Deutschlands Alleingang gefährdet uns alle!,2023-05-26T13:31:35Z,8216,913,86,PT3M8S,UCq2rogaxLtQFrYG3X3KYNww,AfD TV,https://www.youtube.com/watch?v=bNyaRdnPPrY
eeCXYOnXNRA,Chaos-Tage bei der Ampel | 7 Tage Deutschland – Der Wochenend-Podcast der AfD | Ausgabe 17/2023,2023-05-26T13:02:46Z,12917,1582,118,PT17M54S,UCq2rogaxLtQFrYG3X3KYNww,AfD TV,https://www.youtube.com/watch?v=eeCXYOnXNRA
kVOvdbHu3Lw,Die Ampel will mit Einwanderung die Wahlen steuern!,2023-05-26T10:50:58Z,77711,6538,823,PT5M10S,UCq2rogaxLtQFrYG3X3KYNww,AfD TV,https://www.youtube.com/watch?v=kVOvdbHu3Lw
4am6kHUB_bE,Live: Wir fordern einen Untersuchungsausschuss: Wie weit reicht der Habeck-Filz?,2023-05-25T20:47:20Z,9197,845,25,PT6H12M32S,UCq2rogaxLtQFrYG3X3KYNww,AfD TV,https://www.youtube.com/watch?v=4am6kHUB_bE
1fTtOArYl1Y,Wir fordern einen Untersuchungsausschuss: Wie weit reicht der Habeck-Filz?,2023-05-25T14:08:58Z,6691,594,11,PT5H37M11S,UCq2rogaxLtQFrYG3X3KYNww,AfD TV,https://www.youtube.com/watch?v=1fTtOArYl1Y
sh972hgsVrk,"Milliarden Kosten, Null Mehrwert: Wieder ein Energiegesetz aus dem Habeck-Haus",2023-05-25T11:20:44Z,19681,2252,120,PT2M55S,UCq2rogaxLtQFrYG3X3KYNww,AfD TV,https://www.youtube.com/watch?v=sh972hgsVrk
xydSRupuUXk,Der Heizungshammer ist der reine Aberwitz!,2023-05-25T07:00:19Z,26115,2526,218,PT5M,UCq2rogaxLtQFrYG3X3KYNww,AfD TV,https://www.youtube.com/watch?v=xydSRupuUXk
y7wSOYjAAXk,Live: Nur die AfD lebt echten Patriotismus,2023-05-25T04:38:45Z,3018,258,29,PT1H23M5S,UCq2rogaxLtQFrYG3X3KYNww,AfD TV,https://www.youtube.com/watch?v=y7wSOYjAAXk
kTcyAhUFNRw,Live: Nur die AfD lebt echten Patriotismus,2023-05-24T21:09:26Z,2763,227,3,PT4H10M24S,UCq2rogaxLtQFrYG3X3KYNww,AfD TV,https://www.youtube.com/watch?v=kTcyAhUFNRw
HcAP8yZaYNs,Verbraucher vor der Politik der Ampel schützen!,2023-05-24T16:00:16Z,20721,1680,206,PT3M49S,UCq2rogaxLtQFrYG3X3KYNww,AfD TV,https://www.youtube.com/watch?v=HcAP8yZaYNs
bqnvRtpv-tM,Live: Nur die AfD lebt echten Patriotismus,2023-05-24T15:33:58Z,5375,510,14,PT2H30M23S,UCq2rogaxLtQFrYG3X3KYNww,AfD TV,https://www.youtube.com/watch?v=bqnvRtpv-tM
_QRyndF8G-k,Wir stehen hinter der Truppe: Stoppt endlich die Zwangsspritze für Soldaten!,2023-05-24T14:42:46Z,5740,818,115,PT4M30S,UCq2rogaxLtQFrYG3X3KYNww,AfD TV,https://www.youtube.com/watch?v=_QRyndF8G-k
1dFFHV_m9xY,Live: Nur die AfD lebt echten Patriotismus,2023-05-24T12:30:15Z,7787,812,43,PT1H21M3S,UCq2rogaxLtQFrYG3X3KYNww,AfD TV,https://www.youtube.com/watch?v=1dFFHV_m9xY
3L1E4qim1jI,Alice Weidel: „Scholz muss endlich Habeck entlassen!“,2023-05-24T07:55:20Z,28764,3724,392,PT4M58S,UCq2rogaxLtQFrYG3X3KYNww,AfD TV,https://www.youtube.com/watch?v=3L1E4qim1jI
-9mTWfSPmPI,Das Einmaleins der Energiewende - ein Rücktritt wird nicht (g)reichen!,2023-05-22T11:44:10Z,21092,2668,242,PT4M5S,UCq2rogaxLtQFrYG3X3KYNww,AfD TV,https://www.youtube.com/watch?v=-9mTWfSPmPI
-VqhEFae5pw,Strafe statt Polizeischutz für die Klimakleber!,2023-05-19T11:57:45Z,19304,2199,306,PT21M40S,UCq2rogaxLtQFrYG3X3KYNww,AfD TV,https://www.youtube.com/watch?v=-VqhEFae5pw
yw5EdQCFfVs,Das Spitzelgesetz der Ampel: So dubios wie seine Entstehung,2023-05-17T06:01:17Z,23703,3028,222,PT3M18S,UCq2rogaxLtQFrYG3X3KYNww,AfD TV,https://www.youtube.com/watch?v=yw5EdQCFfVs
a52Oh4kLPPA,Briefwahl hat Nachteile – Gehen Sie lieber ins Wahllokal!,2023-05-15T12:42:58Z,16234,2001,311,PT2M32S,UCq2rogaxLtQFrYG3X3KYNww,AfD TV,https://www.youtube.com/watch?v=a52Oh4kLPPA
gbz_LecnBGs,Die Welt lacht sich kaputt über Deutschland – und nimmt uns genüsslich aus,2023-05-15T07:33:33Z,216642,14739,1014,PT2M55S,UCq2rogaxLtQFrYG3X3KYNww,AfD TV,https://www.youtube.com/watch?v=gbz_LecnBGs
L630eoNJ55c,Live: Die Union hat die Energiekrise erst möglich gemacht!,2023-05-12T15:53:15Z,6841,355,23,PT4H54M44S,UCq2rogaxLtQFrYG3X3KYNww,AfD TV,https://www.youtube.com/watch?v=L630eoNJ55c
rZy2CJ3tHgM,Europa will die Schutzzäune – nur Deutschland blockiert!,2023-05-12T12:52:03Z,20783,2601,290,PT5M4S,UCq2rogaxLtQFrYG3X3KYNww,AfD TV,https://www.youtube.com/watch?v=rZy2CJ3tHgM
RCPFDV-8AAU,Live: Wir wollen die Migrationswende!,2023-05-12T11:06:20Z,4461,728,23,PT1H16M7S,UCq2rogaxLtQFrYG3X3KYNww,AfD TV,https://www.youtube.com/watch?v=RCPFDV-8AAU
BkCOkqdqlhk,Mehr Meister braucht das Land,2023-05-12T10:56:43Z,3342,461,51,PT18M41S,UCq2rogaxLtQFrYG3X3KYNww,AfD TV,https://www.youtube.com/watch?v=BkCOkqdqlhk
_lbhUOvPEyE,Eine echte Migrationswende gibt es nur mit der AfD!,2023-05-12T10:20:03Z,10983,1419,109,PT4M8S,UCq2rogaxLtQFrYG3X3KYNww,AfD TV,https://www.youtube.com/watch?v=_lbhUOvPEyE
I8jzEI5CKz8,Live: Die Union hat die Energiekrise erst möglich gemacht!,2023-05-12T08:47:45Z,2153,209,16,PT13M51S,UCq2rogaxLtQFrYG3X3KYNww,AfD TV,https://www.youtube.com/watch?v=I8jzEI5CKz8
YZoz2X1QgJU,Live: Wir wollen die Migrationswende!,2023-05-11T22:54:52Z,7611,535,25,PT11H55M,UCq2rogaxLtQFrYG3X3KYNww,AfD TV,https://www.youtube.com/watch?v=YZoz2X1QgJU
grDs4Ljyj4A,Live: Wir wollen die Migrationswende!,2023-05-11T20:39:03Z,3117,211,27,PT39M13S,UCq2rogaxLtQFrYG3X3KYNww,AfD TV,https://www.youtube.com/watch?v=grDs4Ljyj4A
6tB1MXYQshI,Live: Wir wollen die Migrationswende!,2023-05-11T19:49:34Z,5638,332,62,PT20M46S,UCq2rogaxLtQFrYG3X3KYNww,AfD TV,https://www.youtube.com/watch?v=6tB1MXYQshI
-G0xSGRy7k8,"Live: Wir wollen, dass Du selbst bestimmst!",2023-05-11T15:12:01Z,704,58,0,PT1H5M5S,UCq2rogaxLtQFrYG3X3KYNww,AfD TV,https://www.youtube.com/watch?v=-G0xSGRy7k8
Hpg4HHJLHqk,Gleichstellung von akademischer und beruflicher Bildung: Wir wollen das Handwerk retten!,2023-05-11T14:01:39Z,43421,3685,224,PT4M9S,UCq2rogaxLtQFrYG3X3KYNww,AfD TV,https://www.youtube.com/watch?v=Hpg4HHJLHqk
otf-L1l6mAY,Die Mehrheit der Deutschen will keine Parallelgesellschaften!,2023-05-11T11:43:23Z,31524,4001,385,PT3M6S,UCq2rogaxLtQFrYG3X3KYNww,AfD TV,https://www.youtube.com/watch?v=otf-L1l6mAY
3bf-5cHPwFQ,In Berlin regieren zwei Clans,2023-05-11T11:24:25Z,108435,7780,248,PT8S,UCq2rogaxLtQFrYG3X3KYNww,AfD TV,https://www.youtube.com/watch?v=3bf-5cHPwFQ
kcP3e2bhhYY,"Live: Wir wollen, dass Du selbst bestimmst!",2023-05-11T10:56:00Z,837,94,0,PT32M42S,UCq2rogaxLtQFrYG3X3KYNww,AfD TV,https://www.youtube.com/watch?v=kcP3e2bhhYY
QrUNuwRXst4,Bürgerräte? Es geht nur um den Ausschluss der AfD,2023-05-11T09:34:25Z,72798,6981,617,PT4M37S,UCq2rogaxLtQFrYG3X3KYNww,AfD TV,https://www.youtube.com/watch?v=QrUNuwRXst4
avXv6MWNxyw,Letzte Generation: Nützliche Idioten der Energiewende,2023-05-11T08:47:18Z,25589,2475,163,PT5M20S,UCq2rogaxLtQFrYG3X3KYNww,AfD TV,https://www.youtube.com/watch?v=avXv6MWNxyw
68WYmY7H5-Y,"Live: Wir wollen, dass Du selbst bestimmst!",2023-05-11T07:43:15Z,1711,118,1,PT3H52M13S,UCq2rogaxLtQFrYG3X3KYNww,AfD TV,https://www.youtube.com/watch?v=68WYmY7H5-Y
KDPgSZrm2gM,"Live: Wir wollen, dass Du selbst bestimmst!",2023-05-11T02:00:42Z,629,79,0,PT2H35M48S,UCq2rogaxLtQFrYG3X3KYNww,AfD TV,https://www.youtube.com/watch?v=KDPgSZrm2gM
7vWj-HioZgk,"Live: Wir wollen, dass Du selbst bestimmst!",2023-05-10T22:21:53Z,3347,600,9,PT2H31M52S,UCq2rogaxLtQFrYG3X3KYNww,AfD TV,https://www.youtube.com/watch?v=7vWj-HioZgk
veZK36wJysY,Live: Wir bereiten dem Klimaterror ein Ende!,2023-05-10T19:54:41Z,21680,1449,26,PT7H4M39S,UCq2rogaxLtQFrYG3X3KYNww,AfD TV,https://www.youtube.com/watch?v=veZK36wJysY
QP7KPpEDSow,"Habeck austauschen, nicht die Heizungen! - Tino Chrupalla - AfD",2023-05-10T14:27:44Z,57986,6161,669,PT5M27S,UCq2rogaxLtQFrYG3X3KYNww,AfD TV,https://www.youtube.com/watch?v=QP7KPpEDSow
o6B_tGmpvt8,Genug gescholzt – der Kanzler muss endlich Klarheit schaffen! 7 Tage Deutschland | Nr. 14/2023,2023-05-05T11:14:27Z,27064,2729,317,PT19M16S,UCq2rogaxLtQFrYG3X3KYNww,AfD TV,https://www.youtube.com/watch?v=o6B_tGmpvt8
jN5XRCaHdxY,"Buhrufe für Scholz und Habeck, Jubel für die AfD",2023-05-04T07:00:14Z,239820,18561,1454,PT1M,UCq2rogaxLtQFrYG3X3KYNww,AfD TV,https://www.youtube.com/watch?v=jN5XRCaHdxY
TqNkBdYOZnA,Rüstungsgeschäfte: Deutschland darf sich nicht ständig über den Tisch ziehen lassen!,2023-05-02T08:45:37Z,6293,990,36,PT2M28S,UCq2rogaxLtQFrYG3X3KYNww,AfD TV,https://www.youtube.com/watch?v=TqNkBdYOZnA
qwgopCMb6rc,"Der Ampel geht es nicht ums Klima, sondern um den Transfer unseres Geldes!",2023-04-30T07:00:18Z,97552,7909,816,PT3M13S,UCq2rogaxLtQFrYG3X3KYNww,AfD TV,https://www.youtube.com/watch?v=qwgopCMb6rc
QZWyJBv5t94,Migrationskrise: Nur die AfD hört die Hilferufe aus den Kommunen,2023-04-29T07:00:09Z,15031,2141,220,PT3M48S,UCq2rogaxLtQFrYG3X3KYNww,AfD TV,https://www.youtube.com/watch?v=QZWyJBv5t94
_MEZKinUlVE,Live: Keine Rückbaugenehmigung für die abgeschalteten Kernkraftwerke!,2023-04-28T14:10:35Z,12111,885,58,PT4H53M34S,UCq2rogaxLtQFrYG3X3KYNww,AfD TV,https://www.youtube.com/watch?v=_MEZKinUlVE
xfpEGmXST8o,"Wir setzen auf Vernunft, die Ampel setzt auf den Verfassungsschutz",2023-04-28T12:08:17Z,9345,1384,179,PT23M,UCq2rogaxLtQFrYG3X3KYNww,AfD TV,https://www.youtube.com/watch?v=xfpEGmXST8o
EtQrjwd7ffQ,+++ „Die CDU ist der rechte Flügel der Grünen!“ +++,2023-04-28T10:00:16Z,8540,1087,92,PT3M,UCq2rogaxLtQFrYG3X3KYNww,AfD TV,https://www.youtube.com/watch?v=EtQrjwd7ffQ
x_Bb6yJ30Cc,+++ Habecks Mafia-Strukturen: Brandner deckt sagenhaften Filz im Wirtschaftsministerium auf +++,2023-04-28T07:00:33Z,13072,2056,196,PT5M4S,UCq2rogaxLtQFrYG3X3KYNww,AfD TV,https://www.youtube.com/watch?v=x_Bb6yJ30Cc
bR-ThgPmcDM,+++ Lauterbach verstößt gegen den Amtseid! +++,2023-04-27T11:28:23Z,384330,20651,1762,PT2M57S,UCq2rogaxLtQFrYG3X3KYNww,AfD TV,https://www.youtube.com/watch?v=bR-ThgPmcDM
QlwdiEbq3V8,+++ Gender-Ideologie per Gesetz? Brandner bringt den Minister in Erklärungsnot +++,2023-04-27T07:00:10Z,30852,2494,325,PT2M19S,UCq2rogaxLtQFrYG3X3KYNww,AfD TV,https://www.youtube.com/watch?v=QlwdiEbq3V8
6AbuCGDiXHs,Live aus dem Bundestag: Schutz der Grenzen sofort umsetzen!,2023-04-26T19:52:12Z,16715,1053,22,PT7H47M16S,UCq2rogaxLtQFrYG3X3KYNww,AfD TV,https://www.youtube.com/watch?v=6AbuCGDiXHs
VkaHEoND_sM,Habecks Heizungs-Hammer macht uns arm!,2023-04-25T11:07:19Z,20799,3014,406,PT2M8S,UCq2rogaxLtQFrYG3X3KYNww,AfD TV,https://www.youtube.com/watch?v=VkaHEoND_sM
NObDEgj9tnY,„Smart Cities“ – nur zum Nutzen der Bürger und nicht zu ihrer Kontrolle!,2023-04-24T08:39:58Z,11419,1727,163,PT4M28S,UCq2rogaxLtQFrYG3X3KYNww,AfD TV,https://www.youtube.com/watch?v=NObDEgj9tnY
JzST5GhaeIk,Ehrung für Merkel? Wir nehmen ihr das Großkreuz wieder ab!,2023-04-22T07:00:10Z,53605,6254,582,PT5M28S,UCq2rogaxLtQFrYG3X3KYNww,AfD TV,https://www.youtube.com/watch?v=JzST5GhaeIk
jZ-47cOw84Y,Live aus dem Bundestag,2023-04-21T13:21:21Z,7239,418,38,PT5H49M14S,UCq2rogaxLtQFrYG3X3KYNww,AfD TV,https://www.youtube.com/watch?v=jZ-47cOw84Y
jb923weujoU,"Kein Virus hat die Kinder krank gemacht, sondern die Maßnahmen der Regierungen",2023-04-21T10:47:30Z,10577,1504,139,PT3M52S,UCq2rogaxLtQFrYG3X3KYNww,AfD TV,https://www.youtube.com/watch?v=jb923weujoU
U5wytLp_PPA,"Energieirrsinn beenden, Heizungshammer stoppen | 7 Tage Deutschland - der Podcast der AfD, 12/2023",2023-04-21T10:26:40Z,10983,1338,119,PT19M1S,UCq2rogaxLtQFrYG3X3KYNww,AfD TV,https://www.youtube.com/watch?v=U5wytLp_PPA
jBv4JtY3W_Q,„Joe Biden für Arme“ – Brandner rechnet mit Scholz ab,2023-04-21T08:16:13Z,220690,14307,919,PT4M28S,UCq2rogaxLtQFrYG3X3KYNww,AfD TV,https://www.youtube.com/watch?v=jBv4JtY3W_Q
dGZ4yT9-iLc,Wehrbericht: Ein Armutszeugnis für die Ampel,2023-04-20T15:07:01Z,9484,1441,96,PT4M13S,UCq2rogaxLtQFrYG3X3KYNww,AfD TV,https://www.youtube.com/watch?v=dGZ4yT9-iLc
Hq7zIHm2Zro,FDP versagt auch bei der Digitalisierung – Brandner zieht eine traurige Bilanz,2023-04-20T11:33:17Z,29946,2508,285,PT6M,UCq2rogaxLtQFrYG3X3KYNww,AfD TV,https://www.youtube.com/watch?v=Hq7zIHm2Zro
F_I9BKMtWFI,Für unser Land: Wir wollen den Wieder-Einstieg in die Kernkraft!,2023-04-20T08:44:11Z,42077,3975,356,PT5M3S,UCq2rogaxLtQFrYG3X3KYNww,AfD TV,https://www.youtube.com/watch?v=F_I9BKMtWFI
wcwNPNRg28Y,Drei Jahre Angstmache und Zwang: Mit uns gibt es kein „Schwamm drüber“,2023-04-20T07:48:28Z,4747,747,59,PT4M12S,UCq2rogaxLtQFrYG3X3KYNww,AfD TV,https://www.youtube.com/watch?v=wcwNPNRg28Y
Kvnsrhz5MAs,Live aus dem Bundestag: Kriegstreiberin Baerbock im Kreuzfeuer!,2023-04-19T20:04:53Z,47356,1699,143,PT8H37M18S,UCq2rogaxLtQFrYG3X3KYNww,AfD TV,https://www.youtube.com/watch?v=Kvnsrhz5MAs
ak7hqOCeyow,Die Gleichgültigkeit der Ampelregierung: Nordstream? Da kam ja eh nix mehr raus,2023-04-19T15:15:43Z,47631,3015,797,PT1M38S,UCq2rogaxLtQFrYG3X3KYNww,AfD TV,https://www.youtube.com/watch?v=ak7hqOCeyow
N2nxKQgM20Y,#shorts Massenschlägerei in Hildesheim: Wir haben die „Einzelfälle“ satt!,2023-04-19T11:54:12Z,159506,10474,1501,PT46S,UCq2rogaxLtQFrYG3X3KYNww,AfD TV,https://www.youtube.com/watch?v=N2nxKQgM20Y
AQE5gLt55RI,Wo Atomstrom für Rohrverstopfung sorgt: Grüne verblüffen mit physikalischen Sensationen,2023-04-17T11:50:44Z,269882,12585,3094,PT1M44S,UCq2rogaxLtQFrYG3X3KYNww,AfD TV,https://www.youtube.com/watch?v=AQE5gLt55RI
PNMQBDd5JHo,Entlarvt: So betrügt die FDP!,2023-04-14T11:22:01Z,90116,7974,961,PT1M51S,UCq2rogaxLtQFrYG3X3KYNww,AfD TV,https://www.youtube.com/watch?v=PNMQBDd5JHo
9AdnVvr2M0M,Was kostet die Welt? Es ist doch nur das Steuergeld!,2023-04-13T14:25:31Z,70958,6244,500,PT39S,UCq2rogaxLtQFrYG3X3KYNww,AfD TV,https://www.youtube.com/watch?v=9AdnVvr2M0M
h3TQcs069gc,Schluss mit Risikopolitik: Wir wollen die Kernkraft behalten!,2023-04-11T15:02:07Z,251379,9011,839,PT1M,UCq2rogaxLtQFrYG3X3KYNww,AfD TV,https://www.youtube.com/watch?v=h3TQcs069gc
qZflpfpNZds,Live aus dem Bundestag,2023-04-01T00:38:33Z,4803,223,12,PT11H3M1S,UCq2rogaxLtQFrYG3X3KYNww,AfD TV,https://www.youtube.com/watch?v=qZflpfpNZds
r1fflSqPMxk,Brandner bringt die „Qualitätsdemokraten“ zur Räson: „Draußen müssen die Leute arbeiten!“,2023-03-31T13:53:07Z,42290,3389,355,PT3M18S,UCq2rogaxLtQFrYG3X3KYNww,AfD TV,https://www.youtube.com/watch?v=r1fflSqPMxk
CNLQCOEFpHQ,"Strompreisbremse? Kernenergie nutzen, statt Steuergeld verpulvern!",2023-03-31T12:53:34Z,6866,1337,88,PT4M41S,UCq2rogaxLtQFrYG3X3KYNww,AfD TV,https://www.youtube.com/watch?v=CNLQCOEFpHQ
Zj-dSVa4YqI,Live aus dem Bundestag,2023-03-31T12:51:05Z,9027,641,15,PT4H54M44S,UCq2rogaxLtQFrYG3X3KYNww,AfD TV,https://www.youtube.com/watch?v=Zj-dSVa4YqI
avm5zcs7uo4,„Die Innenministerin ist das größte Sicherheitsrisiko!“ | 7 Tage Deutschland – der Podcast der AfD,2023-03-31T10:52:43Z,14804,1982,197,PT20M43S,UCq2rogaxLtQFrYG3X3KYNww,AfD TV,https://www.youtube.com/watch?v=avm5zcs7uo4
ZnkFe2h10EM,"+++ CDU fordert plötzlich Handlungsfähigkeit: Scheinheilig, charakterlos und reinstes Kabarett! +++",2023-03-31T08:35:19Z,17772,2107,129,PT5M17S,UCq2rogaxLtQFrYG3X3KYNww,AfD TV,https://www.youtube.com/watch?v=ZnkFe2h10EM
j6BwYgXmK44,"Containerdörfer auf dem Lande: ""Sie nehmen den Menschen das letzte Stück Heimat!""",2023-03-30T14:44:08Z,34511,3646,390,PT3M24S,UCq2rogaxLtQFrYG3X3KYNww,AfD TV,https://www.youtube.com/watch?v=j6BwYgXmK44
0uzBpHM53vI,Keine Abschaffung der Nationalstaaten: Wir gebieten der EU Einhalt!,2023-03-30T13:10:22Z,12467,1840,129,PT2M30S,UCq2rogaxLtQFrYG3X3KYNww,AfD TV,https://www.youtube.com/watch?v=0uzBpHM53vI
O2wb-7-iFMI,Union will Migration eindämmen: Wenn der Brandstifter den Feuerlöscher sucht,2023-03-30T10:24:32Z,11338,1553,162,PT4M9S,UCq2rogaxLtQFrYG3X3KYNww,AfD TV,https://www.youtube.com/watch?v=O2wb-7-iFMI
FyeMi_CWa2U,Live: Rückführungsoffensive starten!,2023-03-29T17:44:55Z,10697,947,18,PT6H13M24S,UCq2rogaxLtQFrYG3X3KYNww,AfD TV,https://www.youtube.com/watch?v=FyeMi_CWa2U
QRdiym9Sa3c,Folgen der Impfpflicht: Die Bundesregierung hat keine Ahnung!,2023-03-29T15:13:57Z,29961,2870,281,PT2M15S,UCq2rogaxLtQFrYG3X3KYNww,AfD TV,https://www.youtube.com/watch?v=QRdiym9Sa3c
-5WFft6Mrh4,"Minister ""Hoffentlich"" im Land der Energiewende",2023-03-29T14:49:10Z,42279,3265,458,PT1M10S,UCq2rogaxLtQFrYG3X3KYNww,AfD TV,https://www.youtube.com/watch?v=-5WFft6Mrh4
zAN3gfnjf-4,Wir wünschen...?,2023-03-24T08:27:07Z,57435,4360,812,PT47S,UCq2rogaxLtQFrYG3X3KYNww,AfD TV,https://www.youtube.com/watch?v=zAN3gfnjf-4
1PkAFXHGOmY,"#shorts „Wer schreit, der lügt“ – wenn der Ampel die Argumente ausgehen",2023-03-21T11:55:10Z,453926,23495,609,PT1M,UCq2rogaxLtQFrYG3X3KYNww,AfD TV,https://www.youtube.com/watch?v=1PkAFXHGOmY
PaExDY_Kb_U,Propaganda für die Regierenden: Das deutsche Mediensystem ist strukturell erkrankt,2023-03-21T10:19:53Z,21049,3229,271,PT5M19S,UCq2rogaxLtQFrYG3X3KYNww,AfD TV,https://www.youtube.com/watch?v=PaExDY_Kb_U
SLXIw_osXzE,Fehlanreize zur Migration endlich abschaffen!,2023-03-20T11:14:58Z,17830,3041,223,PT3M12S,UCq2rogaxLtQFrYG3X3KYNww,AfD TV,https://www.youtube.com/watch?v=SLXIw_osXzE
QHVKMhLNivw,AfD live aus dem Bundestag,2023-03-17T16:58:46Z,10739,748,17,PT7H16M27S,UCq2rogaxLtQFrYG3X3KYNww,AfD TV,https://www.youtube.com/watch?v=QHVKMhLNivw
_Q6yESzIhWk,"Unser Wunsch zum Frauentag: Abschieben, Grenzen sichern, Vergewaltiger bestrafen!",2023-03-17T16:21:21Z,11534,1851,190,PT4M5S,UCq2rogaxLtQFrYG3X3KYNww,AfD TV,https://www.youtube.com/watch?v=_Q6yESzIhWk
Kz0pA-d8yik,Hilse: Bedient Euch endlich Eures Verstandes!,2023-03-17T13:43:09Z,12069,1853,118,PT2M6S,UCq2rogaxLtQFrYG3X3KYNww,AfD TV,https://www.youtube.com/watch?v=Kz0pA-d8yik
60ToD4d6Gig,"Für Verschwörungstheorien sorgen jetzt die Medien selbst | 7 Tage Deutschland, Ausgabe 10/23",2023-03-17T12:20:11Z,11420,1345,75,PT18M50S,UCq2rogaxLtQFrYG3X3KYNww,AfD TV,https://www.youtube.com/watch?v=60ToD4d6Gig
7O8TzOTz9_I,"Süßes für die Politik, Käfer für die Bürger: AfD-Mann bringt die Ampel zum Toben",2023-03-17T09:40:47Z,19210,2716,346,PT2M8S,UCq2rogaxLtQFrYG3X3KYNww,AfD TV,https://www.youtube.com/watch?v=7O8TzOTz9_I
FVVu7m7ZivQ,AfD Live im Bundestag: Nein zum Staatsjournalismus!,2023-03-17T00:10:02Z,14540,1104,37,PT11H55M,UCq2rogaxLtQFrYG3X3KYNww,AfD TV,https://www.youtube.com/watch?v=FVVu7m7ZivQ
wCBF0DGX-Ps,Schluss mit dem Schweigen: AfD beantragt Untersuchungsausschuss zu Nordstream-Anschlag,2023-03-16T16:12:04Z,6165,999,58,PT3M15S,UCq2rogaxLtQFrYG3X3KYNww,AfD TV,https://www.youtube.com/watch?v=wCBF0DGX-Ps
KX1Xsv5RElg,Kein Interesse an Aufklärung des Nordstream-Anschlags: Wie sicher ist unsere Infrastruktur?,2023-03-16T15:04:01Z,9153,1741,162,PT4M47S,UCq2rogaxLtQFrYG3X3KYNww,AfD TV,https://www.youtube.com/watch?v=KX1Xsv5RElg
AbdWv3JPf2c,Nach Lauterbachs Rückwärtssalto: Brandner zerlegt Zwangsmaßnahmen gegen die Bevölkerung,2023-03-16T09:32:08Z,70543,4938,892,PT6M14S,UCq2rogaxLtQFrYG3X3KYNww,AfD TV,https://www.youtube.com/watch?v=AbdWv3JPf2c
razZSh_fkFk,Live: AfD beantragt Untersuchungsausschuss zu Nordstream!,2023-03-15T19:32:16Z,24711,1662,61,PT6H58M46S,UCq2rogaxLtQFrYG3X3KYNww,AfD TV,https://www.youtube.com/watch?v=razZSh_fkFk
XB5kS2S034M,AfD-Politiker teilt aus: Unsere Bürger zuerst!,2023-03-03T14:08:40Z,34102,4070,476,PT5M5S,UCq2rogaxLtQFrYG3X3KYNww,AfD TV,https://www.youtube.com/watch?v=XB5kS2S034M
8vwbPCpeV8M,Senioren müssen für Flüchtlinge ausziehen - aus Migration wird Verdrängung,2023-03-03T11:16:51Z,16758,2683,357,PT13M57S,UCq2rogaxLtQFrYG3X3KYNww,AfD TV,https://www.youtube.com/watch?v=8vwbPCpeV8M
h_wUDJX98gE,Chrupalla: Die Ampel wird zum Totengräber des Grundgesetzes,2023-03-02T14:00:47Z,7846,1537,92,PT3M59S,UCq2rogaxLtQFrYG3X3KYNww,AfD TV,https://www.youtube.com/watch?v=h_wUDJX98gE
Dhh_40DD30Q,Gewalt in Zügen: Messertäter benennen statt Statistiken schönen!,2023-03-02T13:05:56Z,8186,1858,134,PT2M18S,UCq2rogaxLtQFrYG3X3KYNww,AfD TV,https://www.youtube.com/watch?v=Dhh_40DD30Q
SLWKwzvNpTA,Bürger sollen sich einschränken? Schluss mit den Geldgeschenken ins Ausland!,2023-03-02T11:40:51Z,19322,2399,350,PT1M9S,UCq2rogaxLtQFrYG3X3KYNww,AfD TV,https://www.youtube.com/watch?v=SLWKwzvNpTA
HhF4AX31GnU,Irre Ampel macht Deutschland zur Kriegspartei!,2023-02-24T12:17:11Z,18920,2996,260,PT25M53S,UCq2rogaxLtQFrYG3X3KYNww,AfD TV,https://www.youtube.com/watch?v=HhF4AX31GnU
JkvSujv_Dxg,"Wer morgen noch Autofahren will, muss heute AfD wählen | 7 Tage Deutschland, Ausgabe 7/23 - 17.02.23",2023-02-17T11:13:26Z,17408,3315,0,PT21M44S,UCq2rogaxLtQFrYG3X3KYNww,AfD TV,https://www.youtube.com/watch?v=JkvSujv_Dxg
OUDtb-ev8Vk,Statt Verbrenner-Verbot: EU-Wahnsinn stoppen! - AfD,2023-02-16T13:02:12Z,20821,3739,98,PT1M34S,UCq2rogaxLtQFrYG3X3KYNww,AfD TV,https://www.youtube.com/watch?v=OUDtb-ev8Vk
PPaZKNGbZSw,Wer steckt hinter dem Nordstream-Anschlag? AfD fordert Untersuchungsausschuss,2023-02-13T14:25:04Z,32503,4708,0,PT3M12S,UCq2rogaxLtQFrYG3X3KYNww,AfD TV,https://www.youtube.com/watch?v=PPaZKNGbZSw
INDLXeDkqcw,LIVE: Die Nachlese zur Berlinwahl!,2023-02-13T10:39:32Z,25523,2466,272,PT41M25S,UCq2rogaxLtQFrYG3X3KYNww,AfD TV,https://www.youtube.com/watch?v=INDLXeDkqcw
Bd5u7RA0Nu8,AfD stellt Antrag für Friedensplan – die anderen Fraktionen reagieren mit Hass und Häme,2023-02-11T09:00:05Z,59290,7907,0,PT2M44S,UCq2rogaxLtQFrYG3X3KYNww,AfD TV,https://www.youtube.com/watch?v=Bd5u7RA0Nu8
1WMS8CBpzw8,Am Sonntag AfD wählen! - Sebastian Münzenmaier - AfD-Fraktion im Bundestag,2023-02-10T14:18:14Z,16223,2820,0,PT4M34S,UCq2rogaxLtQFrYG3X3KYNww,AfD TV,https://www.youtube.com/watch?v=1WMS8CBpzw8
Z8M8HH7TXGo,"Kriminell? Faeser auf die Anklagebank! | 7 Tage Deutschland, Ausgabe 6/23 vom 10.02.2023",2023-02-10T12:38:10Z,30892,4279,0,PT19M58S,UCq2rogaxLtQFrYG3X3KYNww,AfD TV,https://www.youtube.com/watch?v=Z8M8HH7TXGo
NLBA6yrX4ps,10 Jahre AfD: Für die Interessen der Bürger!,2023-02-08T14:15:39Z,8222,1395,135,PT23M40S,UCq2rogaxLtQFrYG3X3KYNww,AfD TV,https://www.youtube.com/watch?v=NLBA6yrX4ps
7ZZA-48udak,"10 Jahre AfD - mit Alice Weidel, Tino Chrupalla und Alexander Gauland!",2023-02-06T20:17:04Z,50930,5540,355,PT2H37M2S,UCq2rogaxLtQFrYG3X3KYNww,AfD TV,https://www.youtube.com/watch?v=7ZZA-48udak
lrTAR9EPJdU,10 Jahre AfD: Bereit für mehr!,2023-02-06T17:00:34Z,42299,3392,478,PT1M55S,UCq2rogaxLtQFrYG3X3KYNww,AfD TV,https://www.youtube.com/watch?v=lrTAR9EPJdU
o76eqdcSVqA,Das ist nicht unser Krieg!,2023-02-03T11:22:40Z,29677,4549,497,PT15M26S,UCq2rogaxLtQFrYG3X3KYNww,AfD TV,https://www.youtube.com/watch?v=o76eqdcSVqA
Me7IDeHkUYM,"AfD? Jetzt erst recht! - Podcast mit Tino Chrupalla, Dr. Gottfried Curio und Dr. Kristin Brinker",2023-01-27T12:30:31Z,36743,4730,495,PT25M20S,UCq2rogaxLtQFrYG3X3KYNww,AfD TV,https://www.youtube.com/watch?v=Me7IDeHkUYM
bM9Z0mVMfo8,Vertrauen ist gut. Abwahl wäre besser!,2023-01-26T16:00:27Z,30894,5375,935,PT58S,UCq2rogaxLtQFrYG3X3KYNww,AfD TV,https://www.youtube.com/watch?v=bM9Z0mVMfo8
GE8_OWbAFSs,Panzer schaffen keinen Frieden!,2023-01-25T15:41:39Z,27857,4103,522,PT5M17S,UCq2rogaxLtQFrYG3X3KYNww,AfD TV,https://www.youtube.com/watch?v=GE8_OWbAFSs
jqKdzrxJ7Lg,Sei keine Zitrone! Du hast eine Alternative!,2023-01-25T13:53:56Z,6033,1247,111,PT1M11S,UCq2rogaxLtQFrYG3X3KYNww,AfD TV,https://www.youtube.com/watch?v=jqKdzrxJ7Lg
iNGsohm6mfY,Sei kein Esel! Du hast eine Alternative!,2023-01-25T13:50:09Z,5348,1191,85,PT1M,UCq2rogaxLtQFrYG3X3KYNww,AfD TV,https://www.youtube.com/watch?v=iNGsohm6mfY
IwciQK17fl4,Sei nicht wie Putzi! Du hast eine Alternative!,2023-01-25T13:33:13Z,8610,1546,149,PT1M17S,UCq2rogaxLtQFrYG3X3KYNww,AfD TV,https://www.youtube.com/watch?v=IwciQK17fl4
jsolDF0Ajew,Eine beispiellose Inszenierung der Klimaterroristen!,2023-01-23T08:36:33Z,26970,4624,329,PT2M39S,UCq2rogaxLtQFrYG3X3KYNww,AfD TV,https://www.youtube.com/watch?v=jsolDF0Ajew
MlnHV1pcoQQ,Silvesterkrawalle: Ampel lügt sich weiter in die Tasche – nur die AfD nennt das Kind beim Namen,2023-01-20T12:36:10Z,18940,2751,199,PT2M3S,UCq2rogaxLtQFrYG3X3KYNww,AfD TV,https://www.youtube.com/watch?v=MlnHV1pcoQQ
85dDbu4c3Vg,Beifall für AfD-Rede im Bundestag? Da droht die Präsidentin mit Rausschmiss!,2023-01-20T11:28:57Z,25048,3167,330,PT2M41S,UCq2rogaxLtQFrYG3X3KYNww,AfD TV,https://www.youtube.com/watch?v=85dDbu4c3Vg
Jkh8VIBXykE,"AfD: Die einzige Partei, die sich für die Bundeswehr einsetzt!",2023-01-20T11:03:01Z,9147,1638,131,PT25M11S,UCq2rogaxLtQFrYG3X3KYNww,AfD TV,https://www.youtube.com/watch?v=Jkh8VIBXykE
QsP6Qmj7VtY,Deutsche Panzer gegen Russland? «Das haben schon Ihre Großväter versucht!»,2023-01-19T13:08:25Z,34595,4314,547,PT2M39S,UCq2rogaxLtQFrYG3X3KYNww,AfD TV,https://www.youtube.com/watch?v=QsP6Qmj7VtY
u9aYmOtPIf8,Null Charisma - Hundert Prozent SPD,2023-01-18T11:55:00Z,15328,2462,297,PT3M10S,UCq2rogaxLtQFrYG3X3KYNww,AfD TV,https://www.youtube.com/watch?v=u9aYmOtPIf8
8cNgPTTy-8c,Hart. Aber gerecht. Wahlspot der AfD Berlin 2023,2023-01-17T07:40:59Z,79869,4699,657,PT1M,UCq2rogaxLtQFrYG3X3KYNww,AfD TV,https://www.youtube.com/watch?v=8cNgPTTy-8c
_RVGrW_m-jE,Lambrecht: Wegtreten!,2023-01-16T14:17:55Z,29890,4454,651,PT1M40S,UCq2rogaxLtQFrYG3X3KYNww,AfD TV,https://www.youtube.com/watch?v=_RVGrW_m-jE
-hN2scG_yQ4,Gegen Klimaterror hilft nur stabiler Polizeieinsatz!,2023-01-13T12:07:10Z,10695,1883,175,PT16M6S,UCq2rogaxLtQFrYG3X3KYNww,AfD TV,https://www.youtube.com/watch?v=-hN2scG_yQ4
qJjOGqAXwKE,Lützerath: Klimaterroristen werfen Molotow-Cocktails auf die Polizei,2023-01-11T15:11:37Z,27779,3114,674,PT1M7S,UCq2rogaxLtQFrYG3X3KYNww,AfD TV,https://www.youtube.com/watch?v=qJjOGqAXwKE
waVJ5dvr-NA,#shorts Lindner und die Finanzkriminalität: Zappelt ein DICKER Fisch im NETZ?,2023-01-11T13:41:26Z,37771,1666,235,PT50S,UCq2rogaxLtQFrYG3X3KYNww,AfD TV,https://www.youtube.com/watch?v=waVJ5dvr-NA
3n0VcUaaEMA,„Das war ein Anschlag auf unseren Staat!“,2023-01-06T14:26:04Z,35414,4551,609,PT22M46S,UCq2rogaxLtQFrYG3X3KYNww,AfD TV,https://www.youtube.com/watch?v=3n0VcUaaEMA
9dbcdvMO5Ik,Marder in die Ukraine? Panzer schaffen keinen Frieden! - AfD,2023-01-06T13:48:47Z,13912,2236,536,PT2M7S,UCq2rogaxLtQFrYG3X3KYNww,AfD TV,https://www.youtube.com/watch?v=9dbcdvMO5Ik
-ZitzQjdPAQ,Politisch korrekte Reaktionen auf Silvester-Randale: „Ignoriere den Elefanten!“,2023-01-05T13:14:50Z,30323,4285,377,PT4M,UCq2rogaxLtQFrYG3X3KYNww,AfD TV,https://www.youtube.com/watch?v=-ZitzQjdPAQ
8zBtdCbXvOg,Lass Dich nicht einlullen!,2023-01-04T14:22:42Z,60159,4419,724,PT40S,UCq2rogaxLtQFrYG3X3KYNww,AfD TV,https://www.youtube.com/watch?v=8zBtdCbXvOg
OSxAK48ymCE,Silvester: Einreiseverbot statt Böllerverbot! - AfD,2023-01-02T14:44:08Z,102457,12022,1839,PT56S,UCq2rogaxLtQFrYG3X3KYNww,AfD TV,https://www.youtube.com/watch?v=OSxAK48ymCE
XQ8e_BQcD54,"Zwischen den Jahren - guten Rutsch!| 7 Tage Deutschland, Ausgabe 49/22 vom 30.12.2022",2022-12-31T14:00:28Z,15486,2228,145,PT7M6S,UCq2rogaxLtQFrYG3X3KYNww,AfD TV,https://www.youtube.com/watch?v=XQ8e_BQcD54
tJGpTMucJgg,Weihnachtsmann und Kobold,2022-12-24T13:00:10Z,14367,2350,183,PT4M25S,UCq2rogaxLtQFrYG3X3KYNww,AfD TV,https://www.youtube.com/watch?v=tJGpTMucJgg
Lq3NxpySKSE,Medikamenten-Flohmarkt? Lebensgefährlich!,2022-12-23T13:11:34Z,8980,1576,215,PT24M40S,UCq2rogaxLtQFrYG3X3KYNww,AfD TV,https://www.youtube.com/watch?v=Lq3NxpySKSE
ZSa1RGn4DrE,Alle Macht den Nationalstaaten – das verhindert EU-Korruption!  | 47/22 des AfD-Wochenendpodcasts,2022-12-16T15:30:28Z,10827,1990,164,PT24M57S,UCq2rogaxLtQFrYG3X3KYNww,AfD TV,https://www.youtube.com/watch?v=ZSa1RGn4DrE
-ohyO6eLO6M,„Reichsbürger-Razzia“: Gezielte Diskreditierung der Opposition?,2022-12-14T15:00:00Z,26736,3867,554,PT5M29S,UCq2rogaxLtQFrYG3X3KYNww,AfD TV,https://www.youtube.com/watch?v=-ohyO6eLO6M
j9Jqr2aQW_A,"Ein Jahr Ampel, zwölf Monate voller Pleiten - aber wo bleibt die Pointe?",2022-12-09T18:00:08Z,49079,5077,554,PT9M33S,UCq2rogaxLtQFrYG3X3KYNww,AfD TV,https://www.youtube.com/watch?v=j9Jqr2aQW_A
gxTmakAcemk,"Täglich 50 Messerattacken! | 7 Tage Deutschland, Ausgabe 46/22 vom 09.12.2022",2022-12-09T14:56:45Z,48304,5299,674,PT20M35S,UCq2rogaxLtQFrYG3X3KYNww,AfD TV,https://www.youtube.com/watch?v=gxTmakAcemk
pXoTgs6MNns,Trailer: Die zehn größten Pleiten aus einem Jahr Ampelregierung,2022-12-08T17:00:23Z,9081,1376,72,PT51S,UCq2rogaxLtQFrYG3X3KYNww,AfD TV,https://www.youtube.com/watch?v=pXoTgs6MNns
9kz9PyXbCfw,Aktivierende Familienpolitik statt Massenmigration!,2022-12-03T09:00:07Z,6211,1093,58,PT1M48S,UCq2rogaxLtQFrYG3X3KYNww,AfD TV,https://www.youtube.com/watch?v=9kz9PyXbCfw
MkI_1YSh88I,"„Vaterlandslose Gesellen, wie sie im Buche stehen!“",2022-12-02T14:31:10Z,10205,1411,111,PT2M38S,UCq2rogaxLtQFrYG3X3KYNww,AfD TV,https://www.youtube.com/watch?v=MkI_1YSh88I
ztgqNHsDJSc,"„Lastabwurf“ – der (fast) tägliche Blackout | 7 Tage Deutschland, Ausgabe 45/22 vom 02.12.2022",2022-12-02T13:31:46Z,12696,1819,147,PT21M53S,UCq2rogaxLtQFrYG3X3KYNww,AfD TV,https://www.youtube.com/watch?v=ztgqNHsDJSc
bChYUE3HWHE,Importierte Frauengewalt bekämpfen!,2022-12-01T19:00:11Z,5723,1334,110,PT2M39S,UCq2rogaxLtQFrYG3X3KYNww,AfD TV,https://www.youtube.com/watch?v=bChYUE3HWHE
4izw-2uczwA,Die Lehre aus dem Holodomor? Sozialismus ablehnen!,2022-12-01T17:00:06Z,3471,732,41,PT2M16S,UCq2rogaxLtQFrYG3X3KYNww,AfD TV,https://www.youtube.com/watch?v=4izw-2uczwA
G1PsQMY4aJg,Die Ampel ist Abriss-Unternehmen!,2022-12-01T15:07:40Z,33489,4302,102,PT1M,UCq2rogaxLtQFrYG3X3KYNww,AfD TV,https://www.youtube.com/watch?v=G1PsQMY4aJg
x9qsmnwYYdE,Strom- und Gaspreise explodieren: Diese Politik ist asozial!,2022-11-30T17:00:36Z,5099,1156,60,PT1M39S,UCq2rogaxLtQFrYG3X3KYNww,AfD TV,https://www.youtube.com/watch?v=x9qsmnwYYdE
oZ4EZyUwrHo,Chrupalla bei Lanz: Deutsche Interessen zuerst,2022-11-30T15:04:05Z,33098,4867,632,PT56S,UCq2rogaxLtQFrYG3X3KYNww,AfD TV,https://www.youtube.com/watch?v=oZ4EZyUwrHo
rpJ7iIlKcJ8,"„Schämen Sie sich, Herr Lauterbach!“",2022-11-30T14:29:18Z,3685,743,36,PT1M9S,UCq2rogaxLtQFrYG3X3KYNww,AfD TV,https://www.youtube.com/watch?v=rpJ7iIlKcJ8
pU3OUOaAJcA,Die 24 krassen Steuergräber der Ampel,2022-11-30T13:39:35Z,4437,955,45,PT3M55S,UCq2rogaxLtQFrYG3X3KYNww,AfD TV,https://www.youtube.com/watch?v=pU3OUOaAJcA
j9KLsBTlGPA,„Das Bürgergeld ist kontraproduktiv!“,2022-11-29T19:00:11Z,27630,3043,92,PT46S,UCq2rogaxLtQFrYG3X3KYNww,AfD TV,https://www.youtube.com/watch?v=j9KLsBTlGPA
k_Se2x8ZLlU,"„Was wir jetzt brauchen, ist endlich ein Handeln!“",2022-11-29T17:00:21Z,5914,1415,80,PT1M17S,UCq2rogaxLtQFrYG3X3KYNww,AfD TV,https://www.youtube.com/watch?v=k_Se2x8ZLlU
NinRmIzzufc,„Die Verantwortung für die Inflation liegt bei den Kartellparteien!“,2022-11-29T14:59:56Z,4047,942,55,PT1M24S,UCq2rogaxLtQFrYG3X3KYNww,AfD TV,https://www.youtube.com/watch?v=NinRmIzzufc
WrH9EAIGdXQ,"Vermittlungsausschuss: Verloren hat die Demokratie! | 7 Tage Deutschland, Ausgabe 44/22",2022-11-25T14:59:14Z,9274,1281,109,PT24M32S,UCq2rogaxLtQFrYG3X3KYNww,AfD TV,https://www.youtube.com/watch?v=WrH9EAIGdXQ
rqqd5Hw5ltQ,"+++ #shorts Die Löcher fressen alles, was in ihre Nähe kommt! +++",2022-11-24T13:02:58Z,46183,2591,411,PT27S,UCq2rogaxLtQFrYG3X3KYNww,AfD TV,https://www.youtube.com/watch?v=rqqd5Hw5ltQ
FRceKuHD23Q,Kein Unterschied zwischen CDU und SPD - Bundestag - Merz & Scholz,2022-11-23T13:25:25Z,289907,13641,806,PT1M,UCq2rogaxLtQFrYG3X3KYNww,AfD TV,https://www.youtube.com/watch?v=FRceKuHD23Q
sVgZHsnWqrE,Millionen ohne Berufsabschluss - ein Teil davon sitzt hier!,2022-11-23T12:29:08Z,607889,29199,2670,PT9M2S,UCq2rogaxLtQFrYG3X3KYNww,AfD TV,https://www.youtube.com/watch?v=sVgZHsnWqrE
_8f143vdDZw,Ampel: Die schlechteste Regierung aller Zeiten! - Alice Weidel - AfD,2022-11-23T10:05:06Z,34871,4221,457,PT12M,UCq2rogaxLtQFrYG3X3KYNww,AfD TV,https://www.youtube.com/watch?v=_8f143vdDZw
DheoRQxplYw,"AfD verklagt Verfassungsgericht | 7 Tage Deutschland, Ausgabe 43/22 des AfD-Wochenendpodcasts",2022-11-19T15:39:20Z,34544,5424,425,PT20M49S,UCq2rogaxLtQFrYG3X3KYNww,AfD TV,https://www.youtube.com/watch?v=DheoRQxplYw
gXy_u0AZm0Y,LIVESTREAM: Der heiße Herbst geht weiter!,2022-11-19T12:28:06Z,31956,3938,396,PT1H26M51S,UCq2rogaxLtQFrYG3X3KYNww,AfD TV,https://www.youtube.com/watch?v=gXy_u0AZm0Y
0LUqTNolVck,"Hartz 4 & Bürgergeld: Auch Du schuftest für 1,8 Mio. arbeitslose Migranten! - AfD",2022-11-17T07:13:49Z,195909,16184,2071,PT5M41S,UCq2rogaxLtQFrYG3X3KYNww,AfD TV,https://www.youtube.com/watch?v=0LUqTNolVck
daI0RVMxbEQ,United4Rescue: 8 Millionen Euro für Schlepperboss Thies Gundlach - Grüne Vetternwirtschaft,2022-11-16T12:14:01Z,74181,6211,972,PT1M44S,UCq2rogaxLtQFrYG3X3KYNww,AfD TV,https://www.youtube.com/watch?v=daI0RVMxbEQ
pJZbhlBPVpo,"SPD-Politik ""kostet Menschenleben""!",2022-11-14T11:33:45Z,49569,6271,464,PT4M26S,UCq2rogaxLtQFrYG3X3KYNww,AfD TV,https://www.youtube.com/watch?v=pJZbhlBPVpo
CedyRmtIrxc,Lauterbach-Rücktritt statt Isolationspflicht - Alice Weidel - AfD,2022-11-12T09:01:06Z,318948,25203,1948,PT5M21S,UCq2rogaxLtQFrYG3X3KYNww,AfD TV,https://www.youtube.com/watch?v=CedyRmtIrxc
RUwgZINnfwY,LIVE: Bundestag-Debatte 11.11.2022,2022-11-11T17:38:02Z,9692,517,18,PT8H48M58S,UCq2rogaxLtQFrYG3X3KYNww,AfD TV,https://www.youtube.com/watch?v=RUwgZINnfwY
YH69vT3nJK8,Bürgergeld zieht noch mehr Migranten an | Hartz 4 und Bürgergeld | AfD-Podcast,2022-11-11T13:44:53Z,18457,2707,403,PT23M57S,UCq2rogaxLtQFrYG3X3KYNww,AfD TV,https://www.youtube.com/watch?v=YH69vT3nJK8
RnLXma8FH2o,"#shorts ""Für Freiheit, Frieden, Sicherheit: Kundgebung der AfD Rheinland-Pfalz!""",2022-11-11T13:42:13Z,21535,3097,119,PT30S,UCq2rogaxLtQFrYG3X3KYNww,AfD TV,https://www.youtube.com/watch?v=RnLXma8FH2o
ZsE8Xyx9TMo,LIVE: Bundestag-Debatte 10.11.2022,2022-11-10T21:15:48Z,12077,581,18,PT11H55M,UCq2rogaxLtQFrYG3X3KYNww,AfD TV,https://www.youtube.com/watch?v=ZsE8Xyx9TMo
M8SQZT1_63w,++ #shorts „Wie die RAF in früheren Zeiten!“ ++,2022-11-10T15:58:10Z,22425,4386,89,PT30S,UCq2rogaxLtQFrYG3X3KYNww,AfD TV,https://www.youtube.com/watch?v=M8SQZT1_63w
nLmQbdBoNUk,LIVE: Bundestag-Debatte 09.11.2022,2022-11-10T01:39:04Z,15178,742,17,PT8H4M53S,UCq2rogaxLtQFrYG3X3KYNww,AfD TV,https://www.youtube.com/watch?v=nLmQbdBoNUk
u3-yU16Enfs,Schlimmer als 2015: Asylflut stoppen! - Podcast - AfD,2022-11-04T14:13:49Z,31866,4698,648,PT16M22S,UCq2rogaxLtQFrYG3X3KYNww,AfD TV,https://www.youtube.com/watch?v=u3-yU16Enfs
KA0fj_DCkN8,"""Ampel schränkt Meinungsfreiheit noch mehr ein!"" - 7 Tage Deutschland, Ausgabe 40 des AfD-Podcasts",2022-10-28T13:46:40Z,32074,4186,620,PT21M10S,UCq2rogaxLtQFrYG3X3KYNww,AfD TV,https://www.youtube.com/watch?v=KA0fj_DCkN8
qU9Qtz327JQ,Nur noch bekifft zu ertragen? Was uns Lauterbach (vermutlich) gern sagen würde ...,2022-10-28T08:37:54Z,22567,2802,377,PT1M57S,UCq2rogaxLtQFrYG3X3KYNww,AfD TV,https://www.youtube.com/watch?v=qU9Qtz327JQ
A_hGNPP1aSg,LIVE: Bundestag-Debatte 21.10.2022,2022-10-21T14:24:44Z,10458,598,16,PT6H56M30S,UCq2rogaxLtQFrYG3X3KYNww,AfD TV,https://www.youtube.com/watch?v=A_hGNPP1aSg
MCsNC0e9Ubc,"„Infantile Migrationspolitik der Ampel“ | 7 Tage Deutschland, Ausgabe 39/22 vom 21.10.2022",2022-10-21T09:38:29Z,22562,2865,365,PT21M59S,UCq2rogaxLtQFrYG3X3KYNww,AfD TV,https://www.youtube.com/watch?v=MCsNC0e9Ubc
7L4Nt8rZQt8,+++ Pass? Egal! Ampel toppt sogar Merkel! +++,2022-10-21T08:38:38Z,326215,21793,830,PT56S,UCq2rogaxLtQFrYG3X3KYNww,AfD TV,https://www.youtube.com/watch?v=7L4Nt8rZQt8
RBInIon9JGE,LIVE: Bundestag-Debatte 20.10.2022,2022-10-20T21:41:54Z,11582,502,56,PT11H55M,UCq2rogaxLtQFrYG3X3KYNww,AfD TV,https://www.youtube.com/watch?v=RBInIon9JGE
EXg5V9cOhSs,+++ Abschiebungen de facto abgeschafft! +++,2022-10-20T08:39:17Z,37132,6476,157,PT46S,UCq2rogaxLtQFrYG3X3KYNww,AfD TV,https://www.youtube.com/watch?v=EXg5V9cOhSs
jPiNOjq4e6E,+++ Brandner zerlegt Bundesregierung! +++,2022-10-20T07:09:59Z,110762,10988,941,PT1M43S,UCq2rogaxLtQFrYG3X3KYNww,AfD TV,https://www.youtube.com/watch?v=jPiNOjq4e6E
98po_xKJzfg,+++ Gas wäre in wenigen Tagen wieder billig! +++,2022-10-20T06:03:24Z,76158,11304,277,PT32S,UCq2rogaxLtQFrYG3X3KYNww,AfD TV,https://www.youtube.com/watch?v=98po_xKJzfg
fDM6YPwVXXQ,LIVE: Bundestag-Debatte 19.10.2022,2022-10-19T18:37:57Z,8171,745,37,PT5H27S,UCq2rogaxLtQFrYG3X3KYNww,AfD TV,https://www.youtube.com/watch?v=fDM6YPwVXXQ
TBGnlzbZ-Lg,LIVE: Bundestag-Debatte 19.10.2022,2022-10-19T13:26:00Z,7566,488,21,PT1H32M16S,UCq2rogaxLtQFrYG3X3KYNww,AfD TV,https://www.youtube.com/watch?v=TBGnlzbZ-Lg
RRpiSlfdhvU,+++ Wie dreist kann ein Politiker eigentlich sein? +++,2022-10-19T10:01:59Z,214839,14364,331,PT25S,UCq2rogaxLtQFrYG3X3KYNww,AfD TV,https://www.youtube.com/watch?v=RRpiSlfdhvU
UKEQ2dZz_fo,+++ Keine Extrawurst für Ukrainer! +++,2022-10-18T14:00:13Z,770949,54274,2035,PT51S,UCq2rogaxLtQFrYG3X3KYNww,AfD TV,https://www.youtube.com/watch?v=UKEQ2dZz_fo
aRIdEjC3vgk,+++ Neuer Rekord auf der Heuchler-Skala! +++,2022-10-18T11:00:01Z,429780,27940,690,PT55S,UCq2rogaxLtQFrYG3X3KYNww,AfD TV,https://www.youtube.com/watch?v=aRIdEjC3vgk
F8UH6GVhWIk,LIVE: Bundestag-Debatte 14.10.2022,2022-10-14T14:07:59Z,13571,642,34,PT5H43M54S,UCq2rogaxLtQFrYG3X3KYNww,AfD TV,https://www.youtube.com/watch?v=F8UH6GVhWIk
cDQlzzaB6hM,+++ Mit der AfD gäbe es keine Muezzin-Rufe in Deutschland! +++,2022-10-14T13:48:00Z,32654,5357,1260,PT58S,UCq2rogaxLtQFrYG3X3KYNww,AfD TV,https://www.youtube.com/watch?v=cDQlzzaB6hM
15gzGMk6P0s,++ Genial: Dänemarks Plan für NULL illegale Migranten! ++,2022-10-13T09:22:14Z,37658,6666,152,PT43S,UCq2rogaxLtQFrYG3X3KYNww,AfD TV,https://www.youtube.com/watch?v=15gzGMk6P0s
koW-5TZqHcg,LIVE: Bundestag-Debatte 12.10.2022,2022-10-12T17:59:32Z,15239,620,63,PT5H51M22S,UCq2rogaxLtQFrYG3X3KYNww,AfD TV,https://www.youtube.com/watch?v=koW-5TZqHcg
MqowfRsN_ng,AfD-Wahlerfolg: Analyse im Livestream!,2022-10-12T11:46:04Z,7934,914,89,PT44S,UCq2rogaxLtQFrYG3X3KYNww,AfD TV,https://www.youtube.com/watch?v=MqowfRsN_ng
cZ8tR6ds9dU,Das politische Komplettversagen bei der Ahrtal-Katastrophe muss endlich Konsequenzen haben!,2022-10-11T07:29:42Z,14615,2475,297,PT2M8S,UCq2rogaxLtQFrYG3X3KYNww,AfD TV,https://www.youtube.com/watch?v=cZ8tR6ds9dU
fr0bLmRkdKk,Wir. An Deiner Seite.,2022-10-10T16:00:11Z,23285,3506,327,PT2M32S,UCq2rogaxLtQFrYG3X3KYNww,AfD TV,https://www.youtube.com/watch?v=fr0bLmRkdKk
J0Hak09GPSg,AfD-Wahlerfolg: Analyse im Livestream!,2022-10-10T11:49:02Z,72130,7068,979,PT45M19S,UCq2rogaxLtQFrYG3X3KYNww,AfD TV,https://www.youtube.com/watch?v=J0Hak09GPSg
Ejnb7mkhlXk,"Re-LIVE: Mehr als 10.000 bei AfD-Demo ""Unser Land zuerst!""",2022-10-09T15:56:14Z,82852,7259,211,PT3H52M29S,UCq2rogaxLtQFrYG3X3KYNww,AfD TV,https://www.youtube.com/watch?v=Ejnb7mkhlXk
pme19mdQ5Ss,"LIVE: AfD-Demo ""Unser Land zuerst!""",2022-10-08T16:21:43Z,298502,18793,986,PT4H36M11S,UCq2rogaxLtQFrYG3X3KYNww,AfD TV,https://www.youtube.com/watch?v=pme19mdQ5Ss
tOPyBsdDgdk,"Müssen wir frieren, Herr Habeck?",2022-10-07T14:07:58Z,35666,5312,446,PT2M16S,UCq2rogaxLtQFrYG3X3KYNww,AfD TV,https://www.youtube.com/watch?v=tOPyBsdDgdk
YKvPBC6lv38,Meine Prognose: Die AfD ist sicher im Landtag vertreten!,2022-10-07T13:00:20Z,10852,1167,102,PT6M55S,UCq2rogaxLtQFrYG3X3KYNww,AfD TV,https://www.youtube.com/watch?v=YKvPBC6lv38
CnM8O-wIilc,"Unser Land zuerst! @carlomatheo erklärt, warum morgen jeder in Berlin gebraucht wird!",2022-10-07T12:58:18Z,15058,2403,98,PT46S,UCq2rogaxLtQFrYG3X3KYNww,AfD TV,https://www.youtube.com/watch?v=CnM8O-wIilc
CLqxL5uFt3E,"Je stärker wir werden, desto mehr müssen die Altparteien handeln",2022-10-07T12:45:00Z,6075,909,95,PT9M55S,UCq2rogaxLtQFrYG3X3KYNww,AfD TV,https://www.youtube.com/watch?v=CLqxL5uFt3E
L9JH3vvW0dA,Harm Rykena AfD Niedersachsen: Kommunalpolitik ist wichtig um Gesicht zu zeigen,2022-10-07T12:30:13Z,2487,362,26,PT8M23S,UCq2rogaxLtQFrYG3X3KYNww,AfD TV,https://www.youtube.com/watch?v=L9JH3vvW0dA
z0hbyrVxZqY,Der Mittelstand muss gefestigt und gestärkt werden!,2022-10-07T12:15:02Z,1911,280,16,PT6M9S,UCq2rogaxLtQFrYG3X3KYNww,AfD TV,https://www.youtube.com/watch?v=z0hbyrVxZqY
hrCaMpl7c5A,Die Inflation ist das Resultat politischen Versagens - Niedersachsen zuerst!,2022-10-07T11:45:02Z,4346,873,59,PT8M38S,UCq2rogaxLtQFrYG3X3KYNww,AfD TV,https://www.youtube.com/watch?v=hrCaMpl7c5A
5PYoIcrN67A,Den Bürgern reicht es - Wir werden in Westdeutschland ein klares Zeichen setzen!,2022-10-07T11:15:00Z,11737,1606,225,PT9M29S,UCq2rogaxLtQFrYG3X3KYNww,AfD TV,https://www.youtube.com/watch?v=5PYoIcrN67A
0bcTv_py5mU,Niedersachsen Wahl: 10 Prozent Aufwärts ist unser Ziel!,2022-10-07T10:39:56Z,5073,964,109,PT6M38S,UCq2rogaxLtQFrYG3X3KYNww,AfD TV,https://www.youtube.com/watch?v=0bcTv_py5mU
3E3vq8QekYA,+++ Ziel zur Wahl am Sonntag: Zweistellig für Niedersachsen! +++,2022-10-05T09:34:15Z,49737,5750,940,PT10M33S,UCq2rogaxLtQFrYG3X3KYNww,AfD TV,https://www.youtube.com/watch?v=3E3vq8QekYA
wVdBzwHsHaU,LIVE: Bundestag-Debatte 30.09.2022,2022-09-30T13:09:39Z,7846,384,37,PT2H19M39S,UCq2rogaxLtQFrYG3X3KYNww,AfD TV,https://www.youtube.com/watch?v=wVdBzwHsHaU
t4sIEEjtSoM,+++ Nord-Stream-Sprengung aufklären! +++,2022-09-30T09:26:52Z,23715,2432,394,PT1M12S,UCq2rogaxLtQFrYG3X3KYNww,AfD TV,https://www.youtube.com/watch?v=t4sIEEjtSoM
y5GgY3rIdaM,+++ Diese Ampel-Politik ist existenzvernichtend! +++,2022-09-29T10:29:03Z,33808,7192,192,PT47S,UCq2rogaxLtQFrYG3X3KYNww,AfD TV,https://www.youtube.com/watch?v=y5GgY3rIdaM
qBF9oVUH4Nc,LIVE: Bundestag-Debatte 28.09.2022,2022-09-28T19:06:22Z,12034,387,21,PT7H16M9S,UCq2rogaxLtQFrYG3X3KYNww,AfD TV,https://www.youtube.com/watch?v=qBF9oVUH4Nc
n7EHVhkFAyk,+++ Rundfunkbeitrag: In der Chefetage hat man sich die Taschen vollgehauen! +++,2022-09-27T12:00:35Z,25548,3307,327,PT8M55S,UCq2rogaxLtQFrYG3X3KYNww,AfD TV,https://www.youtube.com/watch?v=n7EHVhkFAyk
VEPlo_dWCH8,+++ „Grüne Politik in 50 Sekunden!“ +++,2022-09-27T08:00:19Z,255623,17590,311,PT48S,UCq2rogaxLtQFrYG3X3KYNww,AfD TV,https://www.youtube.com/watch?v=VEPlo_dWCH8
c0s1GGKJPTc,+++ „Das spottet jeder Beschreibung!“ +++,2022-09-26T11:40:22Z,190629,17770,391,PT55S,UCq2rogaxLtQFrYG3X3KYNww,AfD TV,https://www.youtube.com/watch?v=c0s1GGKJPTc
J1LVLBxg--E,LIVE: Bundestag-Debatte 23.09.2022,2022-09-23T16:16:37Z,15259,776,39,PT8H20M31S,UCq2rogaxLtQFrYG3X3KYNww,AfD TV,https://www.youtube.com/watch?v=J1LVLBxg--E
Lld8gNjc7fM,"Gebt den Bürgern das Geld zurück! | 7 Tage Deutschland, der Wochenendpodcast der AfD, Ausgabe 38/22",2022-09-23T09:43:44Z,16858,2387,208,PT19M19S,UCq2rogaxLtQFrYG3X3KYNww,AfD TV,https://www.youtube.com/watch?v=Lld8gNjc7fM
QJjiDjh6cns,"+++ ""Jetzt fangen Sie schon wieder an zu reden!"" +++",2022-09-22T07:22:34Z,142799,8339,1599,PT58S,UCq2rogaxLtQFrYG3X3KYNww,AfD TV,https://www.youtube.com/watch?v=QJjiDjh6cns
KWPcs_bt5k0,Am 8. Oktober um 13:30 Uhr sehen wir uns in Berlin!,2022-09-21T13:37:38Z,186330,11462,657,PT6S,UCq2rogaxLtQFrYG3X3KYNww,AfD TV,https://www.youtube.com/watch?v=KWPcs_bt5k0
o-5xbYkEJ9U,Am 8. Oktober um 13:30 Uhr sehen wir uns in Berlin!,2022-09-21T13:36:58Z,9308,1677,119,PT6S,UCq2rogaxLtQFrYG3X3KYNww,AfD TV,https://www.youtube.com/watch?v=o-5xbYkEJ9U
8qkR8XTQAeY,"Leere Supermarktregale? | 7 Tage Deutschland, Ausgabe 37/22 des AfD-Wochenendpodcasts vom 16.09.2022",2022-09-16T09:38:38Z,57239,5906,703,PT31M2S,UCq2rogaxLtQFrYG3X3KYNww,AfD TV,https://www.youtube.com/watch?v=8qkR8XTQAeY
LmPk2UC-SSs,GEZ-Beitrag fließt in Korruption und Propaganda!,2022-09-15T13:42:14Z,41754,8001,221,PT35S,UCq2rogaxLtQFrYG3X3KYNww,AfD TV,https://www.youtube.com/watch?v=LmPk2UC-SSs
Oj_16qlhFa0,8. Oktober in Berlin: Wir stehen an Deiner Seite!,2022-09-13T13:42:52Z,13176,2312,172,PT2M37S,UCq2rogaxLtQFrYG3X3KYNww,AfD TV,https://www.youtube.com/watch?v=Oj_16qlhFa0
yxheA6_1lLk,„Unser Land zuerst!“ – Pressekonferenz mit Tino Chrupalla und Dr. Alice Weidel,2022-09-13T11:43:25Z,116734,10094,1209,PT43M31S,UCq2rogaxLtQFrYG3X3KYNww,AfD TV,https://www.youtube.com/watch?v=yxheA6_1lLk
9adhqR4M0mM,Mit diesen 7 Punkten würde die AfD Dein Leben wieder besser machen! - Alice Weidel - Bundestag,2022-09-12T07:00:12Z,186655,17350,1447,PT2M20S,UCq2rogaxLtQFrYG3X3KYNww,AfD TV,https://www.youtube.com/watch?v=9adhqR4M0mM
sBRK9GPmGnY,„Es ist nicht unser Krieg!“,2022-09-09T13:11:27Z,78225,9043,923,PT2M4S,UCq2rogaxLtQFrYG3X3KYNww,AfD TV,https://www.youtube.com/watch?v=sBRK9GPmGnY
sEny05E_7gE,Unser Land zuerst! | Ausgabe 36/22 des AfD-Wochenendpodcasts vom 09.09.2022,2022-09-09T12:23:08Z,17053,2082,176,PT22M38S,UCq2rogaxLtQFrYG3X3KYNww,AfD TV,https://www.youtube.com/watch?v=sEny05E_7gE
5maRf_OvtjE,"Herr Habeck, Sie haben von Wirtschaft so viel Ahnung wie ein Blinder von Farbe!",2022-09-07T11:30:49Z,61190,6330,752,PT9M35S,UCq2rogaxLtQFrYG3X3KYNww,AfD TV,https://www.youtube.com/watch?v=5maRf_OvtjE
yJddCRWVwa0,So verjubelt die Ampel Dein Steuergeld!,2022-09-06T19:58:33Z,16692,1251,43,PT10H3M29S,UCq2rogaxLtQFrYG3X3KYNww,AfD TV,https://www.youtube.com/watch?v=yJddCRWVwa0
LnK8mgm1iGc,Livestream,2022-09-06T09:07:06Z,6368,342,46,PT53S,UCq2rogaxLtQFrYG3X3KYNww,AfD TV,https://www.youtube.com/watch?v=LnK8mgm1iGc
wfvU0utLTOs,"Heißer Herbst und kalter Winter? | 7 Tage Deutschland, Ausgabe 35/22 vom 02.09.2022",2022-09-02T11:07:38Z,31555,3745,458,PT30M16S,UCq2rogaxLtQFrYG3X3KYNww,AfD TV,https://www.youtube.com/watch?v=wfvU0utLTOs
VGoL0n5CF18,Dr. Gottfried Curio: „Unser Land ist kein Siedlungsplatz – es ist unsere Heimat!“,2022-08-29T13:41:36Z,68907,8629,1311,PT37M36S,UCq2rogaxLtQFrYG3X3KYNww,AfD TV,https://www.youtube.com/watch?v=VGoL0n5CF18
FY0FynheFkc,"Habeck vergeudet unser Gas! | 7 Tage Deutschland, Ausgabe 34/22",2022-08-26T12:31:38Z,39719,5302,843,PT44M47S,UCq2rogaxLtQFrYG3X3KYNww,AfD TV,https://www.youtube.com/watch?v=FY0FynheFkc
7nMAwYZwgkw,Heißer Herbst statt kalte Füße – unser Land zuerst!,2022-08-23T12:58:26Z,44511,5045,719,PT32M4S,UCq2rogaxLtQFrYG3X3KYNww,AfD TV,https://www.youtube.com/watch?v=7nMAwYZwgkw
4c563Of8rdc,"Auftakt zum heißen Herbst! | 7 Tage Deutschland, Ausgabe 33/22 vom 19.8.2022",2022-08-19T13:38:33Z,45937,6831,967,PT39M30S,UCq2rogaxLtQFrYG3X3KYNww,AfD TV,https://www.youtube.com/watch?v=4c563Of8rdc
RMhsfprlv0I,Elternmilch? Ihr spinnt doch!,2022-08-19T07:00:08Z,334436,22048,701,PT58S,UCq2rogaxLtQFrYG3X3KYNww,AfD TV,https://www.youtube.com/watch?v=RMhsfprlv0I
Sa5dG5YwyMA,„Der größte Feind des Sozialen ist der Sozialismus!“,2022-08-18T15:00:31Z,25442,4176,74,PT58S,UCq2rogaxLtQFrYG3X3KYNww,AfD TV,https://www.youtube.com/watch?v=Sa5dG5YwyMA
y3nxSuZ7u2A,Die Ampel verschweigt die Benachteiligung von Familien!,2022-08-18T11:00:28Z,24546,3789,82,PT52S,UCq2rogaxLtQFrYG3X3KYNww,AfD TV,https://www.youtube.com/watch?v=y3nxSuZ7u2A
FSO7drHzW9Q,Was „demokratisch“ wirklich bedeutet!,2022-08-18T07:00:04Z,351822,20267,397,PT40S,UCq2rogaxLtQFrYG3X3KYNww,AfD TV,https://www.youtube.com/watch?v=FSO7drHzW9Q
dAL6j5nyNSI,Der linke Pseudo-„Feminismus“ diskriminiert Frauen!,2022-08-17T16:00:20Z,25225,3804,69,PT44S,UCq2rogaxLtQFrYG3X3KYNww,AfD TV,https://www.youtube.com/watch?v=dAL6j5nyNSI
R7fJznOB0_0,Brandner schlägt Grüne mit eigenen Waffen!,2022-08-17T12:44:44Z,401186,17713,335,PT47S,UCq2rogaxLtQFrYG3X3KYNww,AfD TV,https://www.youtube.com/watch?v=R7fJznOB0_0
2oZ_Dq6vsik,"Ortskräfte? Welche Ortskräfte? | 7 Tage Deutschland, Ausgabe 32/22 vom 12.8.2022",2022-08-12T13:24:28Z,30743,4130,503,PT39M27S,UCq2rogaxLtQFrYG3X3KYNww,AfD TV,https://www.youtube.com/watch?v=2oZ_Dq6vsik
q1uVlJRqO4I,Seit 100 Jahren unsere Nationalhymne: Das Lied der Deutschen,2022-08-11T10:44:23Z,108645,6322,884,PT1M10S,UCq2rogaxLtQFrYG3X3KYNww,AfD TV,https://www.youtube.com/watch?v=q1uVlJRqO4I
vokReRnaLEE,"Gender-Stopp sofort! | 7 Tage Deutschland, Ausgabe 31/22 des AfD-Wochenendpodcasts",2022-08-05T13:16:32Z,18882,2604,439,PT34M49S,UCq2rogaxLtQFrYG3X3KYNww,AfD TV,https://www.youtube.com/watch?v=vokReRnaLEE
esDWsxokLwM,"Scholz-Ampel: Da ist was faul! | 7 Tage Deutschland, Ausgabe 30/22 des AfD-Wochenendpodcasts",2022-07-29T12:46:42Z,23546,3289,335,PT41M15S,UCq2rogaxLtQFrYG3X3KYNww,AfD TV,https://www.youtube.com/watch?v=esDWsxokLwM
EO8diXP2YTI,"ARD unter Druck! | 7 Tage Deutschland, Ausgabe 29/22 des AfD-Wochenendpodcasts vom 22.07.2022",2022-07-22T10:38:25Z,36598,4725,551,PT46M12S,UCq2rogaxLtQFrYG3X3KYNww,AfD TV,https://www.youtube.com/watch?v=EO8diXP2YTI
-4W0V07rmKs,AfD rechnet mit den Altparteien ab: „Ihnen ist der Ernst der Lage immer noch nicht bewusst!“,2022-07-15T13:45:35Z,115599,11058,1208,PT6M6S,UCq2rogaxLtQFrYG3X3KYNww,AfD TV,https://www.youtube.com/watch?v=-4W0V07rmKs
bHpV6OiDHQ4,"Sanktionen ohne Sinn! | 7 Tage Deutschland, Ausgabe 28/22 des AfD-Wochenendpodcasts vom 15. Juli 22",2022-07-15T12:13:29Z,16659,2765,301,PT39M44S,UCq2rogaxLtQFrYG3X3KYNww,AfD TV,https://www.youtube.com/watch?v=bHpV6OiDHQ4
KxCe8MatZ9s,Nato-Beitritt von Schweden und Finnland: Ein „realpolitisches Willkommen“ ohne Jubel,2022-07-12T16:00:23Z,15405,2288,206,PT4M1S,UCq2rogaxLtQFrYG3X3KYNww,AfD TV,https://www.youtube.com/watch?v=KxCe8MatZ9s
FK9uJuX6H8c,"""Wer Grüne wählt, wählt Krieg und Armut!""",2022-07-11T12:58:12Z,60751,8260,1194,PT5M37S,UCq2rogaxLtQFrYG3X3KYNww,AfD TV,https://www.youtube.com/watch?v=FK9uJuX6H8c
sUmflgjyqGQ,Afghanistan-Einsatz: Brandner konfrontiert die Altparteien-Fraktionen mit ihrem Versagen,2022-07-08T16:00:36Z,54145,6628,543,PT3M36S,UCq2rogaxLtQFrYG3X3KYNww,AfD TV,https://www.youtube.com/watch?v=sUmflgjyqGQ
vS0KYuWG3NA,LIVE: Bundestag-Debatte 08.07.2022,2022-07-08T14:42:41Z,7725,406,15,PT5H49M28S,UCq2rogaxLtQFrYG3X3KYNww,AfD TV,https://www.youtube.com/watch?v=vS0KYuWG3NA
qkQHHyQ-xJs,"Teuerung: brutal und asozial! | 7 Tage Deutschland, der Wochenendpodcast der AfD vom 8. Juli 2022",2022-07-08T09:59:03Z,10405,1551,145,PT48M40S,UCq2rogaxLtQFrYG3X3KYNww,AfD TV,https://www.youtube.com/watch?v=qkQHHyQ-xJs
mhZPZuNImUQ,LIVE: Bundestag-Debatte 07.07.2022,2022-07-07T17:01:07Z,8391,224,11,PT8H1M5S,UCq2rogaxLtQFrYG3X3KYNww,AfD TV,https://www.youtube.com/watch?v=mhZPZuNImUQ
n2fPwkymN3U,AfD lehnt diskriminierende Antidiskriminierungsbeauftragte ab - da flippt die Koalition aus,2022-07-07T08:14:43Z,15028,2156,215,PT4M25S,UCq2rogaxLtQFrYG3X3KYNww,AfD TV,https://www.youtube.com/watch?v=n2fPwkymN3U
xFU37l_Fj1s,LIVE: Bundestag-Debatte 06.07.2022,2022-07-06T18:45:52Z,6981,218,15,PT6H53M4S,UCq2rogaxLtQFrYG3X3KYNww,AfD TV,https://www.youtube.com/watch?v=xFU37l_Fj1s
5w88a7PqF1E,Die Klima-Religion ist nur das Vehikel für sozialistische Verhältnisse!,2022-07-06T13:01:35Z,11571,1985,141,PT4M8S,UCq2rogaxLtQFrYG3X3KYNww,AfD TV,https://www.youtube.com/watch?v=5w88a7PqF1E
5QeOyqQjza0,"Inflation: Ursache ist nicht der Ukraine-Krieg, sondern die Politik der Altparteien!",2022-07-06T10:35:00Z,46559,5498,466,PT7M17S,UCq2rogaxLtQFrYG3X3KYNww,AfD TV,https://www.youtube.com/watch?v=5QeOyqQjza0
uWL2FfSL2bk,Der Osten kann nur mit einem starken Mittelstand gedeihen!,2022-07-06T09:46:08Z,3737,729,40,PT4M43S,UCq2rogaxLtQFrYG3X3KYNww,AfD TV,https://www.youtube.com/watch?v=uWL2FfSL2bk
76QVFWytgHk,„Wir können die Kernkraft weiterführen und wir müssen sie sogar weiterführen!“,2022-07-05T12:52:14Z,6139,1283,116,PT3M42S,UCq2rogaxLtQFrYG3X3KYNww,AfD TV,https://www.youtube.com/watch?v=76QVFWytgHk
l07MU37DPfc,Bystron: NEIN zu einem Bundeswehr-Einsatz in Bosnien und Herzegowina!,2022-07-02T16:00:24Z,6381,1271,96,PT4M22S,UCq2rogaxLtQFrYG3X3KYNww,AfD TV,https://www.youtube.com/watch?v=l07MU37DPfc
7ufyLe4wvx8,AfD-Antrag: Verunglimpfung unserer Soldaten nicht länger dulden!,2022-07-01T16:00:04Z,7020,1194,111,PT12M6S,UCq2rogaxLtQFrYG3X3KYNww,AfD TV,https://www.youtube.com/watch?v=7ufyLe4wvx8
ujYuQx0qwpM,"Koffer-Chaos am Flughafen! | 7 Tage Deutschland, Ausgabe 26/22 des AfD-Wochenendpodcasts vom 1.7.22",2022-07-01T10:35:20Z,7320,1183,165,PT47M33S,UCq2rogaxLtQFrYG3X3KYNww,AfD TV,https://www.youtube.com/watch?v=ujYuQx0qwpM
dzN-snfORSo,"Rückkehr zur Kernkraft: CDU und FDP reden nur, handeln aber nicht!",2022-06-30T16:00:24Z,9419,1856,229,PT5M5S,UCq2rogaxLtQFrYG3X3KYNww,AfD TV,https://www.youtube.com/watch?v=dzN-snfORSo
RPDRJol9EwE,"Selbstbestimmtes Sterben ermöglichen, aber Missbrauch verhindern!",2022-06-30T08:00:14Z,3548,709,43,PT3M31S,UCq2rogaxLtQFrYG3X3KYNww,AfD TV,https://www.youtube.com/watch?v=RPDRJol9EwE
ILI0d877jzs,Kindesmissbrauch im Netz: Staatsanwaltschaften verstärken statt nutzlose IP-Speicherung!,2022-06-29T16:00:17Z,2891,707,51,PT4M9S,UCq2rogaxLtQFrYG3X3KYNww,AfD TV,https://www.youtube.com/watch?v=ILI0d877jzs
YrsAepr-LDQ,„Zerstörerische Energiepolitik gegen das eigene Volk!“,2022-06-29T13:00:31Z,8188,1744,156,PT3M25S,UCq2rogaxLtQFrYG3X3KYNww,AfD TV,https://www.youtube.com/watch?v=YrsAepr-LDQ
UJaxu3Nh2W0,Die Menschen wieder zusammenbringen – Landratskandidat Torsten Gahler im Interview,2022-06-29T08:29:06Z,2991,568,36,PT2M44S,UCq2rogaxLtQFrYG3X3KYNww,AfD TV,https://www.youtube.com/watch?v=UJaxu3Nh2W0
MrRTkKb7M7E,Die Ampel-Regierung betrachtet Menschen als „Schwangerschafts-Gewebe“!,2022-06-27T16:00:14Z,12935,2326,235,PT3M7S,UCq2rogaxLtQFrYG3X3KYNww,AfD TV,https://www.youtube.com/watch?v=MrRTkKb7M7E
qYP9_QEDAeY,Jede Stimme zählt: Andreas Gerold muss Landrat in Zwickau werden!,2022-06-27T08:00:27Z,6408,1103,79,PT6M55S,UCq2rogaxLtQFrYG3X3KYNww,AfD TV,https://www.youtube.com/watch?v=qYP9_QEDAeY
fKA4MW0er0M,"Inflationspolitik der Altparteien: Zehn Milliarden an Indien, während hier die Preise explodieren!",2022-06-26T16:00:16Z,17896,2460,243,PT4M20S,UCq2rogaxLtQFrYG3X3KYNww,AfD TV,https://www.youtube.com/watch?v=fKA4MW0er0M
bOEUFi2lKfY,BAföG-Novelle: „Wir brauchen keine Notstandsgesetzgebung!“,2022-06-25T12:00:18Z,2637,547,34,PT7M3S,UCq2rogaxLtQFrYG3X3KYNww,AfD TV,https://www.youtube.com/watch?v=bOEUFi2lKfY
2nCM5vOLvck,"Vorstand gewählt, Parteitag beendet: ""Jetzt geht es an die Arbeit!""",2022-06-25T08:00:00Z,2919,519,20,PT1M52S,UCq2rogaxLtQFrYG3X3KYNww,AfD TV,https://www.youtube.com/watch?v=2nCM5vOLvck
02Bev-G6tbE,Thüringer Erfolgsmodell: Die AfD ist im Freistaat die stärkste Kraft!,2022-06-24T13:00:01Z,33807,3981,566,PT3M24S,UCq2rogaxLtQFrYG3X3KYNww,AfD TV,https://www.youtube.com/watch?v=02Bev-G6tbE
HZAORr3mPDE,Verfassungsgericht beschädigt Demokratie | 7 Tage Deutschland Ausgabe 25/22 d. AfD-Wochenendpodcasts,2022-06-24T11:59:36Z,9272,1560,187,PT47M13S,UCq2rogaxLtQFrYG3X3KYNww,AfD TV,https://www.youtube.com/watch?v=HZAORr3mPDE
NhsIXNH8QNk,„Wagen wir endlich mehr direkte Demokratie!“,2022-06-24T09:58:16Z,4302,754,83,PT5M57S,UCq2rogaxLtQFrYG3X3KYNww,AfD TV,https://www.youtube.com/watch?v=NhsIXNH8QNk
7CmqjLIskP8,Altparteien-Einheitsbrei in Görlitz: Wippel will’s richten!,2022-06-24T08:00:04Z,1935,279,15,PT4M58S,UCq2rogaxLtQFrYG3X3KYNww,AfD TV,https://www.youtube.com/watch?v=7CmqjLIskP8
GPtTsBbB9KQ,LIVE: Bundestag-Debatte 23.06.2022,2022-06-23T17:44:16Z,8259,346,13,PT8H37M49S,UCq2rogaxLtQFrYG3X3KYNww,AfD TV,https://www.youtube.com/watch?v=GPtTsBbB9KQ
wWCYwlXBALg,"Stephan Protschka, AfD-Chef in Bayern: „Ich will Söder angreifen“",2022-06-23T16:00:27Z,5357,774,89,PT5M38S,UCq2rogaxLtQFrYG3X3KYNww,AfD TV,https://www.youtube.com/watch?v=wWCYwlXBALg
AT7EYiyAQIc,"Ständige Stigmatisierung: Viele teilen die Positionen, wollen die AfD aber nicht wählen",2022-06-23T14:00:07Z,2479,387,29,PT6M39S,UCq2rogaxLtQFrYG3X3KYNww,AfD TV,https://www.youtube.com/watch?v=AT7EYiyAQIc
FGNRGstQUe4,Die Ampel steuert uns in die größte Krise nach dem Zweiten Weltkrieg!,2022-06-23T12:04:54Z,27971,4300,353,PT7M29S,UCq2rogaxLtQFrYG3X3KYNww,AfD TV,https://www.youtube.com/watch?v=FGNRGstQUe4
FPvS1GZVRc4,Wenn die Medien uns wegschweigen: Selbst ist die Partei!,2022-06-23T12:00:19Z,3494,664,48,PT5M57S,UCq2rogaxLtQFrYG3X3KYNww,AfD TV,https://www.youtube.com/watch?v=FPvS1GZVRc4
ihFi1phrEQU,Geschätzt und gefragt: Junge Leute in der AfD,2022-06-23T08:00:13Z,2995,336,31,PT4M11S,UCq2rogaxLtQFrYG3X3KYNww,AfD TV,https://www.youtube.com/watch?v=ihFi1phrEQU
12iq2O1ZRKQ,LIVE: Bundestag-Debatte 22.06.2022,2022-06-23T00:37:11Z,15022,665,14,PT6H56M49S,UCq2rogaxLtQFrYG3X3KYNww,AfD TV,https://www.youtube.com/watch?v=12iq2O1ZRKQ
pWOD1G2QUTs,"„Weil wir von allen angegriffen werden, müssen wir besser sein als alle anderen“",2022-06-22T16:00:38Z,6416,973,110,PT4M32S,UCq2rogaxLtQFrYG3X3KYNww,AfD TV,https://www.youtube.com/watch?v=pWOD1G2QUTs
3XpxbSmLMks,Wähler zurückgewinnen – mit Vertrauen und deutlichen Aussagen,2022-06-22T12:00:02Z,4243,757,65,PT5M11S,UCq2rogaxLtQFrYG3X3KYNww,AfD TV,https://www.youtube.com/watch?v=3XpxbSmLMks
aTcHUy-kb3o,Reden und Streiten gehört dazu – aber am Ende muss eine Meinung stehen,2022-06-22T08:00:00Z,2858,376,30,PT6M1S,UCq2rogaxLtQFrYG3X3KYNww,AfD TV,https://www.youtube.com/watch?v=aTcHUy-kb3o
PV1tYMNVpWk,Deutschland und die EU: Raus oder Reformieren? – Dr. Marc Jongen im Interview,2022-06-21T16:00:13Z,7432,1037,84,PT3M23S,UCq2rogaxLtQFrYG3X3KYNww,AfD TV,https://www.youtube.com/watch?v=PV1tYMNVpWk
tz4il63puP0,Die Verbindung schaffen zwischen Jung und Alt– Dennis Hohloch im Interview,2022-06-21T12:00:28Z,3306,555,24,PT5M58S,UCq2rogaxLtQFrYG3X3KYNww,AfD TV,https://www.youtube.com/watch?v=tz4il63puP0
3WZ9gGj5NUc,Was man aus Star-Wars lernen kann – Dr. Alice Weidel im Interview,2022-06-21T08:34:42Z,51460,5075,577,PT5M17S,UCq2rogaxLtQFrYG3X3KYNww,AfD TV,https://www.youtube.com/watch?v=3WZ9gGj5NUc
UEE6aINDElw,„Wir müssen nach vorne!“ Carsten Hütter im Interview,2022-06-20T16:00:15Z,6742,925,45,PT4M8S,UCq2rogaxLtQFrYG3X3KYNww,AfD TV,https://www.youtube.com/watch?v=UEE6aINDElw
FyAGPQ0uexI,Wo Meinungen noch gesagt werden dürfen: Das war der Bundesparteitag der AfD,2022-06-20T11:10:59Z,9561,1679,287,PT1M41S,UCq2rogaxLtQFrYG3X3KYNww,AfD TV,https://www.youtube.com/watch?v=FyAGPQ0uexI
v_fuhISlHQQ,++ AfD-TV LIVE: Tag 3 des AfD-Bundesparteitages im sächsischen Riesa ++,2022-06-19T15:16:35Z,47038,1567,272,PT6H48M36S,UCq2rogaxLtQFrYG3X3KYNww,AfD TV,https://www.youtube.com/watch?v=v_fuhISlHQQ
C_kvKG2EemI,Das Gute noch besser machen - Stephan Brandner im Interview,2022-06-19T14:41:28Z,10508,1235,126,PT6M20S,UCq2rogaxLtQFrYG3X3KYNww,AfD TV,https://www.youtube.com/watch?v=C_kvKG2EemI
GxAX2hu7PT4,Auf den Inhalt kommt es an!,2022-06-19T13:34:06Z,4225,609,38,PT4M59S,UCq2rogaxLtQFrYG3X3KYNww,AfD TV,https://www.youtube.com/watch?v=GxAX2hu7PT4
JEzqgHw7UV4,"Vertrauen zurückholen: „Keine Bedenken, dass wir das schaffen“",2022-06-19T12:55:29Z,8557,1185,75,PT3M31S,UCq2rogaxLtQFrYG3X3KYNww,AfD TV,https://www.youtube.com/watch?v=JEzqgHw7UV4
2HeGLXWBUZ0,Die Interessen der Deutschen auch im Ausland vertreten - das will die AfD,2022-06-19T12:32:12Z,6347,883,68,PT2M26S,UCq2rogaxLtQFrYG3X3KYNww,AfD TV,https://www.youtube.com/watch?v=2HeGLXWBUZ0
VoO9h3qiRrc,Wir sind die Alternative! Wir sind bereit,2022-06-19T09:20:44Z,19296,2610,422,PT2M42S,UCq2rogaxLtQFrYG3X3KYNww,AfD TV,https://www.youtube.com/watch?v=VoO9h3qiRrc
Fd0vKjq2AKc,"Der neue Bundesvorstand | 7 Tage Deutschland, Ausgabe 24/22 des AfD-Wochenendpodcasts vom 18.06.2022",2022-06-18T20:27:36Z,7595,1232,129,PT27M12S,UCq2rogaxLtQFrYG3X3KYNww,AfD TV,https://www.youtube.com/watch?v=Fd0vKjq2AKc
odL03GDLzFI,++ Tag 2 des AfD-Bundesparteitages in Riesa (Sachsen) am 18.06.2022 ++,2022-06-18T19:40:38Z,52909,2471,74,PT10H25M42S,UCq2rogaxLtQFrYG3X3KYNww,AfD TV,https://www.youtube.com/watch?v=odL03GDLzFI
GxNY0Jrs2eQ,"Der Moment, als Alice Weidel Bundessprecherin wurde",2022-06-18T15:41:04Z,116481,8667,389,PT31S,UCq2rogaxLtQFrYG3X3KYNww,AfD TV,https://www.youtube.com/watch?v=GxNY0Jrs2eQ
O7lr1f1uwkA,"Der Moment, als Tino Chrupalla Bundessprecher wurde",2022-06-18T15:37:37Z,28963,2733,79,PT55S,UCq2rogaxLtQFrYG3X3KYNww,AfD TV,https://www.youtube.com/watch?v=O7lr1f1uwkA
TMSGsZyteUc,Es geht um die Zukunft! Impression vom 1. Tag des 13. Bundesparteitags der AfD in Riesa,2022-06-18T09:02:17Z,7030,1157,76,PT2M22S,UCq2rogaxLtQFrYG3X3KYNww,AfD TV,https://www.youtube.com/watch?v=TMSGsZyteUc
uQJaBVVNXE4,++ Tag 1 des Bundesparteitages der AfD in Riesa (Sachsen) vom 17.06.22 ++,2022-06-17T19:53:57Z,71928,2900,81,PT11H4M,UCq2rogaxLtQFrYG3X3KYNww,AfD TV,https://www.youtube.com/watch?v=uQJaBVVNXE4
X0LQosYBDvQ,"AfD für echte Forschungspolitik: Weniger Ideologie, mehr Wissenschaft!",2022-06-14T12:25:32Z,8020,1517,119,PT3M43S,UCq2rogaxLtQFrYG3X3KYNww,AfD TV,https://www.youtube.com/watch?v=X0LQosYBDvQ
Ruoj4Uzte9o,Die Ampel kümmert sich um alle – außer um die Deutschen,2022-06-10T14:00:19Z,62714,7976,878,PT4M16S,UCq2rogaxLtQFrYG3X3KYNww,AfD TV,https://www.youtube.com/watch?v=Ruoj4Uzte9o
9G3S08noCt4,"Nie mehr Abschiebung? | 7 Tage Deutschland, Ausgabe 23/22 des AfD Wochenendpodcasts vom 10.06.2022",2022-06-10T12:17:26Z,23070,2623,441,PT48M39S,UCq2rogaxLtQFrYG3X3KYNww,AfD TV,https://www.youtube.com/watch?v=9G3S08noCt4
2KERUnUoQOo,Inflation frisst Rentenerhöhung komplett auf,2022-06-10T12:08:46Z,5927,1090,139,PT4M23S,UCq2rogaxLtQFrYG3X3KYNww,AfD TV,https://www.youtube.com/watch?v=2KERUnUoQOo
813AT37c2FE,Sondervermögen = Sonderschulden. Und das ohne wirkliche parlamentarische Kontrolle,2022-06-10T08:42:21Z,5974,1187,113,PT4M38S,UCq2rogaxLtQFrYG3X3KYNww,AfD TV,https://www.youtube.com/watch?v=813AT37c2FE
qzmiQ9Q_9XA,Agrarsubventionen fließen in Landesbehörden – und die Bauern bekommen nichts!,2022-06-09T11:01:35Z,5320,1055,101,PT6M,UCq2rogaxLtQFrYG3X3KYNww,AfD TV,https://www.youtube.com/watch?v=qzmiQ9Q_9XA
XV8A-3e-3lA,"Schulden sind der Kitt, der die Ampelkoalition zusammenhält",2022-06-08T10:13:18Z,14474,2541,162,PT4M42S,UCq2rogaxLtQFrYG3X3KYNww,AfD TV,https://www.youtube.com/watch?v=XV8A-3e-3lA
NZYZJ85lE2I,Kein Bonus für ungeimpfte Pfleger? AfD rechnet mit Mobbing-Koalition ab,2022-06-07T11:42:47Z,64761,7515,841,PT3M2S,UCq2rogaxLtQFrYG3X3KYNww,AfD TV,https://www.youtube.com/watch?v=NZYZJ85lE2I
qnTJOGbOL9o,Ampelpolitik im Geiste Maos: Zurück bleibt nur verbrannte Erde,2022-06-07T11:36:14Z,8712,1787,113,PT4M6S,UCq2rogaxLtQFrYG3X3KYNww,AfD TV,https://www.youtube.com/watch?v=qnTJOGbOL9o
mvTjrKPbEwo,Grüner Kulturmarxismus: Die Ampelregierung will Künstler auf Linie bringen,2022-06-04T16:00:32Z,10996,1980,185,PT3M44S,UCq2rogaxLtQFrYG3X3KYNww,AfD TV,https://www.youtube.com/watch?v=mvTjrKPbEwo
bXf4YulcPf0,"Ampel-Politik: Milliarden für die Pharma-Industrie, während der Steuerzahler blecht!",2022-06-03T18:00:12Z,10238,1723,147,PT4M19S,UCq2rogaxLtQFrYG3X3KYNww,AfD TV,https://www.youtube.com/watch?v=bXf4YulcPf0
sPbXhmY4_cA,"Rekordetat für Baerbock-Ministerium – aber keiner weiß, wofür sie das Geld ausgibt!",2022-06-03T16:00:36Z,42192,4940,436,PT4M7S,UCq2rogaxLtQFrYG3X3KYNww,AfD TV,https://www.youtube.com/watch?v=sPbXhmY4_cA
Apfoqz0_04Y,Die Ampel krempelt die Familien um – und das Justizministerium macht mit!,2022-06-03T13:00:09Z,42988,4533,307,PT3M50S,UCq2rogaxLtQFrYG3X3KYNww,AfD TV,https://www.youtube.com/watch?v=Apfoqz0_04Y
gvYtkHwLzqY,"Öl-Embargo = kein Benzin? | 7 Tage Deutschland, Ausgabe 22/22 des AfD-Wochenendpodcasts vom 03.06.22",2022-06-03T10:15:32Z,10559,1687,190,PT42M34S,UCq2rogaxLtQFrYG3X3KYNww,AfD TV,https://www.youtube.com/watch?v=gvYtkHwLzqY
P6Q1tzOoeFY,LIVE: Bundestag-Debatte 02.06.2022 Teil 2,2022-06-02T19:59:00Z,4815,394,12,PT4H47M30S,UCq2rogaxLtQFrYG3X3KYNww,AfD TV,https://www.youtube.com/watch?v=P6Q1tzOoeFY
PKE0Wx0MYY4,LIVE: Bundestag-Debatte 02.06.2022,2022-06-02T13:33:14Z,6028,379,3,PT5H58M40S,UCq2rogaxLtQFrYG3X3KYNww,AfD TV,https://www.youtube.com/watch?v=PKE0Wx0MYY4
BHHns85rEbk,"Familien werden kaum gefördert, aber für politische Erziehung ist Geld da!",2022-06-02T10:47:29Z,12870,1911,172,PT5M42S,UCq2rogaxLtQFrYG3X3KYNww,AfD TV,https://www.youtube.com/watch?v=BHHns85rEbk
d-RKO8d9H_c,Der Markt schafft Wohnraum – nicht die Ideologie der Ampel,2022-06-02T09:10:32Z,3991,762,57,PT3M41S,UCq2rogaxLtQFrYG3X3KYNww,AfD TV,https://www.youtube.com/watch?v=d-RKO8d9H_c
w66wzRaHvBQ,LIVE: Bundestag-Debatte 01.06.2022,2022-06-01T17:23:58Z,5465,222,26,PT9H11M20S,UCq2rogaxLtQFrYG3X3KYNww,AfD TV,https://www.youtube.com/watch?v=w66wzRaHvBQ
q385omiZhIY,Kein Plan für danach? „Mit der Energiewende endet die Utopie der Ampel!“,2022-06-01T16:00:59Z,35521,5053,347,PT9M3S,UCq2rogaxLtQFrYG3X3KYNww,AfD TV,https://www.youtube.com/watch?v=q385omiZhIY
sH86w00s3yM,"Milliarden für die Welt, Trostpflaster für die eigenen Bürger",2022-06-01T13:37:25Z,33746,4950,636,PT12M23S,UCq2rogaxLtQFrYG3X3KYNww,AfD TV,https://www.youtube.com/watch?v=sH86w00s3yM
FUdnMS2iYZc,LIVE: Bundestag-Debatte 31.05.2022,2022-05-31T21:01:33Z,7490,469,22,PT10H11M2S,UCq2rogaxLtQFrYG3X3KYNww,AfD TV,https://www.youtube.com/watch?v=FUdnMS2iYZc
RSIWiRWSmPc,„Zutiefst antisozial“: AfD-Haushaltsexperte rechnet mit Schuldenpolitik der Ampel ab!,2022-05-31T16:00:36Z,17101,2850,195,PT7M43S,UCq2rogaxLtQFrYG3X3KYNww,AfD TV,https://www.youtube.com/watch?v=RSIWiRWSmPc
m1OhR4pWuUQ,Jetzt Opposition spenden!,2022-05-31T09:37:24Z,5876,714,27,PT10S,UCq2rogaxLtQFrYG3X3KYNww,AfD TV,https://www.youtube.com/watch?v=m1OhR4pWuUQ
LB8cYBqne20,258 Ermittlungsverfahren gegen Islamisten – aber die Ministerin sieht nur „Rechte“!,2022-05-30T16:00:51Z,27041,4144,291,PT3M5S,UCq2rogaxLtQFrYG3X3KYNww,AfD TV,https://www.youtube.com/watch?v=LB8cYBqne20
l2CLxYyCtOo,"Mogelpackung 9€-Ticket | 7 Tage Deutschland, Ausgabe 21/22 des AfD-Wochenendpodcasts vom 27.05.2022",2022-05-27T11:08:16Z,32099,2785,342,PT40M32S,UCq2rogaxLtQFrYG3X3KYNww,AfD TV,https://www.youtube.com/watch?v=l2CLxYyCtOo
4jiiJ6FO0gM,"Jede zehnte Brücke marode – aber statt zu sanieren, wird Lärmschutz an Umleitungsstrecken gefördert",2022-05-24T10:47:42Z,6742,1321,105,PT3M13S,UCq2rogaxLtQFrYG3X3KYNww,AfD TV,https://www.youtube.com/watch?v=4jiiJ6FO0gM
-4zcBXBJL8w,"Demoverbote, Entrechtung von Eltern, Mobbing im Internet: In welcher Verfassung ist die Verfassung?",2022-05-23T09:00:44Z,63640,6739,469,PT12M24S,UCq2rogaxLtQFrYG3X3KYNww,AfD TV,https://www.youtube.com/watch?v=-4zcBXBJL8w
Zx2FzIyS_Bw,Arbeitsminister pöbelt gegen die AfD – die kontert mit knallharten Sachfragen,2022-05-22T08:00:51Z,246395,10243,1887,PT13M37S,UCq2rogaxLtQFrYG3X3KYNww,AfD TV,https://www.youtube.com/watch?v=Zx2FzIyS_Bw
_jYDBpLc9BQ,AfD-Aktuell - Interview Reichardt zur Preisexplosion,2022-05-21T16:00:33Z,6806,1116,111,PT5M17S,UCq2rogaxLtQFrYG3X3KYNww,AfD TV,https://www.youtube.com/watch?v=_jYDBpLc9BQ
DEvh97mCqUA,LIVE: Bundestag-Debatte 20.05.2022,2022-05-20T13:08:38Z,6444,409,16,PT5H39M54S,UCq2rogaxLtQFrYG3X3KYNww,AfD TV,https://www.youtube.com/watch?v=DEvh97mCqUA
ntDy8VAbR0E,"Die Öl-Katastrophe! | 7 Tage Deutschland, Ausgabe 20/22 des Wochenendpodcasts der AfD vom 20.05.2022",2022-05-20T12:52:28Z,19091,2516,312,PT42M57S,UCq2rogaxLtQFrYG3X3KYNww,AfD TV,https://www.youtube.com/watch?v=ntDy8VAbR0E
zJwRaXlyEk8,"Die vermurkste Energiewende sorgt dafür, dass alles teurer wird!",2022-05-20T09:07:46Z,8727,1131,151,PT11M54S,UCq2rogaxLtQFrYG3X3KYNww,AfD TV,https://www.youtube.com/watch?v=zJwRaXlyEk8
_fkSoNGye78,Rentenerhöhung hinkt der Inflation hinterher – Deutschland wird das Armenhaus der Alten!,2022-05-20T08:41:09Z,6005,1076,161,PT3M40S,UCq2rogaxLtQFrYG3X3KYNww,AfD TV,https://www.youtube.com/watch?v=_fkSoNGye78
G-nP7JBvtGs,LIVE: Bundestag-Debatte 19.05.2022,2022-05-19T22:12:49Z,7530,318,10,PT11H54M56S,UCq2rogaxLtQFrYG3X3KYNww,AfD TV,https://www.youtube.com/watch?v=G-nP7JBvtGs
qP-yrEmhMFU,"Schonungslos und schmerzhaft: AfD-Fraktionschefin zeigt, wie es um Deutschland steht",2022-05-19T13:36:47Z,21500,2320,219,PT4M1S,UCq2rogaxLtQFrYG3X3KYNww,AfD TV,https://www.youtube.com/watch?v=qP-yrEmhMFU
JrrzKNWWFg8,Wird Deutschland selbst zum Schlachtfeld? Kriegsbeteiligung stoppen!,2022-05-19T10:45:14Z,14976,2722,267,PT4M18S,UCq2rogaxLtQFrYG3X3KYNww,AfD TV,https://www.youtube.com/watch?v=JrrzKNWWFg8
Bi6mGY_v4sw,"Merkels Altkanzler-Mitarbeiter kosten jährlich 1,5 Millionen – und keiner weiß, was sie machen!",2022-05-18T16:00:38Z,20007,2920,294,PT3M52S,UCq2rogaxLtQFrYG3X3KYNww,AfD TV,https://www.youtube.com/watch?v=Bi6mGY_v4sw
7XNzT_AUGmw,Weder Wohltat noch hilfreich: AfD-Finanzpolitiker zerpflückt Entlastungspaket der Ampel,2022-05-18T09:33:43Z,22725,3655,342,PT2M12S,UCq2rogaxLtQFrYG3X3KYNww,AfD TV,https://www.youtube.com/watch?v=7XNzT_AUGmw
xAIsTZDrUkE,"Wenn Sie Millionen Menschen ins Land holen wollen, dann ist das der falsche Weg!",2022-05-17T16:00:51Z,18003,2857,333,PT4M26S,UCq2rogaxLtQFrYG3X3KYNww,AfD TV,https://www.youtube.com/watch?v=xAIsTZDrUkE
qtnjr6T2EDc,Steffen Kotré zum Wahnsinn des beschleunigten Ausbaus der erneuerbaren Energien!,2022-05-16T16:00:35Z,12103,2273,319,PT5M13S,UCq2rogaxLtQFrYG3X3KYNww,AfD TV,https://www.youtube.com/watch?v=qtnjr6T2EDc
jFUTANpA5l4,Wessen Interessen dient unsere militärische Präsenz im Sahel letztendlich noch?,2022-05-16T10:00:27Z,5140,1055,63,PT5M1S,UCq2rogaxLtQFrYG3X3KYNww,AfD TV,https://www.youtube.com/watch?v=jFUTANpA5l4
6N-hFTaBvLU,Gut von der AfD geklaut!,2022-05-15T16:00:25Z,9963,1790,194,PT5M5S,UCq2rogaxLtQFrYG3X3KYNww,AfD TV,https://www.youtube.com/watch?v=6N-hFTaBvLU
Vtpt5q2o-TM,"Familie ist kein Vertragswerk, sondern die Grundlage für unser Überleben",2022-05-15T10:00:56Z,12417,1756,163,PT12M50S,UCq2rogaxLtQFrYG3X3KYNww,AfD TV,https://www.youtube.com/watch?v=Vtpt5q2o-TM
493Fc9ELLF8,Neuer WHO-Vertrag: „Wir brauchen Druck von den Bürgern!“,2022-05-14T16:00:37Z,26228,3953,469,PT6M55S,UCq2rogaxLtQFrYG3X3KYNww,AfD TV,https://www.youtube.com/watch?v=493Fc9ELLF8
YRSofP7Tyb4,"Es ist wichtig, dass wir als AfD draußen wahrgenommen werden!",2022-05-14T13:00:23Z,6253,1112,108,PT14M22S,UCq2rogaxLtQFrYG3X3KYNww,AfD TV,https://www.youtube.com/watch?v=YRSofP7Tyb4
GXIh5H36fZM,LIVE: Bundestag-Debatte 13.05.2022,2022-05-13T14:40:59Z,7769,466,56,PT6H52M26S,UCq2rogaxLtQFrYG3X3KYNww,AfD TV,https://www.youtube.com/watch?v=GXIh5H36fZM
QcAg8r8zUYA,"AfD – wer sonst? | 7 Tage Deutschland, Ausgabe 19/22 des AfD-Wochenendpodcasts vom 13.05.2022",2022-05-13T13:04:24Z,6867,1041,82,PT49M20S,UCq2rogaxLtQFrYG3X3KYNww,AfD TV,https://www.youtube.com/watch?v=QcAg8r8zUYA
V4OtyluXUMg,Unbedingt ansehen! Alice Weidel bringt es wieder mal auf den Punkt!,2022-05-13T11:37:15Z,234614,15952,1492,PT3M39S,UCq2rogaxLtQFrYG3X3KYNww,AfD TV,https://www.youtube.com/watch?v=V4OtyluXUMg
HrMrSNfI1rY,Der große FDP-Check,2022-05-13T11:30:05Z,2822,422,30,PT1M41S,UCq2rogaxLtQFrYG3X3KYNww,AfD TV,https://www.youtube.com/watch?v=HrMrSNfI1rY
hwH0Mmk_cZ0,Ein fast perfektes Dinner...,2022-05-13T11:04:18Z,4570,741,30,PT45S,UCq2rogaxLtQFrYG3X3KYNww,AfD TV,https://www.youtube.com/watch?v=hwH0Mmk_cZ0
DJh8EM2TLqU,LIVE: Bundestag-Debatte 12.05.2022,2022-05-12T20:29:31Z,5937,364,16,PT11H54M58S,UCq2rogaxLtQFrYG3X3KYNww,AfD TV,https://www.youtube.com/watch?v=DJh8EM2TLqU
DZz9ZKQ0xKE,CLAN-KRIMINALITÄT! Altparteien unternehmen nichts!,2022-05-12T16:00:53Z,7911,1665,201,PT5M11S,UCq2rogaxLtQFrYG3X3KYNww,AfD TV,https://www.youtube.com/watch?v=DZz9ZKQ0xKE
4b1ZwMXxGy4,Eine Verschiebung können Frankreich und besonders Deutschland wahrlich gut gebrauchen!,2022-05-12T14:00:22Z,16964,1913,144,PT13M54S,UCq2rogaxLtQFrYG3X3KYNww,AfD TV,https://www.youtube.com/watch?v=4b1ZwMXxGy4
_vHhCKOPEoY,LIVE: Bundestag-Debatte 11.05.2022,2022-05-12T05:43:28Z,9111,422,9,PT11H54M59S,UCq2rogaxLtQFrYG3X3KYNww,AfD TV,https://www.youtube.com/watch?v=_vHhCKOPEoY
1e2fDkTx7lw,Verschlankung der Öffentlich-Rechtlichen: Zwei Drittel der Bürger stehen hinter der AfD!,2022-05-11T16:00:41Z,8120,1419,174,PT11M1S,UCq2rogaxLtQFrYG3X3KYNww,AfD TV,https://www.youtube.com/watch?v=1e2fDkTx7lw
eLgU_4Gtdjc,"Es gibt Leute, die kann man nicht allein lassen…",2022-05-11T15:00:50Z,6836,1209,92,PT1M2S,UCq2rogaxLtQFrYG3X3KYNww,AfD TV,https://www.youtube.com/watch?v=eLgU_4Gtdjc
r3Eug4LkHC8,Die AfD sei „deutlich rechtsstaatlicher“ als so manche anderen Bestrebungen.,2022-05-11T14:00:21Z,5112,942,65,PT10M44S,UCq2rogaxLtQFrYG3X3KYNww,AfD TV,https://www.youtube.com/watch?v=r3Eug4LkHC8
ds2YtfEuu2k,Die Kriminalität gegenüber Frauen ist eines der wichtigsten Themen von Iris Dworeck-Danielowski.,2022-05-10T16:00:34Z,5958,1152,92,PT13M31S,UCq2rogaxLtQFrYG3X3KYNww,AfD TV,https://www.youtube.com/watch?v=ds2YtfEuu2k
KdUmwqAHvfM,Anders als die Grünen orientiere sich die AfD  an der Lebenswirklichkeit ganz normaler Menschen!,2022-05-10T14:00:42Z,8055,1310,144,PT14M22S,UCq2rogaxLtQFrYG3X3KYNww,AfD TV,https://www.youtube.com/watch?v=KdUmwqAHvfM
AikXmI5cON4,"Würden Bürger so wählen, wie sie denken, hätte die AfD 30 Prozent!",2022-05-09T16:00:40Z,43623,5333,972,PT16M21S,UCq2rogaxLtQFrYG3X3KYNww,AfD TV,https://www.youtube.com/watch?v=AikXmI5cON4
jyiG29-_KOY,Wir brauchen die Rück-Abwicklung von 16 Jahren Merkel-Politik!,2022-05-08T16:00:23Z,16026,3217,424,PT4M12S,UCq2rogaxLtQFrYG3X3KYNww,AfD TV,https://www.youtube.com/watch?v=jyiG29-_KOY
31MLDWTPCpg,"Milliarden für Strom, der einfach verpufft",2022-05-08T12:00:56Z,7832,1324,88,PT32S,UCq2rogaxLtQFrYG3X3KYNww,AfD TV,https://www.youtube.com/watch?v=31MLDWTPCpg
sZyH9JBHb8I,"Wenn ich Deutscher wäre, würde ich die AfD wählen",2022-05-08T11:00:32Z,11268,1444,221,PT26S,UCq2rogaxLtQFrYG3X3KYNww,AfD TV,https://www.youtube.com/watch?v=sZyH9JBHb8I
D9Joiu7Stas,Schleswig-Holstein braucht eine starke Opposition!,2022-05-08T10:00:35Z,5830,1120,179,PT27S,UCq2rogaxLtQFrYG3X3KYNww,AfD TV,https://www.youtube.com/watch?v=D9Joiu7Stas
Q7KKY0L12dA,"Wenn alle von Sinnen sind, bleibt die AfD bei Verstand",2022-05-07T18:00:37Z,7157,1235,99,PT36S,UCq2rogaxLtQFrYG3X3KYNww,AfD TV,https://www.youtube.com/watch?v=Q7KKY0L12dA
1UDKlbkw-RM,Tino Chrupalla: „Nur die AfD ist standhaft geblieben!“,2022-05-07T16:00:58Z,19090,2825,257,PT19M51S,UCq2rogaxLtQFrYG3X3KYNww,AfD TV,https://www.youtube.com/watch?v=1UDKlbkw-RM
997-Uy7Pt6g,Skurriles Deutschland in drei Sätzen erklärt,2022-05-07T14:00:33Z,28097,3372,175,PT29S,UCq2rogaxLtQFrYG3X3KYNww,AfD TV,https://www.youtube.com/watch?v=997-Uy7Pt6g
zITAUkF0cws,Die Deutschen werden kalt enteignet,2022-05-07T12:00:35Z,14574,2283,184,PT39S,UCq2rogaxLtQFrYG3X3KYNww,AfD TV,https://www.youtube.com/watch?v=zITAUkF0cws
H8slRqxd29Q,LIVE: AfD-Wahlkampfendspurt NRW,2022-05-07T10:30:07Z,11651,1413,129,PT1H22M51S,UCq2rogaxLtQFrYG3X3KYNww,AfD TV,https://www.youtube.com/watch?v=H8slRqxd29Q
fx6mBvnW1xI,"Heizen für Hamburg, Zahlen fürs Klima",2022-05-07T10:00:35Z,3970,850,50,PT27S,UCq2rogaxLtQFrYG3X3KYNww,AfD TV,https://www.youtube.com/watch?v=fx6mBvnW1xI
hyk_-ewfniA,"„Die Leute merken, dass hier etwas gewaltig gegen den Baum geht!“",2022-05-06T18:00:19Z,24286,2676,302,PT22M8S,UCq2rogaxLtQFrYG3X3KYNww,AfD TV,https://www.youtube.com/watch?v=hyk_-ewfniA
4cE-LxlqFAw,Unterstützung für die AfD aus Dänemark: „Ihr seid die Partei für normale Menschen“,2022-05-06T16:00:39Z,12845,2374,199,PT5M17S,UCq2rogaxLtQFrYG3X3KYNww,AfD TV,https://www.youtube.com/watch?v=4cE-LxlqFAw
BpeZzU7jSeY,"An der Bundeswehr gescheitert, mit einer EU-Armee gepunktet?",2022-05-06T14:00:27Z,8698,1286,56,PT23S,UCq2rogaxLtQFrYG3X3KYNww,AfD TV,https://www.youtube.com/watch?v=BpeZzU7jSeY
-zunQcx_DzQ,"Ampel-„Entlastungen“: Nur eine Mogelpackung! | 7 Tage Deutschland, Ausgabe 18/22 des AfD-Podcasts",2022-05-06T12:40:18Z,12333,1606,193,PT47M42S,UCq2rogaxLtQFrYG3X3KYNww,AfD TV,https://www.youtube.com/watch?v=-zunQcx_DzQ
Hji8haIgmf4,Ideologie-Politik können wir uns nicht mehr leisten!,2022-05-06T12:00:44Z,11920,1973,112,PT43S,UCq2rogaxLtQFrYG3X3KYNww,AfD TV,https://www.youtube.com/watch?v=Hji8haIgmf4
IkUyFL2ofw8,Verkehrte Welt im Hohen Norden,2022-05-06T10:00:55Z,16364,2344,119,PT29S,UCq2rogaxLtQFrYG3X3KYNww,AfD TV,https://www.youtube.com/watch?v=IkUyFL2ofw8
OxV_nZAIIdA,„Die AfD ist das demokratische Korrektiv in dieser gefährlichen Zeit“,2022-05-05T16:00:48Z,15596,2330,248,PT21M5S,UCq2rogaxLtQFrYG3X3KYNww,AfD TV,https://www.youtube.com/watch?v=OxV_nZAIIdA
dXu6gBO2gpE,So unsozial ist die Inflations-Politik der Altparteien!,2022-05-05T14:00:58Z,12198,1693,99,PT30S,UCq2rogaxLtQFrYG3X3KYNww,AfD TV,https://www.youtube.com/watch?v=dXu6gBO2gpE
xIYz_4qtUK4,23 Jahre arbeitet man nur für den Staat!,2022-05-05T12:00:40Z,8153,1517,78,PT39S,UCq2rogaxLtQFrYG3X3KYNww,AfD TV,https://www.youtube.com/watch?v=xIYz_4qtUK4
u0nzuPtx9Is,"Wir werden in Angst gehalten, um gefügiger zu sein!",2022-05-05T10:00:51Z,19493,2715,254,PT15M41S,UCq2rogaxLtQFrYG3X3KYNww,AfD TV,https://www.youtube.com/watch?v=u0nzuPtx9Is
Ht4nM3DbDWs,Beatrix von Storch teilt aus: Daniel Günther als Praktikant nach Kopenhagen schicken!,2022-05-04T16:00:42Z,63854,7394,740,PT13M35S,UCq2rogaxLtQFrYG3X3KYNww,AfD TV,https://www.youtube.com/watch?v=Ht4nM3DbDWs
qVVdczC3mlg,Das GANZE Video gibt es hier! Ampel will AfD-Mann lächerlich machen! Doch der teilt ordentlich aus!,2022-05-03T16:00:52Z,57631,5919,510,PT12M41S,UCq2rogaxLtQFrYG3X3KYNww,AfD TV,https://www.youtube.com/watch?v=qVVdczC3mlg
zw4Foo-66CI,Vom Brandstifter zur Feuerwehr? Hier rechnet ein Händler mit der Lockdown-Union ab!,2022-05-02T16:00:38Z,16147,2877,158,PT4M18S,UCq2rogaxLtQFrYG3X3KYNww,AfD TV,https://www.youtube.com/watch?v=zw4Foo-66CI
QkHE2FlamVY,Als Lehrer in die Politik – für bessere Schulen in NRW,2022-05-02T10:00:34Z,8312,1257,90,PT10M19S,UCq2rogaxLtQFrYG3X3KYNww,AfD TV,https://www.youtube.com/watch?v=QkHE2FlamVY
_aoTElX4-Hg,„Die NATO-Osterweiterung war mehr Versailles als Wien!“,2022-05-01T16:00:56Z,17287,3300,297,PT3M52S,UCq2rogaxLtQFrYG3X3KYNww,AfD TV,https://www.youtube.com/watch?v=_aoTElX4-Hg
w8E0pvcYzwU,Das ist permanenter Rechtsbruch!,2022-05-01T10:00:36Z,17869,2953,159,PT4M29S,UCq2rogaxLtQFrYG3X3KYNww,AfD TV,https://www.youtube.com/watch?v=w8E0pvcYzwU
0wMElvY31Ao,AfD-Fraktion holt Baerbock zurück auf den Boden,2022-04-30T16:00:37Z,986109,24130,7417,PT12M59S,UCq2rogaxLtQFrYG3X3KYNww,AfD TV,https://www.youtube.com/watch?v=0wMElvY31Ao
3LxcxLVIt-0,Offizieller Wahlspot der AfD zur Landtagswahl in NRW 2022,2022-04-30T10:00:37Z,27015,3690,398,PT1M31S,UCq2rogaxLtQFrYG3X3KYNww,AfD TV,https://www.youtube.com/watch?v=3LxcxLVIt-0
CccSDXw17G0,Wahnsinn! Die Ampel will die Würde und das Lebensrecht von Ungeborenen beseitigen!,2022-04-29T16:00:44Z,13020,2354,193,PT5M13S,UCq2rogaxLtQFrYG3X3KYNww,AfD TV,https://www.youtube.com/watch?v=CccSDXw17G0
zCujE2zJ9J0,Bundestag-Debatte LIVE 29.04.2022,2022-04-29T13:24:41Z,8180,498,21,PT5H41M5S,UCq2rogaxLtQFrYG3X3KYNww,AfD TV,https://www.youtube.com/watch?v=zCujE2zJ9J0
R9AsxRloU_k,"Kühlschrank leer? Schuld ist Özdemir! | 7 Tage Deutschland, Ausgabe 17/22 des AfD Wochenendpodcasts",2022-04-29T11:36:15Z,16248,2118,281,PT44M22S,UCq2rogaxLtQFrYG3X3KYNww,AfD TV,https://www.youtube.com/watch?v=R9AsxRloU_k
z_qiVWlQDe4,Bundestag-Debatte LIVE 28.04.2022 TEIL 2,2022-04-28T20:09:51Z,9246,618,22,PT6H56M45S,UCq2rogaxLtQFrYG3X3KYNww,AfD TV,https://www.youtube.com/watch?v=z_qiVWlQDe4
hp1PSOgnu20,"Das Klima als Religion, um die Menschen umzuerziehen",2022-04-28T16:00:43Z,15542,2928,285,PT5M9S,UCq2rogaxLtQFrYG3X3KYNww,AfD TV,https://www.youtube.com/watch?v=hp1PSOgnu20
9zBsGH4NlEU,Für ein friedliches Zusammenleben müssen wir die Scheuklappen absetzen!,2022-04-28T10:00:41Z,7449,1362,181,PT4M41S,UCq2rogaxLtQFrYG3X3KYNww,AfD TV,https://www.youtube.com/watch?v=9zBsGH4NlEU
57SVqApiB9Q,Bundestag-Debatte LIVE 28.04.2022,2022-04-28T08:51:26Z,6482,460,64,PT1H37M45S,UCq2rogaxLtQFrYG3X3KYNww,AfD TV,https://www.youtube.com/watch?v=57SVqApiB9Q
vBmAue1l_b0,Bundestag-Debatte LIVE 27.04.2022,2022-04-27T20:08:08Z,13935,803,20,PT6H46M4S,UCq2rogaxLtQFrYG3X3KYNww,AfD TV,https://www.youtube.com/watch?v=vBmAue1l_b0
-aNl5vKbKGI,Von wegen „alte weiße Männer“: Diese jungen Leute stehen für die AfD!,2022-04-27T16:00:43Z,34408,4067,484,PT30M40S,UCq2rogaxLtQFrYG3X3KYNww,AfD TV,https://www.youtube.com/watch?v=-aNl5vKbKGI
lzDEg7gEYu4,++ AfD-Radio-Spot in Schleswig-Holstein: „Dein Norden – Deine Wahl!“ ++,2022-04-25T18:00:13Z,7692,1519,112,PT30S,UCq2rogaxLtQFrYG3X3KYNww,AfD TV,https://www.youtube.com/watch?v=lzDEg7gEYu4
glJ8HUOHcw8,Küstenfischerei retten – als Wirtschaftsfaktor und Kulturgut,2022-04-25T16:00:30Z,4944,915,44,PT4M22S,UCq2rogaxLtQFrYG3X3KYNww,AfD TV,https://www.youtube.com/watch?v=glJ8HUOHcw8
JiCxZ0UhKSw,++ Jetzt Video anschauen: Das AfD-Sofortprogramm gegen Inflation! ++,2022-04-25T12:46:36Z,87140,2324,169,PT1M2S,UCq2rogaxLtQFrYG3X3KYNww,AfD TV,https://www.youtube.com/watch?v=JiCxZ0UhKSw
AtAwnwqFREI,Gottschalk deckt den Steuer-Schwindel der Ampel auf!,2022-04-24T16:00:28Z,30391,4205,300,PT4M56S,UCq2rogaxLtQFrYG3X3KYNww,AfD TV,https://www.youtube.com/watch?v=AtAwnwqFREI
FLxDpRRZxp0,Schleswig-Holstein: Das Wahlprogramm in 77 Sekunden,2022-04-24T10:00:35Z,11820,2370,217,PT1M44S,UCq2rogaxLtQFrYG3X3KYNww,AfD TV,https://www.youtube.com/watch?v=FLxDpRRZxp0
S_We_i1WLM8,Wir müssen sämtliche Entscheidungen vor dem Hintergrund Deutscher Interessen betrachten!,2022-04-23T16:00:26Z,27015,3864,279,PT4M6S,UCq2rogaxLtQFrYG3X3KYNww,AfD TV,https://www.youtube.com/watch?v=S_We_i1WLM8
duT8m_Uo3dQ,"Was die Grünen machen, ist keine Umweltpolitik!",2022-04-22T16:00:39Z,10625,1864,155,PT3M36S,UCq2rogaxLtQFrYG3X3KYNww,AfD TV,https://www.youtube.com/watch?v=duT8m_Uo3dQ
ST9ASy2xur4,"Jede Woche ein Altparteien-Rücktritt? | 7 Tage Deutschland, Ausgabe 16/22 des AfD-Wochenendpodcasts",2022-04-22T11:03:20Z,52242,5804,907,PT39M,UCq2rogaxLtQFrYG3X3KYNww,AfD TV,https://www.youtube.com/watch?v=ST9ASy2xur4
gJxIbuN0nWw,G7: Nur ein Medienrummel ohne Ergebnisse,2022-04-21T17:00:56Z,15482,2410,131,PT4M32S,UCq2rogaxLtQFrYG3X3KYNww,AfD TV,https://www.youtube.com/watch?v=gJxIbuN0nWw
lBd-EokbZfw,"Die Menschen so sein lassen, wie sie sind! Mit der AfD gegen Meinungsdiktatur",2022-04-21T14:00:28Z,22526,3465,324,PT10M51S,UCq2rogaxLtQFrYG3X3KYNww,AfD TV,https://www.youtube.com/watch?v=lBd-EokbZfw
wMKmJ9lXZIA,"„Wir haben es geschafft, bis in die Mitte der Gesellschaft vorzudringen!“",2022-04-20T16:00:28Z,80825,8708,731,PT9M51S,UCq2rogaxLtQFrYG3X3KYNww,AfD TV,https://www.youtube.com/watch?v=wMKmJ9lXZIA
diQzudYhAjA,Christian Loose: Die Altparteien leben in ihrer eigenen rosa Welt!,2022-04-20T10:00:35Z,15484,2405,203,PT11M29S,UCq2rogaxLtQFrYG3X3KYNww,AfD TV,https://www.youtube.com/watch?v=diQzudYhAjA
8gA7rvY3fTk,AfD-Spitzenkandidat Wagner zur NRW-Wahl: „Wir sind so stark wie nie zuvor!“,2022-04-19T16:00:36Z,37598,4910,547,PT9M3S,UCq2rogaxLtQFrYG3X3KYNww,AfD TV,https://www.youtube.com/watch?v=8gA7rvY3fTk
kvJ4L7g7U8g,Schaffen Sie alle G-Regelungen ab!,2022-04-19T10:00:51Z,15827,1929,94,PT35S,UCq2rogaxLtQFrYG3X3KYNww,AfD TV,https://www.youtube.com/watch?v=kvJ4L7g7U8g
PWOHknIxKbY,Tausende Bauernhöfe in Deutschland in Gefahr!,2022-04-18T16:00:36Z,10475,1862,190,PT6M2S,UCq2rogaxLtQFrYG3X3KYNww,AfD TV,https://www.youtube.com/watch?v=PWOHknIxKbY
aSM4Vu2lLrQ,"Gender-Unsinn hilft Frauen nicht, wenn sie von Gewalt und Ehrenmorden bedroht sind",2022-04-18T10:00:51Z,21250,2600,96,PT45S,UCq2rogaxLtQFrYG3X3KYNww,AfD TV,https://www.youtube.com/watch?v=aSM4Vu2lLrQ
Iqchq1fBVCQ,"„Ja, Sozialisten und Feministen schaffen Gleichstellung – nämlich die im Elend.“",2022-04-17T16:00:36Z,51036,6103,487,PT4M33S,UCq2rogaxLtQFrYG3X3KYNww,AfD TV,https://www.youtube.com/watch?v=Iqchq1fBVCQ
SE2r6fufKKg,Biologisch und juristisch bleibt Ganserer ein Mann!,2022-04-17T10:00:35Z,42662,4555,347,PT59S,UCq2rogaxLtQFrYG3X3KYNww,AfD TV,https://www.youtube.com/watch?v=SE2r6fufKKg
ySqkajhnvMQ,Mit dem rot-grünen Narrenschiff in den Sozialismus!,2022-04-16T16:00:46Z,62140,7164,663,PT4M38S,UCq2rogaxLtQFrYG3X3KYNww,AfD TV,https://www.youtube.com/watch?v=ySqkajhnvMQ
SNNOGhN6kZ0,"Impfpflicht in der Gesundheitsbranche: Erst bejubelt, dann gefeuert",2022-04-16T10:00:36Z,33030,3679,200,PT46S,UCq2rogaxLtQFrYG3X3KYNww,AfD TV,https://www.youtube.com/watch?v=SNNOGhN6kZ0
_GM6BGp3X8w,Schuften für die Energiewende: Jedes Jahr einen ganzen Monat!,2022-04-15T16:00:16Z,19977,2784,314,PT6M42S,UCq2rogaxLtQFrYG3X3KYNww,AfD TV,https://www.youtube.com/watch?v=_GM6BGp3X8w
EkvqM-GwPCk,"Jung, rebellisch, konservativ - die Junge Alternative für Deutschland",2022-04-14T16:00:38Z,13244,1994,125,PT14M,UCq2rogaxLtQFrYG3X3KYNww,AfD TV,https://www.youtube.com/watch?v=EkvqM-GwPCk
Co2vkiiIK1Y,"Scholz & die Wackelminister | Ausgabe 15/22 von 7 Tage Deutschland, dem AfD-Podcast vom 14.04.2022",2022-04-14T08:00:30Z,66822,6046,977,PT38M6S,UCq2rogaxLtQFrYG3X3KYNww,AfD TV,https://www.youtube.com/watch?v=Co2vkiiIK1Y
TZatxNsGzgY,„AfD – Wer sonst?“ Kandidaten der NRW-Wahl im Gespräch,2022-04-13T18:01:04Z,26362,3394,379,PT40M56S,UCq2rogaxLtQFrYG3X3KYNww,AfD TV,https://www.youtube.com/watch?v=TZatxNsGzgY
wt0jMfiS464,Wir haben unser Wahlversprechen gehalten!,2022-04-13T14:00:34Z,22056,4392,538,PT1M33S,UCq2rogaxLtQFrYG3X3KYNww,AfD TV,https://www.youtube.com/watch?v=wt0jMfiS464
is3VgPK0s1U,Lehrermangel: Geld für die Schulen statt für die Antifa,2022-04-13T10:00:56Z,11653,1498,51,PT28S,UCq2rogaxLtQFrYG3X3KYNww,AfD TV,https://www.youtube.com/watch?v=is3VgPK0s1U
3a9ORYVLgHg,💙AfD-Spitzenkandidat Jörg Nobis,2022-04-12T18:00:50Z,10676,1811,177,PT7M,UCq2rogaxLtQFrYG3X3KYNww,AfD TV,https://www.youtube.com/watch?v=3a9ORYVLgHg
0oW2Ko6aYlU,💙AfD persönlich: Julian Flak kandidiert in Schleswig-Holstein!,2022-04-12T16:00:36Z,4617,825,55,PT8M52S,UCq2rogaxLtQFrYG3X3KYNww,AfD TV,https://www.youtube.com/watch?v=0oW2Ko6aYlU
ikUTATKgGr4,💙AfD persönlich: Kurt Kleinschmidt,2022-04-12T14:00:35Z,7960,1346,126,PT8M45S,UCq2rogaxLtQFrYG3X3KYNww,AfD TV,https://www.youtube.com/watch?v=ikUTATKgGr4
NavPwsKEN50,Mit CDU und Ampel geht es abwärts für Deutschland,2022-04-12T10:00:25Z,17454,2050,117,PT36S,UCq2rogaxLtQFrYG3X3KYNww,AfD TV,https://www.youtube.com/watch?v=NavPwsKEN50
v0Br61M08Cs,"Was die Ukraine braucht, das ist ein starkes, wehrhaftes Europa der Vaterländer.",2022-04-11T16:00:38Z,7616,1109,154,PT5M14S,UCq2rogaxLtQFrYG3X3KYNww,AfD TV,https://www.youtube.com/watch?v=v0Br61M08Cs
lVtf1liVi6I,💙 Freiheit statt Bevormundung! Am 8. Mai in Schleswig-Holstein AfD wählen!,2022-04-11T14:07:07Z,5589,1372,147,PT1M30S,UCq2rogaxLtQFrYG3X3KYNww,AfD TV,https://www.youtube.com/watch?v=lVtf1liVi6I
8oahLCifJBw,Kurt Kleinschmidt: 💙 Der Kontakt zu den Menschen ist Schwerpunkt meiner Arbeit!,2022-04-11T14:00:19Z,6209,1095,82,PT1M42S,UCq2rogaxLtQFrYG3X3KYNww,AfD TV,https://www.youtube.com/watch?v=8oahLCifJBw
WNEuK9snpXE,Das Leben wird unbezahlbar – und der Kanzler merkt es nicht,2022-04-11T10:00:34Z,31122,3273,199,PT38S,UCq2rogaxLtQFrYG3X3KYNww,AfD TV,https://www.youtube.com/watch?v=WNEuK9snpXE
XZk4EgLbNRA,Da gibt es nichts zu lachen!,2022-04-10T16:19:44Z,33715,5740,439,PT4M51S,UCq2rogaxLtQFrYG3X3KYNww,AfD TV,https://www.youtube.com/watch?v=XZk4EgLbNRA
mEtsRlo0j28,"FDP-Wähler: Verraten, verkauft und verarscht!",2022-04-10T10:00:28Z,50618,6676,436,PT4M30S,UCq2rogaxLtQFrYG3X3KYNww,AfD TV,https://www.youtube.com/watch?v=mEtsRlo0j28
QkFW2kAP8G0,Maskenpflicht im Bundestag: Immer noch Notstandsgebiet?,2022-04-09T17:00:27Z,85081,8000,1277,PT4M38S,UCq2rogaxLtQFrYG3X3KYNww,AfD TV,https://www.youtube.com/watch?v=QkFW2kAP8G0
mlPsg7GumzM,++ Wahlkampfauftakt der AfD in Nordrhein-Westfalen ++,2022-04-09T12:13:31Z,20295,2889,71,PT1H42M34S,UCq2rogaxLtQFrYG3X3KYNww,AfD TV,https://www.youtube.com/watch?v=mlPsg7GumzM
RHJz17jH8_A,"Was gibt Ihnen das Recht, mich zu entmündigen?",2022-04-09T10:00:51Z,22162,4837,522,PT1M22S,UCq2rogaxLtQFrYG3X3KYNww,AfD TV,https://www.youtube.com/watch?v=RHJz17jH8_A
U7Ju7w5R8JY,+++ Bürgerdialog in Brandenburg +++ mit AfD-Bundessprecher Tino Chrupalla +++,2022-04-08T18:00:45Z,9943,1451,92,PT1H1M7S,UCq2rogaxLtQFrYG3X3KYNww,AfD TV,https://www.youtube.com/watch?v=U7Ju7w5R8JY
NfcQpRYhJBQ,++ Jetzt Wahl-Spot anschauen: Am 8. Mai in Schleswig-Holstein die AfD wählen! ++,2022-04-08T15:00:22Z,8191,1452,166,PT1M30S,UCq2rogaxLtQFrYG3X3KYNww,AfD TV,https://www.youtube.com/watch?v=NfcQpRYhJBQ
qcofQfMRHYA,Bundestag-Debatte LIVE 08.04.2022,2022-04-08T14:09:55Z,8245,612,25,PT5H32M45S,UCq2rogaxLtQFrYG3X3KYNww,AfD TV,https://www.youtube.com/watch?v=qcofQfMRHYA
nEiv0OVOdLk,"Bürgerprotest wirkt! | 7 Tage Deutschland, Ausgabe 14/22 des AfD-Wochenendpodcasts",2022-04-08T10:12:14Z,18932,2908,496,PT32M1S,UCq2rogaxLtQFrYG3X3KYNww,AfD TV,https://www.youtube.com/watch?v=nEiv0OVOdLk
xE6szyA1ZHU,Bundestag-Debatte LIVE 07.04.2022,2022-04-07T22:34:29Z,25079,1152,21,PT11H54M59S,UCq2rogaxLtQFrYG3X3KYNww,AfD TV,https://www.youtube.com/watch?v=xE6szyA1ZHU
YqLATVMqY-M,Die Impfpflicht ist radikal verfassungsfeindlich!,2022-04-07T16:00:39Z,33454,6474,771,PT4M57S,UCq2rogaxLtQFrYG3X3KYNww,AfD TV,https://www.youtube.com/watch?v=YqLATVMqY-M
G3iaZ3nzTHk,"Lauterbach, Scholz, und Spahn haben gelogen!",2022-04-07T12:00:08Z,60145,8032,641,PT3M24S,UCq2rogaxLtQFrYG3X3KYNww,AfD TV,https://www.youtube.com/watch?v=G3iaZ3nzTHk
lW98tdlbTV8,Kindergeld darf kein Anreiz zum Sozialtourismus sein!,2022-04-07T10:00:35Z,7310,1426,131,PT4M22S,UCq2rogaxLtQFrYG3X3KYNww,AfD TV,https://www.youtube.com/watch?v=lW98tdlbTV8
tRyQ4PzXoqo,Bundestag-Debatte LIVE 06.04.2022,2022-04-07T00:17:57Z,13010,514,14,PT6H38M24S,UCq2rogaxLtQFrYG3X3KYNww,AfD TV,https://www.youtube.com/watch?v=tRyQ4PzXoqo
RbsOS2XzE1o,"Sie machen Schulden, Schulden, Schulden!",2022-04-06T16:00:48Z,32316,5186,439,PT5M1S,UCq2rogaxLtQFrYG3X3KYNww,AfD TV,https://www.youtube.com/watch?v=RbsOS2XzE1o
q2IA-sxBcg8,Abgelehnte Asylbewerber endlich ABSCHIEBEN!,2022-04-06T10:00:34Z,8975,1723,119,PT4M11S,UCq2rogaxLtQFrYG3X3KYNww,AfD TV,https://www.youtube.com/watch?v=q2IA-sxBcg8
esX4wkpMf3g,Die Sanktionen schaden Deutschland mehr als der russischen Regierung!,2022-04-05T18:00:55Z,17895,3012,286,PT4M26S,UCq2rogaxLtQFrYG3X3KYNww,AfD TV,https://www.youtube.com/watch?v=esX4wkpMf3g
jY_cDFV7gvc,Der Zustand der Bundeswehr ist katastrophal!,2022-04-05T14:36:18Z,5312,965,143,PT11M49S,UCq2rogaxLtQFrYG3X3KYNww,AfD TV,https://www.youtube.com/watch?v=jY_cDFV7gvc
Twhtv3COwBA,Heizen wird zum Luxus – und der Staat verdient weiter,2022-04-05T10:13:55Z,20170,2199,143,PT40S,UCq2rogaxLtQFrYG3X3KYNww,AfD TV,https://www.youtube.com/watch?v=Twhtv3COwBA
X1rHeun3xEE,Ampelregierung will Kunst und Kultur auf Öko-Linie trimmen!,2022-04-04T16:00:46Z,35495,4988,495,PT4M39S,UCq2rogaxLtQFrYG3X3KYNww,AfD TV,https://www.youtube.com/watch?v=X1rHeun3xEE
WnnduD8lKvQ,"Heizkostenzuschuss: Eine Krücke für Menschen, denen man zuvor die Beine gebrochen hat",2022-04-04T10:17:11Z,216518,10046,253,PT35S,UCq2rogaxLtQFrYG3X3KYNww,AfD TV,https://www.youtube.com/watch?v=WnnduD8lKvQ
ro_rZ-TO7eA,Die Ampel-Außenpolitik ist prinzipienlos und verlogen!,2022-04-03T16:00:29Z,55655,7455,497,PT2M57S,UCq2rogaxLtQFrYG3X3KYNww,AfD TV,https://www.youtube.com/watch?v=ro_rZ-TO7eA
3Y2kCIo6KwE,"Lebenskosten steigen weiter: Was braucht es noch, um aufzuwachen?",2022-04-03T10:00:02Z,17473,2516,175,PT40S,UCq2rogaxLtQFrYG3X3KYNww,AfD TV,https://www.youtube.com/watch?v=3Y2kCIo6KwE
kTy9WrWY69w,"Gauland mahnt zu Pragmatismus: „Europäische Friedensordnung geht nur mit Russland!""",2022-04-02T16:00:43Z,80981,8843,868,PT7M18S,UCq2rogaxLtQFrYG3X3KYNww,AfD TV,https://www.youtube.com/watch?v=kTy9WrWY69w
LpEl0WZTazI,"Wer Grenzen abschaffen will, hasst seine Heimat",2022-04-02T10:00:57Z,25555,3213,174,PT32S,UCq2rogaxLtQFrYG3X3KYNww,AfD TV,https://www.youtube.com/watch?v=LpEl0WZTazI
ztugRXDwx7I,"AfD erklärt feministische Politik: Hauptsache, das Image stimmt",2022-04-01T16:00:49Z,54472,7040,646,PT6M41S,UCq2rogaxLtQFrYG3X3KYNww,AfD TV,https://www.youtube.com/watch?v=ztugRXDwx7I
jZLMxnfRXSw,"Raketen-Abwehr? Altparteien-Aktionismus! | 7 Tage Deutschland, der AfD-Podcast vom 01.04.2022",2022-04-01T10:26:35Z,8495,1383,117,PT43M11S,UCq2rogaxLtQFrYG3X3KYNww,AfD TV,https://www.youtube.com/watch?v=jZLMxnfRXSw
XvgTohfjdfA,Lockdowns haben Existenzen zerstört,2022-04-01T10:00:51Z,83288,5671,138,PT42S,UCq2rogaxLtQFrYG3X3KYNww,AfD TV,https://www.youtube.com/watch?v=XvgTohfjdfA
PCewoRodatw,Die SPD stieg mit der SED-Nachfolgepartei ins Bett!,2022-03-31T16:00:39Z,19898,3492,373,PT3M39S,UCq2rogaxLtQFrYG3X3KYNww,AfD TV,https://www.youtube.com/watch?v=PCewoRodatw
5u2CbeU_Fug,"Erst ausgebeutet, dann abgezockt:",2022-03-31T10:00:05Z,19793,2357,122,PT36S,UCq2rogaxLtQFrYG3X3KYNww,AfD TV,https://www.youtube.com/watch?v=5u2CbeU_Fug
kVPWhAIAPIQ,Rücktrittsforderungen im Fall Spiegel: Koalition geht mal wieder in Deckung,2022-03-30T16:00:37Z,121313,11812,1055,PT5M57S,UCq2rogaxLtQFrYG3X3KYNww,AfD TV,https://www.youtube.com/watch?v=kVPWhAIAPIQ
9825tTj26_I,Deutschland: Ein Rückzugsort für Terroristen?,2022-03-30T10:00:38Z,14960,1975,153,PT46S,UCq2rogaxLtQFrYG3X3KYNww,AfD TV,https://www.youtube.com/watch?v=9825tTj26_I
hIgXAy4moqE,AfD-Politiker zerlegen die Steuerpolitik der Ampel: Mit dem Lastenrad in Richtung Abgrund,2022-03-29T16:00:39Z,54157,5385,732,PT30M6S,UCq2rogaxLtQFrYG3X3KYNww,AfD TV,https://www.youtube.com/watch?v=hIgXAy4moqE
yXh57M2Nmdk,Eine IMPFPFLICHT lehnen wir vollständig ab!,2022-03-29T10:00:36Z,30976,4367,335,PT42S,UCq2rogaxLtQFrYG3X3KYNww,AfD TV,https://www.youtube.com/watch?v=yXh57M2Nmdk
rTK2qI7OLPg,+++ Flutnacht im Ahrtal: Spiegel agierte unmoralisch und in höchstem Maße unfähig +++,2022-03-28T16:00:38Z,10403,1837,153,PT4M18S,UCq2rogaxLtQFrYG3X3KYNww,AfD TV,https://www.youtube.com/watch?v=rTK2qI7OLPg
q0o74QItCso,Baumann reicht’s!,2022-03-28T10:00:33Z,36597,4585,245,PT1M24S,UCq2rogaxLtQFrYG3X3KYNww,AfD TV,https://www.youtube.com/watch?v=q0o74QItCso
TINarJQ4fww,Chrupalla: „Würden Sie dieser Regierung Ihre Kinder anvertrauen? Ich nicht!“,2022-03-27T16:00:25Z,162548,15135,1787,PT12M36S,UCq2rogaxLtQFrYG3X3KYNww,AfD TV,https://www.youtube.com/watch?v=TINarJQ4fww
MHOQwt4oJXc,Geimpfter AfD-Politiker fordert freie Impfentscheidung,2022-03-27T10:00:08Z,14664,2105,117,PT52S,UCq2rogaxLtQFrYG3X3KYNww,AfD TV,https://www.youtube.com/watch?v=MHOQwt4oJXc
rOVyWFd3FxQ,„Die CDU hat ihre Glaubwürdigkeit längst verspielt!“,2022-03-26T17:00:38Z,24209,3708,278,PT3M46S,UCq2rogaxLtQFrYG3X3KYNww,AfD TV,https://www.youtube.com/watch?v=rOVyWFd3FxQ
561vf7Hnepc,+++ Anne Spiegel interessiert sich nur für Anne Spiegel +++,2022-03-26T11:26:15Z,47432,4569,526,PT16M19S,UCq2rogaxLtQFrYG3X3KYNww,AfD TV,https://www.youtube.com/watch?v=561vf7Hnepc
Aq4Um9coF34,Ampel-Sprache leicht gemacht,2022-03-26T11:00:09Z,9625,1298,29,PT37S,UCq2rogaxLtQFrYG3X3KYNww,AfD TV,https://www.youtube.com/watch?v=Aq4Um9coF34
YXHzpa7Zn5M,"Dr. Christian Wirth: „Zeit, dass wir saarländische und deutsche Interessen formulieren!“",2022-03-25T17:00:40Z,10558,1695,138,PT12M56S,UCq2rogaxLtQFrYG3X3KYNww,AfD TV,https://www.youtube.com/watch?v=YXHzpa7Zn5M
PX1VQcvNw0o,"Nach Wahl am Sonntag: AfD im Saarland stärkste Opposition? | 7 Tage Deutschland, der AfD-Podcast",2022-03-25T14:29:19Z,32973,3951,532,PT46M57S,UCq2rogaxLtQFrYG3X3KYNww,AfD TV,https://www.youtube.com/watch?v=PX1VQcvNw0o
s3cDcUeE1Eg,Bürger brauchen keine Impfpflicht - die Politik dagegen schon,2022-03-25T11:00:35Z,255484,15154,411,PT28S,UCq2rogaxLtQFrYG3X3KYNww,AfD TV,https://www.youtube.com/watch?v=s3cDcUeE1Eg
HJJ-fn_cDrY,Migration und Familie: Für eine echte Willkommenskultur!,2022-03-24T18:00:35Z,10525,2188,173,PT1M35S,UCq2rogaxLtQFrYG3X3KYNww,AfD TV,https://www.youtube.com/watch?v=HJJ-fn_cDrY
ytSEj7hGx_s,Wie die FDP umkippt und die Freiheit verrät,2022-03-24T11:00:33Z,12427,1783,67,PT50S,UCq2rogaxLtQFrYG3X3KYNww,AfD TV,https://www.youtube.com/watch?v=ytSEj7hGx_s
kys1QnNblWQ,Faeser wird in die Mangel genommen denn Verfassungsschutz stützt sich auf linkslastige Quellen!,2022-03-23T18:30:29Z,194454,12991,1658,PT4M1S,UCq2rogaxLtQFrYG3X3KYNww,AfD TV,https://www.youtube.com/watch?v=kys1QnNblWQ
ZYPyGctAUX4,"Joachim Paul: „Die AfD ist das politische Immunsystem unseres Landes!""",2022-03-23T16:00:16Z,7342,1408,128,PT9M26S,UCq2rogaxLtQFrYG3X3KYNww,AfD TV,https://www.youtube.com/watch?v=ZYPyGctAUX4
cCQy0U0frFg,"Hört endlich auf, die deutsche Staatsbürgerschaft zu verschenken!",2022-03-23T11:00:19Z,10014,1379,49,PT34S,UCq2rogaxLtQFrYG3X3KYNww,AfD TV,https://www.youtube.com/watch?v=cCQy0U0frFg
B1G4Z08J4Z0,Chrupalla: „Man braucht uns – und deshalb bekämpfen uns die Regierenden“,2022-03-22T18:00:55Z,15617,2576,243,PT24M29S,UCq2rogaxLtQFrYG3X3KYNww,AfD TV,https://www.youtube.com/watch?v=B1G4Z08J4Z0
44ZArHN6UV4,Steinmeier VERHÖHNT die RAF-Opfer!,2022-03-22T17:00:03Z,21133,3465,215,PT4M12S,UCq2rogaxLtQFrYG3X3KYNww,AfD TV,https://www.youtube.com/watch?v=44ZArHN6UV4
WBN424zjtH4,Sprit-Preise runter? Das geht nur mit Steuersenkung!,2022-03-22T12:00:28Z,9612,1806,179,PT7M35S,UCq2rogaxLtQFrYG3X3KYNww,AfD TV,https://www.youtube.com/watch?v=WBN424zjtH4
GJcGToTfOFM,„Sie sind ein Lügner und Sie werden es bleiben!“,2022-03-21T17:00:13Z,195753,19887,2112,PT4M43S,UCq2rogaxLtQFrYG3X3KYNww,AfD TV,https://www.youtube.com/watch?v=GJcGToTfOFM
1nHjEDLgPW0,Illegale Merkel-Migranten abschieben - Platz für echte Flüchtlinge schaffen!,2022-03-20T17:00:39Z,28350,4202,451,PT5M18S,UCq2rogaxLtQFrYG3X3KYNww,AfD TV,https://www.youtube.com/watch?v=1nHjEDLgPW0
HAYQUsmPVnw,Brandners Abrechnung mit der Koalition: Woanders würden Sie gar keinen Job finden!,2022-03-19T17:00:39Z,94276,10045,640,PT4M34S,UCq2rogaxLtQFrYG3X3KYNww,AfD TV,https://www.youtube.com/watch?v=HAYQUsmPVnw
oCPuFJbufls,Spritpreis-Krise & Inflation: Deutschland wird zum Teuerland!,2022-03-19T11:00:25Z,7386,1555,105,PT1M33S,UCq2rogaxLtQFrYG3X3KYNww,AfD TV,https://www.youtube.com/watch?v=oCPuFJbufls
SfSksr16dtc,Ukraine-Krieg mit politischen Mitteln lösen statt mit Waffenlieferungen!,2022-03-18T17:00:30Z,9464,1590,179,PT5M42S,UCq2rogaxLtQFrYG3X3KYNww,AfD TV,https://www.youtube.com/watch?v=SfSksr16dtc
GqfGNr48bkA,"Impfpflicht? Eine Art Erpressung! | 7 Tage Deutschland, Ausgabe 11/22 des AfD-Wochenendpodcasts",2022-03-18T12:53:00Z,18848,2627,306,PT41M19S,UCq2rogaxLtQFrYG3X3KYNww,AfD TV,https://www.youtube.com/watch?v=GqfGNr48bkA
5iyZ82674zs,Impfpflicht erniedrigt Millionen Menschen!,2022-03-17T18:00:03Z,32503,6313,504,PT4M44S,UCq2rogaxLtQFrYG3X3KYNww,AfD TV,https://www.youtube.com/watch?v=5iyZ82674zs
jgHPldWaNsU,Die Impfpflicht ist gar nicht durchsetzbar!,2022-03-17T14:00:16Z,145055,14536,1610,PT23M3S,UCq2rogaxLtQFrYG3X3KYNww,AfD TV,https://www.youtube.com/watch?v=jgHPldWaNsU
sWBEqNjpuTQ,So günstig könnte Tanken sein!,2022-03-17T10:48:40Z,24077,3055,337,PT59S,UCq2rogaxLtQFrYG3X3KYNww,AfD TV,https://www.youtube.com/watch?v=sWBEqNjpuTQ
QZpsOh-X_FA,Zwei Jahre Corona: Schluss mit permanenter Gängelung im „Nanny-Staat“,2022-03-16T17:00:23Z,18047,3229,235,PT5M1S,UCq2rogaxLtQFrYG3X3KYNww,AfD TV,https://www.youtube.com/watch?v=QZpsOh-X_FA
l_YuZ_CHo38,++ Pressekonferenz: AfD-Programm zur Landtagswahl NRW 2022 ++,2022-03-16T13:00:21Z,14631,1910,268,PT34M4S,UCq2rogaxLtQFrYG3X3KYNww,AfD TV,https://www.youtube.com/watch?v=l_YuZ_CHo38
90a4YQ6tGIQ,+++ Pressekonferenz mit Tino Chrupalla - Mahnwache gegen die Impfpflicht +++,2022-03-16T09:43:20Z,28455,4520,400,PT30M53S,UCq2rogaxLtQFrYG3X3KYNww,AfD TV,https://www.youtube.com/watch?v=90a4YQ6tGIQ
rlYtf59IUgI,Bürger werden von Scholz verunglimpft!,2022-03-15T17:00:35Z,213986,9526,566,PT39S,UCq2rogaxLtQFrYG3X3KYNww,AfD TV,https://www.youtube.com/watch?v=rlYtf59IUgI
bIUOiEaNZU4,Erschreckende Zahlen sprechen gegen Impfpflicht!,2022-03-15T13:00:17Z,78993,9942,824,PT3M51S,UCq2rogaxLtQFrYG3X3KYNww,AfD TV,https://www.youtube.com/watch?v=bIUOiEaNZU4
rEzE1y53a_M,„Zwei Jahre Corona-Politik waren gebaut auf falschen Zahlen!“,2022-03-14T17:00:28Z,537524,37717,887,PT56S,UCq2rogaxLtQFrYG3X3KYNww,AfD TV,https://www.youtube.com/watch?v=rEzE1y53a_M
urymqaqdXZA,Wer kann der CDU noch glauben?,2022-03-13T15:00:25Z,35071,4769,412,PT3M10S,UCq2rogaxLtQFrYG3X3KYNww,AfD TV,https://www.youtube.com/watch?v=urymqaqdXZA
TJmAWp-uxzs,Wir müssen diese Wahnsinnigen stoppen!,2022-03-12T15:00:14Z,78189,7116,378,PT36S,UCq2rogaxLtQFrYG3X3KYNww,AfD TV,https://www.youtube.com/watch?v=TJmAWp-uxzs
ASq337gbTyA,Spaziergänger sind KEINE Staatsfeinde!,2022-03-11T17:00:13Z,23810,2963,181,PT47S,UCq2rogaxLtQFrYG3X3KYNww,AfD TV,https://www.youtube.com/watch?v=ASq337gbTyA
QHUCa2xD9ko,"Abzocke an der Tanke | 7 Tage Deutschland, der AfD-Wochenendpodcast – Ausgabe 10/22 vom 11.03.2022",2022-03-11T10:11:37Z,18199,2551,321,PT37M24S,UCq2rogaxLtQFrYG3X3KYNww,AfD TV,https://www.youtube.com/watch?v=QHUCa2xD9ko
EDvjyXHUlH4,"„Sie, Herr Habeck, wollen den Untergang Deutschlands! Wir nicht.“",2022-03-10T17:00:11Z,1652727,57464,2158,PT49S,UCq2rogaxLtQFrYG3X3KYNww,AfD TV,https://www.youtube.com/watch?v=EDvjyXHUlH4
zUqe-6LpWBU,Unsinnige Entscheidungen der EU-Kommission!,2022-03-09T17:00:48Z,106767,10499,719,PT3M18S,UCq2rogaxLtQFrYG3X3KYNww,AfD TV,https://www.youtube.com/watch?v=zUqe-6LpWBU
AQILaCmE6Co,💙 Eine DRINGEND notwendige Rede für alle Frauen! 💙,2022-03-08T08:00:37Z,53780,7629,700,PT4M37S,UCq2rogaxLtQFrYG3X3KYNww,AfD TV,https://www.youtube.com/watch?v=AQILaCmE6Co
FqZ8eKFJZU4,Das hat gesessen! Martin Hess nimmt hier kein Blatt vor den Mund!,2022-03-07T17:00:10Z,404465,31473,2421,PT5M32S,UCq2rogaxLtQFrYG3X3KYNww,AfD TV,https://www.youtube.com/watch?v=FqZ8eKFJZU4
PK2IOEUHIdE,Gesund ohne Zwang | Sonderausgabe von 7 Tage Deutschland zum bundesweiten AfD-Aktionstag,2022-03-06T18:30:55Z,6284,901,66,PT28M58S,UCq2rogaxLtQFrYG3X3KYNww,AfD TV,https://www.youtube.com/watch?v=PK2IOEUHIdE
sajnkrQkvEk,💙 Deutschlandweiter Aktionstag für freie Impfentscheidung und gegen die Impfpflicht 💙,2022-03-06T17:30:10Z,7524,1399,94,PT1M59S,UCq2rogaxLtQFrYG3X3KYNww,AfD TV,https://www.youtube.com/watch?v=sajnkrQkvEk
n9zhs7xX4H4,💙 Ein voller Erfolg! 💙 Vielen Dank an alle die dabei waren!,2022-03-06T16:00:58Z,15829,2702,201,PT2M41S,UCq2rogaxLtQFrYG3X3KYNww,AfD TV,https://www.youtube.com/watch?v=n9zhs7xX4H4
1CmkN0Ee3Bo,AfD-TV vor Ort in Dresden! 💙 Tino Chrupalla im Interview am deutschlandweiten Aktionstag der AfD.,2022-03-06T10:59:58Z,31649,4141,249,PT1M45S,UCq2rogaxLtQFrYG3X3KYNww,AfD TV,https://www.youtube.com/watch?v=1CmkN0Ee3Bo
svChDSaiQGA,Klare Worte zu anhaltenden Corona-Gängeleien der Ampel-Parteien!,2022-03-05T09:00:25Z,45036,6078,613,PT3M40S,UCq2rogaxLtQFrYG3X3KYNww,AfD TV,https://www.youtube.com/watch?v=svChDSaiQGA
6XKCWGz_CsY,"Impfpflicht für Pflege- und Heilberufe, hier kommen Beroffene zu Wort",2022-03-04T18:00:04Z,17143,2513,202,PT9M49S,UCq2rogaxLtQFrYG3X3KYNww,AfD TV,https://www.youtube.com/watch?v=6XKCWGz_CsY
emOhQLbeRTc,Der neue Landessprecher der AfD in NRW stellt sich vor!,2022-03-04T14:00:18Z,18114,2519,277,PT10M32S,UCq2rogaxLtQFrYG3X3KYNww,AfD TV,https://www.youtube.com/watch?v=emOhQLbeRTc
QorgyUEKB-4,++💙  Gesund ohne Zwang Aktionstag 2022  💙++,2022-03-04T13:00:25Z,9376,2347,186,PT1M49S,UCq2rogaxLtQFrYG3X3KYNww,AfD TV,https://www.youtube.com/watch?v=QorgyUEKB-4
2KznYvugJFQ,"Bundeswehr kann Deutschland nicht verteidigen | 7 Tage Deutschland, AfD-Podcast 9/22 vom 04.03.22",2022-03-04T09:56:27Z,15091,1939,284,PT41M54S,UCq2rogaxLtQFrYG3X3KYNww,AfD TV,https://www.youtube.com/watch?v=2KznYvugJFQ
orvczmRva5E,Er ist einfach gut! 💙 Kay Gottschalks Rede zur Kalten Progression.,2022-03-03T17:00:36Z,27184,3639,181,PT4M21S,UCq2rogaxLtQFrYG3X3KYNww,AfD TV,https://www.youtube.com/watch?v=orvczmRva5E
JZZk-Pm9TTs,AfD klärt auf: IMPF-PFLICHT für Pflegeberufe,2022-03-03T13:00:18Z,20291,3008,248,PT2M2S,UCq2rogaxLtQFrYG3X3KYNww,AfD TV,https://www.youtube.com/watch?v=JZZk-Pm9TTs
oTi5Je1xVEU,Für die Deutschen wird alles teurer!,2022-03-02T17:00:38Z,30277,4456,519,PT3M9S,UCq2rogaxLtQFrYG3X3KYNww,AfD TV,https://www.youtube.com/watch?v=oTi5Je1xVEU
eB_3WjZ8rd0,Die Altparteien haben mitschuld am Krieg in der Ukraine!,2022-03-01T17:00:34Z,86340,9102,1117,PT4M4S,UCq2rogaxLtQFrYG3X3KYNww,AfD TV,https://www.youtube.com/watch?v=eB_3WjZ8rd0
m1xm2mPsvTE,"Krieg in der Ukraine. Rüdiger Lucassen, Oberst a. D. der Bundeswehr, hat klare Ansichten dazu!",2022-03-01T12:00:16Z,49785,5248,897,PT3M54S,UCq2rogaxLtQFrYG3X3KYNww,AfD TV,https://www.youtube.com/watch?v=m1xm2mPsvTE
56fc1dPvsfc,Mitglied im AfD-Bundesvorstand | Joana Cotar zum Grundgesetz,2022-02-28T18:00:31Z,10102,2384,118,PT2M8S,UCq2rogaxLtQFrYG3X3KYNww,AfD TV,https://www.youtube.com/watch?v=56fc1dPvsfc
4oUN7rIQh3Q,AfD-Bundessprecher | Tino Chrupalla zum Grundgesetz,2022-02-28T16:00:54Z,12515,2290,146,PT1M6S,UCq2rogaxLtQFrYG3X3KYNww,AfD TV,https://www.youtube.com/watch?v=4oUN7rIQh3Q
PMBJIUMDxzQ,Mitglied im AfD-Bundesvorstand | Dr. Sylvia Limmer zum Grundgesetz,2022-02-28T14:00:24Z,8890,1812,114,PT1M58S,UCq2rogaxLtQFrYG3X3KYNww,AfD TV,https://www.youtube.com/watch?v=PMBJIUMDxzQ
xj5ANCh-9-A,Stellv. AfD-Bundessprecher | Stephan Brandner zum Grundgesetz,2022-02-28T12:00:30Z,19330,2843,214,PT1M43S,UCq2rogaxLtQFrYG3X3KYNww,AfD TV,https://www.youtube.com/watch?v=xj5ANCh-9-A
yG-1URwzoyE,Mitglied im AfD-Bundesvorstand | Beatrix von Storch zum Grundgesetz,2022-02-28T09:50:57Z,22837,4133,302,PT1M25S,UCq2rogaxLtQFrYG3X3KYNww,AfD TV,https://www.youtube.com/watch?v=yG-1URwzoyE
2bUcZRyYDRE,Wir alle wollen Frieden in Deutschland und Europa!,2022-02-27T18:00:00Z,40211,5416,744,PT6M11S,UCq2rogaxLtQFrYG3X3KYNww,AfD TV,https://www.youtube.com/watch?v=2bUcZRyYDRE
q0-xLvNr5ng,Wir dürfen uns nicht unreflektiert in einen Krieg hineinziehen lassen!,2022-02-27T13:01:03Z,97186,8061,936,PT5M44S,UCq2rogaxLtQFrYG3X3KYNww,AfD TV,https://www.youtube.com/watch?v=q0-xLvNr5ng
vFXaSXvs-8A,Gehen Sie mal in eine BRENNPUNKT-SCHULE!,2022-02-26T13:00:34Z,15358,2666,193,PT3M26S,UCq2rogaxLtQFrYG3X3KYNww,AfD TV,https://www.youtube.com/watch?v=vFXaSXvs-8A
mcKrKZZm2sU,Ihre Politik ist NICHT nachhaltig!,2022-02-25T17:00:40Z,9113,1705,77,PT3M17S,UCq2rogaxLtQFrYG3X3KYNww,AfD TV,https://www.youtube.com/watch?v=mcKrKZZm2sU
9sZesiSnqX8,++ JETZT OPPOSITION SPENDEN! 💙  ++,2022-02-25T14:51:06Z,39452,2570,68,PT10S,UCq2rogaxLtQFrYG3X3KYNww,AfD TV,https://www.youtube.com/watch?v=9sZesiSnqX8
LfuEF_2ycMA,Nord Stream 2 hätte nie zum Druckmittel werden dürfen! | 7 Tage Deutschland der AfD-Wochenendpodcast,2022-02-25T13:20:34Z,21578,2747,336,PT39M52S,UCq2rogaxLtQFrYG3X3KYNww,AfD TV,https://www.youtube.com/watch?v=LfuEF_2ycMA
MKg_794yXv0,AfD-Mann zerlegt EU-Kommission!,2022-02-24T18:46:35Z,26916,3877,189,PT4M31S,UCq2rogaxLtQFrYG3X3KYNww,AfD TV,https://www.youtube.com/watch?v=MKg_794yXv0
ODp1l6X4te8,"Kaum erforscht, verfrüht zugelassen und bald sogar an Kindern getestet: mRNA-Impfstoffe",2022-02-23T17:15:01Z,91354,9368,845,PT13M17S,UCq2rogaxLtQFrYG3X3KYNww,AfD TV,https://www.youtube.com/watch?v=ODp1l6X4te8
ALfdq3iztJY,Dr. Gottfried Curio zerlegt Merkel-Asylpolitik,2022-02-22T17:00:47Z,36011,6355,455,PT3M25S,UCq2rogaxLtQFrYG3X3KYNww,AfD TV,https://www.youtube.com/watch?v=ALfdq3iztJY
9dj2u66oWJs,Erschreckend: Grünes Demokratieverständnis entlarvt!,2022-02-21T17:00:40Z,38655,4571,924,PT1M47S,UCq2rogaxLtQFrYG3X3KYNww,AfD TV,https://www.youtube.com/watch?v=9dj2u66oWJs
Lt4-WhBb3lo,Inflation explodiert: WANN HANDELN SIE?,2022-02-21T12:59:57Z,7337,1619,128,PT4M17S,UCq2rogaxLtQFrYG3X3KYNww,AfD TV,https://www.youtube.com/watch?v=Lt4-WhBb3lo
BRAquGXcBko,500.000 Pflege-Mitarbeiter von Kündigung bedroht!,2022-02-20T15:53:04Z,25013,4266,420,PT5M4S,UCq2rogaxLtQFrYG3X3KYNww,AfD TV,https://www.youtube.com/watch?v=BRAquGXcBko
TINhOuTrRVU,„Sie leiten ein Jahrzehnt der Volksverarmung ein!“,2022-02-19T17:00:30Z,24481,4080,295,PT4M23S,UCq2rogaxLtQFrYG3X3KYNww,AfD TV,https://www.youtube.com/watch?v=TINhOuTrRVU
OKVzK36sv14,"„Es geht hier nicht um Werte, sondern um Interessen!“",2022-02-18T17:00:30Z,96108,8269,501,PT3M53S,UCq2rogaxLtQFrYG3X3KYNww,AfD TV,https://www.youtube.com/watch?v=OKVzK36sv14
sToqHjQdmYk,500 Milliarden € in Styropor ohne Klima-Effekt | 7 Tage Deutschland – Ausgabe 7/22 vom 18.2.2022,2022-02-18T11:19:33Z,15971,2082,166,PT38M55S,UCq2rogaxLtQFrYG3X3KYNww,AfD TV,https://www.youtube.com/watch?v=sToqHjQdmYk
1pksqcM2TBI,Nach Gender-Kritik toben Grüne mit wütendem Geschrei!,2022-02-18T10:14:35Z,549775,27308,5971,PT10M1S,UCq2rogaxLtQFrYG3X3KYNww,AfD TV,https://www.youtube.com/watch?v=1pksqcM2TBI
8a6m5L85PfQ,AfD-Demo in Potsdam: +++ Freiheit statt Impfzwang +++ 📢,2022-02-16T18:10:02Z,21220,3574,236,PT47M15S,UCq2rogaxLtQFrYG3X3KYNww,AfD TV,https://www.youtube.com/watch?v=8a6m5L85PfQ
9cbY-anAH2g,"„Ist Ihnen eigentlich klar, was das für die Arbeitsplätze bedeutet?“",2022-02-16T18:00:08Z,13895,2511,263,PT3M32S,UCq2rogaxLtQFrYG3X3KYNww,AfD TV,https://www.youtube.com/watch?v=9cbY-anAH2g
ZCmzqe8YtzI,Die AfD bei der Wahl des Bundespräsidenten,2022-02-16T11:57:45Z,11372,1638,130,PT2M23S,UCq2rogaxLtQFrYG3X3KYNww,AfD TV,https://www.youtube.com/watch?v=ZCmzqe8YtzI
fPXB0oRW-vY,Verschonen Sie Afrika mit einer Energiewende!,2022-02-15T12:00:29Z,21092,3572,189,PT4M17S,UCq2rogaxLtQFrYG3X3KYNww,AfD TV,https://www.youtube.com/watch?v=fPXB0oRW-vY
BW4OgabQX-4,Scholz-Regierung: Gesinnung wichtiger als Qualifikation! | 7 Tage Deutschland - AfD-WE-Podcast 06/22,2022-02-11T09:20:54Z,45550,4488,443,PT44M57S,UCq2rogaxLtQFrYG3X3KYNww,AfD TV,https://www.youtube.com/watch?v=BW4OgabQX-4
2ujz_neJiOA,"Die Scharia gehört nicht nach Deutschland | 7 Tage Deutschland, der AfD-Podcast 5/22 vom 04.02.2022",2022-02-04T12:30:39Z,29042,4114,673,PT36M39S,UCq2rogaxLtQFrYG3X3KYNww,AfD TV,https://www.youtube.com/watch?v=2ujz_neJiOA
2_UYAtxLu7c,Impfen muss eine PERSÖNLICHE Entscheidung bleiben!,2022-02-03T17:00:01Z,573009,22381,686,PT37S,UCq2rogaxLtQFrYG3X3KYNww,AfD TV,https://www.youtube.com/watch?v=2_UYAtxLu7c
IXI-uhmYiK0,Abgeordnete werden an der Ausübung ihrer Verfassungsrechte GEHINDERT!,2022-02-03T11:00:07Z,215188,9644,338,PT43S,UCq2rogaxLtQFrYG3X3KYNww,AfD TV,https://www.youtube.com/watch?v=IXI-uhmYiK0
WrM11nGNzK0,Impfpflicht im Gesundheitswesen sofort aufheben!,2022-02-02T17:00:34Z,104386,12313,295,PT37S,UCq2rogaxLtQFrYG3X3KYNww,AfD TV,https://www.youtube.com/watch?v=WrM11nGNzK0
iGf1MEHnBQs,230.000 Stromsperren hatten wir 2020 in Deutschland!,2022-02-02T14:00:31Z,29510,3080,590,PT1M3S,UCq2rogaxLtQFrYG3X3KYNww,AfD TV,https://www.youtube.com/watch?v=iGf1MEHnBQs
i6AwwLfQGso,Es droht die komplette Deindustrialisierung Deutschlands!,2022-02-02T11:00:31Z,26593,4160,106,PT32S,UCq2rogaxLtQFrYG3X3KYNww,AfD TV,https://www.youtube.com/watch?v=i6AwwLfQGso
qXRisXcURXE,Zahlen-Tricksereien bei Corona aufklären!,2022-02-01T17:00:37Z,38706,5610,112,PT42S,UCq2rogaxLtQFrYG3X3KYNww,AfD TV,https://www.youtube.com/watch?v=qXRisXcURXE
q-OpT3LKkCI,Die Ampel befeuert Hass und Hetze gegen Andersdenkende!,2022-02-01T11:00:46Z,40131,6076,116,PT43S,UCq2rogaxLtQFrYG3X3KYNww,AfD TV,https://www.youtube.com/watch?v=q-OpT3LKkCI
pRYwa-yuOVI,"Es ist UNERTRÄGLICH, was aus der FDP geworden ist!",2022-02-01T08:00:58Z,92878,7889,184,PT29S,UCq2rogaxLtQFrYG3X3KYNww,AfD TV,https://www.youtube.com/watch?v=pRYwa-yuOVI
BnFg5L_dxOI,Ein medizinisches Experiment ohne ausreichende Daten!,2022-01-31T17:00:50Z,180029,12010,304,PT49S,UCq2rogaxLtQFrYG3X3KYNww,AfD TV,https://www.youtube.com/watch?v=BnFg5L_dxOI
TqiNSodZtTE,Impfpflicht: So dreist haben die Altparteien gelogen!,2022-01-31T14:25:09Z,55647,6386,617,PT1M33S,UCq2rogaxLtQFrYG3X3KYNww,AfD TV,https://www.youtube.com/watch?v=TqiNSodZtTE
VWwKlQV3xrY,Politiker-Einkünfte: Schlicht und einfach UNGERECHT!,2022-01-31T14:00:26Z,3230217,102161,2562,PT50S,UCq2rogaxLtQFrYG3X3KYNww,AfD TV,https://www.youtube.com/watch?v=VWwKlQV3xrY
-dGaDWcq3B0,300.000 Selbständige VERLOREN: Das ist alarmierend!,2022-01-31T11:00:36Z,75968,6415,120,PT32S,UCq2rogaxLtQFrYG3X3KYNww,AfD TV,https://www.youtube.com/watch?v=-dGaDWcq3B0
S-KPJO8sxI0,Habecks Klima-Plan hat DRAMATISCHE Folgen!,2022-01-30T18:00:32Z,110367,10093,899,PT5M32S,UCq2rogaxLtQFrYG3X3KYNww,AfD TV,https://www.youtube.com/watch?v=S-KPJO8sxI0
sklDIgucji0,„Machen Sie endlich Sozialpolitik für das eigene Volk!“,2022-01-29T18:00:44Z,38284,6049,614,PT4M25S,UCq2rogaxLtQFrYG3X3KYNww,AfD TV,https://www.youtube.com/watch?v=sklDIgucji0
vwiSGMLbi2w,„Ihre Politik treibt das Gesundheitssystem in den Ruin!“,2022-01-29T12:00:27Z,45503,5784,661,PT4M3S,UCq2rogaxLtQFrYG3X3KYNww,AfD TV,https://www.youtube.com/watch?v=vwiSGMLbi2w
GXVP6SVNKeI,FREIHEIT statt IMPF-PFLICHT!,2022-01-28T18:00:07Z,10882,2463,226,PT3M55S,UCq2rogaxLtQFrYG3X3KYNww,AfD TV,https://www.youtube.com/watch?v=GXVP6SVNKeI
qBkqErk36EA,Die Impfpflicht soll vom Corona-Staatsversagen ablenken!,2022-01-28T13:15:05Z,17073,3359,318,PT3M26S,UCq2rogaxLtQFrYG3X3KYNww,AfD TV,https://www.youtube.com/watch?v=qBkqErk36EA
dwAsBWfqz3Y,"Direktwahl des Bundespräsidenten ermöglichen! | 7 Tage Deutschland, der AfD-Podcast - Ausgabe 4/22",2022-01-28T09:41:32Z,14555,2454,272,PT36M1S,UCq2rogaxLtQFrYG3X3KYNww,AfD TV,https://www.youtube.com/watch?v=dwAsBWfqz3Y
X9pLEbocW7w,Es ist düster bestellt um unser Land!,2022-01-27T17:00:45Z,20621,4041,331,PT5M36S,UCq2rogaxLtQFrYG3X3KYNww,AfD TV,https://www.youtube.com/watch?v=X9pLEbocW7w
7inYw63mUgc,Hände weg von unseren Kindern!,2022-01-27T14:00:26Z,11972,2034,44,PT39S,UCq2rogaxLtQFrYG3X3KYNww,AfD TV,https://www.youtube.com/watch?v=7inYw63mUgc
WxRH0ou07XU,Abschieben schafft Wohnraum!,2022-01-27T12:04:17Z,238286,11302,520,PT28S,UCq2rogaxLtQFrYG3X3KYNww,AfD TV,https://www.youtube.com/watch?v=WxRH0ou07XU
hiw25S8gEgs,Die IMPF-PFLICHT ist ein autoritärer Amoklauf!,2022-01-27T11:12:54Z,31782,6120,587,PT6M9S,UCq2rogaxLtQFrYG3X3KYNww,AfD TV,https://www.youtube.com/watch?v=hiw25S8gEgs
HZWhyegAdZo,Kasachstan? HIER in Deutschland werden Medien zensiert!,2022-01-26T15:43:45Z,113645,11410,287,PT51S,UCq2rogaxLtQFrYG3X3KYNww,AfD TV,https://www.youtube.com/watch?v=HZWhyegAdZo
rsS02Jnh6U4,"Sogar der Weltklimarat setzt auf Kernkraft, nur die Grünen mauern!",2022-01-26T14:31:23Z,198096,8290,336,PT41S,UCq2rogaxLtQFrYG3X3KYNww,AfD TV,https://www.youtube.com/watch?v=rsS02Jnh6U4
ScHTyEPSY0E,Die Grünen unterstützen bauernfeindliche Stimmungsmache!,2022-01-26T09:52:35Z,19281,2859,206,PT4M31S,UCq2rogaxLtQFrYG3X3KYNww,AfD TV,https://www.youtube.com/watch?v=ScHTyEPSY0E
M6kwinFie_Y,Impfpflicht? Das ist wissenschaftlich NICHT zu begründen!,2022-01-25T17:30:10Z,48069,6448,635,PT34M19S,UCq2rogaxLtQFrYG3X3KYNww,AfD TV,https://www.youtube.com/watch?v=M6kwinFie_Y
pQ8ck65Ze6I,"„Der Nötigung der Regierung zu widerstehen, ist solidarisch!“",2022-01-25T11:01:04Z,41078,5987,550,PT7M15S,UCq2rogaxLtQFrYG3X3KYNww,AfD TV,https://www.youtube.com/watch?v=pQ8ck65Ze6I
SsOqZVX3Gmo,"„Was die Ampel abliefert, ist kein Aufbruch, sondern Rechtsbruch!“",2022-01-24T14:28:08Z,57000,8792,549,PT4M59S,UCq2rogaxLtQFrYG3X3KYNww,AfD TV,https://www.youtube.com/watch?v=SsOqZVX3Gmo
5ABTPKccd10,Wir brauchen GRUNDRECHTE statt IMPF-APARTHEID!,2022-01-24T09:45:11Z,34794,6586,572,PT4M36S,UCq2rogaxLtQFrYG3X3KYNww,AfD TV,https://www.youtube.com/watch?v=5ABTPKccd10
j9Ro72H9T8o,"Öffnen statt impfen? | 7 Tage Deutschland, der Wochenendpodcast der AfD, Ausgabe 3/22 vom 21.01.2022",2022-01-21T12:47:01Z,12970,1656,170,PT35M21S,UCq2rogaxLtQFrYG3X3KYNww,AfD TV,https://www.youtube.com/watch?v=j9Ro72H9T8o
tQPvomojxOU,Die Ampel-Regierung will eine Gesellschaft ohne Familie und Heimat!,2022-01-21T12:09:38Z,30957,5158,558,PT7M46S,UCq2rogaxLtQFrYG3X3KYNww,AfD TV,https://www.youtube.com/watch?v=tQPvomojxOU
35r1LG_S-lI,„Die Ampel will gar kein Europa der Menschen!“,2022-01-21T08:50:43Z,30998,5249,379,PT3M23S,UCq2rogaxLtQFrYG3X3KYNww,AfD TV,https://www.youtube.com/watch?v=35r1LG_S-lI
WmVvUBk4BmM,Unser Bildungssystem wird an die Wand gefahren!,2022-01-20T15:03:09Z,13102,2341,270,PT4M14S,UCq2rogaxLtQFrYG3X3KYNww,AfD TV,https://www.youtube.com/watch?v=WmVvUBk4BmM
BYf4L9ph3hc,Windräder werden zum Sicherheitsrisiko für Flugzeuge!,2022-01-20T11:24:41Z,14159,2394,200,PT4M25S,UCq2rogaxLtQFrYG3X3KYNww,AfD TV,https://www.youtube.com/watch?v=BYf4L9ph3hc
wizxzUsjn58,„Ziehen Sie die Lehren aus dem gescheiterten Afghanistan-Einsatz!“,2022-01-20T07:24:29Z,7063,1194,140,PT8M3S,UCq2rogaxLtQFrYG3X3KYNww,AfD TV,https://www.youtube.com/watch?v=wizxzUsjn58
FlZgspYbwSQ,Das Kulturleben wird zum grünen Propaganda-Instrument!,2022-01-19T13:53:15Z,13803,2621,166,PT5M1S,UCq2rogaxLtQFrYG3X3KYNww,AfD TV,https://www.youtube.com/watch?v=FlZgspYbwSQ
Lw3JxVu8y-s,Die Kriminalisierung der Spaziergänger ist UNRECHT!,2022-01-19T08:10:13Z,23271,4810,475,PT4M55S,UCq2rogaxLtQFrYG3X3KYNww,AfD TV,https://www.youtube.com/watch?v=Lw3JxVu8y-s
69UgU-W8rxE,Die FDP hat die Freiheit VERRATEN!,2022-01-18T14:04:24Z,20500,4017,295,PT4M17S,UCq2rogaxLtQFrYG3X3KYNww,AfD TV,https://www.youtube.com/watch?v=69UgU-W8rxE
Y05ffU-PeUk,Lauterbach wird KOMPLETT WORTBRÜCHIG!,2022-01-17T14:17:55Z,290825,20018,1966,PT4M30S,UCq2rogaxLtQFrYG3X3KYNww,AfD TV,https://www.youtube.com/watch?v=Y05ffU-PeUk
anQw8YVOgh8,Die ZERSTÖRUNG der grünen Außenpolitik!,2022-01-17T10:11:00Z,180332,14582,1215,PT5M9S,UCq2rogaxLtQFrYG3X3KYNww,AfD TV,https://www.youtube.com/watch?v=anQw8YVOgh8
g8zntccZCRQ,"„Wir haben Botschaften, die bei der Bevölkerung ankommen!“",2022-01-14T16:25:24Z,11798,1905,112,PT16M17S,UCq2rogaxLtQFrYG3X3KYNww,AfD TV,https://www.youtube.com/watch?v=g8zntccZCRQ
PDRtSGcKYoc,"Freiheit statt Spaltung | Ausgabe 2/22 von 7 Tage Deutschland, dem Wochenendpodcast der AfD",2022-01-14T13:36:43Z,13140,2389,236,PT38M23S,UCq2rogaxLtQFrYG3X3KYNww,AfD TV,https://www.youtube.com/watch?v=PDRtSGcKYoc
sy1e57dY2nI,Der Regierung fehlt der Respekt vor dem Volk!,2022-01-14T11:00:54Z,37195,5966,494,PT3M27S,UCq2rogaxLtQFrYG3X3KYNww,AfD TV,https://www.youtube.com/watch?v=sy1e57dY2nI
uMbKPbNYVY8,"CDU RASTET aus, als Curio KLARTEXT spricht!",2022-01-13T10:11:19Z,277503,22643,1999,PT7M6S,UCq2rogaxLtQFrYG3X3KYNww,AfD TV,https://www.youtube.com/watch?v=uMbKPbNYVY8
pt8nN8hKvks,Ausschluss ungeimpfter Abgeordneter: Das ist verfassungswidrig!,2022-01-12T15:44:54Z,22162,4204,484,PT3M20S,UCq2rogaxLtQFrYG3X3KYNww,AfD TV,https://www.youtube.com/watch?v=pt8nN8hKvks
WRES170AcPI,Lindner BRICHT sein 2G-Versprechen!,2022-01-11T08:36:12Z,50530,3863,548,PT57S,UCq2rogaxLtQFrYG3X3KYNww,AfD TV,https://www.youtube.com/watch?v=WRES170AcPI
Tfr-ZM3hI-I,Die FDP hat in zentralen Punkten GELOGEN!,2022-01-10T13:23:12Z,90373,12476,914,PT7M38S,UCq2rogaxLtQFrYG3X3KYNww,AfD TV,https://www.youtube.com/watch?v=Tfr-ZM3hI-I
BqZCZVv2uzQ,Rentner und Geringverdiener ENTLASTEN!,2022-01-07T14:06:49Z,28443,3504,285,PT3M54S,UCq2rogaxLtQFrYG3X3KYNww,AfD TV,https://www.youtube.com/watch?v=BqZCZVv2uzQ
VfdVJ83efy0,"„Spaziergänge für die Freiheit“ – 7 Tage Deutschland, der AfD-Wochenendpodcast 01/22 vom 07.01.2022",2022-01-07T12:42:15Z,37577,4610,531,PT31M9S,UCq2rogaxLtQFrYG3X3KYNww,AfD TV,https://www.youtube.com/watch?v=VfdVJ83efy0
4GSIYLiUYHk,"„Nicht die Ungeimpften müssen die Geimpften schützen, sondern der Impfstoff!“",2022-01-07T10:11:13Z,62391,10878,947,PT3M20S,UCq2rogaxLtQFrYG3X3KYNww,AfD TV,https://www.youtube.com/watch?v=4GSIYLiUYHk
SprMcgfgqYI,„Die dümmste Energiepolitik der Welt!“,2022-01-06T10:18:48Z,208232,18504,1637,PT4M46S,UCq2rogaxLtQFrYG3X3KYNww,AfD TV,https://www.youtube.com/watch?v=SprMcgfgqYI
_WEJs6iqW5E,Grundrechte dürfen nicht zu Privilegien werden!,2022-01-05T08:43:52Z,64047,9823,805,PT2M15S,UCq2rogaxLtQFrYG3X3KYNww,AfD TV,https://www.youtube.com/watch?v=_WEJs6iqW5E
zkuRPXYYiwA,„Die Ampel wird für VERFOLGTE CHRISTEN zur TODES-AMPEL!“,2022-01-04T13:14:53Z,61711,6639,521,PT3M6S,UCq2rogaxLtQFrYG3X3KYNww,AfD TV,https://www.youtube.com/watch?v=zkuRPXYYiwA
AgO6HKDqRJY,"Sitzplatz-Kindergarten: ""Wie KRANK ist das denn?""",2021-12-29T14:50:22Z,38516,5482,412,PT3M32S,UCq2rogaxLtQFrYG3X3KYNww,AfD TV,https://www.youtube.com/watch?v=AgO6HKDqRJY
6AUA8LykMFI,"So geht effektiver Grenzschutz - DANKE, POLEN!",2021-12-28T15:22:07Z,34307,4774,704,PT1M24S,UCq2rogaxLtQFrYG3X3KYNww,AfD TV,https://www.youtube.com/watch?v=6AUA8LykMFI
35aTTDmW6cg,AfD demonstriert mit Tausenden gegen Impf-Zwang!,2021-12-21T20:37:00Z,30649,6670,645,PT1M57S,UCq2rogaxLtQFrYG3X3KYNww,AfD TV,https://www.youtube.com/watch?v=35aTTDmW6cg
1zvHzIttS2M,Der Medienstaatsvertrag und seine Folgen,2021-12-16T13:52:01Z,14499,2268,158,PT4M32S,UCq2rogaxLtQFrYG3X3KYNww,AfD TV,https://www.youtube.com/watch?v=1zvHzIttS2M
awW8vzEEDRw,CHRUPALLA greift an!,2021-12-16T11:58:25Z,204425,18949,1301,PT9M26S,UCq2rogaxLtQFrYG3X3KYNww,AfD TV,https://www.youtube.com/watch?v=awW8vzEEDRw
W-gBgUkLHAI,Alice Weidel ZERLEGT die Ampel!,2021-12-15T13:15:28Z,328804,27314,3176,PT9M21S,UCq2rogaxLtQFrYG3X3KYNww,AfD TV,https://www.youtube.com/watch?v=W-gBgUkLHAI
BqJdlldmC7A,Impfungen und Omikron: AfD legt sich mit der Linken an!,2021-12-14T11:04:43Z,65060,8832,590,PT3M26S,UCq2rogaxLtQFrYG3X3KYNww,AfD TV,https://www.youtube.com/watch?v=BqJdlldmC7A
Pe3PSJrD488,Alexander Gauland zum Ukraine-Russland-Konflikt!,2021-12-13T13:07:24Z,165256,9771,865,PT4M56S,UCq2rogaxLtQFrYG3X3KYNww,AfD TV,https://www.youtube.com/watch?v=Pe3PSJrD488
DCPlvbJ_w5U,"SIE spalten, Herr Lauterbach!",2021-12-13T10:56:25Z,95393,10895,1155,PT4M31S,UCq2rogaxLtQFrYG3X3KYNww,AfD TV,https://www.youtube.com/watch?v=DCPlvbJ_w5U
JCkLQA_ErVk,"Freiheit statt Impf-Pflicht! 7 Tage Deutschland, der Wochenendpodcast der AfD (47/21) vom 10.12.2021",2021-12-10T14:30:04Z,23758,3654,416,PT29M21S,UCq2rogaxLtQFrYG3X3KYNww,AfD TV,https://www.youtube.com/watch?v=JCkLQA_ErVk
Bks26XV1lqY,Schonungslos ehrlich! Alice Weidel zur Impfpflicht,2021-12-08T13:13:39Z,160832,21554,1944,PT4M36S,UCq2rogaxLtQFrYG3X3KYNww,AfD TV,https://www.youtube.com/watch?v=Bks26XV1lqY
QKnxDFYPLSE,AfD deckt auf: Dreister Impfpflicht-Wortbruch!,2021-12-08T08:45:27Z,45179,5380,566,PT58S,UCq2rogaxLtQFrYG3X3KYNww,AfD TV,https://www.youtube.com/watch?v=QKnxDFYPLSE
zFrTW2BWvvo,Ampel-Koalitionsvertrag? „Das ist ein Generalplan für die Abschaffung Deutschlands!“,2021-12-03T14:31:11Z,26386,4997,585,PT17M15S,UCq2rogaxLtQFrYG3X3KYNww,AfD TV,https://www.youtube.com/watch?v=zFrTW2BWvvo
tGFX7ybDY1U,Wir wollen keinen Muezzin-Ruf – weder Heiligabend noch sonst wann! 7 Tage Deutschland Ausgabe 46/21.,2021-12-03T13:36:42Z,27945,4277,813,PT40M49S,UCq2rogaxLtQFrYG3X3KYNww,AfD TV,https://www.youtube.com/watch?v=tGFX7ybDY1U
m0OtRpVh8ss,Spenden gegen grüne Kobolde!,2021-12-01T14:46:18Z,66354,2296,261,PT10S,UCq2rogaxLtQFrYG3X3KYNww,AfD TV,https://www.youtube.com/watch?v=m0OtRpVh8ss
5vu1GMNZi2w,Wir sind die einzige Stimme für unser Land!,2021-12-01T11:03:52Z,20539,2932,314,PT1M,UCq2rogaxLtQFrYG3X3KYNww,AfD TV,https://www.youtube.com/watch?v=5vu1GMNZi2w
UQ9GbrPYFAg,Wir sind klar GEGEN die IMPF-PFLICHT!,2021-12-01T09:24:10Z,75945,9669,1672,PT4M5S,UCq2rogaxLtQFrYG3X3KYNww,AfD TV,https://www.youtube.com/watch?v=UQ9GbrPYFAg
hVDVSj0IG2U,Erschreckende Aufnahmen von Polens Grenze!,2021-11-30T15:33:33Z,156552,9693,1567,PT2M10S,UCq2rogaxLtQFrYG3X3KYNww,AfD TV,https://www.youtube.com/watch?v=hVDVSj0IG2U
7kS_L-ng4gQ,Schockierende Zahlen: 1.802 Todesfälle im Zusammenhang mit Corona-Impfungen!,2021-11-29T13:52:46Z,292548,21399,1435,PT2M8S,UCq2rogaxLtQFrYG3X3KYNww,AfD TV,https://www.youtube.com/watch?v=7kS_L-ng4gQ
JvjGFI8YJtI,"Enteignung der Mittelschicht stoppen! 7 Tage Deutschland, der Wochenendpodcast der AfD vom 26.11.21",2021-11-26T15:07:21Z,14199,2088,227,PT29M53S,UCq2rogaxLtQFrYG3X3KYNww,AfD TV,https://www.youtube.com/watch?v=JvjGFI8YJtI
BQMv-NSwtL0,An Polens Grenze zeigt sich deutsches Politikversagen!,2021-11-26T11:05:48Z,88717,8927,824,PT2M27S,UCq2rogaxLtQFrYG3X3KYNww,AfD TV,https://www.youtube.com/watch?v=BQMv-NSwtL0
qpGQ-l5o5Js,„Diese Maßnahmen sind ein himmelschreiendes Verbrechen!“,2021-11-24T10:32:04Z,492811,41972,5007,PT7M51S,UCq2rogaxLtQFrYG3X3KYNww,AfD TV,https://www.youtube.com/watch?v=qpGQ-l5o5Js
1ZIL7Zir-Z8,"Wer mit Gewalt eine Grenze stürmt, ist kein Flüchtling!",2021-11-23T15:33:13Z,14955,2991,272,PT2M25S,UCq2rogaxLtQFrYG3X3KYNww,AfD TV,https://www.youtube.com/watch?v=1ZIL7Zir-Z8
KS4eoA-nGDU,Chrupalla rechnet ab! IMPF-PFLICHT nicht mit uns!,2021-11-23T09:34:38Z,198021,22344,2251,PT4M24S,UCq2rogaxLtQFrYG3X3KYNww,AfD TV,https://www.youtube.com/watch?v=KS4eoA-nGDU
_lTtxVnC7Nc,Statt „Ortskräfte“ kamen Kriminelle und Islamisten!,2021-11-21T19:00:08Z,38674,4837,297,PT27S,UCq2rogaxLtQFrYG3X3KYNww,AfD TV,https://www.youtube.com/watch?v=_lTtxVnC7Nc
DRd1gTFoGv0,Bernd Schattner | AfD persönlich,2021-11-21T15:30:01Z,4995,820,69,PT7M15S,UCq2rogaxLtQFrYG3X3KYNww,AfD TV,https://www.youtube.com/watch?v=DRd1gTFoGv0
bho5up5-6P0,Das einzig Positive an Merkel!,2021-11-20T19:00:09Z,33961,3218,208,PT28S,UCq2rogaxLtQFrYG3X3KYNww,AfD TV,https://www.youtube.com/watch?v=bho5up5-6P0
xe14KJ2T1pw,René Bochmann | AfD persönlich,2021-11-20T08:30:13Z,11976,1916,165,PT8M25S,UCq2rogaxLtQFrYG3X3KYNww,AfD TV,https://www.youtube.com/watch?v=xe14KJ2T1pw
fRsHUycGr_E,Statt Rente mit 68: Politikerpensionen abschaffen!,2021-11-19T19:00:27Z,13479,1731,106,PT30S,UCq2rogaxLtQFrYG3X3KYNww,AfD TV,https://www.youtube.com/watch?v=fRsHUycGr_E
1o3WLzWrHCw,"Die Ungeimpften haben keine Schuld! 7 Tage Deutschland, der Wochenendpodcast der AfD vom 19.11.2021",2021-11-19T10:58:04Z,55263,6650,747,PT26M12S,UCq2rogaxLtQFrYG3X3KYNww,AfD TV,https://www.youtube.com/watch?v=1o3WLzWrHCw
4OTCxGQAbyY,"Orwells 1984 war eine Warnung, keine Anleitung!",2021-11-18T19:00:01Z,21263,2240,83,PT28S,UCq2rogaxLtQFrYG3X3KYNww,AfD TV,https://www.youtube.com/watch?v=4OTCxGQAbyY
YBdDkahmgiE,Gerrit Huy | AfD persönlich,2021-11-18T18:00:21Z,7857,1332,96,PT8M39S,UCq2rogaxLtQFrYG3X3KYNww,AfD TV,https://www.youtube.com/watch?v=YBdDkahmgiE
VvslmAWSxWg,Lage spitzt sich zu: AfD-Gesprächsrunde zur Situation an Polens Grenze!,2021-11-18T09:48:13Z,38360,3705,402,PT40M39S,UCq2rogaxLtQFrYG3X3KYNww,AfD TV,https://www.youtube.com/watch?v=VvslmAWSxWg
MXJ-9r7X-d8,Grüne Politik in 30 Sekunden!,2021-11-17T19:00:07Z,16915,1923,88,PT30S,UCq2rogaxLtQFrYG3X3KYNww,AfD TV,https://www.youtube.com/watch?v=MXJ-9r7X-d8
8B-TJ5mO3Pg,Polen handelt in unserem Interesse!,2021-11-17T13:49:48Z,27730,4852,425,PT3M19S,UCq2rogaxLtQFrYG3X3KYNww,AfD TV,https://www.youtube.com/watch?v=8B-TJ5mO3Pg
j18_y0jv6zU,"Wer Deutschland hasst, kann es nicht regieren!",2021-11-16T19:00:12Z,14930,1812,99,PT30S,UCq2rogaxLtQFrYG3X3KYNww,AfD TV,https://www.youtube.com/watch?v=j18_y0jv6zU
EA-deeE3IhY,"Wir fordern: Freiheit, Eigenverantwortung und vernunftbasierte Politik!",2021-11-16T09:01:11Z,20312,3939,355,PT4M7S,UCq2rogaxLtQFrYG3X3KYNww,AfD TV,https://www.youtube.com/watch?v=EA-deeE3IhY
NBFEOcHExM4,Polen verteidigt unsere europäischen Werte und Fundamente!,2021-11-15T14:09:43Z,20681,3076,323,PT17M15S,UCq2rogaxLtQFrYG3X3KYNww,AfD TV,https://www.youtube.com/watch?v=NBFEOcHExM4
L38rc859LCc,Sie kriegen uns nicht klein!,2021-11-13T19:00:05Z,27629,4724,422,PT3M8S,UCq2rogaxLtQFrYG3X3KYNww,AfD TV,https://www.youtube.com/watch?v=L38rc859LCc
qRVlKRxzbls,+++ AfD-TV-Spezial: Wohin führt uns die Inflation? +++,2021-11-12T19:52:59Z,38012,3950,453,PT49M24S,UCq2rogaxLtQFrYG3X3KYNww,AfD TV,https://www.youtube.com/watch?v=qRVlKRxzbls
P0ID_cqJFFU,Einwanderung bei uns löst Afrikas Probleme nicht!,2021-11-12T19:00:08Z,9757,948,28,PT28S,UCq2rogaxLtQFrYG3X3KYNww,AfD TV,https://www.youtube.com/watch?v=P0ID_cqJFFU
7znmq6TfzPc,Impf-Irrsinn der Altparteien entlarvt! 7 Tage Deutschland – Ausgabe 43/21 vom 12.11.2021,2021-11-12T13:35:42Z,60947,6802,646,PT33M53S,UCq2rogaxLtQFrYG3X3KYNww,AfD TV,https://www.youtube.com/watch?v=7znmq6TfzPc
TdNUT9vTAvA,AfD zerstört Laschet!,2021-11-11T19:00:10Z,17826,2047,61,PT29S,UCq2rogaxLtQFrYG3X3KYNww,AfD TV,https://www.youtube.com/watch?v=TdNUT9vTAvA
NtwWfULgy04,Barbara Lenk | AfD persönlich,2021-11-10T16:34:30Z,6761,1074,57,PT6M47S,UCq2rogaxLtQFrYG3X3KYNww,AfD TV,https://www.youtube.com/watch?v=NtwWfULgy04
bEsFAWsvj04,+++ Video: Endloser Menschenstrom auf dem Weg zu uns! +++,2021-11-09T12:54:21Z,32166,3857,711,PT43S,UCq2rogaxLtQFrYG3X3KYNww,AfD TV,https://www.youtube.com/watch?v=bEsFAWsvj04
JGnVJvgEFZ8,„Berlin ist wie eine Bananenrepublik!“,2021-11-05T19:41:12Z,20974,2676,329,PT25M59S,UCq2rogaxLtQFrYG3X3KYNww,AfD TV,https://www.youtube.com/watch?v=JGnVJvgEFZ8
9N1FutrVy-M,7 Tage Deutschland – Ausgabe 42/21 des AfD-Wochenendpodcasts vom 05. November 2021,2021-11-05T14:34:29Z,15722,2293,291,PT43M31S,UCq2rogaxLtQFrYG3X3KYNww,AfD TV,https://www.youtube.com/watch?v=9N1FutrVy-M
PrZTnsmDonY,Edgar Naujok | AfD persönlich,2021-11-01T14:01:21Z,9009,1360,117,PT9M34S,UCq2rogaxLtQFrYG3X3KYNww,AfD TV,https://www.youtube.com/watch?v=PrZTnsmDonY
XcWcCSgiw7g,Klaus Stöber | AfD persönlich,2021-10-31T17:30:07Z,13738,1951,156,PT16M36S,UCq2rogaxLtQFrYG3X3KYNww,AfD TV,https://www.youtube.com/watch?v=XcWcCSgiw7g
KX0Ybs98z7Q,Matthias Moosdorf | AfD persönlich,2021-10-31T13:30:02Z,11331,1474,105,PT12M40S,UCq2rogaxLtQFrYG3X3KYNww,AfD TV,https://www.youtube.com/watch?v=KX0Ybs98z7Q
EgopD_2uMYk,Ausgabe 41/21 von 7 Tage Deutschland. Der Wochenend-Podcast der AfD.,2021-10-29T15:06:45Z,19696,2446,233,PT40M25S,UCq2rogaxLtQFrYG3X3KYNww,AfD TV,https://www.youtube.com/watch?v=EgopD_2uMYk
sPKpjsjJIlw,Malte Kaufmann | AfD persönlich,2021-10-29T14:41:59Z,9056,1237,95,PT7M36S,UCq2rogaxLtQFrYG3X3KYNww,AfD TV,https://www.youtube.com/watch?v=sPKpjsjJIlw
Xq-wn3NDf9c,Knaller: Stephan Brandner spricht Klartext im neu konstituierten Bundestag,2021-10-29T08:32:26Z,157605,15006,1108,PT5M35S,UCq2rogaxLtQFrYG3X3KYNww,AfD TV,https://www.youtube.com/watch?v=Xq-wn3NDf9c
kSX7HrRGlFQ,Baumann: Kommen Sie zurück auf den bewährten Weg aller deutschen Demokraten,2021-10-28T12:31:15Z,14600,2665,217,PT3M18S,UCq2rogaxLtQFrYG3X3KYNww,AfD TV,https://www.youtube.com/watch?v=kSX7HrRGlFQ
bUmZUGEvc4c,Schmidt: Die erste Fraktionssitzung im Reichstagsgebäude war für mich etwas ganz besonderes!,2021-10-27T13:56:37Z,7022,1221,74,PT5M29S,UCq2rogaxLtQFrYG3X3KYNww,AfD TV,https://www.youtube.com/watch?v=bUmZUGEvc4c
AeZ6YAXG0Ow,Die Regierung spaltet unsere Gesellschaft absichtlich!,2021-10-25T18:00:09Z,128673,12724,298,PT26S,UCq2rogaxLtQFrYG3X3KYNww,AfD TV,https://www.youtube.com/watch?v=AeZ6YAXG0Ow
NtU0Y1fMyxs,Michael Kaufmann | AfD persönlich,2021-10-25T14:00:13Z,8437,1472,130,PT7M31S,UCq2rogaxLtQFrYG3X3KYNww,AfD TV,https://www.youtube.com/watch?v=NtU0Y1fMyxs
uq2xwaO4-oc,Integration? Von wegen! Das sind die Fakten!,2021-10-23T18:00:27Z,68852,6154,175,PT29S,UCq2rogaxLtQFrYG3X3KYNww,AfD TV,https://www.youtube.com/watch?v=uq2xwaO4-oc
HeWqn882atg,Journalisten 2021: „Haltung“ statt Fakten!,2021-10-22T18:00:05Z,81721,6977,154,PT30S,UCq2rogaxLtQFrYG3X3KYNww,AfD TV,https://www.youtube.com/watch?v=HeWqn882atg
fSBa2x_Ow2I,Bayerischer Klartext zum deutschen Helfersyndrom!,2021-10-21T18:00:14Z,96916,7609,258,PT28S,UCq2rogaxLtQFrYG3X3KYNww,AfD TV,https://www.youtube.com/watch?v=fSBa2x_Ow2I
Ywrq7h1Ue3E,Krank: So will man Kinder zur Impfung locken!,2021-10-20T18:00:24Z,270905,16833,495,PT30S,UCq2rogaxLtQFrYG3X3KYNww,AfD TV,https://www.youtube.com/watch?v=Ywrq7h1Ue3E
2L3Yonx8qys,Unser Geld schafft Flucht-Ursachen!,2021-10-19T18:00:00Z,35517,3914,119,PT29S,UCq2rogaxLtQFrYG3X3KYNww,AfD TV,https://www.youtube.com/watch?v=2L3Yonx8qys
7mF2S2nI3ug,Was die Grünen und die DDR gemeinsam haben!,2021-10-18T18:00:02Z,1048309,38047,795,PT30S,UCq2rogaxLtQFrYG3X3KYNww,AfD TV,https://www.youtube.com/watch?v=7mF2S2nI3ug
rKNUSM-Of3g,Klima: Die billige Ausrede für jedes Versagen!,2021-10-17T18:00:24Z,33976,4337,89,PT29S,UCq2rogaxLtQFrYG3X3KYNww,AfD TV,https://www.youtube.com/watch?v=rKNUSM-Of3g
Sa7Q_6JwXUA,Keine bunten Einheitsschulen!,2021-10-16T18:00:07Z,19576,2337,45,PT30S,UCq2rogaxLtQFrYG3X3KYNww,AfD TV,https://www.youtube.com/watch?v=Sa7Q_6JwXUA
DenAKXu5Sx0,Fakt: Die AfD ist die demokratischste aller Parteien!,2021-10-15T18:00:08Z,35610,3580,136,PT27S,UCq2rogaxLtQFrYG3X3KYNww,AfD TV,https://www.youtube.com/watch?v=DenAKXu5Sx0
R40QnYsl2SY,Impfen? Privatsache!,2021-10-14T18:00:07Z,52223,7171,214,PT29S,UCq2rogaxLtQFrYG3X3KYNww,AfD TV,https://www.youtube.com/watch?v=R40QnYsl2SY
zaQicsSAchA,"Es sollte Konsens sein, doch der Bundestag schreit und pöbelt!",2021-10-13T18:00:31Z,39361,4933,138,PT30S,UCq2rogaxLtQFrYG3X3KYNww,AfD TV,https://www.youtube.com/watch?v=zaQicsSAchA
0SFDGOgN9i4,"Kein Denkmal für tote Mutter, weil ihr Mörder Migrant ist?",2021-10-12T18:00:00Z,52612,4223,287,PT28S,UCq2rogaxLtQFrYG3X3KYNww,AfD TV,https://www.youtube.com/watch?v=0SFDGOgN9i4
iQAarvZrsPw,So wird die Zukunft über Grünen-Wähler denken!,2021-10-11T18:00:12Z,77917,7226,213,PT28S,UCq2rogaxLtQFrYG3X3KYNww,AfD TV,https://www.youtube.com/watch?v=iQAarvZrsPw
kLAwV0yzPcM,Flutkatastrophe = Klimawandel? Wissenschaft widerspricht!,2021-10-10T18:00:10Z,24880,3513,128,PT25S,UCq2rogaxLtQFrYG3X3KYNww,AfD TV,https://www.youtube.com/watch?v=kLAwV0yzPcM
d8apbuouRdU,Die Lehre aus Afghanistan!,2021-10-09T18:00:08Z,31891,4222,117,PT26S,UCq2rogaxLtQFrYG3X3KYNww,AfD TV,https://www.youtube.com/watch?v=d8apbuouRdU
sVzbTSTeHNA,Sozialstaat ODER offene Grenzen! Beides geht nicht!,2021-10-08T18:00:16Z,17553,2469,77,PT30S,UCq2rogaxLtQFrYG3X3KYNww,AfD TV,https://www.youtube.com/watch?v=sVzbTSTeHNA
5cUN23jmm_8,"AfD spricht aus, was tausende Jäger denken!",2021-10-07T18:00:01Z,48945,2854,89,PT29S,UCq2rogaxLtQFrYG3X3KYNww,AfD TV,https://www.youtube.com/watch?v=5cUN23jmm_8
8JV0FaF-rRM,Warum Bargeld so wichtig für die Freiheit ist!,2021-10-06T18:00:02Z,26303,1966,65,PT30S,UCq2rogaxLtQFrYG3X3KYNww,AfD TV,https://www.youtube.com/watch?v=8JV0FaF-rRM
BdsMedOQ3YE,++ Regierungsversagen: Energiepreise explodieren! ++,2021-10-06T13:17:38Z,36211,4860,632,PT1M58S,UCq2rogaxLtQFrYG3X3KYNww,AfD TV,https://www.youtube.com/watch?v=BdsMedOQ3YE
9nOlBK_5ihE,So haben Politiker die Bundeswehr kampfunfähig gemacht!,2021-10-05T18:00:02Z,38094,4319,91,PT30S,UCq2rogaxLtQFrYG3X3KYNww,AfD TV,https://www.youtube.com/watch?v=9nOlBK_5ihE
-rTer0D7PO0,"Claudia Roth tickt aus, weil die AfD nicht gendert!",2021-10-04T18:00:01Z,1495529,23129,3719,PT26S,UCq2rogaxLtQFrYG3X3KYNww,AfD TV,https://www.youtube.com/watch?v=-rTer0D7PO0
vaMVueV2lE0,7 Tage Deutschland – der AfD-Wochenendpodcast 40/21 vom 01.10.2021,2021-10-01T08:39:58Z,130340,12715,1856,PT20M50S,UCq2rogaxLtQFrYG3X3KYNww,AfD TV,https://www.youtube.com/watch?v=vaMVueV2lE0
GrZX19lq-YY,+++ LIVE +++ Wahlparty aus Berlin,2021-09-26T21:46:56Z,101097,6314,458,PT4H13M,UCq2rogaxLtQFrYG3X3KYNww,AfD TV,https://www.youtube.com/watch?v=GrZX19lq-YY
IG8JJ8_Hpnk,7 Tage Deutschland SPEZIAL - der Podcast direkt von der AfD-Wahlparty,2021-09-26T21:45:38Z,14391,1747,415,PT29M28S,UCq2rogaxLtQFrYG3X3KYNww,AfD TV,https://www.youtube.com/watch?v=IG8JJ8_Hpnk
Y5qqaEsVHcg,Der große Wahlkampf-Abschluss der AfD!,2021-09-25T11:55:43Z,37366,4875,832,PT2M12S,UCq2rogaxLtQFrYG3X3KYNww,AfD TV,https://www.youtube.com/watch?v=Y5qqaEsVHcg
LFNxRNdN7CA,Der große Wahlkampf-Abschluss der AfD!,2021-09-25T10:35:07Z,60842,6027,1132,PT1H33M31S,UCq2rogaxLtQFrYG3X3KYNww,AfD TV,https://www.youtube.com/watch?v=LFNxRNdN7CA
NVOEWkdyXDA,"Jetzt gilt´s - 2 Tage vor der Wahl. AfD-Podcast mit Wahlkampfabschluss, Wahlbeobachtung + Wahlserie",2021-09-24T21:15:49Z,5329,746,83,PT50M38S,UCq2rogaxLtQFrYG3X3KYNww,AfD TV,https://www.youtube.com/watch?v=NVOEWkdyXDA
FUFM-vHJk-U,Die Korruptions-Partei CDU endlich ABWÄHLEN!,2021-09-24T11:58:32Z,61345,1767,216,PT51S,UCq2rogaxLtQFrYG3X3KYNww,AfD TV,https://www.youtube.com/watch?v=FUFM-vHJk-U
MUy4PZoFtqA,Tino Chrupalla und Alice Weidel besuchen Mittelstands-Firmen im Kreis Görlitz,2021-09-24T10:15:19Z,15028,2431,208,PT56S,UCq2rogaxLtQFrYG3X3KYNww,AfD TV,https://www.youtube.com/watch?v=MUy4PZoFtqA
S8m2k8M4vZc,Deutschlands höchster AfD-Infostand in 1.400 Metern Höhe!,2021-09-24T08:28:41Z,6815,975,102,PT1M40S,UCq2rogaxLtQFrYG3X3KYNww,AfD TV,https://www.youtube.com/watch?v=S8m2k8M4vZc
KSpGXvhVf-o,Kristin Brinker | AfD persönlich,2021-09-24T07:00:05Z,3468,797,93,PT9M19S,UCq2rogaxLtQFrYG3X3KYNww,AfD TV,https://www.youtube.com/watch?v=KSpGXvhVf-o
k-05fr6g4xI,Frank-Christian Hansel | AfD persönlich,2021-09-23T16:00:20Z,4671,886,102,PT12M38S,UCq2rogaxLtQFrYG3X3KYNww,AfD TV,https://www.youtube.com/watch?v=k-05fr6g4xI
vk8MhjdUyYY,"CDU und FDP warnen vor „Linksrutsch“, unterstützen ihn aber selbst!",2021-09-23T09:23:02Z,151941,2424,423,PT1M19S,UCq2rogaxLtQFrYG3X3KYNww,AfD TV,https://www.youtube.com/watch?v=vk8MhjdUyYY
gih4ARC6OBI,Georg Pazderski | AfD persönlich,2021-09-23T07:00:10Z,7207,1049,76,PT10M47S,UCq2rogaxLtQFrYG3X3KYNww,AfD TV,https://www.youtube.com/watch?v=gih4ARC6OBI
r_nsEfeQbbw,AfD-Wahlkampf-Friedrichshafen: Diese Corona-Politik STOPPEN!,2021-09-22T18:30:38Z,14680,2465,249,PT2M22S,UCq2rogaxLtQFrYG3X3KYNww,AfD TV,https://www.youtube.com/watch?v=r_nsEfeQbbw
8q8jrDdsyb8,Hugh Bronson | AfD persönlich,2021-09-22T16:00:10Z,2881,507,45,PT10M33S,UCq2rogaxLtQFrYG3X3KYNww,AfD TV,https://www.youtube.com/watch?v=8q8jrDdsyb8
6gv9Y5UH888,AfD-Aufruf: Werden Sie Wahlbeobachter!,2021-09-22T13:19:33Z,5940,683,128,PT41S,UCq2rogaxLtQFrYG3X3KYNww,AfD TV,https://www.youtube.com/watch?v=6gv9Y5UH888
Mq3i4VqJJzg,Ronald Gläser | AfD persönlich,2021-09-22T10:11:32Z,946,114,8,PT8M8S,UCq2rogaxLtQFrYG3X3KYNww,AfD TV,https://www.youtube.com/watch?v=Mq3i4VqJJzg
VC17xn5EvDk,AfD-Wahlkampf Friedrichshafen: Klare Kante gegen CO2-Steuer!,2021-09-22T09:38:52Z,20896,3135,437,PT2M36S,UCq2rogaxLtQFrYG3X3KYNww,AfD TV,https://www.youtube.com/watch?v=VC17xn5EvDk
F7CyvKdllz0,Jürgen Braun | AfD persönlich,2021-09-20T19:00:03Z,8794,1405,88,PT11M31S,UCq2rogaxLtQFrYG3X3KYNww,AfD TV,https://www.youtube.com/watch?v=F7CyvKdllz0
kEi9wFmVXdo,Wahlaufruf: Zeit für DEINE Stimme für die AfD!,2021-09-20T15:59:04Z,254587,3137,593,PT37S,UCq2rogaxLtQFrYG3X3KYNww,AfD TV,https://www.youtube.com/watch?v=kEi9wFmVXdo
U1Kb7hTBKrI,AfD-Informationsvideo: Jetzt Wahlbeobachter werden!,2021-09-20T14:53:04Z,120850,2046,362,PT1M,UCq2rogaxLtQFrYG3X3KYNww,AfD TV,https://www.youtube.com/watch?v=U1Kb7hTBKrI
lL3K3L_bB3s,Christina Baum | AfD persönlich,2021-09-19T19:00:09Z,9164,1583,170,PT12M10S,UCq2rogaxLtQFrYG3X3KYNww,AfD TV,https://www.youtube.com/watch?v=lL3K3L_bB3s
PTgkgo3Bg-g,"AfD-Wahlkampf live aus Friedrichshafen - mit Alice Weidel, Tino Chrupalla u.a.",2021-09-19T15:04:10Z,48862,4658,387,PT2H21M12S,UCq2rogaxLtQFrYG3X3KYNww,AfD TV,https://www.youtube.com/watch?v=PTgkgo3Bg-g
wCWnoq6tjSA,Dirk Spaniel | AfD persönlich,2021-09-18T19:00:16Z,11328,1932,206,PT8M29S,UCq2rogaxLtQFrYG3X3KYNww,AfD TV,https://www.youtube.com/watch?v=wCWnoq6tjSA
tVweFWIiGo0,AfD-Wahlkampf im hessischen Königstein,2021-09-17T20:30:45Z,29309,2811,107,PT2H43M45S,UCq2rogaxLtQFrYG3X3KYNww,AfD TV,https://www.youtube.com/watch?v=tVweFWIiGo0
7VbMtXfLU38,Dominik Kaufner | AfD persönlich,2021-09-17T19:00:02Z,4601,831,51,PT9M30S,UCq2rogaxLtQFrYG3X3KYNww,AfD TV,https://www.youtube.com/watch?v=7VbMtXfLU38
g84TnsKpQG4,7 Tage Deutschland - Ausgabe 37/21 des AfD-Wochenendpodcasts,2021-09-17T13:27:47Z,10222,1799,189,PT49M38S,UCq2rogaxLtQFrYG3X3KYNww,AfD TV,https://www.youtube.com/watch?v=g84TnsKpQG4
9utgQOQ4ylc,Deutschland. Aber normal.,2021-09-17T09:49:27Z,185829,6363,1206,PT3M11S,UCq2rogaxLtQFrYG3X3KYNww,AfD TV,https://www.youtube.com/watch?v=9utgQOQ4ylc
QeQvSCv6mJs,AfD-Themenvideo: Kann man SPAHN noch glauben?,2021-09-16T16:28:17Z,102670,9085,1035,PT1M4S,UCq2rogaxLtQFrYG3X3KYNww,AfD TV,https://www.youtube.com/watch?v=QeQvSCv6mJs
rhbSmQuMic0,Joana Cotar | AfD persönlich,2021-09-15T19:00:14Z,9747,1778,152,PT15M1S,UCq2rogaxLtQFrYG3X3KYNww,AfD TV,https://www.youtube.com/watch?v=rhbSmQuMic0
GkBRGqfZaTc,Starke Frauen statt Gender-Krampf!,2021-09-15T14:14:16Z,214088,2209,600,PT1M,UCq2rogaxLtQFrYG3X3KYNww,AfD TV,https://www.youtube.com/watch?v=GkBRGqfZaTc
uUHpFDK0Y6w,Rüdiger Lucassen | AfD persönlich,2021-09-14T19:00:16Z,10876,1806,153,PT8M30S,UCq2rogaxLtQFrYG3X3KYNww,AfD TV,https://www.youtube.com/watch?v=uUHpFDK0Y6w
6BURVtU-xv8,Leyla Bilge | AfD persönlich,2021-09-13T19:00:02Z,41950,4867,458,PT17M21S,UCq2rogaxLtQFrYG3X3KYNww,AfD TV,https://www.youtube.com/watch?v=6BURVtU-xv8
nqyWwTwgcDc,Peter Boehringer | AfD persönlich,2021-09-13T08:57:03Z,13134,2020,201,PT15M18S,UCq2rogaxLtQFrYG3X3KYNww,AfD TV,https://www.youtube.com/watch?v=nqyWwTwgcDc
8aeiRlX8sVU,Sebastian Münzenmaier | AfD persönlich,2021-09-12T09:00:07Z,7536,1327,110,PT8M31S,UCq2rogaxLtQFrYG3X3KYNww,AfD TV,https://www.youtube.com/watch?v=8aeiRlX8sVU
8Ccs7g9WJX4,Familie: Ein Gehalt muss wieder zum Leben reichen!,2021-09-11T11:00:04Z,46566,3976,145,PT30S,UCq2rogaxLtQFrYG3X3KYNww,AfD TV,https://www.youtube.com/watch?v=8Ccs7g9WJX4
gdixDlaPiQI,"Niedersachsen, wir sind bereit!",2021-09-11T09:00:13Z,16375,2852,371,PT2M8S,UCq2rogaxLtQFrYG3X3KYNww,AfD TV,https://www.youtube.com/watch?v=gdixDlaPiQI
_PMYeHY0blk,Deutschlands Krisenpolitik: Gefährlicher als jede Krise!,2021-09-10T12:42:33Z,12695,2245,205,PT1M,UCq2rogaxLtQFrYG3X3KYNww,AfD TV,https://www.youtube.com/watch?v=_PMYeHY0blk
wU_aH59ph6c,7 Tage Deutschland vom 10. September 2021 – Ausgabe 36/21,2021-09-10T12:20:42Z,12129,1650,132,PT50M26S,UCq2rogaxLtQFrYG3X3KYNww,AfD TV,https://www.youtube.com/watch?v=wU_aH59ph6c
u15HsLFzfrQ,16 Jahre Merkel in 30 Sekunden!,2021-09-10T11:00:35Z,148306,11401,420,PT30S,UCq2rogaxLtQFrYG3X3KYNww,AfD TV,https://www.youtube.com/watch?v=u15HsLFzfrQ
TlM0YG9TzHM,"+++ AfD-Spitzenkandidaten im Gespräch: Harder-Kühnel, Brandner, Lucassen! +++",2021-09-09T17:30:02Z,29880,3946,385,PT28M22S,UCq2rogaxLtQFrYG3X3KYNww,AfD TV,https://www.youtube.com/watch?v=TlM0YG9TzHM
AC70DUrid5c,"Alice Weidel: ""Wir sind das letzte Bollwerk der Demokratie!""",2021-09-09T13:00:09Z,37383,5577,542,PT2M7S,UCq2rogaxLtQFrYG3X3KYNww,AfD TV,https://www.youtube.com/watch?v=AC70DUrid5c
qCV60ZDmCZI,Entwicklungshilfe ohne Gender-Gaga!,2021-09-09T11:00:21Z,52852,4825,52,PT30S,UCq2rogaxLtQFrYG3X3KYNww,AfD TV,https://www.youtube.com/watch?v=qCV60ZDmCZI
z56cVee73FI,Martin Reichardt | AfD persönlich,2021-09-09T08:45:52Z,4850,761,45,PT7M29S,UCq2rogaxLtQFrYG3X3KYNww,AfD TV,https://www.youtube.com/watch?v=z56cVee73FI
FM04oBN8Bww,Wolfgang Wiehle | AfD persönlich,2021-09-08T19:01:51Z,7894,1368,108,PT6M56S,UCq2rogaxLtQFrYG3X3KYNww,AfD TV,https://www.youtube.com/watch?v=FM04oBN8Bww
YMluYsd6QaI,Grüne Berufe stärken!,2021-09-08T17:30:05Z,32023,1820,170,PT1M,UCq2rogaxLtQFrYG3X3KYNww,AfD TV,https://www.youtube.com/watch?v=YMluYsd6QaI
h95BCIs33b4,Alice Weidel zerlegt die Bundesregierung!,2021-09-08T10:15:00Z,135728,13733,1446,PT12M31S,UCq2rogaxLtQFrYG3X3KYNww,AfD TV,https://www.youtube.com/watch?v=h95BCIs33b4
ntssomIcR5c,"Antifa: nicht Aktivismus, sondern Terror!",2021-09-07T11:00:32Z,55092,7574,194,PT28S,UCq2rogaxLtQFrYG3X3KYNww,AfD TV,https://www.youtube.com/watch?v=ntssomIcR5c
HqFEep5jp6Y,Jede Woche erfinden Sie eine neue Apokalypse!,2021-09-06T16:00:19Z,133593,14180,1039,PT4M51S,UCq2rogaxLtQFrYG3X3KYNww,AfD TV,https://www.youtube.com/watch?v=HqFEep5jp6Y
AxFDN3_13qg,René Springer | AfD persönlich,2021-09-06T13:12:01Z,11961,1735,105,PT10M53S,UCq2rogaxLtQFrYG3X3KYNww,AfD TV,https://www.youtube.com/watch?v=AxFDN3_13qg
OZ_sbZCWZDs,Gender trifft auf Realität!,2021-09-06T11:00:09Z,90601,6689,238,PT30S,UCq2rogaxLtQFrYG3X3KYNww,AfD TV,https://www.youtube.com/watch?v=OZ_sbZCWZDs
7TTC9muVfPY,Sie hängen da ALLE mit drin!,2021-09-05T16:00:02Z,135392,16127,1025,PT4M40S,UCq2rogaxLtQFrYG3X3KYNww,AfD TV,https://www.youtube.com/watch?v=7TTC9muVfPY
TcEuuL6iTF0,"Gewusst? Grüne wollen ""Tempo 30"" auf Hauptstraßen!",2021-09-05T11:00:18Z,146185,9476,472,PT30S,UCq2rogaxLtQFrYG3X3KYNww,AfD TV,https://www.youtube.com/watch?v=TcEuuL6iTF0
9pLY-OQhgXA,Sie sind ignorant und inkompetent!,2021-09-04T16:00:03Z,262269,23752,2121,PT6M28S,UCq2rogaxLtQFrYG3X3KYNww,AfD TV,https://www.youtube.com/watch?v=9pLY-OQhgXA
By3uvQUiDzQ,"LINKE: Gleichheit für alle, Gerechtigkeit für keinen!",2021-09-04T11:00:04Z,60689,5176,148,PT30S,UCq2rogaxLtQFrYG3X3KYNww,AfD TV,https://www.youtube.com/watch?v=By3uvQUiDzQ
wlPiwD_p_Bg,Corona: Sie erzählen hier dummes Zeug!,2021-09-03T16:00:37Z,142251,12769,1054,PT3M59S,UCq2rogaxLtQFrYG3X3KYNww,AfD TV,https://www.youtube.com/watch?v=wlPiwD_p_Bg
GzUiUE0KdwQ,Ausgabe 35/21 von 7 Tage Deutschland - der AfD-Wochenendpodcast,2021-09-03T13:14:18Z,8334,1490,186,PT47M16S,UCq2rogaxLtQFrYG3X3KYNww,AfD TV,https://www.youtube.com/watch?v=GzUiUE0KdwQ
hLHu_WkAPWw,Benzin ist teuer? Warten sie mal Ihre neue Miete ab!,2021-09-03T11:00:17Z,767412,24321,1129,PT24S,UCq2rogaxLtQFrYG3X3KYNww,AfD TV,https://www.youtube.com/watch?v=hLHu_WkAPWw
YLtm-kry6SE,Das Votum des Bundestages zum Afghanistaneinsatz wäre wirkungslos!,2021-09-02T16:00:14Z,9988,1898,125,PT3M33S,UCq2rogaxLtQFrYG3X3KYNww,AfD TV,https://www.youtube.com/watch?v=YLtm-kry6SE
lOVEkKx70WY,Dauernotstand ohne Notlage?,2021-09-02T11:00:32Z,69197,7336,175,PT30S,UCq2rogaxLtQFrYG3X3KYNww,AfD TV,https://www.youtube.com/watch?v=lOVEkKx70WY
9FyiYjROERQ,AfD-Spitzenkandidaten im Gespräch mit AfD TV,2021-09-01T19:00:01Z,18575,2549,292,PT36M38S,UCq2rogaxLtQFrYG3X3KYNww,AfD TV,https://www.youtube.com/watch?v=9FyiYjROERQ
Oh4-_0btQ2A,Kabul fällt und die Verteidungsministerin backt Flammkuchen!,2021-09-01T16:00:27Z,64942,6326,546,PT5M47S,UCq2rogaxLtQFrYG3X3KYNww,AfD TV,https://www.youtube.com/watch?v=Oh4-_0btQ2A
7YAWl_pKaV8,Geld für Deutsche statt für Migranten? Bundestag tobt!,2021-09-01T11:00:08Z,300158,20424,1185,PT30S,UCq2rogaxLtQFrYG3X3KYNww,AfD TV,https://www.youtube.com/watch?v=7YAWl_pKaV8
aw_lClcCqu0,"Alice Weidel: ""Familie ist für mich ein ganz besonderes Thema!""",2021-08-31T18:00:02Z,28717,4171,470,PT3M29S,UCq2rogaxLtQFrYG3X3KYNww,AfD TV,https://www.youtube.com/watch?v=aw_lClcCqu0
81_QfdCL8oM,Schulden-Turbo beraubt nächste Generation!,2021-08-31T11:00:04Z,23924,3018,67,PT30S,UCq2rogaxLtQFrYG3X3KYNww,AfD TV,https://www.youtube.com/watch?v=81_QfdCL8oM
3Hv5K4HkX30,"Das ist das, was die Menschen wirklich wollen!",2021-08-30T11:00:30Z,142366,13379,358,PT30S,UCq2rogaxLtQFrYG3X3KYNww,AfD TV,https://www.youtube.com/watch?v=3Hv5K4HkX30
lGQ8bRDikDg,++ AfD ungefiltert: Spitzenkandidaten im Gespräch zur Bundestagswahl! ++,2021-08-30T09:54:11Z,24722,3116,315,PT41M2S,UCq2rogaxLtQFrYG3X3KYNww,AfD TV,https://www.youtube.com/watch?v=lGQ8bRDikDg
WN4eIQqfMkI,Enrico Komning | AfD persönlich,2021-08-29T13:00:14Z,5472,864,93,PT10M57S,UCq2rogaxLtQFrYG3X3KYNww,AfD TV,https://www.youtube.com/watch?v=WN4eIQqfMkI
8l0vmGmHPwg,AfD-Wahlkampf live in Oberursel u.a. mit Alice Weidel und Tino Chrupalla,2021-08-28T21:36:59Z,55081,4598,256,PT2H22M19S,UCq2rogaxLtQFrYG3X3KYNww,AfD TV,https://www.youtube.com/watch?v=8l0vmGmHPwg
dU_2Itq7ydU,Nicole Höchst | AfD persönlich,2021-08-27T13:00:14Z,18539,2563,172,PT5M56S,UCq2rogaxLtQFrYG3X3KYNww,AfD TV,https://www.youtube.com/watch?v=dU_2Itq7ydU
desusHejpNc,7 Tage Deutschland - der AfD-Podcast vom 27.08.2021 (Ausgabe 34/21),2021-08-27T11:43:28Z,9905,1594,208,PT53M30S,UCq2rogaxLtQFrYG3X3KYNww,AfD TV,https://www.youtube.com/watch?v=desusHejpNc
iH7bLXpBMlM,Was tut die AfD für Autofahrer?,2021-08-26T15:18:58Z,213692,2133,367,PT1M,UCq2rogaxLtQFrYG3X3KYNww,AfD TV,https://www.youtube.com/watch?v=iH7bLXpBMlM
s4YXs3vDLVI,Darum sollten Familien die AfD wählen,2021-08-26T14:27:25Z,18289,2481,324,PT1M,UCq2rogaxLtQFrYG3X3KYNww,AfD TV,https://www.youtube.com/watch?v=s4YXs3vDLVI
cR-3A7VhM8c,Manfred Schiller | AfD persönlich,2021-08-26T13:10:39Z,3260,612,16,PT4M48S,UCq2rogaxLtQFrYG3X3KYNww,AfD TV,https://www.youtube.com/watch?v=cR-3A7VhM8c
Af_AQj5VCIU,++ AfD-TV-Sommerinterview mit Tino Chrupalla ++,2021-08-26T10:24:00Z,20220,2699,275,PT12M48S,UCq2rogaxLtQFrYG3X3KYNww,AfD TV,https://www.youtube.com/watch?v=Af_AQj5VCIU
mq8pLLv0FCQ,"+++ Aufruf an alle Freunde, Förderer und Mitglieder der AfD “ +++",2021-08-25T13:02:13Z,29787,4189,488,PT1M26S,UCq2rogaxLtQFrYG3X3KYNww,AfD TV,https://www.youtube.com/watch?v=mq8pLLv0FCQ
yUoYkBNRVUU,Mariana Harder-Kühnel | AfD persönlich,2021-08-24T14:00:17Z,25319,3360,327,PT8M46S,UCq2rogaxLtQFrYG3X3KYNww,AfD TV,https://www.youtube.com/watch?v=yUoYkBNRVUU
3lgVilhA2SM,+++ Erfolgreiche Wahlkampf-Veranstaltung in Ingolstadt! +++,2021-08-24T11:18:03Z,34930,4925,400,PT2M14S,UCq2rogaxLtQFrYG3X3KYNww,AfD TV,https://www.youtube.com/watch?v=3lgVilhA2SM
o00NicuLY1A,Dr. Rainer Rothfuß | AfD persönlich,2021-08-23T15:00:31Z,24251,3289,374,PT4M1S,UCq2rogaxLtQFrYG3X3KYNww,AfD TV,https://www.youtube.com/watch?v=o00NicuLY1A
-z3wS4E7akw,+++ Gelungener AfD-Wahlkampf in Brandenburg! +++,2021-08-22T18:47:26Z,34445,4909,563,PT3M21S,UCq2rogaxLtQFrYG3X3KYNww,AfD TV,https://www.youtube.com/watch?v=-z3wS4E7akw
FUThSgpWQL0,AfD-Spitzenduo-Tour in Ingolstadt. Alice Weidel und Tino Chrupalla unterwegs durch Deutschland.,2021-08-22T18:43:52Z,31941,3490,113,PT1H36M9S,UCq2rogaxLtQFrYG3X3KYNww,AfD TV,https://www.youtube.com/watch?v=FUThSgpWQL0
tsgGR510EIo,+++ Fulminanter AfD-Wahlkampf in Gera! +++,2021-08-21T20:11:00Z,43249,5166,632,PT2M33S,UCq2rogaxLtQFrYG3X3KYNww,AfD TV,https://www.youtube.com/watch?v=tsgGR510EIo
AmL2s_99YLQ,AfD-TV-Sommerinterview mit Alice Weidel,2021-08-21T19:00:02Z,143396,15624,2304,PT21M3S,UCq2rogaxLtQFrYG3X3KYNww,AfD TV,https://www.youtube.com/watch?v=AmL2s_99YLQ
mn2DzwHx0rk,Rente: Desaster mit Ansage!,2021-08-21T13:00:33Z,19461,1798,161,PT30S,UCq2rogaxLtQFrYG3X3KYNww,AfD TV,https://www.youtube.com/watch?v=mn2DzwHx0rk
6FuthPkptXg,Christian Wirth | AfD persönlich,2021-08-21T13:00:02Z,13611,1955,123,PT6M45S,UCq2rogaxLtQFrYG3X3KYNww,AfD TV,https://www.youtube.com/watch?v=6FuthPkptXg
n63pUf-Xv8Y,Regierung macht in einem Jahr mehr Schulden als zuvor in 20 Jahren!,2021-08-21T07:00:20Z,45446,3919,173,PT30S,UCq2rogaxLtQFrYG3X3KYNww,AfD TV,https://www.youtube.com/watch?v=n63pUf-Xv8Y
SFU3JwNQEpQ,7 Tage Deutschland - der AfD-Wochenendpodcast vom 20.08.2021,2021-08-20T13:41:02Z,18227,2507,239,PT48M45S,UCq2rogaxLtQFrYG3X3KYNww,AfD TV,https://www.youtube.com/watch?v=SFU3JwNQEpQ
0j_BTJZOfd4,Die Linke kann sich nicht von ihrer Herkunft aus dem real existierenden Sozialismus trennen!,2021-08-20T13:00:30Z,129937,7091,199,PT30S,UCq2rogaxLtQFrYG3X3KYNww,AfD TV,https://www.youtube.com/watch?v=0j_BTJZOfd4
EglzCVBSEwc,Stephan Protschka | AfD persönlich,2021-08-20T12:50:01Z,10351,1466,136,PT8M8S,UCq2rogaxLtQFrYG3X3KYNww,AfD TV,https://www.youtube.com/watch?v=EglzCVBSEwc
_678lL_XA5w,Drogenhändler in Afrika bekämpfen? Guter Witz!,2021-08-19T13:00:15Z,32926,3207,239,PT29S,UCq2rogaxLtQFrYG3X3KYNww,AfD TV,https://www.youtube.com/watch?v=_678lL_XA5w
PsnQ9ERQKMs,Beatrix von Storch | AfD persönlich,2021-08-19T12:33:42Z,62885,6781,745,PT11M14S,UCq2rogaxLtQFrYG3X3KYNww,AfD TV,https://www.youtube.com/watch?v=PsnQ9ERQKMs
2SX2t0mvuQk,Die Grünen rennen im Schweinsgalopp in den Öko-Sozialismus!,2021-08-19T07:00:02Z,75350,5654,151,PT30S,UCq2rogaxLtQFrYG3X3KYNww,AfD TV,https://www.youtube.com/watch?v=2SX2t0mvuQk
c1oHfGThDSE,Die Verschmutzung der Meere mit Plastik ist eine globale Katastrophe!,2021-08-18T13:00:29Z,97675,7840,257,PT29S,UCq2rogaxLtQFrYG3X3KYNww,AfD TV,https://www.youtube.com/watch?v=c1oHfGThDSE
dUhENGZCI1o,"Wer Kobolde in Batterien vermutet, dem kann die AfD nicht mehr helfen!",2021-08-18T07:00:10Z,84619,7914,164,PT29S,UCq2rogaxLtQFrYG3X3KYNww,AfD TV,https://www.youtube.com/watch?v=dUhENGZCI1o
nGP9aCJvtUk,Spenden Sie Deutschlands Wirtschaft ein echtes Konjunkturpaket!,2021-08-17T19:30:02Z,5546,1065,87,PT30S,UCq2rogaxLtQFrYG3X3KYNww,AfD TV,https://www.youtube.com/watch?v=nGP9aCJvtUk
4tT474CFr74,Weniger Rechte für Ungeimpfte? Klar illegal!,2021-08-17T16:00:02Z,602439,30792,1423,PT30S,UCq2rogaxLtQFrYG3X3KYNww,AfD TV,https://www.youtube.com/watch?v=4tT474CFr74
nKYfUx4RzwM,Geimpft oder nicht geimpft? Die einzig richtige Antwort!,2021-08-17T14:31:02Z,204217,15879,1282,PT30S,UCq2rogaxLtQFrYG3X3KYNww,AfD TV,https://www.youtube.com/watch?v=nKYfUx4RzwM
phOprgK_Hjg,Bernd Baumann | AfD persönlich,2021-08-17T14:25:28Z,66730,7377,604,PT10M1S,UCq2rogaxLtQFrYG3X3KYNww,AfD TV,https://www.youtube.com/watch?v=phOprgK_Hjg
1s_vOYkbo8o,+++ Hinter den Kulissen: AfD-Wahlkampf in Neheim! +++,2021-08-16T16:15:53Z,18689,2794,337,PT2M34S,UCq2rogaxLtQFrYG3X3KYNww,AfD TV,https://www.youtube.com/watch?v=1s_vOYkbo8o
5AGIhBlUk4E,"Wo sind wir hier, dass so etwas bei uns möglich ist?",2021-08-16T15:00:02Z,524639,33329,1359,PT29S,UCq2rogaxLtQFrYG3X3KYNww,AfD TV,https://www.youtube.com/watch?v=5AGIhBlUk4E
yDXTTwDTkno,So wollen die Grünen Autofahrer von der Straße ekeln!,2021-08-16T07:00:16Z,35621,3053,255,PT30S,UCq2rogaxLtQFrYG3X3KYNww,AfD TV,https://www.youtube.com/watch?v=yDXTTwDTkno
URpQ-Ahhn_U,+++ Hinter den Kulissen: Wahlkampf-Auftakt in Ludwigshafen! +++,2021-08-15T17:35:18Z,19258,2572,239,PT2M49S,UCq2rogaxLtQFrYG3X3KYNww,AfD TV,https://www.youtube.com/watch?v=URpQ-Ahhn_U
lPIcVm2aais,Wer würde Alice Weidel hier nicht zustimmen?,2021-08-15T07:00:28Z,322069,24381,1203,PT30S,UCq2rogaxLtQFrYG3X3KYNww,AfD TV,https://www.youtube.com/watch?v=lPIcVm2aais
EqbavMbUxK0,AfD-Wahlkampf live aus Rheinland-Pfalz,2021-08-14T20:14:26Z,27541,3163,165,PT55M23S,UCq2rogaxLtQFrYG3X3KYNww,AfD TV,https://www.youtube.com/watch?v=EqbavMbUxK0
f61eSsepvvI,+++ Jetzt im Video anschauen: Perfekter Wahlkampf-Auftakt in Stendal! +++,2021-08-14T17:00:19Z,64759,6751,692,PT2M18S,UCq2rogaxLtQFrYG3X3KYNww,AfD TV,https://www.youtube.com/watch?v=f61eSsepvvI
V7r3lxbeEbo,Die Menschen lassen sich nicht länger belügen!,2021-08-14T15:00:13Z,135323,9433,347,PT30S,UCq2rogaxLtQFrYG3X3KYNww,AfD TV,https://www.youtube.com/watch?v=V7r3lxbeEbo
VymCNMM2UOw,Stephan Brandner | AfD persönlich,2021-08-14T07:00:07Z,37641,4874,570,PT8M3S,UCq2rogaxLtQFrYG3X3KYNww,AfD TV,https://www.youtube.com/watch?v=VymCNMM2UOw
o8L9GV_zz20,Auf den Bürger darf kein Impfdruck ausgeübt werden!,2021-08-13T13:25:20Z,66445,8962,397,PT28S,UCq2rogaxLtQFrYG3X3KYNww,AfD TV,https://www.youtube.com/watch?v=o8L9GV_zz20
9ibVHv1wtIk,Studien: Grüne sind Vielflieger und SUV-Fahrer!,2021-08-12T11:00:12Z,13031,1624,111,PT30S,UCq2rogaxLtQFrYG3X3KYNww,AfD TV,https://www.youtube.com/watch?v=9ibVHv1wtIk
K3X9oONvwvU,Perfekter AfD-Wahlkampf-Auftakt in Schwerin!,2021-08-11T13:38:01Z,56756,7120,934,PT2M44S,UCq2rogaxLtQFrYG3X3KYNww,AfD TV,https://www.youtube.com/watch?v=K3X9oONvwvU
taPV3v0rSxc,Schock-Zahlen: echte Fachkräfte fliehen aus Deutschland!,2021-08-11T11:00:22Z,86602,7018,266,PT29S,UCq2rogaxLtQFrYG3X3KYNww,AfD TV,https://www.youtube.com/watch?v=taPV3v0rSxc
6zQf9r8ZGe8,Wahlkampfauftakt der AfD in Schwerin (Mecklenburg-Vorpommern),2021-08-10T17:43:20Z,47030,5020,513,PT1H35M40S,UCq2rogaxLtQFrYG3X3KYNww,AfD TV,https://www.youtube.com/watch?v=6zQf9r8ZGe8
sQe3v2_v_p0,AfD persönlich: Leif-Erik Holm zum AfD-Wahlkampf zur Bundestagswahl,2021-08-10T15:01:54Z,8907,1669,176,PT8M6S,UCq2rogaxLtQFrYG3X3KYNww,AfD TV,https://www.youtube.com/watch?v=sQe3v2_v_p0
ga8oxweRUE4,"AfD benennt Täter, Bundestag rastet komplett aus!",2021-08-10T11:00:30Z,996728,27892,1337,PT26S,UCq2rogaxLtQFrYG3X3KYNww,AfD TV,https://www.youtube.com/watch?v=ga8oxweRUE4
60ShTHRCxvg,AfD-Pressekonferenz zum Wahlkampfauftakt,2021-08-09T12:04:32Z,80619,8213,1005,PT56M41S,UCq2rogaxLtQFrYG3X3KYNww,AfD TV,https://www.youtube.com/watch?v=60ShTHRCxvg
GUfv0oI5aC8,"Merkel-Methode: Problem leugnen, dann existiert es auch nicht!",2021-08-09T11:00:07Z,13034,1490,78,PT30S,UCq2rogaxLtQFrYG3X3KYNww,AfD TV,https://www.youtube.com/watch?v=GUfv0oI5aC8
B4uBGKues1s,Entwicklungshilfe statt Gutmenschenheuchelei!,2021-08-08T11:00:04Z,6139,770,39,PT30S,UCq2rogaxLtQFrYG3X3KYNww,AfD TV,https://www.youtube.com/watch?v=B4uBGKues1s
3FFLLLPnaGg,"Schutz nicht durch Politiker, sondern vor Politikern!",2021-08-07T11:00:03Z,10400,1324,68,PT30S,UCq2rogaxLtQFrYG3X3KYNww,AfD TV,https://www.youtube.com/watch?v=3FFLLLPnaGg
DWKpnt7wRDA,AfD-Mann zerlegt die Toleranzlüge!,2021-08-06T11:14:38Z,155691,14312,445,PT28S,UCq2rogaxLtQFrYG3X3KYNww,AfD TV,https://www.youtube.com/watch?v=DWKpnt7wRDA
vqZXrV0bOIY,Schadensbilanz nach 16 Jahren Merkel!,2021-08-06T11:00:36Z,39550,4922,129,PT30S,UCq2rogaxLtQFrYG3X3KYNww,AfD TV,https://www.youtube.com/watch?v=vqZXrV0bOIY
GU97PQf5OIY,"AfD-Podcast u.a. mit: Grüne Ahnungslosigkeit, GEZ-Selbstbedienung, alle AfD-Landeslisten zugelassen",2021-08-06T10:09:50Z,20928,2842,364,PT48M22S,UCq2rogaxLtQFrYG3X3KYNww,AfD TV,https://www.youtube.com/watch?v=GU97PQf5OIY
xUv4NmkVNRk,"So wird Deutschland, wenn die AfD regiert!",2021-08-05T11:00:37Z,146863,11341,766,PT30S,UCq2rogaxLtQFrYG3X3KYNww,AfD TV,https://www.youtube.com/watch?v=xUv4NmkVNRk
IH5ko6CpJdM,Warum gibt es in anderen Ländern eigentlich keine Briefwahl?,2021-08-04T11:00:05Z,34986,3595,170,PT29S,UCq2rogaxLtQFrYG3X3KYNww,AfD TV,https://www.youtube.com/watch?v=IH5ko6CpJdM
gnkEyaEgFlU,AfD im Gespräch: Die Flutkatastrophe und ihre Folgen,2021-08-03T11:00:19Z,16403,2215,180,PT38M17S,UCq2rogaxLtQFrYG3X3KYNww,AfD TV,https://www.youtube.com/watch?v=gnkEyaEgFlU
njUhQEsqmy0,Das AfD-Programm zur Bundestagswahl 2021!,2021-08-02T15:45:14Z,531063,16458,3047,PT2M7S,UCq2rogaxLtQFrYG3X3KYNww,AfD TV,https://www.youtube.com/watch?v=njUhQEsqmy0
8hh3WsKuSz4,Menschenbild der Grünen: totalitär und rassistisch!,2021-08-02T11:00:04Z,114120,7234,194,PT30S,UCq2rogaxLtQFrYG3X3KYNww,AfD TV,https://www.youtube.com/watch?v=8hh3WsKuSz4
Em4WkXB1bEI,3 Schritte gegen Migrantengewalt!,2021-08-01T11:00:04Z,67403,7900,292,PT30S,UCq2rogaxLtQFrYG3X3KYNww,AfD TV,https://www.youtube.com/watch?v=Em4WkXB1bEI
bfEeH6fJSvM,Warum Sie zur #BTW21 an der Wahlurne wählen sollten!,2021-07-31T17:00:32Z,66983,3368,945,PT1M7S,UCq2rogaxLtQFrYG3X3KYNww,AfD TV,https://www.youtube.com/watch?v=bfEeH6fJSvM
QbFVn6rPdjg,"AfD ist nicht gegen DIE EU, sondern gegen DIESE EU!",2021-07-31T11:00:11Z,27270,2878,58,PT29S,UCq2rogaxLtQFrYG3X3KYNww,AfD TV,https://www.youtube.com/watch?v=QbFVn6rPdjg
f69O4AlEBTI,"7 Tage Deutschland: Hochwasser, Kernenergie statt EEG, Kirche gendert + rotrotgrüne Demo-Willkür",2021-07-30T11:52:07Z,14314,2453,249,PT48M8S,UCq2rogaxLtQFrYG3X3KYNww,AfD TV,https://www.youtube.com/watch?v=f69O4AlEBTI
2-3HKOnHkxE,Gläserne Bürger? Datenkraken verhindern!,2021-07-30T11:00:03Z,17666,2217,14,PT30S,UCq2rogaxLtQFrYG3X3KYNww,AfD TV,https://www.youtube.com/watch?v=2-3HKOnHkxE
oaev688yk-s,AfD-Frau redet Tacheles und wird angeschrien!,2021-07-29T11:00:16Z,243114,15195,859,PT30S,UCq2rogaxLtQFrYG3X3KYNww,AfD TV,https://www.youtube.com/watch?v=oaev688yk-s
wzSGXQsIbRY,Sind schwangere Männer anwesend?,2021-07-28T11:00:35Z,326213,16993,710,PT30S,UCq2rogaxLtQFrYG3X3KYNww,AfD TV,https://www.youtube.com/watch?v=wzSGXQsIbRY
MwS86F5-Jxg,CDU-Berufspolitiker vs. AfD-Elektrotechniker,2021-07-27T11:00:08Z,2581767,69887,1784,PT30S,UCq2rogaxLtQFrYG3X3KYNww,AfD TV,https://www.youtube.com/watch?v=MwS86F5-Jxg
xY4X0bTKSYQ,Infantiler Gender-Hype schadet der Bundeswehr!,2021-07-25T11:00:19Z,43502,4255,108,PT30S,UCq2rogaxLtQFrYG3X3KYNww,AfD TV,https://www.youtube.com/watch?v=xY4X0bTKSYQ
1GXWygMNotY,"Kinderfummeln in der Kita - Linke fordert ""Fachkräfte""!",2021-07-24T11:00:01Z,96387,6383,258,PT30S,UCq2rogaxLtQFrYG3X3KYNww,AfD TV,https://www.youtube.com/watch?v=1GXWygMNotY
3yoqzm26WCc,7 Tage Deutschland – AfD-Wochenendpodcast mit ausführlichen Berichten zur Fluthilfe,2021-07-23T13:38:00Z,22463,3094,319,PT50M40S,UCq2rogaxLtQFrYG3X3KYNww,AfD TV,https://www.youtube.com/watch?v=3yoqzm26WCc
ZpNp2R3z7I0,650 Millionen Euro gehen an die Türkei!,2021-07-23T11:00:12Z,115142,9170,319,PT28S,UCq2rogaxLtQFrYG3X3KYNww,AfD TV,https://www.youtube.com/watch?v=ZpNp2R3z7I0
Ggysinb_xjw,Die AfD ist die neue Arbeiterpartei!,2021-07-22T11:00:04Z,52045,5565,119,PT30S,UCq2rogaxLtQFrYG3X3KYNww,AfD TV,https://www.youtube.com/watch?v=Ggysinb_xjw
0ByVO8xiN2M,Warum Deutschland den Euro nicht braucht!,2021-07-21T11:00:00Z,108592,8792,244,PT30S,UCq2rogaxLtQFrYG3X3KYNww,AfD TV,https://www.youtube.com/watch?v=0ByVO8xiN2M
33SauB9mIiA,Jedes Jahr steht eine Großstadt vor der Tür!,2021-07-19T17:00:02Z,38385,3791,108,PT27S,UCq2rogaxLtQFrYG3X3KYNww,AfD TV,https://www.youtube.com/watch?v=33SauB9mIiA
zefrnv3klCw,So werden Familien in Deutschland benachteiligt!,2021-07-18T16:00:36Z,31316,4220,99,PT30S,UCq2rogaxLtQFrYG3X3KYNww,AfD TV,https://www.youtube.com/watch?v=zefrnv3klCw
2G7OAQIxRuI,Die größte Krise unserer Zeit heißt Merkel!,2021-07-17T16:00:00Z,118604,9715,412,PT28S,UCq2rogaxLtQFrYG3X3KYNww,AfD TV,https://www.youtube.com/watch?v=2G7OAQIxRuI
MEDDHFoh5nY,Frauenquoten verstoßen gegen das Grundgesetz!,2021-07-16T16:00:10Z,53337,6110,114,PT28S,UCq2rogaxLtQFrYG3X3KYNww,AfD TV,https://www.youtube.com/watch?v=MEDDHFoh5nY
iAJhpY2tVlc,"7 Tage Deutschland: Flutkatastrophe, ARD-Abzocke, grünes Vollversagen, AfD-Bayern in den Bundestag",2021-07-16T10:18:16Z,30314,4421,318,PT42M40S,UCq2rogaxLtQFrYG3X3KYNww,AfD TV,https://www.youtube.com/watch?v=iAJhpY2tVlc
tpUNzIfMRKQ,Flutkatastrophe: AfD packt an! #GummistiefelAN,2021-07-15T13:48:42Z,14393,2253,377,PT1M30S,UCq2rogaxLtQFrYG3X3KYNww,AfD TV,https://www.youtube.com/watch?v=tpUNzIfMRKQ
NNYMlRxMwEA,AfD-Wahlplakate schon ab 100 EUR!,2021-07-15T13:21:36Z,7047,479,70,PT15S,UCq2rogaxLtQFrYG3X3KYNww,AfD TV,https://www.youtube.com/watch?v=NNYMlRxMwEA
kFoZTON94CY,Finden sie diese Aussagen normal?,2021-07-14T17:00:24Z,24111,3929,275,PT28S,UCq2rogaxLtQFrYG3X3KYNww,AfD TV,https://www.youtube.com/watch?v=kFoZTON94CY
3CrE2mzbFHU,Es gibt nur zwei Geschlechter?,2021-07-13T17:00:01Z,50111,6886,645,PT35S,UCq2rogaxLtQFrYG3X3KYNww,AfD TV,https://www.youtube.com/watch?v=3CrE2mzbFHU
vNOJo-X8Wec,"Warum heißen Grundrechte ""Grundrechte""?",2021-07-12T17:00:29Z,9698,2279,193,PT29S,UCq2rogaxLtQFrYG3X3KYNww,AfD TV,https://www.youtube.com/watch?v=vNOJo-X8Wec
-awgdteL6hA,Warum die FDP keine Alternative sein kann!,2021-07-11T16:00:00Z,85086,6439,138,PT30S,UCq2rogaxLtQFrYG3X3KYNww,AfD TV,https://www.youtube.com/watch?v=-awgdteL6hA
2lKEXxmX_es,Grüne machen Strompreis zur zweiten Miete!,2021-07-10T16:00:05Z,70763,6881,267,PT30S,UCq2rogaxLtQFrYG3X3KYNww,AfD TV,https://www.youtube.com/watch?v=2lKEXxmX_es
nHLpE5Bl5sA,"Dieser eine Satz steht für alles, was falsch läuft!",2021-07-09T16:00:35Z,161919,10328,397,PT30S,UCq2rogaxLtQFrYG3X3KYNww,AfD TV,https://www.youtube.com/watch?v=nHLpE5Bl5sA
_5rLOOykbOY,"Hanau/Würzburg - Opfer erster und zweiter Klasse? In 7 Tage Deutschland, dem AfD-Wochenendpodcast.",2021-07-09T11:22:09Z,14937,2506,366,PT42M25S,UCq2rogaxLtQFrYG3X3KYNww,AfD TV,https://www.youtube.com/watch?v=_5rLOOykbOY
efeMr_rD6LI,Was sich fast 80% der Deutschen nicht trauen...!,2021-07-08T16:00:29Z,172779,15940,652,PT29S,UCq2rogaxLtQFrYG3X3KYNww,AfD TV,https://www.youtube.com/watch?v=efeMr_rD6LI
TOXDV40ca9g,Merkel schweigt - es darf keinen Unterschied in der Bewertung von Terror geben!,2021-07-08T10:04:26Z,93214,11044,1235,PT5M19S,UCq2rogaxLtQFrYG3X3KYNww,AfD TV,https://www.youtube.com/watch?v=TOXDV40ca9g
u16C3Az1BMI,Im Iran regiert ein Massenmörder!,2021-07-07T15:00:24Z,7159,1305,167,PT4M53S,UCq2rogaxLtQFrYG3X3KYNww,AfD TV,https://www.youtube.com/watch?v=u16C3Az1BMI
8GcOZ6Mn3lw,"Was die Grünen fordern, endete stets in Diktatur!",2021-07-07T11:00:03Z,12318,2298,57,PT30S,UCq2rogaxLtQFrYG3X3KYNww,AfD TV,https://www.youtube.com/watch?v=8GcOZ6Mn3lw
jlDwTGdkrnE,Das ist ein beschämendes Versagen!,2021-07-06T15:00:16Z,24722,3962,205,PT4M43S,UCq2rogaxLtQFrYG3X3KYNww,AfD TV,https://www.youtube.com/watch?v=jlDwTGdkrnE
B_ts_nMHEFU,Was Deutschland unter den Grünen erwartet!,2021-07-06T11:00:03Z,23614,3924,107,PT26S,UCq2rogaxLtQFrYG3X3KYNww,AfD TV,https://www.youtube.com/watch?v=B_ts_nMHEFU
NT6HJo23_pM,Greenpeace ist nicht gemeinnützig!,2021-07-05T11:00:21Z,16733,2544,141,PT6M38S,UCq2rogaxLtQFrYG3X3KYNww,AfD TV,https://www.youtube.com/watch?v=NT6HJo23_pM
o1JNskjXdP4,Beenden Sie diesen Bundeswehreinsatz!,2021-07-04T11:00:16Z,4968,958,70,PT4M41S,UCq2rogaxLtQFrYG3X3KYNww,AfD TV,https://www.youtube.com/watch?v=o1JNskjXdP4
HnMtmQps2-8,Ein Drittel aller Sozialleistungen gehen an Nicht-Deutsche!,2021-07-03T11:00:05Z,37082,5252,591,PT4M57S,UCq2rogaxLtQFrYG3X3KYNww,AfD TV,https://www.youtube.com/watch?v=HnMtmQps2-8
M3mz49LH_h4,AfD-Mann zerlegt Ökosozialisten!,2021-07-02T15:00:07Z,40113,4320,104,PT30S,UCq2rogaxLtQFrYG3X3KYNww,AfD TV,https://www.youtube.com/watch?v=M3mz49LH_h4
mLDHZTlqDDI,7 Tage Deutschland Ausgabe 26/21 - der AfD-Wochenendpodcast vom 02.07.21,2021-07-02T13:28:58Z,10183,1507,117,PT42M53S,UCq2rogaxLtQFrYG3X3KYNww,AfD TV,https://www.youtube.com/watch?v=mLDHZTlqDDI
lHlYUTyMdvg,"Klimahysteriker kochen vor Wut: CO2 nicht schuld an ""Klimaerhitzung""!",2021-07-02T11:00:32Z,89275,9565,1384,PT5M10S,UCq2rogaxLtQFrYG3X3KYNww,AfD TV,https://www.youtube.com/watch?v=lHlYUTyMdvg
GgCUhDfwyY0,Jetzt für ein normales Deutschland spenden!,2021-07-02T10:03:16Z,22611,648,132,PT15S,UCq2rogaxLtQFrYG3X3KYNww,AfD TV,https://www.youtube.com/watch?v=GgCUhDfwyY0
owp_2c0EauM,Ein XXL-Plakat der AfD an Ihrem Wunschstandort!,2021-07-01T12:20:24Z,5149,823,97,PT30S,UCq2rogaxLtQFrYG3X3KYNww,AfD TV,https://www.youtube.com/watch?v=owp_2c0EauM
TRBvlMZRqt0,"Altparteien schreien ""Schwätzer!"" Curio redet Klartext!",2021-07-01T11:00:12Z,124621,14486,1470,PT4M47S,UCq2rogaxLtQFrYG3X3KYNww,AfD TV,https://www.youtube.com/watch?v=TRBvlMZRqt0
mBHpzvusKmc,"Gendergaga: ""Mutter"" heißt jetzt ""gebärfähiger Körper""",2021-06-30T15:00:33Z,39405,5177,216,PT30S,UCq2rogaxLtQFrYG3X3KYNww,AfD TV,https://www.youtube.com/watch?v=mBHpzvusKmc
oh6zP5Rlp_I,Die Mutant_Innen kommen!,2021-06-30T11:00:27Z,83382,9513,618,PT6M11S,UCq2rogaxLtQFrYG3X3KYNww,AfD TV,https://www.youtube.com/watch?v=oh6zP5Rlp_I
OT8SZXc3kgQ,"Grüne Filme: Nicht gut, aber durchgegendert!",2021-06-29T15:00:23Z,31022,2452,66,PT30S,UCq2rogaxLtQFrYG3X3KYNww,AfD TV,https://www.youtube.com/watch?v=OT8SZXc3kgQ
7tWyPiBDhKg,Das ist Merkels Vermächtnis!,2021-06-29T11:00:03Z,46685,6934,533,PT5M32S,UCq2rogaxLtQFrYG3X3KYNww,AfD TV,https://www.youtube.com/watch?v=7tWyPiBDhKg
m06w-rhil2g,Wir brauchen eine neue Regierung!,2021-06-28T11:00:31Z,118504,15522,1467,PT7M10S,UCq2rogaxLtQFrYG3X3KYNww,AfD TV,https://www.youtube.com/watch?v=m06w-rhil2g
CR3BDwEEFBA,Bei anderen Parteien wäre das undenkbar!,2021-06-26T15:00:06Z,88276,7592,205,PT29S,UCq2rogaxLtQFrYG3X3KYNww,AfD TV,https://www.youtube.com/watch?v=CR3BDwEEFBA
n_0oz0pWIU4,"7 Tage Deutschland: Chrupalla in Moskau, ""Volksexpress"" am Bundestag, Wahlserie in Rheinland-Pfalz",2021-06-25T17:21:44Z,12907,1672,117,PT39M56S,UCq2rogaxLtQFrYG3X3KYNww,AfD TV,https://www.youtube.com/watch?v=n_0oz0pWIU4
jBlzN-3y9IU,Landeszensuranstalten für 160 Millionen EUR!,2021-06-25T15:15:03Z,10176,1591,40,PT50S,UCq2rogaxLtQFrYG3X3KYNww,AfD TV,https://www.youtube.com/watch?v=jBlzN-3y9IU
7W_dZNFxxLo,Sie treten das EU-Recht mit Füßen!,2021-06-25T10:15:01Z,5463,1062,62,PT4M46S,UCq2rogaxLtQFrYG3X3KYNww,AfD TV,https://www.youtube.com/watch?v=7W_dZNFxxLo
eS4F_RZHY_8,AfD-XXL-Plakate an ihrem Wunschstandort!,2021-06-25T08:49:39Z,22326,1140,184,PT30S,UCq2rogaxLtQFrYG3X3KYNww,AfD TV,https://www.youtube.com/watch?v=eS4F_RZHY_8
LPPBpqd4lSk,Das ist Pseudo-Meinungsfreiheit!,2021-06-24T15:00:08Z,21905,2852,97,PT28S,UCq2rogaxLtQFrYG3X3KYNww,AfD TV,https://www.youtube.com/watch?v=LPPBpqd4lSk
-BFp8peqx38,"Linksextreme ""Faktenchecker""",2021-06-24T11:00:00Z,25228,4226,121,PT30S,UCq2rogaxLtQFrYG3X3KYNww,AfD TV,https://www.youtube.com/watch?v=-BFp8peqx38
oxEnBcvikZs,Gender-Sprache in 30 Sekunden zerlegt!,2021-06-23T15:00:20Z,264521,10763,471,PT27S,UCq2rogaxLtQFrYG3X3KYNww,AfD TV,https://www.youtube.com/watch?v=oxEnBcvikZs
V5irZdT5u04,Dieses Haus ist nur noch ein potemkinisches Dorf!,2021-06-23T10:15:02Z,19037,2817,216,PT3M29S,UCq2rogaxLtQFrYG3X3KYNww,AfD TV,https://www.youtube.com/watch?v=V5irZdT5u04
4O_-R6w9DQU,Der Volksexpress hält am Reichstag!,2021-06-22T15:00:05Z,24461,3388,435,PT1M10S,UCq2rogaxLtQFrYG3X3KYNww,AfD TV,https://www.youtube.com/watch?v=4O_-R6w9DQU
6fyg6TYCf08,Alice Weidel teilt gegen Merkel aus!,2021-06-22T11:12:49Z,162406,16238,825,PT30S,UCq2rogaxLtQFrYG3X3KYNww,AfD TV,https://www.youtube.com/watch?v=6fyg6TYCf08
pB7jJ-aPRyk,Das SPD-geführte Justizverhinderungsministerium ist ein Sicherheitsrisiko!,2021-06-22T10:15:03Z,9654,1759,65,PT4M18S,UCq2rogaxLtQFrYG3X3KYNww,AfD TV,https://www.youtube.com/watch?v=pB7jJ-aPRyk
G-omYvEhXNY,Ist das Ihre Schamgrenze?,2021-06-21T10:15:00Z,19451,2976,113,PT4M22S,UCq2rogaxLtQFrYG3X3KYNww,AfD TV,https://www.youtube.com/watch?v=G-omYvEhXNY
Iebj1T4J3kw,AfD-Bundessprecher: Wir müssen mit Russland offene Gespräche führen!,2021-06-20T16:00:09Z,5921,1119,91,PT3M32S,UCq2rogaxLtQFrYG3X3KYNww,AfD TV,https://www.youtube.com/watch?v=Iebj1T4J3kw
6xol5KmMPg4,Wollen Sie sich dem Parlament entziehen?,2021-06-20T10:15:00Z,27407,2831,143,PT4M2S,UCq2rogaxLtQFrYG3X3KYNww,AfD TV,https://www.youtube.com/watch?v=6xol5KmMPg4
Zwx5IIm8qMA,Grüne Fanatiker greifen nach staatlicher Macht - mit der Hilfe der CDU,2021-06-19T10:15:00Z,13807,2075,182,PT4M21S,UCq2rogaxLtQFrYG3X3KYNww,AfD TV,https://www.youtube.com/watch?v=Zwx5IIm8qMA
CrCX6MAPgM0,Es droht der Bürgerkrieg!,2021-06-19T08:00:03Z,229513,19797,2348,PT6M59S,UCq2rogaxLtQFrYG3X3KYNww,AfD TV,https://www.youtube.com/watch?v=CrCX6MAPgM0
heXP3MR8r8w,"Linke Randale, weg mit den Masken, neuer Gender-Quatsch u.v.m. in 7 Tage Deutschland 24/21",2021-06-18T12:09:49Z,31026,3615,426,PT36M44S,UCq2rogaxLtQFrYG3X3KYNww,AfD TV,https://www.youtube.com/watch?v=heXP3MR8r8w
nj3iG8Fuu4Q,Sie plündern das deutsche Volk aus!,2021-06-18T10:15:01Z,67083,8003,827,PT6M31S,UCq2rogaxLtQFrYG3X3KYNww,AfD TV,https://www.youtube.com/watch?v=nj3iG8Fuu4Q
Xw0YSV38-zU,"""Frau Künast, kümmern Sie sich um Ihre Zuckerrüben!""",2021-06-17T15:30:07Z,7490,1004,61,PT4M25S,UCq2rogaxLtQFrYG3X3KYNww,AfD TV,https://www.youtube.com/watch?v=Xw0YSV38-zU
IHbmXw5VYvQ,Die GroKo ebnet den Weg in den Sozialismus!,2021-06-17T12:00:07Z,23572,3748,446,PT4M23S,UCq2rogaxLtQFrYG3X3KYNww,AfD TV,https://www.youtube.com/watch?v=IHbmXw5VYvQ
FAPFM7Natf0,Rigaer Straße: Linke versuchen Polizisten zu töten!,2021-06-17T10:15:00Z,54252,5036,996,PT1M10S,UCq2rogaxLtQFrYG3X3KYNww,AfD TV,https://www.youtube.com/watch?v=FAPFM7Natf0
TfmNV2R0kpQ,Jedes Jahr steht eine Großstadt vor der Tür!,2021-06-16T16:15:01Z,10805,1656,102,PT3M28S,UCq2rogaxLtQFrYG3X3KYNww,AfD TV,https://www.youtube.com/watch?v=TfmNV2R0kpQ
h6VMMw2KV48,Eskalation im Bundestag: CDU schreit!,2021-06-16T13:00:17Z,343428,17577,543,PT29S,UCq2rogaxLtQFrYG3X3KYNww,AfD TV,https://www.youtube.com/watch?v=h6VMMw2KV48
k8DR_X6W9BA,Altersgrenze für Reservisten aufheben!,2021-06-16T10:00:16Z,3295,478,82,PT3M54S,UCq2rogaxLtQFrYG3X3KYNww,AfD TV,https://www.youtube.com/watch?v=k8DR_X6W9BA
I823X2a7rv0,Maskenskandal: Milliardenverträge auf Schmierzetteln,2021-06-15T16:15:00Z,13852,2595,167,PT6M2S,UCq2rogaxLtQFrYG3X3KYNww,AfD TV,https://www.youtube.com/watch?v=I823X2a7rv0
h1JODtllL64,"Was ist ""Normalität"" für die AfD?",2021-06-15T15:30:13Z,103062,5038,135,PT27S,UCq2rogaxLtQFrYG3X3KYNww,AfD TV,https://www.youtube.com/watch?v=h1JODtllL64
KkOguI4zjXU,Dieses System steht für Unterdrückung!,2021-06-15T10:15:01Z,11663,1886,112,PT4M59S,UCq2rogaxLtQFrYG3X3KYNww,AfD TV,https://www.youtube.com/watch?v=KkOguI4zjXU
wd5dok8Tvcg,Jens Spahns Ende ist nicht mehr weit!,2021-06-14T15:00:23Z,86709,9980,762,PT5M29S,UCq2rogaxLtQFrYG3X3KYNww,AfD TV,https://www.youtube.com/watch?v=wd5dok8Tvcg
wOq_5hD30lw,Warum die AfD gegen den EU-Impfpass ist,2021-06-14T13:00:18Z,18373,3433,92,PT29S,UCq2rogaxLtQFrYG3X3KYNww,AfD TV,https://www.youtube.com/watch?v=wOq_5hD30lw
KavwCGpnOnQ,Russland ist unser ältester Verbündeter,2021-06-14T10:00:17Z,33808,3727,321,PT4M14S,UCq2rogaxLtQFrYG3X3KYNww,AfD TV,https://www.youtube.com/watch?v=KavwCGpnOnQ
wrP7uoDU9O0,Wissenschaftliche Planwirtschaft beenden!,2021-06-14T09:34:34Z,158,16,0,PT4M20S,UCq2rogaxLtQFrYG3X3KYNww,AfD TV,https://www.youtube.com/watch?v=wrP7uoDU9O0
q5L4J1HQIaw,Die EU finanziert palästinensische Aggressoren,2021-06-12T10:15:01Z,46268,3325,108,PT30S,UCq2rogaxLtQFrYG3X3KYNww,AfD TV,https://www.youtube.com/watch?v=q5L4J1HQIaw
eGVjfvXa3aY,"""Wenn du glaubst, jeder dürfte sich kritisch äußern, dann hast du das noch nie getan""",2021-06-11T15:15:01Z,20732,3175,180,PT30S,UCq2rogaxLtQFrYG3X3KYNww,AfD TV,https://www.youtube.com/watch?v=eGVjfvXa3aY
OZb0Beposuk,"Wahl, Gender, Rente m. 68, Social-Media-Irrsinn von ARD&ZDF u.v.m. in 7 Tage Deutschland Ausg. 23/21",2021-06-11T10:51:15Z,10251,1516,168,PT36M10S,UCq2rogaxLtQFrYG3X3KYNww,AfD TV,https://www.youtube.com/watch?v=OZb0Beposuk
ZFjV4PyjoRU,Gauland: unser fataler Fehler im Umgang mit Russland,2021-06-11T10:15:00Z,15377,1702,40,PT26S,UCq2rogaxLtQFrYG3X3KYNww,AfD TV,https://www.youtube.com/watch?v=ZFjV4PyjoRU
z_ToPD824cE,Wir werden unsere Landwirte verlieren!,2021-06-10T10:15:02Z,18199,2351,50,PT30S,UCq2rogaxLtQFrYG3X3KYNww,AfD TV,https://www.youtube.com/watch?v=z_ToPD824cE
wbQKkLnjfGM,3 Gründe gegen die ARD,2021-06-09T09:15:51Z,24781,4280,171,PT30S,UCq2rogaxLtQFrYG3X3KYNww,AfD TV,https://www.youtube.com/watch?v=wbQKkLnjfGM
nqnT-MHf_I8,AfD TV aktuell: Ostbeauftragter ist intellektuell überfordert,2021-06-08T10:15:03Z,9038,1247,94,PT4M28S,UCq2rogaxLtQFrYG3X3KYNww,AfD TV,https://www.youtube.com/watch?v=nqnT-MHf_I8
I_g-8zTxOGI,AfD TV aktuell:  Die Menschen in Sachsen-Anhalt sind diktaturfühlig,2021-06-08T09:15:22Z,19022,2559,442,PT3M38S,UCq2rogaxLtQFrYG3X3KYNww,AfD TV,https://www.youtube.com/watch?v=I_g-8zTxOGI
FYPYQiAeelI,Meinungsfreiheit in Theorie und Praxis!,2021-06-08T08:00:06Z,9963,1623,25,PT30S,UCq2rogaxLtQFrYG3X3KYNww,AfD TV,https://www.youtube.com/watch?v=FYPYQiAeelI
ZfaBa0pSx9I,Regierung? Grüne gehören in Therapie!,2021-06-07T15:30:03Z,137946,10879,329,PT30S,UCq2rogaxLtQFrYG3X3KYNww,AfD TV,https://www.youtube.com/watch?v=ZfaBa0pSx9I
mD8hJWQG-NE,Hat Deutschland aus zwei Diktaturen nichts gelernt?,2021-06-05T09:30:04Z,196136,10671,317,PT29S,UCq2rogaxLtQFrYG3X3KYNww,AfD TV,https://www.youtube.com/watch?v=mD8hJWQG-NE
6ikvUjDTt4k,Wahl in Sachsen-Anhalt: 7 Tage Deutschland - der AfD-Wochenendpodcast,2021-06-04T15:31:33Z,15685,2141,415,PT42M29S,UCq2rogaxLtQFrYG3X3KYNww,AfD TV,https://www.youtube.com/watch?v=6ikvUjDTt4k
2l38JldvCU0,So wird Corona von der EU schamlos missbraucht!,2021-06-04T13:09:59Z,10491,1589,73,PT30S,UCq2rogaxLtQFrYG3X3KYNww,AfD TV,https://www.youtube.com/watch?v=2l38JldvCU0
7Ij5rck-E2c,AfD gibt Merkel einen guten Rat!,2021-06-04T10:15:01Z,182857,11567,670,PT30S,UCq2rogaxLtQFrYG3X3KYNww,AfD TV,https://www.youtube.com/watch?v=7Ij5rck-E2c
u8xKJJri0Qs,Das ist unmoralisch und das ist falsch!,2021-05-31T14:30:15Z,15402,2603,173,PT3M40S,UCq2rogaxLtQFrYG3X3KYNww,AfD TV,https://www.youtube.com/watch?v=u8xKJJri0Qs
K-9wfPkCbzo,Der Great Reset,2021-05-31T10:00:24Z,14635,1907,108,PT3M31S,UCq2rogaxLtQFrYG3X3KYNww,AfD TV,https://www.youtube.com/watch?v=K-9wfPkCbzo
aiasvzjYSNM,Aufklärung in der Coronakrise,2021-05-30T17:15:00Z,6167,1452,79,PT4M51S,UCq2rogaxLtQFrYG3X3KYNww,AfD TV,https://www.youtube.com/watch?v=aiasvzjYSNM
h-uEs_zUah0,AfD TV im Gespräch: Bildungs- und Familienpolitik,2021-05-30T15:00:17Z,4324,630,46,PT20M8S,UCq2rogaxLtQFrYG3X3KYNww,AfD TV,https://www.youtube.com/watch?v=h-uEs_zUah0
iWnc1t2iq6c,Freiheit im Netz: Regierungstreue oder Knast?,2021-05-30T11:45:05Z,40140,5068,193,PT30S,UCq2rogaxLtQFrYG3X3KYNww,AfD TV,https://www.youtube.com/watch?v=iWnc1t2iq6c
dV_fJCEV6cs,Mit Almosen schafft man keinen sozialen Frieden,2021-05-30T10:45:01Z,3070,495,23,PT4M26S,UCq2rogaxLtQFrYG3X3KYNww,AfD TV,https://www.youtube.com/watch?v=dV_fJCEV6cs
TOWhbSTloKM,Demokratie und Mitbestimmung wenn es der Linken passt,2021-05-30T07:00:06Z,7461,1205,61,PT4M29S,UCq2rogaxLtQFrYG3X3KYNww,AfD TV,https://www.youtube.com/watch?v=TOWhbSTloKM
Xx6K8jAf4oc,Ein Leben ohne Angst!,2021-05-29T16:00:29Z,6905,1617,137,PT4M41S,UCq2rogaxLtQFrYG3X3KYNww,AfD TV,https://www.youtube.com/watch?v=Xx6K8jAf4oc
JmxZ4D9T7Vk,Freiheit im Netz! Grundrechte sind nicht verhandelbar!,2021-05-29T13:00:05Z,8785,1415,41,PT30S,UCq2rogaxLtQFrYG3X3KYNww,AfD TV,https://www.youtube.com/watch?v=JmxZ4D9T7Vk
LlIzu_EmFLA,Sie haben die Bevölkerung belogen!,2021-05-29T11:30:04Z,75725,9160,686,PT3M29S,UCq2rogaxLtQFrYG3X3KYNww,AfD TV,https://www.youtube.com/watch?v=LlIzu_EmFLA
c26W8Kr-3pE,Klimatyrannen versetzen Menschen in Angst und Schrecken!,2021-05-29T07:15:00Z,10883,1670,108,PT4M2S,UCq2rogaxLtQFrYG3X3KYNww,AfD TV,https://www.youtube.com/watch?v=c26W8Kr-3pE
lwnLUB2rBFo,Die fünf Linksfraktionen im Hause hätten besser geschwiegen!,2021-05-28T17:30:02Z,21062,2717,162,PT2M32S,UCq2rogaxLtQFrYG3X3KYNww,AfD TV,https://www.youtube.com/watch?v=lwnLUB2rBFo
tFg2BfjC9cg,Crystalmeth? Fragen Sie doch Volker Beck!,2021-05-28T16:00:37Z,28426,4544,373,PT4M10S,UCq2rogaxLtQFrYG3X3KYNww,AfD TV,https://www.youtube.com/watch?v=tFg2BfjC9cg
NwN-NaWRCac,7 Tage Deutschland: Alice Weidel & Tino Chrupalla - das AfD Spitzen-Duo ist gewählt!,2021-05-28T12:45:59Z,13238,1812,143,PT32M38S,UCq2rogaxLtQFrYG3X3KYNww,AfD TV,https://www.youtube.com/watch?v=NwN-NaWRCac
3LUMcEPPf2I,Kehren Sie zurück zu einer traditionellen Politik der Staatsräson!,2021-05-28T10:00:01Z,34600,4158,247,PT4M22S,UCq2rogaxLtQFrYG3X3KYNww,AfD TV,https://www.youtube.com/watch?v=3LUMcEPPf2I
NuGLe8IIubE,Die Politik in diesem Haus ist dem deutschen Volk gewidmet!,2021-05-27T15:30:06Z,15730,2433,119,PT4M12S,UCq2rogaxLtQFrYG3X3KYNww,AfD TV,https://www.youtube.com/watch?v=NuGLe8IIubE
Us757u-IOE8,Freiheit im Netz! Ist Deutschland noch ein Rechtsstaat?,2021-05-26T08:00:06Z,12876,2097,50,PT30S,UCq2rogaxLtQFrYG3X3KYNww,AfD TV,https://www.youtube.com/watch?v=Us757u-IOE8
T0S7_cGEKWw,AfD-TV live - Pressekonferenz Vorstellung des AfD-Spitzenduos zur Bundestagswahl 2021,2021-05-25T11:47:47Z,18358,2441,269,PT44M2S,UCq2rogaxLtQFrYG3X3KYNww,AfD TV,https://www.youtube.com/watch?v=T0S7_cGEKWw
Qrx6tvPM8pk,Du zahlst Rundfunkbeiträge?,2021-05-25T10:34:04Z,342760,23762,828,PT30S,UCq2rogaxLtQFrYG3X3KYNww,AfD TV,https://www.youtube.com/watch?v=Qrx6tvPM8pk
lQpiCsY7ghg,AfD-TV im Gespräch: Kriminalität in Sachsen-Anhalt,2021-05-21T13:40:41Z,13850,1610,141,PT16M50S,UCq2rogaxLtQFrYG3X3KYNww,AfD TV,https://www.youtube.com/watch?v=lQpiCsY7ghg
LzAHq4bmGtE,"Giffey-Abgang, ""The Great Reset"", der Tag des Grundgesetzes u.v.m. in 7 Tage Deutschland Ausg. 20/21",2021-05-21T11:50:36Z,13929,1934,148,PT37M10S,UCq2rogaxLtQFrYG3X3KYNww,AfD TV,https://www.youtube.com/watch?v=LzAHq4bmGtE
5fGny1m3pIg,Das Gespräch zum AfD-Podcast mit Dr. Martin Vincentz,2021-05-20T16:22:04Z,6691,937,39,PT56M45S,UCq2rogaxLtQFrYG3X3KYNww,AfD TV,https://www.youtube.com/watch?v=5fGny1m3pIg
QHhhma-0S9Q,Der Verfassungsschutz ist zum Regierungsschutz heruntergekommen!,2021-05-20T10:24:38Z,7539,1443,94,PT4M44S,UCq2rogaxLtQFrYG3X3KYNww,AfD TV,https://www.youtube.com/watch?v=QHhhma-0S9Q
wz4uGCH7onw,NEIN zur Impfpflicht an Schulen!,2021-05-19T10:46:07Z,9307,1889,177,PT5M,UCq2rogaxLtQFrYG3X3KYNww,AfD TV,https://www.youtube.com/watch?v=wz4uGCH7onw
kdffHV3R-QY,Hat Annegret Kramp-Karrenbauer das Parlament BELOGEN?,2021-05-18T11:05:57Z,65416,6740,402,PT5M34S,UCq2rogaxLtQFrYG3X3KYNww,AfD TV,https://www.youtube.com/watch?v=kdffHV3R-QY
EsRCcXGPXQM,Martin Renner zur Pressefreiheit,2021-05-17T10:46:08Z,6393,1194,65,PT4M37S,UCq2rogaxLtQFrYG3X3KYNww,AfD TV,https://www.youtube.com/watch?v=EsRCcXGPXQM
mQpl7KfAaxQ,Freiheit im Netz! Freiheit der Rede!,2021-05-17T10:42:11Z,28686,3837,110,PT30S,UCq2rogaxLtQFrYG3X3KYNww,AfD TV,https://www.youtube.com/watch?v=mQpl7KfAaxQ
oLrpFlDa98k,Freiheit im Netz! Anonymität im Internet!,2021-05-17T09:35:03Z,10549,1353,56,PT30S,UCq2rogaxLtQFrYG3X3KYNww,AfD TV,https://www.youtube.com/watch?v=oLrpFlDa98k
BX44P5SchAE,"AfD-TV im Gespräch: LTW Sachsen Anhalt - ""Es gibt noch andere Themen neben Corona!""",2021-05-17T08:35:22Z,7274,1223,139,PT20M8S,UCq2rogaxLtQFrYG3X3KYNww,AfD TV,https://www.youtube.com/watch?v=BX44P5SchAE
7IN8FA-z81M,Gottfried Curio zum Schutz der Meinungsfreiheit,2021-05-14T15:55:16Z,12270,2332,196,PT5M16S,UCq2rogaxLtQFrYG3X3KYNww,AfD TV,https://www.youtube.com/watch?v=7IN8FA-z81M
XqxebgGKb4M,7 Tage Deutschland - das Gespräch mit Joana Cotar,2021-05-14T10:45:03Z,13907,2022,153,PT44M12S,UCq2rogaxLtQFrYG3X3KYNww,AfD TV,https://www.youtube.com/watch?v=XqxebgGKb4M
4pg0nMtMHJc,Bruno Hollnagel zu Forderungen nach einer Vermögensabgabe,2021-05-13T07:00:01Z,4459,895,88,PT4M32S,UCq2rogaxLtQFrYG3X3KYNww,AfD TV,https://www.youtube.com/watch?v=4pg0nMtMHJc
B0Vr5Jc9nzU,Dirk Spaniel zur Förderung von sogenannten energieeffizienten Straßenfahrzeuge,2021-05-12T17:30:01Z,5430,1093,65,PT4M,UCq2rogaxLtQFrYG3X3KYNww,AfD TV,https://www.youtube.com/watch?v=B0Vr5Jc9nzU
EfmOvdciO2A,Marc Jongen zur Bundeskanzler-Helmut-Kohl-Stiftung,2021-05-12T16:30:01Z,3420,715,56,PT4M31S,UCq2rogaxLtQFrYG3X3KYNww,AfD TV,https://www.youtube.com/watch?v=EfmOvdciO2A
4V5QipvSV2s,Martin Hess zu Kompetenz-Übertragung an Europol,2021-05-12T15:28:22Z,8223,1501,99,PT4M15S,UCq2rogaxLtQFrYG3X3KYNww,AfD TV,https://www.youtube.com/watch?v=4V5QipvSV2s
SqbEyJe_gMA,Der Bundeswehr-Abzug aus Afghanistan - mit Rüdiger Lucassen und René Springer | AfD im Gespräch,2021-05-12T12:12:52Z,9020,882,113,PT36M48S,UCq2rogaxLtQFrYG3X3KYNww,AfD TV,https://www.youtube.com/watch?v=SqbEyJe_gMA
uYHr-GEsTCo,Kay Gottschalk zu Maßnahmen gegen Steuer-Oasen,2021-05-11T17:30:05Z,3892,851,38,PT4M50S,UCq2rogaxLtQFrYG3X3KYNww,AfD TV,https://www.youtube.com/watch?v=uYHr-GEsTCo
7nBdQEgc8MY,Beatrix von Storch zur Widersprüchlichkeit vieler Corona-Maßnahmen,2021-05-11T16:30:01Z,9096,1863,304,PT5M16S,UCq2rogaxLtQFrYG3X3KYNww,AfD TV,https://www.youtube.com/watch?v=7nBdQEgc8MY
kZ3w3VMGy5M,Christian Wirth zur Inzidenzwert-Panikmache,2021-05-11T15:30:10Z,4392,1051,51,PT2M22S,UCq2rogaxLtQFrYG3X3KYNww,AfD TV,https://www.youtube.com/watch?v=kZ3w3VMGy5M
YN00oLItbjA,Martin Hess zur Bekämpfung von Linksextremismus und Clan-Kriminalität,2021-05-10T15:25:09Z,14335,2169,173,PT5M29S,UCq2rogaxLtQFrYG3X3KYNww,AfD TV,https://www.youtube.com/watch?v=YN00oLItbjA
3lw8787RMwk,Martin Reichardt zur entstehenden Zwei-Klassen-Gesellschaft,2021-05-10T15:22:57Z,14193,2494,194,PT5M40S,UCq2rogaxLtQFrYG3X3KYNww,AfD TV,https://www.youtube.com/watch?v=3lw8787RMwk
AD9JG9TiVWQ,"Meinungsfreiheit und Digitalisierung - mit Joana Cotar, Joachim Paul und Vadim Derksen",2021-05-10T13:08:51Z,11453,1557,178,PT57M44S,UCq2rogaxLtQFrYG3X3KYNww,AfD TV,https://www.youtube.com/watch?v=AD9JG9TiVWQ
07FmpiS7qS0,Stephan Brandner zum Infektionsschutzgesetz,2021-05-10T13:07:47Z,3981,587,20,PT5M19S,UCq2rogaxLtQFrYG3X3KYNww,AfD TV,https://www.youtube.com/watch?v=07FmpiS7qS0
ce-S_WM07FM,Joana Cotar zum Schutz der Meinungsfreiheit,2021-05-07T19:15:07Z,11100,1910,135,PT5M24S,UCq2rogaxLtQFrYG3X3KYNww,AfD TV,https://www.youtube.com/watch?v=ce-S_WM07FM
0oxZU6li-LU,Freiheit im Netz! Zensur stoppen!,2021-05-07T14:49:37Z,29004,2486,134,PT30S,UCq2rogaxLtQFrYG3X3KYNww,AfD TV,https://www.youtube.com/watch?v=0oxZU6li-LU
ZCBj4gvTliA,Stephan Brandner zur „Woche der Meinungsfreiheit“,2021-05-07T14:46:50Z,11955,1821,128,PT4M34S,UCq2rogaxLtQFrYG3X3KYNww,AfD TV,https://www.youtube.com/watch?v=ZCBj4gvTliA
FRvsl3M-zes,Freiheit im Netz! Cancel Culture stoppen!,2021-05-07T14:35:19Z,7298,875,43,PT30S,UCq2rogaxLtQFrYG3X3KYNww,AfD TV,https://www.youtube.com/watch?v=FRvsl3M-zes
wJQLoLc0DFU,7 Tage Deutschland – Ausgabe 18/21 des AfD-Wochenendpodcasts.,2021-05-07T13:20:06Z,12328,1633,123,PT41M50S,UCq2rogaxLtQFrYG3X3KYNww,AfD TV,https://www.youtube.com/watch?v=wJQLoLc0DFU
hGMLl2ewijE,90 Sekunden: AfD-Wahlprogramm Sachsen-Anhalt,2021-05-06T18:15:16Z,47988,5745,624,PT2M4S,UCq2rogaxLtQFrYG3X3KYNww,AfD TV,https://www.youtube.com/watch?v=hGMLl2ewijE
NRlfYu8PGWs,Karsten Hilse zur Aushebelung von Föderalismus und Gewaltenteilung durch die SPD,2021-05-05T15:06:46Z,10071,1864,93,PT1M30S,UCq2rogaxLtQFrYG3X3KYNww,AfD TV,https://www.youtube.com/watch?v=NRlfYu8PGWs
1wFXuHD90q8,Norbert Kleinwächter: „Der Brexit war freilich ein Fest der Demokratie!“,2021-04-30T12:48:53Z,4381,704,57,PT4M36S,UCq2rogaxLtQFrYG3X3KYNww,AfD TV,https://www.youtube.com/watch?v=1wFXuHD90q8
ybyAWrnxWH0,Jürgen Braun zur Christenverfolgung in islamischen Ländern,2021-04-30T12:47:42Z,3065,450,33,PT4M27S,UCq2rogaxLtQFrYG3X3KYNww,AfD TV,https://www.youtube.com/watch?v=ybyAWrnxWH0
HlV7HLMy9Lc,AfD-Podcast: Corona-U-Ausschuss: SPD schont SPD - sinnlose Inzidenz? + Kampf geg. grünes Gendergaga,2021-04-30T12:06:09Z,7415,1277,108,PT32M10S,UCq2rogaxLtQFrYG3X3KYNww,AfD TV,https://www.youtube.com/watch?v=HlV7HLMy9Lc
r3_0Vky9Prg,Martin Reichardt zur Familienpolitik in Deutschland,2021-04-30T07:00:11Z,2753,511,36,PT4M22S,UCq2rogaxLtQFrYG3X3KYNww,AfD TV,https://www.youtube.com/watch?v=r3_0Vky9Prg
vfjg7FbVgkM,Dr. Gottfried Curio zum Staatsangehörigkeitstest,2021-04-29T15:16:05Z,65660,5774,324,PT4M19S,UCq2rogaxLtQFrYG3X3KYNww,AfD TV,https://www.youtube.com/watch?v=vfjg7FbVgkM
qz2ZUdU49EA,Dr. Marc Jongen fordert nationalen Aktionsplan für kulturelle Identität,2021-04-29T15:15:14Z,5365,1061,80,PT5M39S,UCq2rogaxLtQFrYG3X3KYNww,AfD TV,https://www.youtube.com/watch?v=qz2ZUdU49EA
yIZ4KNtKUx4,Martin Renner zum widersprüchlichen Umgang der CDU mit Helmut Kohl,2021-04-29T15:13:17Z,4182,734,25,PT4M38S,UCq2rogaxLtQFrYG3X3KYNww,AfD TV,https://www.youtube.com/watch?v=yIZ4KNtKUx4
AeanMT8Fgyg,Joachim Paul | AfD persönlich,2021-04-29T14:36:27Z,1917,240,7,PT13M40S,UCq2rogaxLtQFrYG3X3KYNww,AfD TV,https://www.youtube.com/watch?v=AeanMT8Fgyg
XHNlw2tuuDk,„Deutschland. Aber normal“,2021-04-29T11:11:47Z,51595,2449,451,PT1M21S,UCq2rogaxLtQFrYG3X3KYNww,AfD TV,https://www.youtube.com/watch?v=XHNlw2tuuDk
zssQy0O-bdY,Beatrix von Storch zum assistierten Suizid,2021-04-29T08:24:10Z,10747,1778,127,PT3M10S,UCq2rogaxLtQFrYG3X3KYNww,AfD TV,https://www.youtube.com/watch?v=zssQy0O-bdY
FtdIVYnSx_8,Udo Hemmelgarn zum kontraproduktiven „Mietendeckel“,2021-04-28T15:18:27Z,1937,382,33,PT4M25S,UCq2rogaxLtQFrYG3X3KYNww,AfD TV,https://www.youtube.com/watch?v=FtdIVYnSx_8
zJnKsr_AJio,Michael Espendiller zum digitalen Impfpass,2021-04-28T15:12:46Z,17652,2475,318,PT6M55S,UCq2rogaxLtQFrYG3X3KYNww,AfD TV,https://www.youtube.com/watch?v=zJnKsr_AJio
We5l5im5dNQ,Alice Weidel zur Ergänzung des Infektionsschutzgesetzes,2021-04-26T09:04:08Z,158038,16784,1796,PT7M7S,UCq2rogaxLtQFrYG3X3KYNww,AfD TV,https://www.youtube.com/watch?v=We5l5im5dNQ
ZlU37OWXLtc,Beatrix von Storch kritisiert Grünen-Antrag zur „Hasskriminalität“,2021-04-25T08:21:38Z,21580,3612,378,PT4M17S,UCq2rogaxLtQFrYG3X3KYNww,AfD TV,https://www.youtube.com/watch?v=ZlU37OWXLtc
hG1nml8zLHs,Stephan Brandner fordert alternative Maßnahmen zur Lockdown-Politik,2021-04-24T18:34:15Z,22750,3595,359,PT3M25S,UCq2rogaxLtQFrYG3X3KYNww,AfD TV,https://www.youtube.com/watch?v=hG1nml8zLHs
gU9Y7Mpkgr8,Bernd Baumann zum Infektionsschutzgesetz: Kaum aussagekräftige Inzidenzwerte!,2021-04-23T14:44:07Z,5373,1133,71,PT3M20S,UCq2rogaxLtQFrYG3X3KYNww,AfD TV,https://www.youtube.com/watch?v=gU9Y7Mpkgr8
irNU3ABwIzc,7 Tage Deutschland - Ausgabe 16/21 des AfD-Wochenendpodcasts.,2021-04-23T12:45:21Z,20803,2524,207,PT39M13S,UCq2rogaxLtQFrYG3X3KYNww,AfD TV,https://www.youtube.com/watch?v=irNU3ABwIzc
Rrpz0yBVyzk,Sylvia Limmer zum Niedergang der Souveränität der Nationalstaaten durch die EU,2021-04-22T12:57:14Z,3911,469,26,PT6M42S,UCq2rogaxLtQFrYG3X3KYNww,AfD TV,https://www.youtube.com/watch?v=Rrpz0yBVyzk
dRyb8rxXuEs,"Joachim Paul zur absurden Politisierung von Kindern, die Indianerhäuptling sein wollen",2021-04-22T12:49:00Z,1962,292,19,PT5M27S,UCq2rogaxLtQFrYG3X3KYNww,AfD TV,https://www.youtube.com/watch?v=dRyb8rxXuEs
y_n8Z5LcjlE,"Martin Vincentz: Wir stehen für Freiheit, wir stehen für Eigenverantwortung!",2021-04-22T12:41:17Z,5342,694,53,PT5M26S,UCq2rogaxLtQFrYG3X3KYNww,AfD TV,https://www.youtube.com/watch?v=y_n8Z5LcjlE
tsgB9qS-ykc,Christian Waldheim zum „Lockdown“-Chaos der Bundesregierung,2021-04-22T12:27:21Z,1654,227,20,PT5M23S,UCq2rogaxLtQFrYG3X3KYNww,AfD TV,https://www.youtube.com/watch?v=tsgB9qS-ykc
D8kllhSKNnM,Petra Schneider zur AfD-Wahlkampagne für die Bundestagswahl: „Deutschland. Aber normal!“,2021-04-22T12:13:47Z,1337,173,9,PT5M22S,UCq2rogaxLtQFrYG3X3KYNww,AfD TV,https://www.youtube.com/watch?v=D8kllhSKNnM
M2zXkc3eJz8,Klaus Herrmann zur notwendigen steuerlichen Entlastung von Familien,2021-04-22T10:10:00Z,1457,377,31,PT3M39S,UCq2rogaxLtQFrYG3X3KYNww,AfD TV,https://www.youtube.com/watch?v=M2zXkc3eJz8
G5VSTElk3rE,Bernhard Zimniok zu den katastrophalen Migrations-Plänen der EU,2021-04-21T17:57:57Z,44791,4103,438,PT5M50S,UCq2rogaxLtQFrYG3X3KYNww,AfD TV,https://www.youtube.com/watch?v=G5VSTElk3rE
TosG1IP6c3Q,Ute Blosfeld zu kommunalpolitischen Aktivitäten der AfD und Lockdown-Wahnsinn,2021-04-21T17:45:35Z,5716,843,42,PT4M55S,UCq2rogaxLtQFrYG3X3KYNww,AfD TV,https://www.youtube.com/watch?v=TosG1IP6c3Q
4iMz4PGgOKA,Alexander Gauland zur verfassungswidrigen Änderung des Infektionsschutzgesetzes,2021-04-21T14:11:38Z,10222,1668,147,PT7M6S,UCq2rogaxLtQFrYG3X3KYNww,AfD TV,https://www.youtube.com/watch?v=4iMz4PGgOKA
oKv0kzwzcqA,Stephan Protschka für eine verlässliche Agrarpolitik,2021-04-21T13:47:09Z,735,132,8,PT4M51S,UCq2rogaxLtQFrYG3X3KYNww,AfD TV,https://www.youtube.com/watch?v=oKv0kzwzcqA
KAFzHtEaAlA,Alexander Wolf zum Wahlkampfmotto: „Deutschland. Aber normal!“,2021-04-20T18:00:09Z,4769,833,98,PT3M52S,UCq2rogaxLtQFrYG3X3KYNww,AfD TV,https://www.youtube.com/watch?v=KAFzHtEaAlA
Hg41Z3J1dlc,Sebastian Münzenmaier zur AfD-Wahlkampagne: „Deutschland. Aber normal!“,2021-04-20T17:30:00Z,3870,675,48,PT5M15S,UCq2rogaxLtQFrYG3X3KYNww,AfD TV,https://www.youtube.com/watch?v=Hg41Z3J1dlc
D0bgvISAHtM,"Joana Cotar stellt dem ""Green Deal"" einen ""Blue Deal"" gegenüber",2021-04-20T16:58:04Z,13538,1806,123,PT4M34S,UCq2rogaxLtQFrYG3X3KYNww,AfD TV,https://www.youtube.com/watch?v=D0bgvISAHtM
ZZ4g9FdJfK8,Oliver Kirchner zu den Wahlen im Bund und in Sachsen-Anhalt,2021-04-19T17:30:02Z,4410,488,39,PT3M31S,UCq2rogaxLtQFrYG3X3KYNww,AfD TV,https://www.youtube.com/watch?v=ZZ4g9FdJfK8
M4hYZOhRYnE,Stephan Brandner zum AfD-Wahlprogramm für die Bundestagswahl,2021-04-19T16:30:03Z,21294,2063,228,PT2M35S,UCq2rogaxLtQFrYG3X3KYNww,AfD TV,https://www.youtube.com/watch?v=M4hYZOhRYnE
iuwWcapX69Y,Beatrix von Storch zur AfD-Wahlkampagne „Deutschland. Aber normal!“,2021-04-19T08:09:33Z,29517,3498,363,PT6M42S,UCq2rogaxLtQFrYG3X3KYNww,AfD TV,https://www.youtube.com/watch?v=iuwWcapX69Y
uco7Acn1qDA,Carsten Hütter zur AfD-Wahlkampagne: „Deutschland. Aber normal!“,2021-04-19T07:00:13Z,3596,675,66,PT4M7S,UCq2rogaxLtQFrYG3X3KYNww,AfD TV,https://www.youtube.com/watch?v=uco7Acn1qDA
CjX_CSqxgNc,Jörg Urban zur Bundestagswahl 2021,2021-04-18T07:00:04Z,12891,1652,113,PT3M5S,UCq2rogaxLtQFrYG3X3KYNww,AfD TV,https://www.youtube.com/watch?v=CjX_CSqxgNc
yVk5Tcap1Qk,Björn Höcke zur verfassungswidrigen Inzidenz-Politik der Bundesregierung,2021-04-17T07:00:14Z,73636,7135,947,PT4M39S,UCq2rogaxLtQFrYG3X3KYNww,AfD TV,https://www.youtube.com/watch?v=yVk5Tcap1Qk
Aor9XuHh_Yc,7 Tage Deutschland – Ausgabe 15/2021 Ihres AfD-Wochenendpodcasts,2021-04-16T09:57:26Z,8866,1064,83,PT31M28S,UCq2rogaxLtQFrYG3X3KYNww,AfD TV,https://www.youtube.com/watch?v=Aor9XuHh_Yc
akq3LtL7Uq0,Bundestagswahl 2021: Tino Chrupalla zu den Themen,2021-04-16T07:00:01Z,5227,810,70,PT3M30S,UCq2rogaxLtQFrYG3X3KYNww,AfD TV,https://www.youtube.com/watch?v=akq3LtL7Uq0
iXi9wDePThc,Carsten Hütter zu Kretschmers katastrophaler Corona-Politik in Sachsen,2021-04-15T09:15:13Z,6252,889,64,PT2M19S,UCq2rogaxLtQFrYG3X3KYNww,AfD TV,https://www.youtube.com/watch?v=iXi9wDePThc
epWtU_QVIHY,Jörg Meuthen im Interview zum Bundesparteitag in Dresden,2021-04-14T14:04:37Z,7097,885,144,PT5M20S,UCq2rogaxLtQFrYG3X3KYNww,AfD TV,https://www.youtube.com/watch?v=epWtU_QVIHY
hgDhc3fy-p8,Tino Chrupalla zum Auftakt des AfD-Wahlkampfs zur Bundestagswahl 2021,2021-04-13T12:21:26Z,8174,764,132,PT27M39S,UCq2rogaxLtQFrYG3X3KYNww,AfD TV,https://www.youtube.com/watch?v=hgDhc3fy-p8
dJHYchWQje0,Jörg Meuthens Begrüßungsrede zum AfD-Bundesparteitag,2021-04-13T11:17:37Z,5171,508,124,PT21M13S,UCq2rogaxLtQFrYG3X3KYNww,AfD TV,https://www.youtube.com/watch?v=dJHYchWQje0
StQROPETrVg,Marc Jongen zu politisch korrekter Film-Propaganda,2021-04-12T18:00:11Z,7985,1140,100,PT4M28S,UCq2rogaxLtQFrYG3X3KYNww,AfD TV,https://www.youtube.com/watch?v=StQROPETrVg
TOF8aL55714,Impressionen vom AfD-Bundesparteitag in Dresden!,2021-04-12T16:39:55Z,8983,1002,135,PT3M5S,UCq2rogaxLtQFrYG3X3KYNww,AfD TV,https://www.youtube.com/watch?v=TOF8aL55714
SJvtraKL5p8,Stephan Brandner zu den Ergebnissen des Vermittlungsausschusses,2021-04-12T13:00:08Z,36966,3637,292,PT5M,UCq2rogaxLtQFrYG3X3KYNww,AfD TV,https://www.youtube.com/watch?v=SJvtraKL5p8
u97jgz88MYc,LIVE AfD-Bundesparteitag Dresden: Deutschland. Aber normal. Tag 2,2021-04-11T18:40:20Z,68780,2464,125,PT9H58M14S,UCq2rogaxLtQFrYG3X3KYNww,AfD TV,https://www.youtube.com/watch?v=u97jgz88MYc
MmVgI5KbazU,LIVE AfD-Bundesparteitag Dresden: Deutschland. Aber normal.,2021-04-10T19:43:03Z,69461,3044,269,PT10H35M33S,UCq2rogaxLtQFrYG3X3KYNww,AfD TV,https://www.youtube.com/watch?v=MmVgI5KbazU
qEF2Eqv5364,"Pressekonferenz zur AfD-Wahlkampagne: ""Deutschland. Aber normal.""",2021-04-10T16:12:23Z,20507,2237,354,PT2M47S,UCq2rogaxLtQFrYG3X3KYNww,AfD TV,https://www.youtube.com/watch?v=qEF2Eqv5364
Gg9qeVYBL2U,"AfD-Kampagnenfilm 2021: Es gibt da eine Partei, ...",2021-04-10T08:19:11Z,37698,2347,335,PT1M30S,UCq2rogaxLtQFrYG3X3KYNww,AfD TV,https://www.youtube.com/watch?v=Gg9qeVYBL2U
yfmxqGswATI,Thomas Seitz zur Notwendigkeit eines Lobbyregisters,2021-04-10T06:00:09Z,2934,474,32,PT4M35S,UCq2rogaxLtQFrYG3X3KYNww,AfD TV,https://www.youtube.com/watch?v=yfmxqGswATI
LkexiNd0BAo,Marc Jongen: Bei der Euro-Rettung ging es nie um Griechenlands Wohl!,2021-04-09T14:45:01Z,11309,1508,99,PT4M39S,UCq2rogaxLtQFrYG3X3KYNww,AfD TV,https://www.youtube.com/watch?v=LkexiNd0BAo
md9KCUm6krE,Peter Boehringer: Das ist der letzte Schritt in die Fiskal-Union!,2021-04-09T10:10:37Z,10316,1739,104,PT4M39S,UCq2rogaxLtQFrYG3X3KYNww,AfD TV,https://www.youtube.com/watch?v=md9KCUm6krE
viBs5jxhXzc,7 Tage Deutschland - Ausgabe 14/21 des AfD-Wochenendpodcasts,2021-04-09T08:32:02Z,11459,1405,168,PT28M32S,UCq2rogaxLtQFrYG3X3KYNww,AfD TV,https://www.youtube.com/watch?v=viBs5jxhXzc
XBrntTKeaKw,7 Tage Deutschland – Folge 13/21 des AfD-Wochenendpodcasts – diesmal schon am Gründonnerstag.,2021-04-01T11:44:57Z,22556,2451,184,PT37M40S,UCq2rogaxLtQFrYG3X3KYNww,AfD TV,https://www.youtube.com/watch?v=XBrntTKeaKw
euWxtzAVk0M,Sebastian Münzenmaier zu Merkels unglaubwürdiger Entschuldigung,2021-03-31T08:34:03Z,47865,5537,426,PT5M20S,UCq2rogaxLtQFrYG3X3KYNww,AfD TV,https://www.youtube.com/watch?v=euWxtzAVk0M
xLPYZvVndiU,"Martin Reichardt: Risikogruppen schützen, Schulen unverzüglich öffnen!",2021-03-30T13:00:00Z,6909,1398,168,PT7M43S,UCq2rogaxLtQFrYG3X3KYNww,AfD TV,https://www.youtube.com/watch?v=xLPYZvVndiU
Nx1LVczgYBM,Alexander Gauland: Die Bürger werden Ihnen nicht verzeihen!,2021-03-29T14:16:55Z,248266,19916,1891,PT6M33S,UCq2rogaxLtQFrYG3X3KYNww,AfD TV,https://www.youtube.com/watch?v=Nx1LVczgYBM
FRm2i31K14s,Dr. Sylvia Limmer | AfD persönlich,2021-03-28T10:00:03Z,10122,1442,87,PT5M43S,UCq2rogaxLtQFrYG3X3KYNww,AfD TV,https://www.youtube.com/watch?v=FRm2i31K14s
Ddp9pWFHMy4,Bernd Baumann über korrupte Unionsabgeordnete,2021-03-27T16:30:01Z,31017,3960,363,PT5M13S,UCq2rogaxLtQFrYG3X3KYNww,AfD TV,https://www.youtube.com/watch?v=Ddp9pWFHMy4
MmQbtznqYqM,Lothar Maier zum Menschenrechtsdefizit der Türkei,2021-03-27T08:30:00Z,4946,874,96,PT5M23S,UCq2rogaxLtQFrYG3X3KYNww,AfD TV,https://www.youtube.com/watch?v=MmQbtznqYqM
yRSwcpjrmHU,Stephan Protschka | AfD persönlich,2021-03-26T15:17:27Z,7657,1003,103,PT6M16S,UCq2rogaxLtQFrYG3X3KYNww,AfD TV,https://www.youtube.com/watch?v=yRSwcpjrmHU
kgRlDQ2rHzE,Stephan Protschka zu den aktuellen Bauernprotesten,2021-03-26T13:26:41Z,3393,682,43,PT4M4S,UCq2rogaxLtQFrYG3X3KYNww,AfD TV,https://www.youtube.com/watch?v=kgRlDQ2rHzE
794dbLZD8rs,7 Tage Deutschland 12/21 – die neueste Ausgabe des AfD-Wochenendpodcasts.,2021-03-26T12:06:08Z,20345,2209,190,PT35M51S,UCq2rogaxLtQFrYG3X3KYNww,AfD TV,https://www.youtube.com/watch?v=794dbLZD8rs
_oaLIzsub0w,"Landwirtschaft ist systemrelevant - mit Sylvia Limmer, Stephan Protschka und Hannes Loth",2021-03-25T17:11:06Z,5398,572,47,PT54M2S,UCq2rogaxLtQFrYG3X3KYNww,AfD TV,https://www.youtube.com/watch?v=_oaLIzsub0w
T41AooKS0pE,Jürgen Braun kassiert zwei Ordnungsrufe von Claudia Roth,2021-03-25T11:46:33Z,31221,2610,475,PT5M35S,UCq2rogaxLtQFrYG3X3KYNww,AfD TV,https://www.youtube.com/watch?v=T41AooKS0pE
GgzfyrWwmM4,7 Tage Deutschland – der AfD Wochenendpodcast 11/2021 mit diesen Themen:,2021-03-19T13:15:08Z,44146,4118,430,PT39M26S,UCq2rogaxLtQFrYG3X3KYNww,AfD TV,https://www.youtube.com/watch?v=GgzfyrWwmM4
sf2C9baF1nA,Dr. Kristin Brinker zur Berliner Landespolitik | AfD aktuell,2021-03-17T18:11:34Z,20153,2281,162,PT10M16S,UCq2rogaxLtQFrYG3X3KYNww,AfD TV,https://www.youtube.com/watch?v=sf2C9baF1nA
hqSTsM6veEU,"AfD im Dialog - Mit Jörg Meuthen, Bernd Gögel und Michael Frisch",2021-03-15T18:57:52Z,22999,1827,480,PT52M53S,UCq2rogaxLtQFrYG3X3KYNww,AfD TV,https://www.youtube.com/watch?v=hqSTsM6veEU
gWwB6IEwtpU,"7 Tage Deutschland - Unions-Maskenskandal, kein Vertrauen in Verfassungsschutz, Wahlen BaWü und RLP",2021-03-12T10:50:51Z,31639,3778,390,PT34M10S,UCq2rogaxLtQFrYG3X3KYNww,AfD TV,https://www.youtube.com/watch?v=gWwB6IEwtpU
5kWVzuSqbaU,Götz Frömming zur Bildungspolitik in der Corona-Krise,2021-03-11T07:09:48Z,11873,1094,102,PT4M33S,UCq2rogaxLtQFrYG3X3KYNww,AfD TV,https://www.youtube.com/watch?v=5kWVzuSqbaU
d34N3LAysGk,Stephan Protschka wird von Vizepräsidentin angegangen,2021-03-09T18:38:55Z,8624,1361,123,PT6M44S,UCq2rogaxLtQFrYG3X3KYNww,AfD TV,https://www.youtube.com/watch?v=d34N3LAysGk
Zm-JJDVx1fQ,Joana Cotar zum Vertrauensverlust von demokratischen Institutionen,2021-03-09T14:40:23Z,21847,3214,276,PT5M15S,UCq2rogaxLtQFrYG3X3KYNww,AfD TV,https://www.youtube.com/watch?v=Zm-JJDVx1fQ
1sE1LDIq1JI,Nicole Höchst zum Internationalen Frauentag,2021-03-08T15:06:24Z,7477,1250,99,PT3M40S,UCq2rogaxLtQFrYG3X3KYNww,AfD TV,https://www.youtube.com/watch?v=1sE1LDIq1JI
XYH0zjRzcQg,Martin Hess zur Grenzpolitik der Bundesregierung,2021-03-07T15:42:41Z,19725,3313,249,PT4M39S,UCq2rogaxLtQFrYG3X3KYNww,AfD TV,https://www.youtube.com/watch?v=XYH0zjRzcQg
XFhZGned42k,Peter Boehringer zum Eigenmittelsystem der EU,2021-03-06T11:50:18Z,6212,1256,48,PT7M38S,UCq2rogaxLtQFrYG3X3KYNww,AfD TV,https://www.youtube.com/watch?v=XFhZGned42k
WnbyVvQDCUM,Beatrix von Storch rechnet mit den Linken ab,2021-03-05T19:19:23Z,44042,2706,231,PT4M27S,UCq2rogaxLtQFrYG3X3KYNww,AfD TV,https://www.youtube.com/watch?v=WnbyVvQDCUM
N-cpeBpVgvQ,"7 Tage Deutschland - der AfD-Wochenendpodcast mit Alexander Gauland, Tino Chrupalla, Kay Gottschalk",2021-03-05T10:00:07Z,19413,2370,203,PT34M42S,UCq2rogaxLtQFrYG3X3KYNww,AfD TV,https://www.youtube.com/watch?v=N-cpeBpVgvQ
8uWzkTc5TOs,Stephan Brandner grillt Jens Spahn im Bundestag,2021-03-05T06:45:01Z,65374,4805,375,PT4M6S,UCq2rogaxLtQFrYG3X3KYNww,AfD TV,https://www.youtube.com/watch?v=8uWzkTc5TOs
pV7_CHThtv4,Tino Chrupalla zum Regierungsversagen in der Krise,2021-03-04T22:38:04Z,7748,1582,119,PT7M30S,UCq2rogaxLtQFrYG3X3KYNww,AfD TV,https://www.youtube.com/watch?v=pV7_CHThtv4
V4FYqDIMgjE,Albrecht Glaser zur Direkten Demokratie,2021-03-03T17:38:20Z,6486,1460,103,PT4M3S,UCq2rogaxLtQFrYG3X3KYNww,AfD TV,https://www.youtube.com/watch?v=V4FYqDIMgjE
IHcDaLtCqRE,Beatrix von Storch zu Indymedia,2021-03-03T13:01:13Z,14309,2461,163,PT5M9S,UCq2rogaxLtQFrYG3X3KYNww,AfD TV,https://www.youtube.com/watch?v=IHcDaLtCqRE
zsJZjMVACTs,Rede von Peter Boehringer beim Politischen Aschermittwoch 2021,2021-03-03T12:55:12Z,9783,1343,51,PT34M11S,UCq2rogaxLtQFrYG3X3KYNww,AfD TV,https://www.youtube.com/watch?v=zsJZjMVACTs
HWAJvzuzuns,Wege aus der Wirtschaftskrise - mit Kay Gottschalk und Frank-Christian Hansel | AfD im Gespräch,2021-02-27T16:00:13Z,17512,1794,156,PT43M12S,UCq2rogaxLtQFrYG3X3KYNww,AfD TV,https://www.youtube.com/watch?v=HWAJvzuzuns
gZDZi1bGr28,AfD im Dialog - Tino Chrupalla und Stephan Brandner beantworten Ihre Fragen live auf AfD-TV,2021-02-27T11:26:27Z,22048,1933,144,PT57M49S,UCq2rogaxLtQFrYG3X3KYNww,AfD TV,https://www.youtube.com/watch?v=gZDZi1bGr28
nwfwC3GvrIE,"AfD-Podcast - 7 Tage Deutschland mit T. Chrupalla, S. Brandner, J. Braun, B. von Storch und B. Gögel",2021-02-26T10:43:50Z,15870,1918,197,PT35M32S,UCq2rogaxLtQFrYG3X3KYNww,AfD TV,https://www.youtube.com/watch?v=nwfwC3GvrIE
axZyIUrUbZo,Hansjörg Müller beim Politischen Aschermittwoch 2021,2021-02-20T12:18:11Z,13450,1644,125,PT21M14S,UCq2rogaxLtQFrYG3X3KYNww,AfD TV,https://www.youtube.com/watch?v=axZyIUrUbZo
1fXYbI_xdmY,Gerd Mannes beim Politischen Aschermittwoch 2021,2021-02-20T12:15:39Z,3921,569,24,PT19M48S,UCq2rogaxLtQFrYG3X3KYNww,AfD TV,https://www.youtube.com/watch?v=1fXYbI_xdmY
2-5HrlxXGnQ,7 Tage Deutschland 07/21 - der AfD-Wochenendpodcast inkl. dem politischen Aschermittwoch aus Bayern,2021-02-19T10:09:56Z,56491,4708,516,PT39M10S,UCq2rogaxLtQFrYG3X3KYNww,AfD TV,https://www.youtube.com/watch?v=2-5HrlxXGnQ
cS4FLf4atio,Stephan Protschka eröffnet den Politischen Aschermittwoch 2021,2021-02-18T18:47:20Z,9401,1408,160,PT11M36S,UCq2rogaxLtQFrYG3X3KYNww,AfD TV,https://www.youtube.com/watch?v=cS4FLf4atio
uP9XnxwiH0w,Rede von Gottfried Curio beim Politischen Aschermittwoch 2021,2021-02-18T13:40:15Z,22697,2369,327,PT53M16S,UCq2rogaxLtQFrYG3X3KYNww,AfD TV,https://www.youtube.com/watch?v=uP9XnxwiH0w
yYOv9nwXMUA,René Springer zur Fortführung der Westbalkanregelung,2021-02-18T12:59:28Z,3101,623,28,PT4M32S,UCq2rogaxLtQFrYG3X3KYNww,AfD TV,https://www.youtube.com/watch?v=yYOv9nwXMUA
KS1GmfDuIDI,Peter Boehringer zur Schuldenbremse,2021-02-16T11:38:35Z,19065,2652,177,PT7M9S,UCq2rogaxLtQFrYG3X3KYNww,AfD TV,https://www.youtube.com/watch?v=KS1GmfDuIDI
4mOYE1ZfwwQ,Alexander Gauland zur Außenpolitik gegenüber Russland,2021-02-12T14:27:03Z,27446,3364,185,PT4M37S,UCq2rogaxLtQFrYG3X3KYNww,AfD TV,https://www.youtube.com/watch?v=4mOYE1ZfwwQ
BNP1tRT5-Ho,7 Tage Deutschland - Ausgabe 06/2021 des #AfD-Wochenendpodcasts,2021-02-12T08:58:45Z,20784,2156,269,PT36M24S,UCq2rogaxLtQFrYG3X3KYNww,AfD TV,https://www.youtube.com/watch?v=BNP1tRT5-Ho
NOgu40BkXLg,Sebastian Münzenmaier zur Weltuntergangsrhetorik der Bundesregierung,2021-02-11T11:35:24Z,39026,4338,460,PT5M4S,UCq2rogaxLtQFrYG3X3KYNww,AfD TV,https://www.youtube.com/watch?v=NOgu40BkXLg
C9uRYdCXiHQ,Alice Weidel zur Corona-Regierungserklärung von Merkel,2021-02-11T10:56:46Z,177092,15679,1951,PT6M35S,UCq2rogaxLtQFrYG3X3KYNww,AfD TV,https://www.youtube.com/watch?v=C9uRYdCXiHQ
cmeLZ7n_pFI,Michael Espendiller: Deutschland unter Merkel auf dem Weg in einen Überwachungsstaat,2021-02-10T16:40:31Z,23749,2992,234,PT4M1S,UCq2rogaxLtQFrYG3X3KYNww,AfD TV,https://www.youtube.com/watch?v=cmeLZ7n_pFI
l-gHpsL6xHk,Tobias Matthias Peterka zur Heuchelei der FDP beim Lockdown,2021-02-10T07:15:02Z,20387,2606,183,PT3M19S,UCq2rogaxLtQFrYG3X3KYNww,AfD TV,https://www.youtube.com/watch?v=l-gHpsL6xHk
junIpk4N2LQ,Joana Cotar zu Defiziten bei der IT-Sicherheit,2021-02-09T13:13:25Z,4485,890,36,PT4M14S,UCq2rogaxLtQFrYG3X3KYNww,AfD TV,https://www.youtube.com/watch?v=junIpk4N2LQ
t8CUndRz5YQ,Peter Felser zu Änderungen am Jagd- und Naturschutzgesetz,2021-02-05T14:12:58Z,3343,439,40,PT4M22S,UCq2rogaxLtQFrYG3X3KYNww,AfD TV,https://www.youtube.com/watch?v=t8CUndRz5YQ
DxNWr1e4B1I,Leif-Erik Holm zu den Folgen des Lockdowns,2021-02-05T12:02:37Z,23908,3242,413,PT3M43S,UCq2rogaxLtQFrYG3X3KYNww,AfD TV,https://www.youtube.com/watch?v=DxNWr1e4B1I
jt-SSMsa3Ng,"7 Tage Deutschland  heute mit: J. Meuthen, B. von Storch, S. Brandner, K. Gottschalk, B. Höcke, u.a.",2021-02-05T11:19:18Z,29670,2514,267,PT47M33S,UCq2rogaxLtQFrYG3X3KYNww,AfD TV,https://www.youtube.com/watch?v=jt-SSMsa3Ng
c3bLpKhfUws,Stephan Brandner über die Corona-Grundrechtseinschränkungen,2021-02-04T16:00:46Z,59501,7159,664,PT7M46S,UCq2rogaxLtQFrYG3X3KYNww,AfD TV,https://www.youtube.com/watch?v=c3bLpKhfUws
uAqHKCCip3w,Beatrix von Storch über Quotenirrsinn und Antifa | AfD aktuell,2021-02-03T13:36:07Z,96975,11219,1243,PT8M56S,UCq2rogaxLtQFrYG3X3KYNww,AfD TV,https://www.youtube.com/watch?v=uAqHKCCip3w
H_7x1Rk7QUo,Stephan Protschka zu den jüngsten Bauernprotesten | AfD aktuell,2021-01-29T13:22:49Z,6310,961,60,PT9M12S,UCq2rogaxLtQFrYG3X3KYNww,AfD TV,https://www.youtube.com/watch?v=H_7x1Rk7QUo
8ttZFogwV2g,"7 Tage: Merkel versagt bei Corona, VS gegen Instrumentalisierung, Linksextremismus schlägt wieder zu",2021-01-29T10:10:50Z,31788,2924,425,PT44M45S,UCq2rogaxLtQFrYG3X3KYNww,AfD TV,https://www.youtube.com/watch?v=8ttZFogwV2g
Lq9tavJu9tI,Kay Gottschalk zum Stand der Wirecard-Aufarbeitung | AfD aktuell,2021-01-28T09:39:21Z,15629,1908,115,PT19M13S,UCq2rogaxLtQFrYG3X3KYNww,AfD TV,https://www.youtube.com/watch?v=Lq9tavJu9tI
2klgzVS2qWk,Stephan Brandner über Ramelows #CandyCrushGate und Grundrechte | AfD aktuell,2021-01-27T09:57:31Z,71054,7935,734,PT6M27S,UCq2rogaxLtQFrYG3X3KYNww,AfD TV,https://www.youtube.com/watch?v=2klgzVS2qWk
vFug4vagXnQ,Gottfried Curio über Zuwanderung und Verfassungsschutz | AfD aktuell,2021-01-26T10:09:34Z,30369,3310,416,PT14M59S,UCq2rogaxLtQFrYG3X3KYNww,AfD TV,https://www.youtube.com/watch?v=vFug4vagXnQ
-luBqJHu_XQ,7 Tage Deutschland - der aktuelle Wochenendpodcast der AfD aus Berlin,2021-01-22T12:02:02Z,23988,2376,275,PT49M6S,UCq2rogaxLtQFrYG3X3KYNww,AfD TV,https://www.youtube.com/watch?v=-luBqJHu_XQ
BVOPjs9Rpf0,Schluss mit der Verbreitung von Angst und Panik! | Jörg Meuthen,2021-01-21T08:22:39Z,34316,3478,524,PT4M21S,UCq2rogaxLtQFrYG3X3KYNww,AfD TV,https://www.youtube.com/watch?v=BVOPjs9Rpf0
T3zx9mNPiU8,Gottfried Curio zur Instrumentalisierung der Kapitol-Stürmung,2021-01-16T13:17:38Z,24392,3548,316,PT5M18S,UCq2rogaxLtQFrYG3X3KYNww,AfD TV,https://www.youtube.com/watch?v=T3zx9mNPiU8
b9Ri5IeWcZM,Joana Cotar zur digitalen Meinungsfreiheit,2021-01-16T13:12:40Z,5205,1061,87,PT5M22S,UCq2rogaxLtQFrYG3X3KYNww,AfD TV,https://www.youtube.com/watch?v=b9Ri5IeWcZM
iVt0pjc-m4I,Sebastian Münzenmaier zum Corona-Versagen der Bundesregierung,2021-01-15T14:14:43Z,7779,854,77,PT5M4S,UCq2rogaxLtQFrYG3X3KYNww,AfD TV,https://www.youtube.com/watch?v=iVt0pjc-m4I
FNjVSl_4-Sg,7 Tage Deutschland - der AfD-Wochenendpodcast vom 15.01.2021,2021-01-15T13:25:28Z,32300,2861,254,PT51M32S,UCq2rogaxLtQFrYG3X3KYNww,AfD TV,https://www.youtube.com/watch?v=FNjVSl_4-Sg
QwbqP24XPhI,Ulrike Schielke-Ziesing zum Rentenbericht,2021-01-14T16:10:17Z,14109,2177,132,PT4M9S,UCq2rogaxLtQFrYG3X3KYNww,AfD TV,https://www.youtube.com/watch?v=QwbqP24XPhI
_Qeq4s5wFXo,Bernd Baumann zu den Corona-Änderungen am Bundeswahlgesetz,2021-01-14T15:56:04Z,8175,1287,130,PT3M4S,UCq2rogaxLtQFrYG3X3KYNww,AfD TV,https://www.youtube.com/watch?v=_Qeq4s5wFXo
ekK9PwpXP9s,7 Tage Deutschland - der AfD-Wochenendpodcast vom 08.01.2021,2021-01-08T13:26:00Z,29849,3015,411,PT41M40S,UCq2rogaxLtQFrYG3X3KYNww,AfD TV,https://www.youtube.com/watch?v=ekK9PwpXP9s
Q6qacj3s4vE,Neujahrsbotschaft 2021 | Jörg Meuthen,2021-01-01T18:37:56Z,50650,6127,1087,PT5M41S,UCq2rogaxLtQFrYG3X3KYNww,AfD TV,https://www.youtube.com/watch?v=Q6qacj3s4vE
05sFi1C0AKk,Norbert Kleinwächter zur Generationengerechtigkeit,2020-12-19T13:30:00Z,11770,1864,137,PT4M34S,UCq2rogaxLtQFrYG3X3KYNww,AfD TV,https://www.youtube.com/watch?v=05sFi1C0AKk
oCp_qaPGYxI,7 Tage Deutschland - Ausgabe Nr. 27. Der AfD Wochenend-Podcast vom 18.12.2020,2020-12-19T13:08:54Z,31710,2504,197,PT43M58S,UCq2rogaxLtQFrYG3X3KYNww,AfD TV,https://www.youtube.com/watch?v=oCp_qaPGYxI
JySDxwVSYc4,"Marc Jongen über ""Gender""-Lehrstühle",2020-12-18T10:50:22Z,7149,1088,103,PT5M43S,UCq2rogaxLtQFrYG3X3KYNww,AfD TV,https://www.youtube.com/watch?v=JySDxwVSYc4
le_uY6c5y_M,Jürgen Braun zu Christenverfolgungen,2020-12-17T14:28:33Z,14522,1889,162,PT4M20S,UCq2rogaxLtQFrYG3X3KYNww,AfD TV,https://www.youtube.com/watch?v=le_uY6c5y_M
KleSO6QqXeU,Peter Boehringer fordert Verzicht auf wirtschaftsfeindlichen Lockdown,2020-12-17T00:37:42Z,43712,4839,484,PT7M33S,UCq2rogaxLtQFrYG3X3KYNww,AfD TV,https://www.youtube.com/watch?v=KleSO6QqXeU
j1bGFaMjuoQ,Sebastian Münzenmaier zur Steuergeldverschwendung der Bundesregierung,2020-12-14T13:15:59Z,103927,9210,787,PT4M27S,UCq2rogaxLtQFrYG3X3KYNww,AfD TV,https://www.youtube.com/watch?v=j1bGFaMjuoQ
9niiDBoKEyg,"Was heute als ""rechts"" gilt, vertraten eben noch die Altparteien!",2020-12-12T16:00:09Z,28347,3236,312,PT1M3S,UCq2rogaxLtQFrYG3X3KYNww,AfD TV,https://www.youtube.com/watch?v=9niiDBoKEyg
8r2OR9ABJkw,"Ausgabe Nr. 26 von 7 Tage Deutschland, dem Wochenend-Podcast der AfD",2020-12-11T13:20:20Z,58512,4700,552,PT41M53S,UCq2rogaxLtQFrYG3X3KYNww,AfD TV,https://www.youtube.com/watch?v=8r2OR9ABJkw
1Sgj1hpCg2w,Alice Weidel rechnet mit Angela Merkel ab,2020-12-09T10:00:46Z,254310,14823,3384,PT19M24S,UCq2rogaxLtQFrYG3X3KYNww,AfD TV,https://www.youtube.com/watch?v=1Sgj1hpCg2w
tcwBpPN29JY,AfD-Bundesparteitag in Kalkar 28./29.November 2020,2020-12-05T20:10:44Z,9109,1103,170,PT2M20S,UCq2rogaxLtQFrYG3X3KYNww,AfD TV,https://www.youtube.com/watch?v=tcwBpPN29JY
yVrwLZAHA1g,7 Tage Deutschland - Ausgabe 25 des AfD-Wochenendpodcasts,2020-12-04T12:56:20Z,32850,2900,185,PT33M42S,UCq2rogaxLtQFrYG3X3KYNww,AfD TV,https://www.youtube.com/watch?v=yVrwLZAHA1g
Nx2rIJGyf2M,"""Tatkräftig am Ausbau des Wahlergebnisses arbeiten!"" - Christian Waldheim",2020-12-02T11:19:02Z,4762,731,37,PT2M19S,UCq2rogaxLtQFrYG3X3KYNww,AfD TV,https://www.youtube.com/watch?v=Nx2rIJGyf2M
5sGFsOIKTSo,"""Gemeinsam und einig an einem Strang ziehen!"" - Carsten Hütter",2020-12-02T11:08:13Z,3021,456,39,PT3M7S,UCq2rogaxLtQFrYG3X3KYNww,AfD TV,https://www.youtube.com/watch?v=5sGFsOIKTSo
iffib_Uu2Ik,"""Wir treten hier für unsere Freiheit ein!"" - Joana Cotar",2020-12-01T15:11:55Z,9295,1381,103,PT3M3S,UCq2rogaxLtQFrYG3X3KYNww,AfD TV,https://www.youtube.com/watch?v=iffib_Uu2Ik
06QKwMh0VUM,"""Mit viel Optimismus ins Wahljahr ´21!"" - Jörg Meuthen",2020-12-01T13:23:07Z,5371,411,347,PT5M25S,UCq2rogaxLtQFrYG3X3KYNww,AfD TV,https://www.youtube.com/watch?v=06QKwMh0VUM
DrER1t-YdsE,"""Das macht mich zuversichtlich!"" - Tino Chrupalla im Interview in Kalkar",2020-12-01T11:26:44Z,9568,1387,106,PT3M15S,UCq2rogaxLtQFrYG3X3KYNww,AfD TV,https://www.youtube.com/watch?v=DrER1t-YdsE
MgVG0DTC-X8,7 Tage Deutschland - Sonderausgabe des AfD-Podcasts zum Parteitag in Kalkar,2020-11-30T16:52:03Z,17023,1569,203,PT35M33S,UCq2rogaxLtQFrYG3X3KYNww,AfD TV,https://www.youtube.com/watch?v=MgVG0DTC-X8
B77r85I4lgo,Livestream AfD-Bundesparteitag 29.November 2020,2020-11-29T17:17:31Z,63852,2151,250,PT7H23M45S,UCq2rogaxLtQFrYG3X3KYNww,AfD TV,https://www.youtube.com/watch?v=B77r85I4lgo
BME3E1zQI0Q,AfD-Politik auf die Straße bringen! - Rüdiger Lucassen zum #AfDBPT20,2020-11-29T09:59:01Z,8492,870,89,PT10M44S,UCq2rogaxLtQFrYG3X3KYNww,AfD TV,https://www.youtube.com/watch?v=BME3E1zQI0Q
Lm9M9g3TVZU,Livestream AfD-Bundesparteitag 28.November 2020,2020-11-29T03:55:23Z,83652,3756,206,PT10H7M29S,UCq2rogaxLtQFrYG3X3KYNww,AfD TV,https://www.youtube.com/watch?v=Lm9M9g3TVZU
hMWsHevfxPQ,"""Sozial ohne ROT zu werden!"" - Tino Chrupalla AfD-Bundesparteitag",2020-11-28T21:27:16Z,16558,1945,243,PT18M57S,UCq2rogaxLtQFrYG3X3KYNww,AfD TV,https://www.youtube.com/watch?v=hMWsHevfxPQ
lBCbNcyMYJY,"""Gemeinsam für unser Land!"" - Jörg Meuthen AfD-Bundesparteitag",2020-11-28T13:38:49Z,31499,1810,1570,PT24M31S,UCq2rogaxLtQFrYG3X3KYNww,AfD TV,https://www.youtube.com/watch?v=lBCbNcyMYJY
eQb4AU2_NVw,7 Tage Deutschland - der AfD-Podcast vom 27.11.2020,2020-11-27T09:00:12Z,22972,2504,209,PT43M21S,UCq2rogaxLtQFrYG3X3KYNww,AfD TV,https://www.youtube.com/watch?v=eQb4AU2_NVw
nqJGZYINcgY,Christian Waldheim | AfD persönlich,2020-11-23T13:54:38Z,6733,891,77,PT10M42S,UCq2rogaxLtQFrYG3X3KYNww,AfD TV,https://www.youtube.com/watch?v=nqJGZYINcgY
SfP4zpzTkAw,Dr. Martin Vincentz | AfD persönlich,2020-11-21T13:00:07Z,34333,3029,186,PT10M52S,UCq2rogaxLtQFrYG3X3KYNww,AfD TV,https://www.youtube.com/watch?v=SfP4zpzTkAw
z095WXRHmFA,Beatrix von Storch zum Verbot der Grauen Wölfe,2020-11-20T14:19:09Z,18832,2703,241,PT3M50S,UCq2rogaxLtQFrYG3X3KYNww,AfD TV,https://www.youtube.com/watch?v=z095WXRHmFA
Ab2fsbyAxWE,Stellungnahme von Stephan Brandner zum Bevölkerungsschutzgesetz,2020-11-20T14:12:45Z,15941,2450,183,PT3M49S,UCq2rogaxLtQFrYG3X3KYNww,AfD TV,https://www.youtube.com/watch?v=Ab2fsbyAxWE
vYnwcNENAeM,7 Tage Deutschland - der Wochenendpodcast der AfD vom 20.11.2020,2020-11-20T11:22:03Z,13840,1761,168,PT33M25S,UCq2rogaxLtQFrYG3X3KYNww,AfD TV,https://www.youtube.com/watch?v=vYnwcNENAeM
Dxk3lJ6FgeE,Corona-Maßnahmen zerstören unsere Wirtschaft | AfD im Gespräch,2020-11-19T13:45:38Z,52909,4234,622,PT1H1S,UCq2rogaxLtQFrYG3X3KYNww,AfD TV,https://www.youtube.com/watch?v=Dxk3lJ6FgeE
HNsMvvIVzWU,Grundrechtsdemo in Berlin - Wasserwerfer gegen friedliche Demonstranten,2020-11-18T15:22:45Z,38933,4326,737,PT3M11S,UCq2rogaxLtQFrYG3X3KYNww,AfD TV,https://www.youtube.com/watch?v=HNsMvvIVzWU
c9Qw4Fwu3f8,Alexander Gauland zum drohenden Totalitarismus mit Infektionsschutztarnung,2020-11-18T12:28:08Z,41152,4850,485,PT7M56S,UCq2rogaxLtQFrYG3X3KYNww,AfD TV,https://www.youtube.com/watch?v=c9Qw4Fwu3f8
RZFWZDytJs8,MdB Karsten Hilse wird trotz Attest von Polizei zu Boden gebracht,2020-11-18T11:26:17Z,39917,3832,697,PT5M57S,UCq2rogaxLtQFrYG3X3KYNww,AfD TV,https://www.youtube.com/watch?v=RZFWZDytJs8
ZVUPn-kdLQs,7 Tage Deutschland - der AfD-Wochenendpodcast vom 13.11.2020,2020-11-13T12:50:56Z,35486,3338,389,PT1H9M,UCq2rogaxLtQFrYG3X3KYNww,AfD TV,https://www.youtube.com/watch?v=ZVUPn-kdLQs
WAlZGCSjYd0,7 Tage Deutschland - Ausgabe 20 des AfD-Wochenendpodcasts,2020-11-06T14:05:05Z,41284,3692,417,PT43M1S,UCq2rogaxLtQFrYG3X3KYNww,AfD TV,https://www.youtube.com/watch?v=WAlZGCSjYd0
9L8oMsQdDeI,Best-Of: AfD zerlegt Corona-Panik-Politik der Bundesregierung!,2020-11-02T16:00:15Z,75561,6418,448,PT2M10S,UCq2rogaxLtQFrYG3X3KYNww,AfD TV,https://www.youtube.com/watch?v=9L8oMsQdDeI
3a66dR4CcEE,"Deutsche Medienlandschaft - mit Joachim Paul, Marc Jongen und Michael Klonovsky  | AfD im Gespräch",2020-10-31T15:00:25Z,71146,4643,325,PT50M48S,UCq2rogaxLtQFrYG3X3KYNww,AfD TV,https://www.youtube.com/watch?v=3a66dR4CcEE
MKaBXkVhSz0,7 Tage Deutschland - der Wochenendpodcast der AfD vom 30.10.2020,2020-10-30T13:18:29Z,28829,2676,234,PT43M37S,UCq2rogaxLtQFrYG3X3KYNww,AfD TV,https://www.youtube.com/watch?v=MKaBXkVhSz0
mqsfsX6dTMg,7 Tage Deutschland - der AfD-Wochenendpodcast aus Berlin vom 23.10.2020,2020-10-23T12:36:36Z,54498,4899,628,PT45M2S,UCq2rogaxLtQFrYG3X3KYNww,AfD TV,https://www.youtube.com/watch?v=mqsfsX6dTMg
R2qJARm-hGY,Tino Chrupalla zu Gerichtsurteilen gegen Corona-Maßnahmen | AfD aktuell,2020-10-16T12:24:09Z,23004,2830,296,PT1M51S,UCq2rogaxLtQFrYG3X3KYNww,AfD TV,https://www.youtube.com/watch?v=R2qJARm-hGY
tOrc91Iwi0k,7 Tage Deutschland - der Wochenendpodcast aus dem AfD-Hauptstadtstudio - Ausgabe 17 vom 16.10.2020,2020-10-16T11:24:19Z,59771,4206,418,PT43M25S,UCq2rogaxLtQFrYG3X3KYNww,AfD TV,https://www.youtube.com/watch?v=tOrc91Iwi0k
hvT32yg7yDc,Georg Pazderski zum Linksextremismus in Berlin | AfD aktuell,2020-10-14T14:26:00Z,80273,6503,512,PT14M27S,UCq2rogaxLtQFrYG3X3KYNww,AfD TV,https://www.youtube.com/watch?v=hvT32yg7yDc
PM0rerBkins,7 Tage Deutschland - der Wochenend-Podcast der AfD vom 09.10.2020,2020-10-09T12:35:00Z,40396,2820,141,PT36M57S,UCq2rogaxLtQFrYG3X3KYNww,AfD TV,https://www.youtube.com/watch?v=PM0rerBkins
fW_rwifRS5w,Thomas Seitz zu Änderungen am Wahl- und Abgeordnetenrecht | AfD aktuell,2020-10-08T17:33:22Z,30903,3020,218,PT8M13S,UCq2rogaxLtQFrYG3X3KYNww,AfD TV,https://www.youtube.com/watch?v=fW_rwifRS5w
MmL-ir8uJwU,Corona-Untersuchungsausschuss: Seitz und Münzenmaier erläutern den AfD-Antrag,2020-10-05T05:40:22Z,45759,4112,479,PT14M3S,UCq2rogaxLtQFrYG3X3KYNww,AfD TV,https://www.youtube.com/watch?v=MmL-ir8uJwU
-iZSH2VUxOw,AfD persönlich: Stephan Brandner zu 30 Jahren deutsche Einheit,2020-10-03T10:30:01Z,22314,2035,219,PT6M17S,UCq2rogaxLtQFrYG3X3KYNww,AfD TV,https://www.youtube.com/watch?v=-iZSH2VUxOw
wryjA4Rbdic,AfD persönlich: Beatrix von Storch zu 30 Jahren deutsche Einheit,2020-10-03T09:30:02Z,28715,2662,207,PT5M16S,UCq2rogaxLtQFrYG3X3KYNww,AfD TV,https://www.youtube.com/watch?v=wryjA4Rbdic
1Tm0p5A0wJA,AfD persönlich: Tino Chrupalla zu 30 Jahren deutsche Einheit,2020-10-03T08:30:00Z,13967,1362,111,PT9M4S,UCq2rogaxLtQFrYG3X3KYNww,AfD TV,https://www.youtube.com/watch?v=1Tm0p5A0wJA
jkGFGrBurl4,AfD persönlich: Jörg Meuthen zu 30 Jahren deutsche Einheit,2020-10-03T07:30:03Z,21778,1976,386,PT5M1S,UCq2rogaxLtQFrYG3X3KYNww,AfD TV,https://www.youtube.com/watch?v=jkGFGrBurl4
oiItgmX34TQ,AfD persönlich: Sebastian Münzenmaier zu 30 Jahren deutsche Einheit,2020-10-02T19:46:10Z,6787,759,55,PT6M16S,UCq2rogaxLtQFrYG3X3KYNww,AfD TV,https://www.youtube.com/watch?v=oiItgmX34TQ
ktPYkWjUC1Y,AfD persönlich: Nicolaus Fest zu 30 Jahren deutsche Einheit,2020-10-02T16:24:38Z,15061,1648,125,PT4M51S,UCq2rogaxLtQFrYG3X3KYNww,AfD TV,https://www.youtube.com/watch?v=ktPYkWjUC1Y
A2qmyOdPks4,AfD persönlich: Leif-Erik Holm zu 30 Jahren deutsche Einheit,2020-10-02T10:57:07Z,15503,1575,98,PT9M53S,UCq2rogaxLtQFrYG3X3KYNww,AfD TV,https://www.youtube.com/watch?v=A2qmyOdPks4
zQpZcCizlCc,7 Tage Deutschland - der AfD-Podcast vom 02.10.2020,2020-10-02T10:55:34Z,43973,2635,158,PT42M18S,UCq2rogaxLtQFrYG3X3KYNww,AfD TV,https://www.youtube.com/watch?v=zQpZcCizlCc
7lRUixFdGpI,Marc Jongen zu 30 Jahren deutsche Einheit,2020-10-02T10:05:13Z,34036,3651,321,PT5M25S,UCq2rogaxLtQFrYG3X3KYNww,AfD TV,https://www.youtube.com/watch?v=7lRUixFdGpI
w2945pfCsQo,Jens Kestner zu 30 Jahren deutsche Einheit,2020-10-02T09:56:55Z,9587,1027,75,PT6M13S,UCq2rogaxLtQFrYG3X3KYNww,AfD TV,https://www.youtube.com/watch?v=w2945pfCsQo
6ikEFD17Nsg,Tino Chrupalla zu 30 Jahren deutsche Einheit,2020-10-02T08:50:38Z,29100,3037,192,PT5M44S,UCq2rogaxLtQFrYG3X3KYNww,AfD TV,https://www.youtube.com/watch?v=6ikEFD17Nsg
xZOxSyLZbjY,Fabian Jacobi zur weiteren Aussetzung der Insolvenzantragspflicht,2020-10-01T13:47:02Z,9255,1397,53,PT3M43S,UCq2rogaxLtQFrYG3X3KYNww,AfD TV,https://www.youtube.com/watch?v=xZOxSyLZbjY
sfvHrvqYjNM,AfD persönlich: Alexander Gauland zu 30 Jahren deutsche Einheit,2020-10-01T12:53:29Z,47333,3887,325,PT3M20S,UCq2rogaxLtQFrYG3X3KYNww,AfD TV,https://www.youtube.com/watch?v=sfvHrvqYjNM
DzxxhtyK37Q,Peter Boehringer in der Haushaltsdebatte über die Corona-Politik,2020-09-30T09:51:58Z,42461,4389,274,PT7M2S,UCq2rogaxLtQFrYG3X3KYNww,AfD TV,https://www.youtube.com/watch?v=DzxxhtyK37Q
sOFUa9NDq3c,Alice Weidel in der Generaldebatte zum Versagen der Regierung,2020-09-30T09:13:25Z,160411,15660,1469,PT9M30S,UCq2rogaxLtQFrYG3X3KYNww,AfD TV,https://www.youtube.com/watch?v=sOFUa9NDq3c
ciYnawB9Rn4,7 Tage Deutschland Spezial - Corona Untersuchungsausschuss,2020-09-28T13:59:22Z,19734,1865,166,PT19M5S,UCq2rogaxLtQFrYG3X3KYNww,AfD TV,https://www.youtube.com/watch?v=ciYnawB9Rn4
ZxDoQbzCakY,Buchautor Stefan Schubert | AfD persönlich,2020-09-27T10:00:14Z,58034,5039,342,PT10M45S,UCq2rogaxLtQFrYG3X3KYNww,AfD TV,https://www.youtube.com/watch?v=ZxDoQbzCakY
8cuCZIR4Cxs,7 Tage Deutschland - der AfD Wochenend-Podcast vom 25.09.2020,2020-09-25T13:47:45Z,45743,3155,292,PT35M22S,UCq2rogaxLtQFrYG3X3KYNww,AfD TV,https://www.youtube.com/watch?v=8cuCZIR4Cxs
61XL3yHFuPg,Bernhard Zimniok zerpflückt neuen Migrationspakt | AfD aktuell,2020-09-24T16:47:57Z,137396,10883,1118,PT9M41S,UCq2rogaxLtQFrYG3X3KYNww,AfD TV,https://www.youtube.com/watch?v=61XL3yHFuPg
2p8KgRTN-oM,Bernd Baumann zum Brand im Flüchtlingslager Moria,2020-09-24T08:21:38Z,127367,12168,1109,PT4M37S,UCq2rogaxLtQFrYG3X3KYNww,AfD TV,https://www.youtube.com/watch?v=2p8KgRTN-oM
ODPHx0fAA9U,Lena Duggen | AfD aktuell,2020-09-22T12:46:40Z,31444,3139,211,PT7M37S,UCq2rogaxLtQFrYG3X3KYNww,AfD TV,https://www.youtube.com/watch?v=ODPHx0fAA9U
sDFIz4Z2-Xw,"Moria und die Folgen - mit Lena Duggen, Stephan Brandner und Stefan Schubert | AfD im Gespräch",2020-09-20T16:00:11Z,186682,10669,1274,PT48M3S,UCq2rogaxLtQFrYG3X3KYNww,AfD TV,https://www.youtube.com/watch?v=sDFIz4Z2-Xw
Sw763xvATyY,7 Tage Deutschland vom 18.09.20 - der Wochenendpodcast aus dem AfD-#Hauptstadtstudio,2020-09-18T16:00:06Z,55117,3522,272,PT38M58S,UCq2rogaxLtQFrYG3X3KYNww,AfD TV,https://www.youtube.com/watch?v=Sw763xvATyY
uKaPyd8Q_8A,Harald Weyel zur Öko-Diktatur der EU,2020-09-18T14:39:47Z,26500,2778,94,PT3M33S,UCq2rogaxLtQFrYG3X3KYNww,AfD TV,https://www.youtube.com/watch?v=uKaPyd8Q_8A
vtZdyrcBNps,Gottfried Curio zur Bewahrung von Demokratie und Rechtsstaat,2020-09-18T14:36:52Z,73121,7384,578,PT4M23S,UCq2rogaxLtQFrYG3X3KYNww,AfD TV,https://www.youtube.com/watch?v=vtZdyrcBNps
NXRnEK-zW2s,Tino Chrupalla zu 30 Jahren Wiedervereinigung,2020-09-18T14:13:00Z,38525,3711,260,PT4M23S,UCq2rogaxLtQFrYG3X3KYNww,AfD TV,https://www.youtube.com/watch?v=NXRnEK-zW2s
zgOKabtVkcY,Jens Kestner über die Zukunft des Landesverbandes Niedersachsen | AfD aktuell,2020-09-18T11:45:43Z,23496,2283,220,PT8M13S,UCq2rogaxLtQFrYG3X3KYNww,AfD TV,https://www.youtube.com/watch?v=zgOKabtVkcY
LHa4eaxc1ZM,Jörg Meuthen zerlegt von der Leyens EU-Superstaatsfantasien,2020-09-16T13:14:19Z,167222,16707,1300,PT3M43S,UCq2rogaxLtQFrYG3X3KYNww,AfD TV,https://www.youtube.com/watch?v=LHa4eaxc1ZM
g0v7DBvQ1Go,Rüdiger Lucassen zur NRW-Kommunalwahl und zu Moria | AfD aktuell,2020-09-15T15:53:38Z,60902,5080,534,PT3M43S,UCq2rogaxLtQFrYG3X3KYNww,AfD TV,https://www.youtube.com/watch?v=g0v7DBvQ1Go
1kpZMuOx1wc,Peter Felser zur mangelnden digitalen Souveränität,2020-09-14T11:31:21Z,11409,1481,68,PT4M26S,UCq2rogaxLtQFrYG3X3KYNww,AfD TV,https://www.youtube.com/watch?v=1kpZMuOx1wc
u6bBbOz7Q-Y,Tino Chrupalla zu Nawalny und Nord Stream 2,2020-09-14T08:43:03Z,52957,4395,370,PT5M18S,UCq2rogaxLtQFrYG3X3KYNww,AfD TV,https://www.youtube.com/watch?v=u6bBbOz7Q-Y
uDAYcTitTX4,Thomas Seitz zum kommenden Lobbyregister,2020-09-11T14:04:52Z,18098,2113,68,PT4M23S,UCq2rogaxLtQFrYG3X3KYNww,AfD TV,https://www.youtube.com/watch?v=uDAYcTitTX4
SzsBllHDOcI,Beatrix von Storch erhält Ordnungsruf für Aussprechen der Wahrheit,2020-09-11T10:30:04Z,130342,10958,865,PT5M21S,UCq2rogaxLtQFrYG3X3KYNww,AfD TV,https://www.youtube.com/watch?v=SzsBllHDOcI
R9JM51fJXho,Stephan Brandner über den Wert der Freiheit,2020-09-11T10:20:26Z,137024,11603,838,PT4M32S,UCq2rogaxLtQFrYG3X3KYNww,AfD TV,https://www.youtube.com/watch?v=R9JM51fJXho
m8altOTKFkI,Gottfried Curio über Fake-News beim Thema Extremismus,2020-09-11T09:54:35Z,174071,14942,947,PT5M26S,UCq2rogaxLtQFrYG3X3KYNww,AfD TV,https://www.youtube.com/watch?v=m8altOTKFkI
XZhmi5qeEXE,Carsten Hütter zu den Ausschreitungen in Leipzig | AfD aktuell,2020-09-09T17:35:00Z,59707,5114,343,PT5M57S,UCq2rogaxLtQFrYG3X3KYNww,AfD TV,https://www.youtube.com/watch?v=XZhmi5qeEXE
DJS85OAXfZw,Kay Gottschalk über den Cum-Ex-Skandal,2020-09-09T17:32:07Z,49419,4229,246,PT5M39S,UCq2rogaxLtQFrYG3X3KYNww,AfD TV,https://www.youtube.com/watch?v=DJS85OAXfZw
1K_93XrgRn0,Rüdiger Lucassen | AfD persönlich,2020-09-09T14:03:07Z,57225,4569,304,PT10M10S,UCq2rogaxLtQFrYG3X3KYNww,AfD TV,https://www.youtube.com/watch?v=1K_93XrgRn0
Mi_IACInu1U,7 Tage Deutschland - der AfD-Podcast vom 04.09.2020,2020-09-04T13:00:52Z,75993,4872,505,PT33M10S,UCq2rogaxLtQFrYG3X3KYNww,AfD TV,https://www.youtube.com/watch?v=Mi_IACInu1U
YPvvVspgLoE,AfD aktuell: Kay Gottschalk zur Wirecard-Affäre und dem kommenden Untersuchungsausschuss,2020-09-02T15:00:58Z,80263,5328,418,PT11M10S,UCq2rogaxLtQFrYG3X3KYNww,AfD TV,https://www.youtube.com/watch?v=YPvvVspgLoE
mnBEwfhXRXY,Mich erinnert das an die DDR,2020-09-02T11:08:55Z,26248,3109,224,PT1M54S,UCq2rogaxLtQFrYG3X3KYNww,AfD TV,https://www.youtube.com/watch?v=mnBEwfhXRXY
bdcmpo2L7ew,Die Maßnahmen sind absolut sinnwidrig,2020-09-02T11:04:34Z,32064,3599,239,PT4M7S,UCq2rogaxLtQFrYG3X3KYNww,AfD TV,https://www.youtube.com/watch?v=bdcmpo2L7ew
JJV-uuV5RqU,"Wir stehen zur Freiheit, wir treten ein für die Meinungsfreiheit",2020-09-01T17:56:56Z,35084,4122,284,PT3M,UCq2rogaxLtQFrYG3X3KYNww,AfD TV,https://www.youtube.com/watch?v=JJV-uuV5RqU
eeAQThYTqXE,"Es ist den Menschen hier völlig egal, was die Medien über sie verbreiten",2020-09-01T17:48:57Z,90338,8884,474,PT3M7S,UCq2rogaxLtQFrYG3X3KYNww,AfD TV,https://www.youtube.com/watch?v=eeAQThYTqXE
rDv0VCLlz_M,"Es geht hier um das Grundgesetz, um die Menschenrechte, um die Rechte unserer Bürger.",2020-09-01T13:20:48Z,17301,2266,121,PT1M15S,UCq2rogaxLtQFrYG3X3KYNww,AfD TV,https://www.youtube.com/watch?v=rDv0VCLlz_M
7KYyruLdO20,"Für Demonstrationsfreiheit und gegen Merkel, Geisel und Co. auf der Straße!",2020-08-31T11:49:30Z,26978,3217,279,PT58S,UCq2rogaxLtQFrYG3X3KYNww,AfD TV,https://www.youtube.com/watch?v=7KYyruLdO20
5_7Dn0yYzyE,7 Tage Deutschland - der AfD Podcast vom 28.08.2020,2020-08-30T07:21:40Z,70518,5318,417,PT43M33S,UCq2rogaxLtQFrYG3X3KYNww,AfD TV,https://www.youtube.com/watch?v=5_7Dn0yYzyE
onKn4SbvbMU,Migrationspakt 2.0 verhindern: Geigen Sie der EU die Meinung!,2020-08-26T21:23:33Z,24163,3728,371,PT1M55S,UCq2rogaxLtQFrYG3X3KYNww,AfD TV,https://www.youtube.com/watch?v=onKn4SbvbMU
wdLZmWwkQQk,AfD aktuell: Jörg Meuthen zu den Lockdown-Folgen,2020-08-24T07:47:45Z,100118,5659,1055,PT8M22S,UCq2rogaxLtQFrYG3X3KYNww,AfD TV,https://www.youtube.com/watch?v=wdLZmWwkQQk
Kq1TffXpFLg,7 Tage Deutschland - Der AfD-Podcast vom 21.08.2020,2020-08-21T11:52:28Z,64887,4432,520,PT41M39S,UCq2rogaxLtQFrYG3X3KYNww,AfD TV,https://www.youtube.com/watch?v=Kq1TffXpFLg
5RWS0W1Txf4,Tino Chrupalla zum Bürokratieabbau,2020-07-04T12:46:12Z,21254,2136,116,PT3M22S,UCq2rogaxLtQFrYG3X3KYNww,AfD TV,https://www.youtube.com/watch?v=5RWS0W1Txf4
ZHNPkza8hbU,Tino Chrupalla zum geplanten Kohleausstieg,2020-07-03T10:10:25Z,35119,3899,241,PT4M40S,UCq2rogaxLtQFrYG3X3KYNww,AfD TV,https://www.youtube.com/watch?v=ZHNPkza8hbU
inMe1B3DHgY,Albrecht Glaser zum zweiten Corona-Steuerhilfegesetz,2020-06-30T13:40:13Z,72982,5266,381,PT7M36S,UCq2rogaxLtQFrYG3X3KYNww,AfD TV,https://www.youtube.com/watch?v=inMe1B3DHgY
kif_P_JE8do,Tino Chrupalla zum Tönnies-Skandal,2020-06-26T11:15:15Z,60713,6339,630,PT3M29S,UCq2rogaxLtQFrYG3X3KYNww,AfD TV,https://www.youtube.com/watch?v=kif_P_JE8do
Nr5B-e7O4Dk,Beatrix von Storch zum Transsexuellen-Gesetz der Grünen.,2020-06-22T12:52:07Z,72103,6452,828,PT3M49S,UCq2rogaxLtQFrYG3X3KYNww,AfD TV,https://www.youtube.com/watch?v=Nr5B-e7O4Dk
qsEmQr7jaFo,Alice Weidel zur Regierungserklärung zur EU-Ratspräsidentschaft,2020-06-19T14:36:54Z,264647,18215,1692,PT4M32S,UCq2rogaxLtQFrYG3X3KYNww,AfD TV,https://www.youtube.com/watch?v=qsEmQr7jaFo
tzXOgt9zQiM,Reisebusdemo in Berlin am 17.06.2020,2020-06-17T16:29:06Z,12232,1791,178,PT2M22S,UCq2rogaxLtQFrYG3X3KYNww,AfD TV,https://www.youtube.com/watch?v=tzXOgt9zQiM
dSzoJ4cFT1E,Tino Chrupalla zum Gedenktag des 17. Juni 1953,2020-06-17T15:21:22Z,39786,3518,181,PT3M47S,UCq2rogaxLtQFrYG3X3KYNww,AfD TV,https://www.youtube.com/watch?v=dSzoJ4cFT1E
QAMwlVDlzMQ,Mariana Harder-Kühnel zur Unterdrückung muslimischer Mädchen,2020-06-05T13:19:31Z,104899,9303,932,PT5M23S,UCq2rogaxLtQFrYG3X3KYNww,AfD TV,https://www.youtube.com/watch?v=QAMwlVDlzMQ
uQ7opR7BNJ8,Steffen Kotré zur Wiederbelebung der Sozialen Marktwirtschaft,2020-06-05T12:40:55Z,30055,2958,155,PT5M42S,UCq2rogaxLtQFrYG3X3KYNww,AfD TV,https://www.youtube.com/watch?v=uQ7opR7BNJ8
vAI1nNxu66I,Peter Boehringer zu den Anleihkäufen der Europäischen Zentralbank,2020-05-29T15:42:24Z,27411,2427,99,PT4M24S,UCq2rogaxLtQFrYG3X3KYNww,AfD TV,https://www.youtube.com/watch?v=vAI1nNxu66I
fg04w1M8f6M,Stephan Brandner zur Kungelei der Altparteien,2020-05-29T15:20:50Z,106924,8241,424,PT5M39S,UCq2rogaxLtQFrYG3X3KYNww,AfD TV,https://www.youtube.com/watch?v=fg04w1M8f6M
cqrVNzpfKuM,Beatrix von Storch zum Gesetz über die jüdische Militärseelsorge,2020-05-29T11:50:45Z,26878,2017,179,PT4M14S,UCq2rogaxLtQFrYG3X3KYNww,AfD TV,https://www.youtube.com/watch?v=cqrVNzpfKuM
-FNThb9JO-w,Jörg Meuthen liest Ursula von der Leyen die Leviten,2020-05-29T08:59:35Z,297006,21033,1426,PT1M51S,UCq2rogaxLtQFrYG3X3KYNww,AfD TV,https://www.youtube.com/watch?v=-FNThb9JO-w
dD9JobpAFBg,Sebastian Münzenmaier zur Herabsetzung des Mehrwertsteuersatzes,2020-05-28T13:07:22Z,60802,5140,361,PT4M21S,UCq2rogaxLtQFrYG3X3KYNww,AfD TV,https://www.youtube.com/watch?v=dD9JobpAFBg
z07erwZ-mDM,"Kay Gottschalk zum ""Corona-Steuerhilfegesetz""",2020-05-25T10:40:07Z,36151,3321,172,PT4M38S,UCq2rogaxLtQFrYG3X3KYNww,AfD TV,https://www.youtube.com/watch?v=z07erwZ-mDM
Pkvz9wHAUl8,Wolfgang Wiehle zum neuen Bußgeldkatalog für Autofahrer,2020-05-19T13:38:07Z,20630,2349,244,PT3M35S,UCq2rogaxLtQFrYG3X3KYNww,AfD TV,https://www.youtube.com/watch?v=Pkvz9wHAUl8
eyLtvCQttp8,Armin Hampel zum Skandal um das Corona-Papier aus dem Innenministerium,2020-05-19T09:46:24Z,282724,18698,1835,PT5M36S,UCq2rogaxLtQFrYG3X3KYNww,AfD TV,https://www.youtube.com/watch?v=eyLtvCQttp8
8jgkhQ29DrU,Jürgen Braun zur Einschränkung von Menschenrechten und Meinungsmanipulation,2020-05-18T13:37:50Z,292370,17146,1247,PT7M37S,UCq2rogaxLtQFrYG3X3KYNww,AfD TV,https://www.youtube.com/watch?v=8jgkhQ29DrU
FfDihw81A2U,Norbert Kleinwächter zum Versagen der etablierten Parteien bei der Rente,2020-05-18T06:10:59Z,186704,11837,1031,PT5M35S,UCq2rogaxLtQFrYG3X3KYNww,AfD TV,https://www.youtube.com/watch?v=FfDihw81A2U
wJSJpe_IZfw,Joana Cotar zum AfD-Antrag „Keine Datensammlung durch Corona-App“,2020-05-15T14:07:49Z,24002,2988,252,PT3M38S,UCq2rogaxLtQFrYG3X3KYNww,AfD TV,https://www.youtube.com/watch?v=wJSJpe_IZfw
6_NPd1xUzMU,Peter Boehringer zum ESM-Antrag vom Bundesfinanzministerium,2020-05-15T12:39:07Z,134754,8363,390,PT7M3S,UCq2rogaxLtQFrYG3X3KYNww,AfD TV,https://www.youtube.com/watch?v=6_NPd1xUzMU
AlEwt2bZaLY,"Corinna Miazga zu den ""Grundwerten"" der EU",2020-05-15T11:41:05Z,103982,9471,969,PT5M41S,UCq2rogaxLtQFrYG3X3KYNww,AfD TV,https://www.youtube.com/watch?v=AlEwt2bZaLY
MyuR6vH6iZk,Leif-Erik Holm zur Wirtschaftspolitik der Bundesregierung,2020-05-14T12:52:27Z,36954,3644,171,PT4M31S,UCq2rogaxLtQFrYG3X3KYNww,AfD TV,https://www.youtube.com/watch?v=MyuR6vH6iZk
RODtjrDVCgM,Beatrix von Storch zur Corona-Politik der Regierung,2020-05-14T12:36:30Z,60060,5734,541,PT4M18S,UCq2rogaxLtQFrYG3X3KYNww,AfD TV,https://www.youtube.com/watch?v=RODtjrDVCgM
hm51ygzBkNk,Bundespressekonferenz am 24.02.2020 - Nachlese Bürgerschaftswahl Hamburg,2020-02-25T10:26:14Z,66185,4375,676,PT58M25S,UCq2rogaxLtQFrYG3X3KYNww,AfD TV,https://www.youtube.com/watch?v=hm51ygzBkNk
ppeeJ_mi8B0,Dr. Alexander Wolf zur Bürgerschaftswahl in Hamburg am 23.02.2020,2020-02-25T07:26:22Z,33999,3406,422,PT5M53S,UCq2rogaxLtQFrYG3X3KYNww,AfD TV,https://www.youtube.com/watch?v=ppeeJ_mi8B0
xZ4DoP_uLp8,Dirk Nockemann zur Bürgerschaftswahl in Hamburg am 23 02 20,2020-02-25T07:12:13Z,26825,2990,310,PT4M51S,UCq2rogaxLtQFrYG3X3KYNww,AfD TV,https://www.youtube.com/watch?v=xZ4DoP_uLp8
31wIwzVdJfk,Beatrix von Storch | Der Generalbundesanwalt muss nach Hanau zurücktreten,2020-02-21T16:47:40Z,61768,6055,654,PT2M17S,UCq2rogaxLtQFrYG3X3KYNww,AfD TV,https://www.youtube.com/watch?v=31wIwzVdJfk
K6VGQLT8lS0,Jörg Meuthen | Merkel ist ein Fall für den Verfassungsschutz!,2020-02-13T08:07:48Z,190930,15611,1238,PT4M39S,UCq2rogaxLtQFrYG3X3KYNww,AfD TV,https://www.youtube.com/watch?v=K6VGQLT8lS0
dYrnja8EGmw,Jörg Meuthen | AfD-Neujahrsempfang in Münster,2020-02-11T21:15:44Z,223532,11054,1005,PT49M19S,UCq2rogaxLtQFrYG3X3KYNww,AfD TV,https://www.youtube.com/watch?v=dYrnja8EGmw
rmxtr8lG8hI,Viele Bewertungen beruhen auf einer falschen rechtlichen Grundlage | Dietrich Murswiek,2020-01-19T16:28:48Z,130117,9127,0,PT19M51S,UCq2rogaxLtQFrYG3X3KYNww,AfD TV,https://www.youtube.com/watch?v=rmxtr8lG8hI
qL88OJYl4Rg,AfD-Parteitag | Carsten Hütter im Interview,2019-12-09T10:24:56Z,8206,740,75,PT3M1S,UCq2rogaxLtQFrYG3X3KYNww,AfD TV,https://www.youtube.com/watch?v=qL88OJYl4Rg
Adx02ZDWCNc,AfD-Parteitag | Stephan Protschka im Interview,2019-12-08T09:00:01Z,4277,311,23,PT4M10S,UCq2rogaxLtQFrYG3X3KYNww,AfD TV,https://www.youtube.com/watch?v=Adx02ZDWCNc
wcsVNyTX5CI,AfD-Parteitag | Joachim Paul im Interview,2019-12-07T13:00:15Z,3600,301,11,PT3M58S,UCq2rogaxLtQFrYG3X3KYNww,AfD TV,https://www.youtube.com/watch?v=wcsVNyTX5CI
KHiP-fYUc_I,"""Hat mit einer sachlich-fachlichen Entscheidung nichts zu tun"" | Alexander Gauland",2019-12-07T11:38:56Z,151056,9553,556,PT9M22S,UCq2rogaxLtQFrYG3X3KYNww,AfD TV,https://www.youtube.com/watch?v=KHiP-fYUc_I
ihpDRawGMe0,"""Völlig links orientiert instrumentalisiert"" | Alice Weidel",2019-12-07T11:18:44Z,263450,16346,1351,PT15M17S,UCq2rogaxLtQFrYG3X3KYNww,AfD TV,https://www.youtube.com/watch?v=ihpDRawGMe0
k6xrEdsghB4,AfD-Parteitag | Alexander Wolf im Interview,2019-12-07T11:00:12Z,3510,427,24,PT3M25S,UCq2rogaxLtQFrYG3X3KYNww,AfD TV,https://www.youtube.com/watch?v=k6xrEdsghB4
IJnv247Y130,AfD-Parteitag | Jochen Haug im Interview,2019-12-06T18:00:05Z,2331,218,8,PT4M1S,UCq2rogaxLtQFrYG3X3KYNww,AfD TV,https://www.youtube.com/watch?v=IJnv247Y130
FqwVg0LYVQ8,AfD-Parteitag | Ein Meilenstein zur Bewahrung unseres Landes,2019-12-06T14:41:04Z,26190,1683,281,PT3M8S,UCq2rogaxLtQFrYG3X3KYNww,AfD TV,https://www.youtube.com/watch?v=FqwVg0LYVQ8
8ER5t0gadQo,AfD-Parteitag | Sylvia Limmer im Interview,2019-12-06T14:00:02Z,2789,262,9,PT2M51S,UCq2rogaxLtQFrYG3X3KYNww,AfD TV,https://www.youtube.com/watch?v=8ER5t0gadQo
emQNJKsQTbo,AfD-Parteitag | Beatrix von Storch im Interview,2019-12-06T12:36:51Z,8375,389,36,PT2M25S,UCq2rogaxLtQFrYG3X3KYNww,AfD TV,https://www.youtube.com/watch?v=emQNJKsQTbo
oRBcBgT3J2w,AfD-Parteitag | Stephan Brandner im Interview,2019-12-06T08:27:44Z,9333,1059,60,PT3M3S,UCq2rogaxLtQFrYG3X3KYNww,AfD TV,https://www.youtube.com/watch?v=oRBcBgT3J2w
luom2JdU6HE,AfD-Parteitag | Die Stimmen der Delegierten,2019-12-05T22:31:41Z,31194,2162,189,PT6M37S,UCq2rogaxLtQFrYG3X3KYNww,AfD TV,https://www.youtube.com/watch?v=luom2JdU6HE
j9YVChBswoc,AfD-Parteitag | Joachim Kuhs Bewerbungsrede,2019-12-05T21:53:14Z,2058,242,6,PT4M37S,UCq2rogaxLtQFrYG3X3KYNww,AfD TV,https://www.youtube.com/watch?v=j9YVChBswoc
B37aos6cOV0,AfD-Parteitag | Carsten Hütters Bewerbungsrede,2019-12-05T13:45:01Z,1871,198,12,PT4M54S,UCq2rogaxLtQFrYG3X3KYNww,AfD TV,https://www.youtube.com/watch?v=B37aos6cOV0
mtaUf0xMg1M,AfD-Parteitag | Joachim Pauls Bewerbungsrede,2019-12-05T11:30:02Z,1892,216,9,PT4M28S,UCq2rogaxLtQFrYG3X3KYNww,AfD TV,https://www.youtube.com/watch?v=mtaUf0xMg1M
3RKtJNa60Jo,AfD-Parteitag | Alexander Wolfs Bewerbungsrede,2019-12-05T09:38:27Z,2174,256,17,PT5M,UCq2rogaxLtQFrYG3X3KYNww,AfD TV,https://www.youtube.com/watch?v=3RKtJNa60Jo
3dTmSXb4m1Y,AfD-Parteitag | Stephan Protschkas Bewerbungsrede,2019-12-05T06:45:02Z,1427,179,10,PT4M6S,UCq2rogaxLtQFrYG3X3KYNww,AfD TV,https://www.youtube.com/watch?v=3dTmSXb4m1Y
oo_kCqeMBKw,AfD-Parteitag | Jochen Haugs Bewerbungsrede,2019-12-04T20:00:11Z,3686,552,28,PT3M36S,UCq2rogaxLtQFrYG3X3KYNww,AfD TV,https://www.youtube.com/watch?v=oo_kCqeMBKw
spMSoPMkj8c,AfD-Parteitag | Sylvia Limmers Bewerbungsrede,2019-12-04T15:34:31Z,5306,740,43,PT5M22S,UCq2rogaxLtQFrYG3X3KYNww,AfD TV,https://www.youtube.com/watch?v=spMSoPMkj8c
M1NlRAitsU4,AfD-Parteitag | Beatrix von Storchs Bewerbungsrede,2019-12-03T09:10:27Z,12713,1333,116,PT4M11S,UCq2rogaxLtQFrYG3X3KYNww,AfD TV,https://www.youtube.com/watch?v=M1NlRAitsU4
CWX53UZosMQ,AfD-Parteitag | Stephan Brandners Bewerbungsrede,2019-12-03T08:50:50Z,11573,1100,67,PT5M2S,UCq2rogaxLtQFrYG3X3KYNww,AfD TV,https://www.youtube.com/watch?v=CWX53UZosMQ
JSgjlqWQHR0,AfD-Parteitag | Alice Weidels Bewerbungsrede,2019-12-02T18:54:04Z,39377,3687,272,PT4M48S,UCq2rogaxLtQFrYG3X3KYNww,AfD TV,https://www.youtube.com/watch?v=JSgjlqWQHR0
91FWDvvJFPA,AfD-Parteitag | Tino Chrupalla im Interview,2019-12-02T09:47:15Z,8087,960,81,PT1M56S,UCq2rogaxLtQFrYG3X3KYNww,AfD TV,https://www.youtube.com/watch?v=91FWDvvJFPA
kBo0tjrMiH8,AfD-Parteitag | Jörg Meuthen im Interview,2019-12-01T16:38:43Z,14292,1456,88,PT4M26S,UCq2rogaxLtQFrYG3X3KYNww,AfD TV,https://www.youtube.com/watch?v=kBo0tjrMiH8
Qr6ntiNMibE,AfD-Parteitag | Alice Weidel im Interview,2019-12-01T16:11:24Z,43279,3033,260,PT3M39S,UCq2rogaxLtQFrYG3X3KYNww,AfD TV,https://www.youtube.com/watch?v=Qr6ntiNMibE
xtariZ4mHoE,AfD-Parteitag | Tino Chrupallas Bewerbungsrede,2019-12-01T14:23:25Z,4482,388,57,PT24M1S,UCq2rogaxLtQFrYG3X3KYNww,AfD TV,https://www.youtube.com/watch?v=xtariZ4mHoE
dXjRPWij6D8,AfD-Parteitag | Jörg Meuthens Bewerbungsrede,2019-12-01T11:30:00Z,5496,904,66,PT5M19S,UCq2rogaxLtQFrYG3X3KYNww,AfD TV,https://www.youtube.com/watch?v=dXjRPWij6D8
cusoqOEawnE,"AfD-Parteitag | PK Meuthen, Chrupalla & Weidel",2019-12-01T09:51:49Z,115262,5763,651,PT27M27S,UCq2rogaxLtQFrYG3X3KYNww,AfD TV,https://www.youtube.com/watch?v=cusoqOEawnE
wRL4c6tzFUc,AfD-Parteitag | Grußwort Alexander Gauland,2019-11-30T11:40:48Z,15864,1868,188,PT12M14S,UCq2rogaxLtQFrYG3X3KYNww,AfD TV,https://www.youtube.com/watch?v=wRL4c6tzFUc
mTFJqoYhaj4,Jörg Meuthen | Willen zur Freiheit nicht unterschätzen!,2019-11-14T05:41:25Z,49809,4977,404,PT3M23S,UCq2rogaxLtQFrYG3X3KYNww,AfD TV,https://www.youtube.com/watch?v=mTFJqoYhaj4
OZd7f0Hn1eU,Der Verfassungsschutz wird missbraucht | Roland Hartwig,2019-11-12T10:28:46Z,78251,6116,361,PT17M2S,UCq2rogaxLtQFrYG3X3KYNww,AfD TV,https://www.youtube.com/watch?v=OZd7f0Hn1eU
wGNqm3P6XBU,"""Wir verteidigen den Rechtsstaat!"" | Jörg Meuthen",2019-11-10T09:00:09Z,102884,7593,709,PT13M58S,UCq2rogaxLtQFrYG3X3KYNww,AfD TV,https://www.youtube.com/watch?v=wGNqm3P6XBU
xLmvDnEY0zw,1 Jahr AG Verfassungsschutz | Pressekonferenz,2019-11-07T17:11:14Z,103504,4982,552,PT1H33M12S,UCq2rogaxLtQFrYG3X3KYNww,AfD TV,https://www.youtube.com/watch?v=xLmvDnEY0zw
DXfbQBcUn7Y,❝Eindeutig rechtswidrig!❞ | Dietrich Murswiek,2019-11-07T15:36:40Z,49238,4225,284,PT3M46S,UCq2rogaxLtQFrYG3X3KYNww,AfD TV,https://www.youtube.com/watch?v=DXfbQBcUn7Y
DpXgmbmkQrs,❝Thema Verfassungsschutz bald abhaken!❞ | R. Hartwig,2019-11-07T14:54:50Z,8866,1363,74,PT2M21S,UCq2rogaxLtQFrYG3X3KYNww,AfD TV,https://www.youtube.com/watch?v=DpXgmbmkQrs
WyNm-WA7e80,❝Fast schon heimtückisch!❞ | Jörg Meuthen,2019-11-07T14:10:35Z,79620,5770,378,PT2M46S,UCq2rogaxLtQFrYG3X3KYNww,AfD TV,https://www.youtube.com/watch?v=WyNm-WA7e80
YxKCeDUOBzs,Pressekonferenz zur Wahl in Thüringen,2019-10-28T18:45:38Z,73614,4852,1234,PT58M30S,UCq2rogaxLtQFrYG3X3KYNww,AfD TV,https://www.youtube.com/watch?v=YxKCeDUOBzs
qZWgfkSvSE0,Unvergessen: MP Bodo Ramelow 2015 in Saalfeld!,2019-10-27T00:10:25Z,77255,2816,404,PT1M34S,UCq2rogaxLtQFrYG3X3KYNww,AfD TV,https://www.youtube.com/watch?v=qZWgfkSvSE0
DmGmr_t8Nmk,❝Linksextremen Sumpf trocken legen!❞ | Björn Höcke,2019-10-26T21:04:05Z,71378,5185,872,PT31M2S,UCq2rogaxLtQFrYG3X3KYNww,AfD TV,https://www.youtube.com/watch?v=DmGmr_t8Nmk
-3d-mT4xvww,❝Keine Politik mehr gegen die AfD!❞ | Björn Höcke,2019-10-26T19:23:22Z,39453,4112,534,PT1M54S,UCq2rogaxLtQFrYG3X3KYNww,AfD TV,https://www.youtube.com/watch?v=-3d-mT4xvww
PaFcnjuA9m8,Radiospot der AfD Thüringen zur Landtagswahl am 27.10.,2019-10-20T15:35:47Z,28827,3480,411,PT1M29S,UCq2rogaxLtQFrYG3X3KYNww,AfD TV,https://www.youtube.com/watch?v=PaFcnjuA9m8
AzvaTrm1WcM,Unsere jüdischen Mitbürger schützen! | Jörg Meuthen,2019-10-13T15:56:00Z,78470,5590,771,PT21M44S,UCq2rogaxLtQFrYG3X3KYNww,AfD TV,https://www.youtube.com/watch?v=AzvaTrm1WcM
nzR9DkuYT9Q,AfD Thüringen | Deutschland ist unser Land!,2019-10-13T05:28:49Z,108543,8132,1592,PT1M35S,UCq2rogaxLtQFrYG3X3KYNww,AfD TV,https://www.youtube.com/watch?v=nzR9DkuYT9Q
hRncURTmFdM,"Jörg Meuthen | Freiheit, das ist mein Lebensthema!",2019-10-06T07:40:30Z,58513,4006,453,PT21M26S,UCq2rogaxLtQFrYG3X3KYNww,AfD TV,https://www.youtube.com/watch?v=hRncURTmFdM
nN7LHt6eFN0,AfD Thüringen | Wahlprogramm in 90 Sek!,2019-10-05T06:00:12Z,81050,7075,956,PT2M24S,UCq2rogaxLtQFrYG3X3KYNww,AfD TV,https://www.youtube.com/watch?v=nN7LHt6eFN0
N3G0Se_al3c,Unser Nationalfeiertag steht für Freiheit! | Jörg Meuthen,2019-10-03T05:14:52Z,121299,12126,1167,PT3M49S,UCq2rogaxLtQFrYG3X3KYNww,AfD TV,https://www.youtube.com/watch?v=N3G0Se_al3c
DqJMKSM45IE,Jörg Meuthen | Politischer Kindesmissbrauch bei Greta!,2019-09-26T06:13:13Z,204820,15300,1658,PT3M14S,UCq2rogaxLtQFrYG3X3KYNww,AfD TV,https://www.youtube.com/watch?v=DqJMKSM45IE
OlnJfP6PPB4,Guido Reil | So läuft es ab im EU-Parlament in Straßburg!,2019-09-23T13:00:55Z,154616,8304,772,PT11M18S,UCq2rogaxLtQFrYG3X3KYNww,AfD TV,https://www.youtube.com/watch?v=OlnJfP6PPB4
b3D5l0b1zBw,Gottfried Curio | ❝Jedes Jahr wandert eine Großstadt ein!❞,2019-09-19T18:14:32Z,130414,8156,660,PT26M46S,UCq2rogaxLtQFrYG3X3KYNww,AfD TV,https://www.youtube.com/watch?v=b3D5l0b1zBw
zh6iYFeyqM0,❝Wenn wir mitregieren ...❞ | Alexander Gauland,2019-09-19T09:32:21Z,149745,6964,755,PT38M37S,UCq2rogaxLtQFrYG3X3KYNww,AfD TV,https://www.youtube.com/watch?v=zh6iYFeyqM0
U3TgiGLFi_0,5 GRÜNE UMWELTSÜNDEN,2019-09-19T08:01:34Z,35592,2253,543,PT1M16S,UCq2rogaxLtQFrYG3X3KYNww,AfD TV,https://www.youtube.com/watch?v=U3TgiGLFi_0
7Mu3wxu0k5Y,❝Die CDU ist nicht mehr bürgerlich!❞ | Björn Höcke,2019-09-19T06:00:00Z,116272,6018,883,PT56M16S,UCq2rogaxLtQFrYG3X3KYNww,AfD TV,https://www.youtube.com/watch?v=7Mu3wxu0k5Y
KghsIcPeaTk,❝Ramelow ist ein Krypto-Kommunist!❞ | Björn Höcke,2019-09-18T20:27:49Z,48427,3670,369,PT4M1S,UCq2rogaxLtQFrYG3X3KYNww,AfD TV,https://www.youtube.com/watch?v=KghsIcPeaTk
WIceLV3ja4k,Pressekonferenz zu Wahlen in Brandenburg & Sachsen,2019-09-02T20:18:20Z,57855,3282,659,PT57M19S,UCq2rogaxLtQFrYG3X3KYNww,AfD TV,https://www.youtube.com/watch?v=WIceLV3ja4k
LB3YvSDahDw,Jörg Meuthen | ❝Wir haben Rekordergebnisse geholt!❞,2019-09-02T10:56:35Z,92285,6626,682,PT3M34S,UCq2rogaxLtQFrYG3X3KYNww,AfD TV,https://www.youtube.com/watch?v=LB3YvSDahDw
OHV_R98CvZw,Jörg Urban | ❝Wir werden Klage einreichen!❞,2019-09-02T10:14:45Z,73075,5316,598,PT3M29S,UCq2rogaxLtQFrYG3X3KYNww,AfD TV,https://www.youtube.com/watch?v=OHV_R98CvZw
6dMlsOWJJjY,❝Grüne sind Feinde der Polizei!❞ | Sebastian Wippel,2019-08-31T20:31:11Z,43210,2709,256,PT21M49S,UCq2rogaxLtQFrYG3X3KYNww,AfD TV,https://www.youtube.com/watch?v=6dMlsOWJJjY
sFkHQ8r8YiE,Tino Chrupalla | ❝Russland bedeutet Energiesicherheit❞,2019-08-31T20:31:11Z,6227,492,48,PT9M33S,UCq2rogaxLtQFrYG3X3KYNww,AfD TV,https://www.youtube.com/watch?v=sFkHQ8r8YiE
edchOUKgK2s,CDU irrlichtert nach links | Jörg Meuthen,2019-08-31T20:03:51Z,60511,3407,354,PT38M15S,UCq2rogaxLtQFrYG3X3KYNww,AfD TV,https://www.youtube.com/watch?v=edchOUKgK2s
_dgH5pVselg,"Jörg Urban | ❝Kultur, Bildung & Erfindergeist zur Blüte bringen!❞",2019-08-31T18:30:00Z,2040,345,21,PT1M22S,UCq2rogaxLtQFrYG3X3KYNww,AfD TV,https://www.youtube.com/watch?v=_dgH5pVselg
V5opTks3-cU,❝Energiewende ist Irrsinn!❞ | Jörg Urban,2019-08-31T18:27:13Z,35612,1779,180,PT24M41S,UCq2rogaxLtQFrYG3X3KYNww,AfD TV,https://www.youtube.com/watch?v=V5opTks3-cU
l3VMQ2uo2Bk,❝Wir wollen stärkste Kraft werden!❞ | Jörg Urban,2019-08-31T17:28:34Z,4382,531,37,PT2M35S,UCq2rogaxLtQFrYG3X3KYNww,AfD TV,https://www.youtube.com/watch?v=l3VMQ2uo2Bk
f5tGOHfakjg,Sebastian Wippel & Tino Chrupalla | Görlitz wählt blau!,2019-08-31T17:18:23Z,13718,1074,80,PT2M16S,UCq2rogaxLtQFrYG3X3KYNww,AfD TV,https://www.youtube.com/watch?v=f5tGOHfakjg
nENzjFa_rNA,❝Der Osten ist vorne!❞ | Jörg Meuthen,2019-08-31T17:10:00Z,71939,5040,587,PT4M22S,UCq2rogaxLtQFrYG3X3KYNww,AfD TV,https://www.youtube.com/watch?v=nENzjFa_rNA
CGB5LtFT4c8,❝Wir wollen keine neue DDR!❞ | Björn Höcke,2019-08-31T10:00:03Z,52617,4073,608,PT4M14S,UCq2rogaxLtQFrYG3X3KYNww,AfD TV,https://www.youtube.com/watch?v=CGB5LtFT4c8
XSpzMTN8XFQ,Wir kämpfen für unsere Kinder! | Björn Höcke,2019-08-30T21:20:08Z,124291,6421,1124,PT42M11S,UCq2rogaxLtQFrYG3X3KYNww,AfD TV,https://www.youtube.com/watch?v=XSpzMTN8XFQ
txgNRD26Y84,MP Kretschmer sprachlos: Sachsen wählen AfD!,2019-08-28T11:41:38Z,249250,10834,1262,PT2M13S,UCq2rogaxLtQFrYG3X3KYNww,AfD TV,https://www.youtube.com/watch?v=txgNRD26Y84
hIKHyKVTZU8,Jörg Urban | Zeit für einen Machtwechsel in Sachsen!,2019-08-27T15:45:01Z,57516,4189,516,PT28M41S,UCq2rogaxLtQFrYG3X3KYNww,AfD TV,https://www.youtube.com/watch?v=hIKHyKVTZU8
nKPROy8kyWk,Koalition CDU & Grüne in Sachsen? | Jörg Meuthen,2019-08-27T08:01:49Z,167994,8610,1120,PT35M5S,UCq2rogaxLtQFrYG3X3KYNww,AfD TV,https://www.youtube.com/watch?v=nKPROy8kyWk
G3gmOvKNbqo,Roland Hartwig | ❝Holen wir uns die Mitte zurück!❞,2019-08-26T18:49:27Z,25682,2059,186,PT26M30S,UCq2rogaxLtQFrYG3X3KYNww,AfD TV,https://www.youtube.com/watch?v=G3gmOvKNbqo
td2v9sMdA0k,❝Rechts ist die neue Mitte!❞ | Roland Hartwig,2019-08-26T11:57:23Z,18762,1775,187,PT4M29S,UCq2rogaxLtQFrYG3X3KYNww,AfD TV,https://www.youtube.com/watch?v=td2v9sMdA0k
1e1PqCRkohI,A. Weidel | Die Grünen sind technisch stehen geblieben!,2019-08-25T21:01:37Z,359095,16522,2433,PT43M11S,UCq2rogaxLtQFrYG3X3KYNww,AfD TV,https://www.youtube.com/watch?v=1e1PqCRkohI
v5K_uVYq2OQ,A. Gauland | Afrika wächst in 12 Tagen um 1 Million!,2019-08-19T07:41:28Z,194840,10331,1181,PT35M16S,UCq2rogaxLtQFrYG3X3KYNww,AfD TV,https://www.youtube.com/watch?v=v5K_uVYq2OQ
k9gUkOcxaCM,Wahlprogramm in 90 Sek.! | AfD Brandenburg,2019-08-13T08:45:27Z,105259,8090,1262,PT1M59S,UCq2rogaxLtQFrYG3X3KYNww,AfD TV,https://www.youtube.com/watch?v=k9gUkOcxaCM
WzkSji0NHKk,MdEP Guido Reil: ❝Brüssel ist der Wahnsinn in Tüten!❞,2019-08-07T19:16:32Z,115005,6710,791,PT5M32S,UCq2rogaxLtQFrYG3X3KYNww,AfD TV,https://www.youtube.com/watch?v=WzkSji0NHKk
zyapAuLEsJU,6 unserer EU-Abgeordneten zu Ursula von der Leyen!,2019-07-16T17:09:33Z,407393,19655,1618,PT8M1S,UCq2rogaxLtQFrYG3X3KYNww,AfD TV,https://www.youtube.com/watch?v=zyapAuLEsJU
u0QFremlncM,Frau von der Leyen ist völlig ungeeignet! | Jörg Meuthen,2019-07-16T13:34:09Z,203545,13990,1716,PT3M37S,UCq2rogaxLtQFrYG3X3KYNww,AfD TV,https://www.youtube.com/watch?v=u0QFremlncM
EPML6RT18lA,❝Adenauer wäre heute AfD!❞ | Jörg Urban,2019-07-14T10:00:09Z,35782,2398,264,PT17M32S,UCq2rogaxLtQFrYG3X3KYNww,AfD TV,https://www.youtube.com/watch?v=EPML6RT18lA
25AIQxetqsw,❝Wahltag wird zum Zahltag!❞ | Björn Höcke,2019-07-14T07:02:56Z,155450,7575,1102,PT27M34S,UCq2rogaxLtQFrYG3X3KYNww,AfD TV,https://www.youtube.com/watch?v=25AIQxetqsw
1ukUTBOFkxk,❝Der Osten wählt blau!❞ | Jörg Meuthen,2019-07-14T00:21:43Z,141986,8992,1201,PT24M4S,UCq2rogaxLtQFrYG3X3KYNww,AfD TV,https://www.youtube.com/watch?v=1ukUTBOFkxk
x8Unr0d0CZE,AfD stellt Seite gegen linksradikale Umtriebe vor!,2019-07-04T12:12:41Z,65497,7457,651,PT2M58S,UCq2rogaxLtQFrYG3X3KYNww,AfD TV,https://www.youtube.com/watch?v=x8Unr0d0CZE
fZroOWCP86E,"Diese ""Seenot-RETTUNG"" schadet massiv! | J. Meuthen",2019-07-03T10:20:35Z,161044,13391,1195,PT3M44S,UCq2rogaxLtQFrYG3X3KYNww,AfD TV,https://www.youtube.com/watch?v=fZroOWCP86E
eRJU-M0ZkNg,❝BfV-Gutachten ist politisch motiviert!❞ | Damian Lohr,2019-06-25T16:07:14Z,11167,1458,138,PT4M11S,UCq2rogaxLtQFrYG3X3KYNww,AfD TV,https://www.youtube.com/watch?v=eRJU-M0ZkNg
UrJ-8bmUPhY,MdEP Nicolaus Fest zu den ersten Tagen in Brüssel!,2019-06-19T11:23:46Z,27899,2637,107,PT4M43S,UCq2rogaxLtQFrYG3X3KYNww,AfD TV,https://www.youtube.com/watch?v=UrJ-8bmUPhY
awlzN5aE7r0,„Identität und Demokratie“ Fraktion von Jörg Meuthen!,2019-06-14T15:36:46Z,79483,7111,625,PT3M57S,UCq2rogaxLtQFrYG3X3KYNww,AfD TV,https://www.youtube.com/watch?v=awlzN5aE7r0
JykqyGc00k8,Ein Görlitzer für Görlitzer: Wippel zum OB wählen!,2019-06-07T11:30:04Z,19365,2313,369,PT2M3S,UCq2rogaxLtQFrYG3X3KYNww,AfD TV,https://www.youtube.com/watch?v=JykqyGc00k8
67Eov6iYqgo,Der Steiger geht | Schicht im Schacht nach 33 Jahren!,2019-06-01T18:40:56Z,29321,3220,409,PT3M6S,UCq2rogaxLtQFrYG3X3KYNww,AfD TV,https://www.youtube.com/watch?v=67Eov6iYqgo
dZEl5F_mSWI,EU-Wahl 2019 | Bundespressekonferenz,2019-05-27T16:46:03Z,78490,4332,1129,PT47M26S,UCq2rogaxLtQFrYG3X3KYNww,AfD TV,https://www.youtube.com/watch?v=dZEl5F_mSWI
Uwuo1XgdB4o,❝11 %? Wir sind zufrieden!❞ | J. Meuthen nach EU-Wahl 2019,2019-05-27T11:33:54Z,96490,6808,1151,PT6M59S,UCq2rogaxLtQFrYG3X3KYNww,AfD TV,https://www.youtube.com/watch?v=Uwuo1XgdB4o
yAMctQgYc7U,EU-Wahl 2019 | Erste Reaktionen auf AfD-Ergebnis,2019-05-26T20:37:55Z,23840,2095,753,PT2M52S,UCq2rogaxLtQFrYG3X3KYNww,AfD TV,https://www.youtube.com/watch?v=yAMctQgYc7U
734rSoELuBA,❝Stolz auf meine Partei!❞ | J. Meuthen zu EU-Wahl 2019,2019-05-26T20:01:51Z,61696,5910,1146,PT6M42S,UCq2rogaxLtQFrYG3X3KYNww,AfD TV,https://www.youtube.com/watch?v=734rSoELuBA
DdNneZMoxmA,❝Wählen Sie am 26. Mai die AfD!❞ | Jörg Meuthen,2019-05-25T12:23:24Z,26915,2839,1070,PT42S,UCq2rogaxLtQFrYG3X3KYNww,AfD TV,https://www.youtube.com/watch?v=DdNneZMoxmA
L5JjYB27Apc,EU-Wahl 2019 | Unser Erfolgsweg geht weiter!,2019-05-24T17:54:07Z,236268,2997,1050,PT3M6S,UCq2rogaxLtQFrYG3X3KYNww,AfD TV,https://www.youtube.com/watch?v=L5JjYB27Apc
6LIBjhanXcE,Der Sachse für Europa! | Maximilian Krah,2019-05-24T15:38:04Z,8947,1234,97,PT1M37S,UCq2rogaxLtQFrYG3X3KYNww,AfD TV,https://www.youtube.com/watch?v=6LIBjhanXcE
xUdZmO-KFMM,70 Jahre Grundgesetz. Wir stehen drauf!,2019-05-24T14:35:15Z,21556,1514,183,PT8M33S,UCq2rogaxLtQFrYG3X3KYNww,AfD TV,https://www.youtube.com/watch?v=xUdZmO-KFMM
ycmuHESPctw,❝AfD will Platz 1!❞ | S. Wippel vor OB-Wahl in Görlitz,2019-05-24T11:22:11Z,20571,1710,344,PT6M38S,UCq2rogaxLtQFrYG3X3KYNww,AfD TV,https://www.youtube.com/watch?v=ycmuHESPctw
miQscEZo20g,❝Wir müssen EU und Merkel stoppen!❞ | Wiebke Muhsal,2019-05-23T19:01:30Z,87544,5862,806,PT20M42S,UCq2rogaxLtQFrYG3X3KYNww,AfD TV,https://www.youtube.com/watch?v=miQscEZo20g
Gtdes8a9Gvc,❝Ich liebe Europa!❞ | Jörg Meuthen,2019-05-23T13:13:09Z,131314,7142,782,PT1H3M10S,UCq2rogaxLtQFrYG3X3KYNww,AfD TV,https://www.youtube.com/watch?v=Gtdes8a9Gvc
PD8pmzyB_bk,Wiebke Muhsal | ❝AfD will in Gera gewinnen!❞,2019-05-23T06:50:59Z,25639,2140,269,PT3M35S,UCq2rogaxLtQFrYG3X3KYNww,AfD TV,https://www.youtube.com/watch?v=PD8pmzyB_bk
mbCaX1JKVYk,❝AfD hat einen Lauf!❞ | Jörg Meuthen,2019-05-22T21:48:20Z,159276,7777,1782,PT3M34S,UCq2rogaxLtQFrYG3X3KYNww,AfD TV,https://www.youtube.com/watch?v=mbCaX1JKVYk
705da6wU1M4,❝60 Gründe für die EU?❞ | Nicolaus Fest,2019-05-22T12:12:17Z,14786,1782,213,PT3M57S,UCq2rogaxLtQFrYG3X3KYNww,AfD TV,https://www.youtube.com/watch?v=705da6wU1M4
iNWZRNj28Q4,Frank Magnitz im Porträt | Spitzenkandidat AfD Bremen,2019-05-19T18:19:57Z,10036,1357,147,PT2M49S,UCq2rogaxLtQFrYG3X3KYNww,AfD TV,https://www.youtube.com/watch?v=iNWZRNj28Q4
iAKy2b9tscQ,Verena Wester | ❝Wir als AfD schützen das Grundgesetz!❞,2019-05-19T15:24:03Z,16005,1543,198,PT12M2S,UCq2rogaxLtQFrYG3X3KYNww,AfD TV,https://www.youtube.com/watch?v=iAKy2b9tscQ
cBtsqG_7cg4,❝EU ist wie DDR!❞ | Uta Opelt,2019-05-19T11:25:31Z,40619,3776,457,PT12M47S,UCq2rogaxLtQFrYG3X3KYNww,AfD TV,https://www.youtube.com/watch?v=cBtsqG_7cg4
3kvM5Ft5EgU,❝Dieser Hass!❞ | Zwei AfD-Frauen kämpfen um Europa,2019-05-19T06:41:44Z,48873,4200,567,PT4M13S,UCq2rogaxLtQFrYG3X3KYNww,AfD TV,https://www.youtube.com/watch?v=3kvM5Ft5EgU
S1CGJ3m4HD0,Gottfried Curio | ❝EU ist Zwangsgemeinschaft!❞,2019-05-18T15:49:49Z,39628,3288,393,PT36M3S,UCq2rogaxLtQFrYG3X3KYNww,AfD TV,https://www.youtube.com/watch?v=S1CGJ3m4HD0
AodMSvrjbOU,AfD-Kandidaten zur EU-Wahl | Platz 1: Jörg Meuthen,2019-05-16T09:55:22Z,22968,2467,245,PT5M2S,UCq2rogaxLtQFrYG3X3KYNww,AfD TV,https://www.youtube.com/watch?v=AodMSvrjbOU
AC1wACpbOW0,AfD-Kandidaten zur EU-Wahl | Platz  2: Guido Reil,2019-05-15T10:41:44Z,16615,1717,233,PT4M25S,UCq2rogaxLtQFrYG3X3KYNww,AfD TV,https://www.youtube.com/watch?v=AC1wACpbOW0
wT9WfKvCAko,AfD-Kandidaten zur EU-Wahl | Platz 3: Maximilian Krah,2019-05-14T10:26:12Z,9198,877,98,PT2M53S,UCq2rogaxLtQFrYG3X3KYNww,AfD TV,https://www.youtube.com/watch?v=wT9WfKvCAko
b9OqjqXw6os,AfD-Kandidaten zur EU-Wahl | Platz 4: Lars Patrick Berg,2019-05-13T12:38:20Z,4445,571,74,PT3M20S,UCq2rogaxLtQFrYG3X3KYNww,AfD TV,https://www.youtube.com/watch?v=b9OqjqXw6os
9vJT-AVhxM0,❝Auf ein freies Europa!❞ | Christoph Birghan,2019-05-13T07:42:23Z,6492,527,40,PT7M24S,UCq2rogaxLtQFrYG3X3KYNww,AfD TV,https://www.youtube.com/watch?v=9vJT-AVhxM0
_P0hW0Sdauk,❝EU ist Entmachtung der Bürger!❞ | Rainer Rothfuß,2019-05-12T19:44:26Z,28177,2146,173,PT10M21S,UCq2rogaxLtQFrYG3X3KYNww,AfD TV,https://www.youtube.com/watch?v=_P0hW0Sdauk
KteYdCK1dQA,❝Grüne wollen Bürger umerziehen!❞ | Sylvia Limmer,2019-05-12T16:09:54Z,250267,13843,1516,PT10M48S,UCq2rogaxLtQFrYG3X3KYNww,AfD TV,https://www.youtube.com/watch?v=KteYdCK1dQA
MQ6EwVBHwUU,EU-Wahl 2019 | ❝AfD ist Wahlkampfmaschine!❞,2019-05-12T14:08:46Z,22382,2226,352,PT2M59S,UCq2rogaxLtQFrYG3X3KYNww,AfD TV,https://www.youtube.com/watch?v=MQ6EwVBHwUU
ESkjxLIo1fI,❝Linken sind die wahren Faschisten!❞ | Markus Buchheit,2019-05-12T08:43:01Z,21246,2449,308,PT7M19S,UCq2rogaxLtQFrYG3X3KYNww,AfD TV,https://www.youtube.com/watch?v=ESkjxLIo1fI
DIPoEdENmmw,❝Linksgrün-Verrückte stoppen!❞ | Nicolaus Fest,2019-05-11T12:39:45Z,88091,6106,536,PT11M33S,UCq2rogaxLtQFrYG3X3KYNww,AfD TV,https://www.youtube.com/watch?v=DIPoEdENmmw
L9vC3vzmnF0,❝EU ist wie Erdogan!❞ | Beatrix von Storch,2019-05-11T05:00:00Z,119678,7113,851,PT24M57S,UCq2rogaxLtQFrYG3X3KYNww,AfD TV,https://www.youtube.com/watch?v=L9vC3vzmnF0
q3mnFmgk3FE,AfD-Kandidaten zur EU-Wahl | Platz 5: Bernhard Zimniok,2019-05-10T10:23:35Z,7775,859,76,PT5M9S,UCq2rogaxLtQFrYG3X3KYNww,AfD TV,https://www.youtube.com/watch?v=q3mnFmgk3FE
_nVMw1M2bkM,AfD-Kandidaten zur EU-Wahl | Platz 6: Nicolaus Fest,2019-05-09T12:19:22Z,19037,1840,143,PT4M49S,UCq2rogaxLtQFrYG3X3KYNww,AfD TV,https://www.youtube.com/watch?v=_nVMw1M2bkM
CrDr9zO0FX0,AfD-Kandidaten zur EU-Wahl | Platz 7: Markus Buchheit,2019-05-08T09:23:59Z,6347,669,48,PT3M32S,UCq2rogaxLtQFrYG3X3KYNww,AfD TV,https://www.youtube.com/watch?v=CrDr9zO0FX0
Ri1-C7JqoUo,"AfD: Wir bestimmen selbst, wer zu uns kommt!",2019-05-07T12:03:22Z,319385,6310,777,PT1M10S,UCq2rogaxLtQFrYG3X3KYNww,AfD TV,https://www.youtube.com/watch?v=Ri1-C7JqoUo
NgEqip_UW2Y,AfD-Kandidaten zur EU-Wahl | Platz 8: Christine Anderson,2019-05-06T13:09:35Z,16344,1299,159,PT4M55S,UCq2rogaxLtQFrYG3X3KYNww,AfD TV,https://www.youtube.com/watch?v=NgEqip_UW2Y
e26TWFoqd5M,AfD: Bargeld erhalten | Enteignungspolitik beenden,2019-05-05T20:07:13Z,154757,2037,201,PT1M,UCq2rogaxLtQFrYG3X3KYNww,AfD TV,https://www.youtube.com/watch?v=e26TWFoqd5M
IbeBOeE43jQ,AfD-Kandidaten zur EU-Wahl | Platz 9: Sylvia Limmer,2019-05-04T18:43:23Z,17904,1698,241,PT4M29S,UCq2rogaxLtQFrYG3X3KYNww,AfD TV,https://www.youtube.com/watch?v=IbeBOeE43jQ
ZAclBiSgg2s,❝Wir sind die Alternative für Europa!❞ | Jörg Meuthen,2019-05-04T12:34:09Z,226384,10888,952,PT50M42S,UCq2rogaxLtQFrYG3X3KYNww,AfD TV,https://www.youtube.com/watch?v=ZAclBiSgg2s
S4-ZdKHSAr8,❝Die EU ist Irrsinn!❞ | Alice Weidel in Pforzheim,2019-05-04T03:37:43Z,646799,26487,3210,PT32M37S,UCq2rogaxLtQFrYG3X3KYNww,AfD TV,https://www.youtube.com/watch?v=S4-ZdKHSAr8
Jc-zfFGjj7s,5.000 Euro Belohnung nach Brandanschlag in Essen!,2019-05-03T19:28:57Z,22179,2508,372,PT1M8S,UCq2rogaxLtQFrYG3X3KYNww,AfD TV,https://www.youtube.com/watch?v=Jc-zfFGjj7s
i9VL922KdXs,AfD-Kandidaten zur EU-Wahl | Platz 10: Gunnar Beck,2019-05-03T12:03:37Z,13678,973,97,PT5M45S,UCq2rogaxLtQFrYG3X3KYNww,AfD TV,https://www.youtube.com/watch?v=i9VL922KdXs
HWwhavDUESo,AfD: Bürokratie- und Lobby-Wahnsinn der EU stoppen!,2019-05-03T07:23:29Z,90997,669,55,PT1M,UCq2rogaxLtQFrYG3X3KYNww,AfD TV,https://www.youtube.com/watch?v=HWwhavDUESo
ULpCeb9wzi8,"Auf frischer Tat ertappt: Linke ""Demokraten"" am Werk!",2019-05-02T16:24:28Z,74767,5668,801,PT1M1S,UCq2rogaxLtQFrYG3X3KYNww,AfD TV,https://www.youtube.com/watch?v=ULpCeb9wzi8
UMY6ea8GExo,"Guido Reil | ""Wir werden Europas Grenzen schließen!""",2019-05-02T14:59:42Z,95918,5749,784,PT11M34S,UCq2rogaxLtQFrYG3X3KYNww,AfD TV,https://www.youtube.com/watch?v=UMY6ea8GExo
f9d_qH0WxY0,"Martin Schiller | ""Widerstand in Europa heißt AfD!""",2019-05-02T13:37:53Z,27763,2259,216,PT9M45S,UCq2rogaxLtQFrYG3X3KYNww,AfD TV,https://www.youtube.com/watch?v=f9d_qH0WxY0
-xU_-LXn-So,"Gunnar Beck | ""Der Euro wird von Jahr zu Jahr teurer!""",2019-05-02T09:41:29Z,13965,1089,103,PT11M18S,UCq2rogaxLtQFrYG3X3KYNww,AfD TV,https://www.youtube.com/watch?v=-xU_-LXn-So
z6xuMuM44gw,"Gottfried Curio | ""Wir sind nicht der Dorftrottel Europas!""",2019-05-01T14:51:23Z,141757,8067,894,PT43M58S,UCq2rogaxLtQFrYG3X3KYNww,AfD TV,https://www.youtube.com/watch?v=z6xuMuM44gw
pnHjC2Bx9og,"Guido Reil | ""SPD? Heute tanzt die AfD in den Mai!""",2019-05-01T09:43:06Z,30500,2331,285,PT2M19S,UCq2rogaxLtQFrYG3X3KYNww,AfD TV,https://www.youtube.com/watch?v=pnHjC2Bx9og
uC8l1Jc_L94,"Jörg Meuthen | ""Wichtigste Europawahl für Deutschland!""",2019-05-01T09:43:06Z,47913,3709,503,PT3M52S,UCq2rogaxLtQFrYG3X3KYNww,AfD TV,https://www.youtube.com/watch?v=uC8l1Jc_L94
CY4tRdiCQrc,Der AfD-Wahlwerbespot zur Europawahl 2019!,2019-04-26T18:33:55Z,491164,17644,4906,PT1M25S,UCq2rogaxLtQFrYG3X3KYNww,AfD TV,https://www.youtube.com/watch?v=CY4tRdiCQrc
XXf2CXLrz0Q,Die AfD lädt ein: Tanz in den Mai in Essen!,2019-04-25T08:03:51Z,13147,1198,145,PT56S,UCq2rogaxLtQFrYG3X3KYNww,AfD TV,https://www.youtube.com/watch?v=XXf2CXLrz0Q
kCpffJtCFMo,"❝Was Weber tut, ist schändlich!❞ | Jörg Meuthen",2019-04-24T12:03:33Z,28913,2213,188,PT1M20S,UCq2rogaxLtQFrYG3X3KYNww,AfD TV,https://www.youtube.com/watch?v=kCpffJtCFMo
pnLfWVqBYK0,2 Patrioten für Europa: Meuthen trifft Vilimsky,2019-04-21T13:00:09Z,61667,3284,415,PT50M29S,UCq2rogaxLtQFrYG3X3KYNww,AfD TV,https://www.youtube.com/watch?v=pnLfWVqBYK0
0MI7HKpHUmQ,Meuthen - Der Europa-Talk aus Straßburg (Folge 5),2019-04-20T12:21:36Z,68295,3985,487,PT34M2S,UCq2rogaxLtQFrYG3X3KYNww,AfD TV,https://www.youtube.com/watch?v=0MI7HKpHUmQ
kbbFJrbyrmY,Buchvorstellung: Europa - Zukunft sichern,2019-04-19T16:05:42Z,4624,631,46,PT2M19S,UCq2rogaxLtQFrYG3X3KYNww,AfD TV,https://www.youtube.com/watch?v=kbbFJrbyrmY
qp67zMelBfE,Brandanschlag auf AfD-Wahlkampfautos in Essen!,2019-04-18T12:53:22Z,56422,3696,1051,PT4M13S,UCq2rogaxLtQFrYG3X3KYNww,AfD TV,https://www.youtube.com/watch?v=qp67zMelBfE
4TUQPjiYyhw,"Ostersonntag, 15.00 Uhr: Vilimsky (FPÖ) bei Meuthen!",2019-04-18T10:39:38Z,5706,516,46,PT1M,UCq2rogaxLtQFrYG3X3KYNww,AfD TV,https://www.youtube.com/watch?v=4TUQPjiYyhw
E3-PabSt45w,Impressionen aus Mailand | Meuthen & Salvini (EAPN),2019-04-10T10:58:08Z,16572,1793,219,PT2M43S,UCq2rogaxLtQFrYG3X3KYNww,AfD TV,https://www.youtube.com/watch?v=E3-PabSt45w
hdDvtsXyeME,Deutschland vs. Luxemburg: Wie gerecht ist die EU?,2019-04-09T18:14:20Z,11819,1126,123,PT1M,UCq2rogaxLtQFrYG3X3KYNww,AfD TV,https://www.youtube.com/watch?v=hdDvtsXyeME
Jqvk1iYakwU,EU-Wahlkampfauftakt: AfD-Kandidaten sind bereit!,2019-04-09T12:34:45Z,11770,1264,158,PT2M26S,UCq2rogaxLtQFrYG3X3KYNww,AfD TV,https://www.youtube.com/watch?v=Jqvk1iYakwU
2ae94YjdGAs,"Guido Reil | ""Merkel sollte sich entschuldigen!""",2019-04-08T17:41:43Z,73138,4665,630,PT29M30S,UCq2rogaxLtQFrYG3X3KYNww,AfD TV,https://www.youtube.com/watch?v=2ae94YjdGAs
V7QhmlWgA3s,❝Schätzen Sie die Europawahlen nicht gering!❞ Gauland,2019-04-08T15:46:12Z,145351,7238,907,PT45M2S,UCq2rogaxLtQFrYG3X3KYNww,AfD TV,https://www.youtube.com/watch?v=V7QhmlWgA3s
ZMq-5_h99Qo,"""Startschuss für etwas Neues!"" | Meuthen bei Salvini",2019-04-08T12:30:40Z,34547,3461,434,PT7M7S,UCq2rogaxLtQFrYG3X3KYNww,AfD TV,https://www.youtube.com/watch?v=ZMq-5_h99Qo
9Uu3oBQVz4o,"""Wir wollen das EU-Parlament reformieren"" | Jörg Meuthen",2019-04-07T15:51:04Z,178863,8437,1050,PT52M5S,UCq2rogaxLtQFrYG3X3KYNww,AfD TV,https://www.youtube.com/watch?v=9Uu3oBQVz4o
tjIVthOkg08,AfD nach Harder-Kühnel-Eklat: ❝Welch eine Arroganz!❞,2019-04-07T13:56:51Z,47962,3043,398,PT1M29S,UCq2rogaxLtQFrYG3X3KYNww,AfD TV,https://www.youtube.com/watch?v=tjIVthOkg08
uF_gV5nk_8w,Guido Reil | ❝Wir brauchen die Festung Europa!❞,2019-04-07T12:41:34Z,11845,906,92,PT1M57S,UCq2rogaxLtQFrYG3X3KYNww,AfD TV,https://www.youtube.com/watch?v=uF_gV5nk_8w
U-l7swHNuTE,Jörg Meuthen | ❝Juncker ist zuweilen unpässlich!❞,2019-04-07T11:33:22Z,49540,3913,329,PT3M8S,UCq2rogaxLtQFrYG3X3KYNww,AfD TV,https://www.youtube.com/watch?v=U-l7swHNuTE
a8ytbpg0jLo,A. Gauland | ❝Russland nicht vor den Kopf stoßen!❞,2019-04-06T21:35:49Z,9394,1230,92,PT2M40S,UCq2rogaxLtQFrYG3X3KYNww,AfD TV,https://www.youtube.com/watch?v=a8ytbpg0jLo
-yKihkNLguU,Das AfD-Programm zur Europawahl in 99 Sekunden!,2019-04-06T16:39:06Z,1145900,22336,5740,PT2M7S,UCq2rogaxLtQFrYG3X3KYNww,AfD TV,https://www.youtube.com/watch?v=-yKihkNLguU
XdKfTJZeuec,❝Hände weg von unserer Automobilindustrie!❞,2019-03-28T13:16:17Z,18732,2265,139,PT1M9S,UCq2rogaxLtQFrYG3X3KYNww,AfD TV,https://www.youtube.com/watch?v=XdKfTJZeuec
C4AfJTgtQYs,Artikel 13 und Uploadfilter - eine riesige Zensurmaschine! | Jörg Meuthen,2019-03-21T13:15:43Z,15239,1813,189,PT3M32S,UCq2rogaxLtQFrYG3X3KYNww,AfD TV,https://www.youtube.com/watch?v=C4AfJTgtQYs
v0kBt1-9rwY,MdB Joana Cotar warnt vor Artikel 13 und Uploadfiltern!,2019-03-19T16:32:13Z,4408,684,47,PT3M39S,UCq2rogaxLtQFrYG3X3KYNww,AfD TV,https://www.youtube.com/watch?v=v0kBt1-9rwY
lJtp0_zkIG0,Freiheit im Netz: AfD gegen Artikel 13 und Uploadfilter!,2019-03-18T16:57:42Z,14785,1398,185,PT1M3S,UCq2rogaxLtQFrYG3X3KYNww,AfD TV,https://www.youtube.com/watch?v=lJtp0_zkIG0
XRqRv_taha4,Bernhard Zimniok | ❝Merkel-Land ist abgebrannt!❞,2019-03-07T15:45:49Z,102490,5730,316,PT22M29S,UCq2rogaxLtQFrYG3X3KYNww,AfD TV,https://www.youtube.com/watch?v=XRqRv_taha4
J6yppD1_5rE,❝AfD ist die Partei der Freiheit!❞ | Martin Sichert,2019-03-07T15:29:08Z,6478,517,30,PT18M54S,UCq2rogaxLtQFrYG3X3KYNww,AfD TV,https://www.youtube.com/watch?v=J6yppD1_5rE
rQfjl50qK9s,❝Wir holen uns unser Land zurück!❞ | Stephan Protschka,2019-03-07T11:09:34Z,19716,1412,134,PT19M59S,UCq2rogaxLtQFrYG3X3KYNww,AfD TV,https://www.youtube.com/watch?v=rQfjl50qK9s
J7yeWqXwcS8,❝Ich habe Ischias wie Juncker!❞ | Guido Reil,2019-03-06T21:44:45Z,82151,4620,493,PT16M47S,UCq2rogaxLtQFrYG3X3KYNww,AfD TV,https://www.youtube.com/watch?v=J7yeWqXwcS8
_7V0eSgt9TY,❝AfD wird siegen und Wende einleiten!❞ | Jörg Meuthen,2019-03-06T17:59:35Z,169664,9349,1275,PT38M14S,UCq2rogaxLtQFrYG3X3KYNww,AfD TV,https://www.youtube.com/watch?v=_7V0eSgt9TY
m4eWNVDL3XU,❝Rathaus Münster gehört heute der AfD.❞ | M. Schiller,2019-02-26T12:50:49Z,46735,3364,314,PT11M40S,UCq2rogaxLtQFrYG3X3KYNww,AfD TV,https://www.youtube.com/watch?v=m4eWNVDL3XU
UgYrnP3x9Hw,❝Antifa ist irrationale Schwärmerei!❞ | H. Seifen,2019-02-26T12:49:32Z,13618,1041,84,PT27M45S,UCq2rogaxLtQFrYG3X3KYNww,AfD TV,https://www.youtube.com/watch?v=UgYrnP3x9Hw
H51VWT5mS0M,❝Wir sind die Partei der Autofahrer!❞ | Jörg Meuthen,2019-02-24T07:34:06Z,73778,3883,397,PT49M52S,UCq2rogaxLtQFrYG3X3KYNww,AfD TV,https://www.youtube.com/watch?v=H51VWT5mS0M
uX0AkxBghb8,Martin Schiller: ❝AfD ist für Europa und den Frieden!❞,2019-02-23T10:12:11Z,7297,714,59,PT2M56S,UCq2rogaxLtQFrYG3X3KYNww,AfD TV,https://www.youtube.com/watch?v=uX0AkxBghb8
RNolAFcH6Jk,Helmut Seifen: ❝Deutschland darf sich nicht aufgeben!❞,2019-02-23T09:59:11Z,16241,1387,116,PT6M25S,UCq2rogaxLtQFrYG3X3KYNww,AfD TV,https://www.youtube.com/watch?v=RNolAFcH6Jk
OwVroefzte4,Nicolaus Fest: Söder und AKK - Die große EU-Lüge!,2019-02-19T19:11:39Z,17308,1923,93,PT5M47S,UCq2rogaxLtQFrYG3X3KYNww,AfD TV,https://www.youtube.com/watch?v=OwVroefzte4
Mv_pmjHdU6c,Kein Zutritt: Stasi-Stiftung verweigert Dialog!,2019-02-18T13:37:15Z,18056,1570,173,PT2M49S,UCq2rogaxLtQFrYG3X3KYNww,AfD TV,https://www.youtube.com/watch?v=Mv_pmjHdU6c
usTBD457ot4,Politischer Aschermittwoch - Stephan Protschka lädt ein!,2019-02-15T15:05:57Z,5680,373,18,PT1M57S,UCq2rogaxLtQFrYG3X3KYNww,AfD TV,https://www.youtube.com/watch?v=usTBD457ot4
vpGenvpw2uU,Alice Weidel & Jörg Meuthen rufen nach Heidenheim!,2019-02-13T15:09:46Z,24829,1956,142,PT1M43S,UCq2rogaxLtQFrYG3X3KYNww,AfD TV,https://www.youtube.com/watch?v=vpGenvpw2uU
atJZGTWUUlo,"""Licht aus"" rechtswidrig! Stadt Münster unterliegt AfD!",2019-02-11T12:36:39Z,73253,4311,480,PT2M39S,UCq2rogaxLtQFrYG3X3KYNww,AfD TV,https://www.youtube.com/watch?v=atJZGTWUUlo
HW0dnVLqYA4,Guido Reil hilft | Neue Bleibe für Mark!,2019-02-06T14:24:46Z,18931,1398,189,PT9M19S,UCq2rogaxLtQFrYG3X3KYNww,AfD TV,https://www.youtube.com/watch?v=HW0dnVLqYA4
Bt4ygmQyYOI,"Jörg Meuthen: ❝Frau Keller, schämen Sie sich nicht?❞",2019-02-02T16:43:45Z,243316,12152,674,PT2M46S,UCq2rogaxLtQFrYG3X3KYNww,AfD TV,https://www.youtube.com/watch?v=Bt4ygmQyYOI
RmJdkYDNuQI,Jörg Meuthen fulminant: Neujahrsansprache Krefeld,2019-01-28T15:05:32Z,114971,6103,459,PT52M6S,UCq2rogaxLtQFrYG3X3KYNww,AfD TV,https://www.youtube.com/watch?v=RmJdkYDNuQI
WPYeyBWoHrs,Europawahlversammlung in Riesa (11.-14.01.2019),2019-01-19T14:12:54Z,8563,594,57,PT10M13S,UCq2rogaxLtQFrYG3X3KYNww,AfD TV,https://www.youtube.com/watch?v=WPYeyBWoHrs
tmZyCOuGwQw,Wird Sebastian Wippel am 26. Mai AfD-OB von Görlitz?,2019-01-17T16:51:13Z,14852,1341,178,PT4M20S,UCq2rogaxLtQFrYG3X3KYNww,AfD TV,https://www.youtube.com/watch?v=tmZyCOuGwQw
8FQaOCtLlDw,AfD vor Sachsen-Wahl: ❝Stärkste Kraft ist das Ziel!❞,2019-01-17T09:52:55Z,23048,1813,322,PT4M59S,UCq2rogaxLtQFrYG3X3KYNww,AfD TV,https://www.youtube.com/watch?v=8FQaOCtLlDw
9TpbEQ_EQ7Y,Not lindern: Guido Reils Wärmebus benötigt Spenden!,2019-01-15T12:32:31Z,4038,492,54,PT1M8S,UCq2rogaxLtQFrYG3X3KYNww,AfD TV,https://www.youtube.com/watch?v=9TpbEQ_EQ7Y
_aWldZi7oC0,Rebecca Weißbrodt | EU-Wahl '19 – Listenplatz 30,2019-01-14T18:47:10Z,3728,192,14,PT5M45S,UCq2rogaxLtQFrYG3X3KYNww,AfD TV,https://www.youtube.com/watch?v=_aWldZi7oC0
04-yEe1_lBg,Detlef Ehlebracht | EU-Wahl '19 – Listenplatz 29,2019-01-14T18:39:01Z,2438,193,8,PT7M19S,UCq2rogaxLtQFrYG3X3KYNww,AfD TV,https://www.youtube.com/watch?v=04-yEe1_lBg
b50C-wE5M_Y,Hakola Dippel | EU-Wahl '19 – Listenplatz 28,2019-01-14T17:45:14Z,1980,107,3,PT6M3S,UCq2rogaxLtQFrYG3X3KYNww,AfD TV,https://www.youtube.com/watch?v=b50C-wE5M_Y
EYOPBwKSa3Y,Jonas Dünzel | EU-Wahl '19 – Listenplatz 27,2019-01-14T17:36:01Z,4565,297,29,PT3M1S,UCq2rogaxLtQFrYG3X3KYNww,AfD TV,https://www.youtube.com/watch?v=EYOPBwKSa3Y
frASuz5Y_Vg,Christian Waldheim | EU-Wahl '19 – Listenplatz 24,2019-01-14T10:39:40Z,2106,128,5,PT7M29S,UCq2rogaxLtQFrYG3X3KYNww,AfD TV,https://www.youtube.com/watch?v=frASuz5Y_Vg
CX5ceRCtjyU,Christoph Birghan | EU-Wahl '19 – Listenplatz 23,2019-01-14T09:41:58Z,3096,182,7,PT11M43S,UCq2rogaxLtQFrYG3X3KYNww,AfD TV,https://www.youtube.com/watch?v=CX5ceRCtjyU
lQZvBZpqLls,Julian Flak | EU-Wahl '19 – Listenplatz 22,2019-01-14T09:21:50Z,3233,187,9,PT11M39S,UCq2rogaxLtQFrYG3X3KYNww,AfD TV,https://www.youtube.com/watch?v=lQZvBZpqLls
EaqCr4HQbVI,Rainer Rothfuß | EU-Wahl '19 – Listenplatz 21,2019-01-13T19:50:42Z,9143,650,97,PT12M8S,UCq2rogaxLtQFrYG3X3KYNww,AfD TV,https://www.youtube.com/watch?v=EaqCr4HQbVI
G2yW7ZNMT8E,Jörg Meuthen in Riesa: ❞So funktioniert eine Partei!❝,2019-01-13T17:47:49Z,7277,658,56,PT1M20S,UCq2rogaxLtQFrYG3X3KYNww,AfD TV,https://www.youtube.com/watch?v=G2yW7ZNMT8E
n6_Dq2oVsVc,EFDD-Europa-Talk: ❞Super-Format für junge Leute!❝,2019-01-13T17:08:49Z,6095,473,42,PT1M48S,UCq2rogaxLtQFrYG3X3KYNww,AfD TV,https://www.youtube.com/watch?v=n6_Dq2oVsVc
Q-hXrrkO1oc,Hans-Thomas Tillschneider | EU-Wahl '19 – Listenplatz 19,2019-01-13T13:37:59Z,14991,776,60,PT10M27S,UCq2rogaxLtQFrYG3X3KYNww,AfD TV,https://www.youtube.com/watch?v=Q-hXrrkO1oc
Im1bcAxISoU,Mike Moncsek | EU-Wahl '19 – Listenplatz 20,2019-01-13T13:37:51Z,4647,262,42,PT6M23S,UCq2rogaxLtQFrYG3X3KYNww,AfD TV,https://www.youtube.com/watch?v=Im1bcAxISoU
6-fselGUpys,Alexander Gauland: ❞Wir sind die guten Europäer!❝,2019-01-13T10:48:52Z,64639,3270,359,PT18M7S,UCq2rogaxLtQFrYG3X3KYNww,AfD TV,https://www.youtube.com/watch?v=6-fselGUpys
kkEHsB06U3Q,Uta Opelt l EU-Wahl '19 - Listenplatz 18,2019-01-12T19:35:49Z,9858,615,85,PT10M36S,UCq2rogaxLtQFrYG3X3KYNww,AfD TV,https://www.youtube.com/watch?v=kkEHsB06U3Q
2NcMIq2qbPA,Michael Adam | EU-Wahl '19 – Listenplatz 17,2019-01-12T18:05:47Z,9309,616,57,PT9M14S,UCq2rogaxLtQFrYG3X3KYNww,AfD TV,https://www.youtube.com/watch?v=2NcMIq2qbPA
rrWXRLLZgbM,Martin Schiller | EU-Wahl '19 – Listenplatz 16,2019-01-12T14:38:20Z,8716,648,64,PT8M52S,UCq2rogaxLtQFrYG3X3KYNww,AfD TV,https://www.youtube.com/watch?v=rrWXRLLZgbM
cuvsh7Kw3BM,❝Letztes Mittel Gewalt❞: Weitere Angriffe auf AfD?,2019-01-12T10:21:22Z,309459,16725,1489,PT3M24S,UCq2rogaxLtQFrYG3X3KYNww,AfD TV,https://www.youtube.com/watch?v=cuvsh7Kw3BM
egPFfRl68wc,Hagen Brauer | EU-Wahl '19 – Listenplatz 15,2019-01-12T06:32:39Z,11594,670,68,PT10M11S,UCq2rogaxLtQFrYG3X3KYNww,AfD TV,https://www.youtube.com/watch?v=egPFfRl68wc
GL-O-H08qKw,Thorsten Weiß l EU-Wahl '19 - Listenplatz 14,2019-01-11T21:47:34Z,11535,706,58,PT11M32S,UCq2rogaxLtQFrYG3X3KYNww,AfD TV,https://www.youtube.com/watch?v=GL-O-H08qKw
r77mWSY4e0w,Arzt zu Magnitz-Überfall: ❝Klar ein Schlag von vorn!❞,2019-01-11T19:39:43Z,58429,2471,477,PT1M18S,UCq2rogaxLtQFrYG3X3KYNww,AfD TV,https://www.youtube.com/watch?v=r77mWSY4e0w
S9kAeVWw-lo,Jörg Urban: ❝AfD ist die Volkspartei der Patrioten❞,2019-01-11T14:30:37Z,16450,1133,113,PT7M7S,UCq2rogaxLtQFrYG3X3KYNww,AfD TV,https://www.youtube.com/watch?v=S9kAeVWw-lo
b5uTrAvVEqk,ACHTUNG: Feiger Überfall auf Frank Magnitz im Video!,2019-01-11T14:10:11Z,38769,513,416,PT1M7S,UCq2rogaxLtQFrYG3X3KYNww,AfD TV,https://www.youtube.com/watch?v=b5uTrAvVEqk
3jZZQlmSKWI,"Jörg Meuthen: ❝Es ist mein Land, und ich liebe es!❞",2019-01-11T13:43:12Z,105524,6711,966,PT21M8S,UCq2rogaxLtQFrYG3X3KYNww,AfD TV,https://www.youtube.com/watch?v=3jZZQlmSKWI
u3iF40_pBh4,Jörg Meuthen: ❝Ich fordere sofortige Konsequenzen!❞,2019-01-08T19:01:18Z,74088,6627,808,PT3M31S,UCq2rogaxLtQFrYG3X3KYNww,AfD TV,https://www.youtube.com/watch?v=u3iF40_pBh4
LYlEuz3ck-A,G. Pazderski: ❝Merkel muss Gewalt gg. AfD verurteilen!❝,2019-01-08T14:02:12Z,21165,1978,236,PT58S,UCq2rogaxLtQFrYG3X3KYNww,AfD TV,https://www.youtube.com/watch?v=LYlEuz3ck-A
9CKeH3mdnvM,Gockel: ❝Alternative Medien bereichern die Demokratie!❞,2018-12-29T16:00:01Z,12050,898,52,PT1M42S,UCq2rogaxLtQFrYG3X3KYNww,AfD TV,https://www.youtube.com/watch?v=9CKeH3mdnvM
yQ3IGDgSz1o,Jörg Meuthen: ❝Orban wäre hochwillkommen!❞ (Folge 4),2018-12-28T16:00:14Z,42731,2155,189,PT37M39S,UCq2rogaxLtQFrYG3X3KYNww,AfD TV,https://www.youtube.com/watch?v=yQ3IGDgSz1o
Jx0JQgFE3Tk,"❝Was hier hereinkommt, sind im Kern Sofort-Rentner!❞",2018-12-28T04:57:01Z,74953,4002,311,PT1M32S,UCq2rogaxLtQFrYG3X3KYNww,AfD TV,https://www.youtube.com/watch?v=Jx0JQgFE3Tk
eIuiN1erL4M,Target-Salden? Permanentes Anschreibenlassen ist das!,2018-12-27T19:49:58Z,14985,1000,44,PT2M38S,UCq2rogaxLtQFrYG3X3KYNww,AfD TV,https://www.youtube.com/watch?v=eIuiN1erL4M
ZO1ZKTf93fI,Jörg Meuthen sagt Deutscher Umwelthilfe den Kampf an!,2018-12-27T11:13:25Z,44704,2791,212,PT1M30S,UCq2rogaxLtQFrYG3X3KYNww,AfD TV,https://www.youtube.com/watch?v=ZO1ZKTf93fI
t2wnkg9qhvE,Hans-Hermann Gockel & Jörg Meuthen zur Fragerunde!,2018-12-25T17:24:53Z,8048,478,17,PT1M,UCq2rogaxLtQFrYG3X3KYNww,AfD TV,https://www.youtube.com/watch?v=t2wnkg9qhvE
3Du4NTmzMv0,Guido Reils Wärmebus on tour kurz vor Weihnachten!,2018-12-24T21:30:51Z,8050,898,115,PT15M47S,UCq2rogaxLtQFrYG3X3KYNww,AfD TV,https://www.youtube.com/watch?v=3Du4NTmzMv0
23musbnoqm4,Georg Pazderski - Weihnachtsansprache,2018-12-24T16:20:40Z,18945,1630,139,PT3M59S,UCq2rogaxLtQFrYG3X3KYNww,AfD TV,https://www.youtube.com/watch?v=23musbnoqm4
q-fcEOU5r2M,28.12.: ❝Bürger fragen. Ich antworte!❞ | Jörg Meuthen,2018-12-23T18:07:32Z,11585,697,30,PT1M9S,UCq2rogaxLtQFrYG3X3KYNww,AfD TV,https://www.youtube.com/watch?v=q-fcEOU5r2M
mj9r5Xjeid4,Folge 3: ❝Wann platzt der €?❞ mit Max Otte & Richard Sulik,2018-12-21T16:00:17Z,149431,3901,307,PT35M19S,UCq2rogaxLtQFrYG3X3KYNww,AfD TV,https://www.youtube.com/watch?v=mj9r5Xjeid4
qkQWW9-WcI4,Zu Gast am 21. Dezember: Richard Sulik,2018-12-18T20:18:03Z,4655,274,12,PT53S,UCq2rogaxLtQFrYG3X3KYNww,AfD TV,https://www.youtube.com/watch?v=qkQWW9-WcI4
Hw5TD1Cdj1c,Zu Gast am 21. Dezember ab 17 Uhr: Prof. Dr. Max Otte,2018-12-18T17:52:50Z,3084,173,5,PT37S,UCq2rogaxLtQFrYG3X3KYNww,AfD TV,https://www.youtube.com/watch?v=Hw5TD1Cdj1c
dH1PAqfFdj4,21.12.: ❝Wann platzt der €?❞ mit Max Otte & Richard Sulik,2018-12-14T16:00:31Z,13870,520,22,PT1M15S,UCq2rogaxLtQFrYG3X3KYNww,AfD TV,https://www.youtube.com/watch?v=dH1PAqfFdj4
h0LAMZEqHGw,MdEP Jörg Meuthen: ❝Zeit zu HANDELN gegen Gefährder!❞,2018-12-12T17:30:53Z,22885,2120,185,PT1M27S,UCq2rogaxLtQFrYG3X3KYNww,AfD TV,https://www.youtube.com/watch?v=h0LAMZEqHGw
FJGca0I8tc0,EFDD-Europa-Talk (Folge 2) - Generation EU und Du?,2018-12-07T16:00:15Z,28423,1375,133,PT41M35S,UCq2rogaxLtQFrYG3X3KYNww,AfD TV,https://www.youtube.com/watch?v=FJGca0I8tc0
YMcReYJrPe4,+++ Das muss jeder zum UN-Migrationspakt wissen! +++,2018-12-06T19:02:50Z,18613,1135,93,PT1M36S,UCq2rogaxLtQFrYG3X3KYNww,AfD TV,https://www.youtube.com/watch?v=YMcReYJrPe4
EDqLfK0k04E,Zu Gast am 7. Dezember: Mary Khan,2018-12-03T18:21:17Z,5165,219,6,PT40S,UCq2rogaxLtQFrYG3X3KYNww,AfD TV,https://www.youtube.com/watch?v=EDqLfK0k04E
Pk31846FnjY,Zu Gast am 7. Dezember: Marie-Thérèse Kaiser,2018-12-03T18:05:54Z,15736,299,17,PT45S,UCq2rogaxLtQFrYG3X3KYNww,AfD TV,https://www.youtube.com/watch?v=Pk31846FnjY
pV2RigyqiLQ,Europawahlversammlung in Magdeburg (16.-19.11. 2018),2018-12-01T18:12:43Z,5471,397,29,PT13M13S,UCq2rogaxLtQFrYG3X3KYNww,AfD TV,https://www.youtube.com/watch?v=pV2RigyqiLQ
j6DZaYP7C5I,J. Meuthen: ❝Stoppt Merkels suizidalen Migrationspakt!❞,2018-11-30T19:02:56Z,23528,2329,176,PT1M8S,UCq2rogaxLtQFrYG3X3KYNww,AfD TV,https://www.youtube.com/watch?v=j6DZaYP7C5I
msZ04r5vaK0,"Freitag, 07.12., 17.00 Uhr: ""Generation EU und Du?""",2018-11-30T14:23:12Z,3983,273,9,PT1M16S,UCq2rogaxLtQFrYG3X3KYNww,AfD TV,https://www.youtube.com/watch?v=msZ04r5vaK0
gvB5eFR9AXU,"Gründung ""Juden in der AfD"": Grußwort Michael Klonovsky",2018-11-29T14:32:45Z,93368,5287,372,PT16M36S,UCq2rogaxLtQFrYG3X3KYNww,AfD TV,https://www.youtube.com/watch?v=gvB5eFR9AXU
bcCt3COs85o,Premiere EFDD-Europa-Talk - Migrationspakt vs. Festung Europa,2018-11-23T15:58:37Z,51496,2773,324,PT34M3S,UCq2rogaxLtQFrYG3X3KYNww,AfD TV,https://www.youtube.com/watch?v=bcCt3COs85o
G6w0AqQqT-M,Premiere Europa-Talk: Imad Karim am 23.11.18 zu Gast!,2018-11-21T15:34:00Z,6469,413,28,PT1M7S,UCq2rogaxLtQFrYG3X3KYNww,AfD TV,https://www.youtube.com/watch?v=G6w0AqQqT-M
ewrU0VnOBhU,Verena Wester | EU-Wahl '19 - Listenplatz 13,2018-11-19T20:58:27Z,6389,268,24,PT7M,UCq2rogaxLtQFrYG3X3KYNww,AfD TV,https://www.youtube.com/watch?v=ewrU0VnOBhU
kIea15BF3mM,Freitag (23.11.): Talk mit Jörg Meuthen und Imad Karim!,2018-11-19T16:37:16Z,4983,223,6,PT33S,UCq2rogaxLtQFrYG3X3KYNww,AfD TV,https://www.youtube.com/watch?v=kIea15BF3mM
wL_kC4z-ePw,Erich Heidkamp | EU-Wahl '19 - Listenplatz 12,2018-11-19T14:16:26Z,5379,364,21,PT9M56S,UCq2rogaxLtQFrYG3X3KYNww,AfD TV,https://www.youtube.com/watch?v=wL_kC4z-ePw
JJ58xKtCe1M,Joachim Kuhs | EU-Wahl '19 - Listenplatz 11,2018-11-19T11:04:57Z,4848,166,8,PT10M47S,UCq2rogaxLtQFrYG3X3KYNww,AfD TV,https://www.youtube.com/watch?v=JJ58xKtCe1M
HPkNgxxaZFo,Gunnar Beck | EU-Wahl '19 - Listenplatz 10,2018-11-18T23:42:54Z,9636,463,75,PT11M34S,UCq2rogaxLtQFrYG3X3KYNww,AfD TV,https://www.youtube.com/watch?v=HPkNgxxaZFo
cW4QL0Y3Dsg,Sylvia Limmer | EU-Wahl '19 - Listenplatz 9,2018-11-18T19:09:01Z,6968,285,18,PT10M40S,UCq2rogaxLtQFrYG3X3KYNww,AfD TV,https://www.youtube.com/watch?v=cW4QL0Y3Dsg
OILDMsnjG7A,Christine Anderson | EU-Wahl '19 - Listenplatz 8,2018-11-18T17:06:31Z,11438,597,37,PT11M38S,UCq2rogaxLtQFrYG3X3KYNww,AfD TV,https://www.youtube.com/watch?v=OILDMsnjG7A
0eXEMFAo7cQ,Markus Buchheit | EU-Wahl '19 - Listenplatz 7,2018-11-18T13:27:08Z,8079,344,24,PT10M14S,UCq2rogaxLtQFrYG3X3KYNww,AfD TV,https://www.youtube.com/watch?v=0eXEMFAo7cQ
UJ_aNPjF-RE,Nicolaus Fest | EU-Wahl '19 - Listenplatz 6,2018-11-17T22:25:19Z,22092,1200,113,PT10M11S,UCq2rogaxLtQFrYG3X3KYNww,AfD TV,https://www.youtube.com/watch?v=UJ_aNPjF-RE
YT0J1uOL8kg,Bernhard Zimniok | EU-Wahl '19 - Listenplatz 5,2018-11-17T19:55:53Z,13674,593,51,PT11M3S,UCq2rogaxLtQFrYG3X3KYNww,AfD TV,https://www.youtube.com/watch?v=YT0J1uOL8kg
73N_IIon5Yc,Lars Patrick Berg | EU-Wahl '19 - Listenplatz 4,2018-11-17T18:28:35Z,10423,471,51,PT10M30S,UCq2rogaxLtQFrYG3X3KYNww,AfD TV,https://www.youtube.com/watch?v=73N_IIon5Yc
ANc4rat3zpE,Maximilian Krah | EU-Wahl '19 - Listenplatz 3,2018-11-17T14:56:23Z,16771,683,42,PT10M30S,UCq2rogaxLtQFrYG3X3KYNww,AfD TV,https://www.youtube.com/watch?v=ANc4rat3zpE
PnntVednE6Q,Guido Reil | EU-Wahl '19 - Listenplatz 2,2018-11-17T14:15:15Z,33226,1569,215,PT7M42S,UCq2rogaxLtQFrYG3X3KYNww,AfD TV,https://www.youtube.com/watch?v=PnntVednE6Q
TyXGelymMxA,Martin Reichardt: ❝AfD auf dem Weg zur Volkspartei!❞,2018-11-17T09:38:50Z,6824,444,47,PT5M2S,UCq2rogaxLtQFrYG3X3KYNww,AfD TV,https://www.youtube.com/watch?v=TyXGelymMxA
qdjDBsNitIQ,Jörg Meuthen | Spitzenkandidat EU-Wahl 2019,2018-11-16T22:47:07Z,43467,2256,184,PT14M53S,UCq2rogaxLtQFrYG3X3KYNww,AfD TV,https://www.youtube.com/watch?v=qdjDBsNitIQ
Oj1hRJU4byM,A. Gauland: ❝Merkel hat keine Ahnung von Europa!❞,2018-11-16T20:22:27Z,173399,7023,631,PT22M19S,UCq2rogaxLtQFrYG3X3KYNww,AfD TV,https://www.youtube.com/watch?v=Oj1hRJU4byM
GBoTK9swxLQ,Anschauen: Kampf der AfD gegen den Migrationspakt!,2018-11-15T22:17:31Z,33960,2730,291,PT3M9S,UCq2rogaxLtQFrYG3X3KYNww,AfD TV,https://www.youtube.com/watch?v=GBoTK9swxLQ
kJzYIRY41vA,Eklat im EU-Parlament: MdEP J. Meuthen darf nicht reden!,2018-11-14T11:59:06Z,316003,14211,1197,PT5M2S,UCq2rogaxLtQFrYG3X3KYNww,AfD TV,https://www.youtube.com/watch?v=kJzYIRY41vA
kyeiEd6sYz0,Die 1. Woche: Guido Reils Wärmebus für Obdachlose!,2018-11-14T10:10:42Z,9183,846,92,PT10M55S,UCq2rogaxLtQFrYG3X3KYNww,AfD TV,https://www.youtube.com/watch?v=kyeiEd6sYz0
ARDa1WGdO_E,"Guido Reils Aktion startet: ❝Nicht reden, handeln!❞",2018-11-06T15:27:05Z,14235,1001,20,PT1M38S,UCq2rogaxLtQFrYG3X3KYNww,AfD TV,https://www.youtube.com/watch?v=ARDa1WGdO_E
JpVaKI7_3vY,"PK: ❝AfD, Verfassungsschutz und Meinungsfreiheit in 🇩🇪❞",2018-11-05T22:20:47Z,100061,4216,203,PT59M22S,UCq2rogaxLtQFrYG3X3KYNww,AfD TV,https://www.youtube.com/watch?v=JpVaKI7_3vY
Hx5w1Ax4iDY,"Meuthen zu VS-Beobachtung: ❝Wenn, dann die anderen!❞",2018-11-05T12:30:02Z,18076,1251,0,PT3M32S,UCq2rogaxLtQFrYG3X3KYNww,AfD TV,https://www.youtube.com/watch?v=Hx5w1Ax4iDY
KHftb0M6l-w,Festung Europa | Meuthen - Der EFDD-Europa-Talk aus Straßburg,2018-11-02T09:41:47Z,24593,1112,17,PT8M16S,UCq2rogaxLtQFrYG3X3KYNww,AfD TV,https://www.youtube.com/watch?v=KHftb0M6l-w
3dt5B4-3y18,AfD-Podiumsdiskussion mit ARD&ZDF-Chefredakteuren,2018-10-30T13:57:10Z,36517,1055,153,PT2H12M9S,UCq2rogaxLtQFrYG3X3KYNww,AfD TV,https://www.youtube.com/watch?v=3dt5B4-3y18
JMDX0UtE05I,"Klaus Herrmann nach der  Hessen-Wahl 2018: ""Wir sind mehr als zufrieden""",2018-10-30T07:33:13Z,2487,0,0,PT2M39S,UCq2rogaxLtQFrYG3X3KYNww,AfD TV,https://www.youtube.com/watch?v=JMDX0UtE05I
Ags8znjSvkc,Pressekonferenz der AfD nach der Hessen-Wahl 2018,2018-10-29T18:57:51Z,37412,1199,0,PT43M38S,UCq2rogaxLtQFrYG3X3KYNww,AfD TV,https://www.youtube.com/watch?v=Ags8znjSvkc
_DtV0Xh-cmo,Merkel-Rückzug - A. Gauland: ❝Natürlich auch unser Sieg!❞,2018-10-29T11:40:51Z,35001,1445,3,PT2M21S,UCq2rogaxLtQFrYG3X3KYNww,AfD TV,https://www.youtube.com/watch?v=_DtV0Xh-cmo
-0USHukz50M,"Jörg Meuthen zu Merkel-Rückzug: ""Sie sehen hier einen glücklichen Parteivorsitzenden""",2018-10-29T11:30:42Z,15931,923,4,PT2M59S,UCq2rogaxLtQFrYG3X3KYNww,AfD TV,https://www.youtube.com/watch?v=-0USHukz50M
NROuz3xqnGU,Rede von Jörg Meuthen in Wiesbaden,2018-10-28T13:53:30Z,16916,0,0,PT40M23S,UCq2rogaxLtQFrYG3X3KYNww,AfD TV,https://www.youtube.com/watch?v=NROuz3xqnGU
t2jE0b76YgQ,Rede von Alexander Gauland in Wiesbaden,2018-10-28T10:13:35Z,34834,0,0,PT34M58S,UCq2rogaxLtQFrYG3X3KYNww,AfD TV,https://www.youtube.com/watch?v=t2jE0b76YgQ
9CTYO6deMz4,Landtagswahl in Hessen 2018: Wahlkampfabschluss in Wiesbaden,2018-10-27T17:52:37Z,31381,0,0,PT1H50M39S,UCq2rogaxLtQFrYG3X3KYNww,AfD TV,https://www.youtube.com/watch?v=9CTYO6deMz4
HPsWXiYTcpU,Jörg Meuthen zur Landtagswahl in Hessen,2018-10-27T09:21:38Z,94710,0,0,PT6M7S,UCq2rogaxLtQFrYG3X3KYNww,AfD TV,https://www.youtube.com/watch?v=HPsWXiYTcpU
UjZWj6GfDlM,AfD-Veranstaltung mit ARD und ZDF in Dresden: Das sagt das Publikum,2018-10-25T22:16:21Z,37487,0,0,PT1M10S,UCq2rogaxLtQFrYG3X3KYNww,AfD TV,https://www.youtube.com/watch?v=UjZWj6GfDlM
MP-LZNztnJI,AfD-Veranstaltung Dresden: Kai Gniffke (ARD) stellt sich!,2018-10-25T22:16:20Z,17168,0,0,PT3M37S,UCq2rogaxLtQFrYG3X3KYNww,AfD TV,https://www.youtube.com/watch?v=MP-LZNztnJI
ZX15nBEOmU0,Rede von Rainer Rahn in Frankfurt,2018-10-25T11:52:23Z,17256,0,0,PT34M24S,UCq2rogaxLtQFrYG3X3KYNww,AfD TV,https://www.youtube.com/watch?v=ZX15nBEOmU0
yS-pKt69Rp8,Rede von Gottfried Curio in Frankfurt,2018-10-25T09:16:05Z,84508,0,0,PT35M30S,UCq2rogaxLtQFrYG3X3KYNww,AfD TV,https://www.youtube.com/watch?v=yS-pKt69Rp8
pWy9y1XizH8,Rede von Beatrix von Storch in Frankfurt,2018-10-25T05:44:56Z,36250,0,0,PT27M50S,UCq2rogaxLtQFrYG3X3KYNww,AfD TV,https://www.youtube.com/watch?v=pWy9y1XizH8
j-Wo3YtDJ2g,Rede von Guido Reil in Frankfurt,2018-10-24T22:35:59Z,15338,0,0,PT5M58S,UCq2rogaxLtQFrYG3X3KYNww,AfD TV,https://www.youtube.com/watch?v=j-Wo3YtDJ2g
QNXr67CNybo,"Guido Reil: ""Am Sonntag in Hessen Merkel stürzen!""",2018-10-24T21:45:21Z,6879,0,0,PT22S,UCq2rogaxLtQFrYG3X3KYNww,AfD TV,https://www.youtube.com/watch?v=QNXr67CNybo
aKNO_29Y2xE,"Beatrix von Storch: ""Wir sind gekommen, um zu bleiben""",2018-10-24T21:12:02Z,3416,0,0,PT1M2S,UCq2rogaxLtQFrYG3X3KYNww,AfD TV,https://www.youtube.com/watch?v=aKNO_29Y2xE
HC_o0etrBcE,Jörg Meuthen zum Globalen Pakt für Migration,2018-10-19T14:29:59Z,26889,0,0,PT4M38S,UCq2rogaxLtQFrYG3X3KYNww,AfD TV,https://www.youtube.com/watch?v=HC_o0etrBcE
TjE8KvT590w,Pressekonferenz der AfD nach der Bayern-Wahl 2018,2018-10-15T23:21:58Z,20571,0,0,PT54M10S,UCq2rogaxLtQFrYG3X3KYNww,AfD TV,https://www.youtube.com/watch?v=TjE8KvT590w
GSI-1qVqFU0,"Stephan Protschka: ""Mit diesem Ergebnis hätte ich nicht gerechnet""",2018-10-15T13:54:08Z,9352,0,0,PT5M26S,UCq2rogaxLtQFrYG3X3KYNww,AfD TV,https://www.youtube.com/watch?v=GSI-1qVqFU0
lF9CrEN1dsw,"Jörg Meuthen: ""Desaströses Ergebnis für Merkel und Seehofer!""",2018-10-15T10:37:55Z,10310,0,0,PT1M19S,UCq2rogaxLtQFrYG3X3KYNww,AfD TV,https://www.youtube.com/watch?v=lF9CrEN1dsw
HBtgiltoMjE,"Wer ""Merkel muss weg"" sagt, wählt am 14. Oktober in Bayern AfD!",2018-10-13T10:53:51Z,20411,0,0,PT54S,UCq2rogaxLtQFrYG3X3KYNww,AfD TV,https://www.youtube.com/watch?v=HBtgiltoMjE
So7VXgMwl1E,"Grußwort Thomas Röckemann zur Gründung der ""Juden in der AfD""",2018-10-13T08:19:41Z,1942,0,0,PT7M24S,UCq2rogaxLtQFrYG3X3KYNww,AfD TV,https://www.youtube.com/watch?v=So7VXgMwl1E
wlWLTIusMV4,"Grußwort Robert Lambrou zur Gründung der ""Juden in der AfD""",2018-10-12T19:27:24Z,1736,0,0,PT7M20S,UCq2rogaxLtQFrYG3X3KYNww,AfD TV,https://www.youtube.com/watch?v=wlWLTIusMV4
ue6xX08rhI0,"Grußwort Joachim Kuhs zur Gründung der ""Juden in der AfD""",2018-10-11T16:42:10Z,3243,0,0,PT9M48S,UCq2rogaxLtQFrYG3X3KYNww,AfD TV,https://www.youtube.com/watch?v=ue6xX08rhI0
ZeqTSbhVDow,"Grußwort Beatrix von Storch zur Gründung der ""Juden in der AfD""",2018-10-11T16:38:39Z,11644,0,0,PT11M10S,UCq2rogaxLtQFrYG3X3KYNww,AfD TV,https://www.youtube.com/watch?v=ZeqTSbhVDow
bHvuCv5G3cE,"Grußwort Erika Steinbach zur Gründung der ""Juden in der AfD""",2018-10-11T12:38:54Z,9228,0,0,PT3M49S,UCq2rogaxLtQFrYG3X3KYNww,AfD TV,https://www.youtube.com/watch?v=bHvuCv5G3cE
MFTiX_AYbUc,"Gründung der Bundesvereinigung ""Juden in der AfD""",2018-10-11T12:23:51Z,5218,0,0,PT2M42S,UCq2rogaxLtQFrYG3X3KYNww,AfD TV,https://www.youtube.com/watch?v=MFTiX_AYbUc
2P3xbdidHY4,"Gründung der Bundesvereinigung ""Juden in der AfD"" PRESSEKONFERENZ",2018-10-11T06:38:09Z,54673,0,0,PT54M35S,UCq2rogaxLtQFrYG3X3KYNww,AfD TV,https://www.youtube.com/watch?v=2P3xbdidHY4
IXKzx9V2beQ,AfD-Wahlkampfveranstaltung in Kirchhain KOMPLETTE VERANSTALTUNG,2018-10-06T06:15:36Z,23162,0,0,PT2H46M58S,UCq2rogaxLtQFrYG3X3KYNww,AfD TV,https://www.youtube.com/watch?v=IXKzx9V2beQ
zKVY3hZ0nu8,Rede von Eric Markert in Kirchhain,2018-10-05T12:10:28Z,2691,0,0,PT10M39S,UCq2rogaxLtQFrYG3X3KYNww,AfD TV,https://www.youtube.com/watch?v=zKVY3hZ0nu8
CS5eU7wpKzQ,Rede von Jörg Meuthen in Kirchhain,2018-10-05T10:44:43Z,86403,0,0,PT54M26S,UCq2rogaxLtQFrYG3X3KYNww,AfD TV,https://www.youtube.com/watch?v=CS5eU7wpKzQ
RZo3b1xU6JQ,Rede von Gottfried Curio in Kirchhain,2018-10-05T06:02:18Z,115238,0,0,PT33M36S,UCq2rogaxLtQFrYG3X3KYNww,AfD TV,https://www.youtube.com/watch?v=RZo3b1xU6JQ
T1byWzKBRUY,Rede von Leif-Erik Holm in Kirchhain,2018-10-04T16:50:10Z,18165,0,0,PT21M23S,UCq2rogaxLtQFrYG3X3KYNww,AfD TV,https://www.youtube.com/watch?v=T1byWzKBRUY
jNskhcfreDk,Rede von Rainer Rahn in Kirchhain,2018-10-04T12:56:35Z,32836,0,0,PT41M41S,UCq2rogaxLtQFrYG3X3KYNww,AfD TV,https://www.youtube.com/watch?v=jNskhcfreDk
Y4QVXvyfwbI,Leif-Erik Holm: Das kann der Westen vom Osten lernen!,2018-10-04T06:52:41Z,2226,0,0,PT3M31S,UCq2rogaxLtQFrYG3X3KYNww,AfD TV,https://www.youtube.com/watch?v=Y4QVXvyfwbI
yJw10lTF7dQ,Andreas Lichert: Darum wird die AfD diffamiert!,2018-09-07T16:12:47Z,26606,0,0,PT10M37S,UCq2rogaxLtQFrYG3X3KYNww,AfD TV,https://www.youtube.com/watch?v=yJw10lTF7dQ
OMi8256Fszk,Rainer Rahn in Lindheim,2018-09-05T15:39:34Z,14278,0,0,PT37M38S,UCq2rogaxLtQFrYG3X3KYNww,AfD TV,https://www.youtube.com/watch?v=OMi8256Fszk
Pht5yupox5I,Alexander Gauland in Lindheim,2018-09-05T11:23:10Z,79572,0,0,PT34M23S,UCq2rogaxLtQFrYG3X3KYNww,AfD TV,https://www.youtube.com/watch?v=Pht5yupox5I
a7p4alNyRMo,AfD-Trauermarsch in Chemnitz,2018-09-04T08:01:35Z,83410,0,0,PT5M,UCq2rogaxLtQFrYG3X3KYNww,AfD TV,https://www.youtube.com/watch?v=a7p4alNyRMo
_vPKeCMJoUI,Jörg Meuthen: Der Hass der Linken auf die Sachsen,2018-09-03T11:59:10Z,81500,0,0,PT7M10S,UCq2rogaxLtQFrYG3X3KYNww,AfD TV,https://www.youtube.com/watch?v=_vPKeCMJoUI
REXCPfAAXWw,Jörg Meuthen in Lindheim,2018-09-03T06:34:21Z,63524,0,0,PT49M35S,UCq2rogaxLtQFrYG3X3KYNww,AfD TV,https://www.youtube.com/watch?v=REXCPfAAXWw
B6qhroO4erg,9. AfD-Bundesparteitag in Augsburg  - DIE ZUSAMMENFASSUNG,2018-07-19T06:44:35Z,8773,0,0,PT13M24S,UCq2rogaxLtQFrYG3X3KYNww,AfD TV,https://www.youtube.com/watch?v=B6qhroO4erg
xF-3a4iKddk,"Schlussrede von Jörg Meuthen in Augsburg: ""Die AfD ist auf dem Weg nach oben""",2018-07-11T21:53:06Z,2727,0,0,PT5M51S,UCq2rogaxLtQFrYG3X3KYNww,AfD TV,https://www.youtube.com/watch?v=xF-3a4iKddk
sYqgtE2xUvY,Debatte um parteinahe Stiftung auf dem Bundesparteitag in Augsburg,2018-07-11T21:41:20Z,1406,0,0,PT2H2M2S,UCq2rogaxLtQFrYG3X3KYNww,AfD TV,https://www.youtube.com/watch?v=sYqgtE2xUvY
n8yHbdqqtUM,Rede von Rainer Rahn auf dem Bundesparteitag in Augsburg,2018-07-11T12:52:05Z,2084,0,0,PT19M48S,UCq2rogaxLtQFrYG3X3KYNww,AfD TV,https://www.youtube.com/watch?v=n8yHbdqqtUM
boJkVNnWhzI,Rainer Groß stellt Gustav-Stresemann-Stiftung in Augsburg vor,2018-07-11T12:51:46Z,2209,0,0,PT7M38S,UCq2rogaxLtQFrYG3X3KYNww,AfD TV,https://www.youtube.com/watch?v=boJkVNnWhzI
P1wHdHMtFEs,Erika Steinbach stellt Desiderius-Erasmus-Stiftung in Augsburg vor,2018-07-11T09:10:25Z,3285,0,0,PT12M10S,UCq2rogaxLtQFrYG3X3KYNww,AfD TV,https://www.youtube.com/watch?v=P1wHdHMtFEs
goRJeUacoBY,Sozialpolitische Rede von Jörg Meuthen auf dem Bundesparteitag in Augsburg,2018-07-10T17:30:45Z,88840,0,0,PT32M2S,UCq2rogaxLtQFrYG3X3KYNww,AfD TV,https://www.youtube.com/watch?v=goRJeUacoBY
GfwtjxUcGLE,"Alexander Gauland: ""Merkel ist wie Honecker""",2018-07-03T07:42:45Z,368684,0,0,PT23M26S,UCq2rogaxLtQFrYG3X3KYNww,AfD TV,https://www.youtube.com/watch?v=GfwtjxUcGLE
TKM6ct7Gd2c,AfD-Diesel-Mini an den KV Augsburg Stadt übergeben,2018-07-01T16:01:43Z,5514,0,0,PT51S,UCq2rogaxLtQFrYG3X3KYNww,AfD TV,https://www.youtube.com/watch?v=TKM6ct7Gd2c
Wr_BfpkK_cs,Martin Sichert: „Das Zeitalter der AfD ist angebrochen“,2018-07-01T12:33:17Z,2436,0,0,PT13M37S,UCq2rogaxLtQFrYG3X3KYNww,AfD TV,https://www.youtube.com/watch?v=Wr_BfpkK_cs
4oBFsFjEfgE,Erika Steinbach freut sich über Anerkennung als parteinahe Stiftung,2018-06-30T19:08:56Z,3247,0,0,PT1M53S,UCq2rogaxLtQFrYG3X3KYNww,AfD TV,https://www.youtube.com/watch?v=4oBFsFjEfgE
lv7vxhb8Ars,Björn Höcke auf dem AfD-Bundesparteig in Augsburg,2018-06-30T11:49:33Z,8609,0,0,PT3M33S,UCq2rogaxLtQFrYG3X3KYNww,AfD TV,https://www.youtube.com/watch?v=lv7vxhb8Ars
qvZNgknA0FE,Jörg Meuthen vor dem AfD-Bundesparteitag in Augsburg,2018-06-30T11:32:15Z,1520,0,0,PT3M23S,UCq2rogaxLtQFrYG3X3KYNww,AfD TV,https://www.youtube.com/watch?v=qvZNgknA0FE
PQ_p96zdpAE,Deutschland droht die nächste Masseneinwanderung - dank EU und CSU!,2018-06-25T07:53:43Z,3749,0,0,PT2M27S,UCq2rogaxLtQFrYG3X3KYNww,AfD TV,https://www.youtube.com/watch?v=PQ_p96zdpAE
1PHo0VNRxbM,Showdown in Berlin: Seehofer oder Merkel!,2018-06-22T11:03:09Z,2450,0,0,PT2M35S,UCq2rogaxLtQFrYG3X3KYNww,AfD TV,https://www.youtube.com/watch?v=1PHo0VNRxbM
bkRskvxzScY,Reportage zur AfD-Großdemo - 27.05.2018,2018-06-05T12:56:18Z,2906,0,0,PT6M41S,UCq2rogaxLtQFrYG3X3KYNww,AfD TV,https://www.youtube.com/watch?v=bkRskvxzScY
tdeOpCkq0Yw,AfD-Großdemonstration in Berlin: Alexander Gauland vor dem Brandenburger Tor,2018-05-30T10:09:16Z,44447,0,0,PT12M9S,UCq2rogaxLtQFrYG3X3KYNww,AfD TV,https://www.youtube.com/watch?v=tdeOpCkq0Yw
BBY6kw9fHA4,AfD-Großdemonstration in Berlin: Georg Pazderski vor dem Brandenburger Tor,2018-05-30T09:24:25Z,10678,0,0,PT9M21S,UCq2rogaxLtQFrYG3X3KYNww,AfD TV,https://www.youtube.com/watch?v=BBY6kw9fHA4
WrpBmArcgUk,AfD-Großdemonstration in Berlin: Albrecht Glaser vor dem Brandenburger Tor,2018-05-30T08:56:57Z,1477,0,0,PT4M47S,UCq2rogaxLtQFrYG3X3KYNww,AfD TV,https://www.youtube.com/watch?v=WrpBmArcgUk
T-XrJjzNcsI,AfD-Großdemonstration in Berlin: Jörg Meuthen vor dem Brandenburger Tor,2018-05-29T23:57:25Z,9676,0,0,PT15M21S,UCq2rogaxLtQFrYG3X3KYNww,AfD TV,https://www.youtube.com/watch?v=T-XrJjzNcsI
ScSVhFbBhlo,AfD-Großdemonstration in Berlin: Beatrix von Storch vor dem Hauptbahnhof,2018-05-28T19:28:06Z,1427,0,0,PT10M52S,UCq2rogaxLtQFrYG3X3KYNww,AfD TV,https://www.youtube.com/watch?v=ScSVhFbBhlo
qNYKjQBt0GI,AfD-Großdemonstration in Berlin: Marie-Thérèse Kaiser vor dem Hauptbahnhof,2018-05-28T19:07:03Z,6409,0,0,PT13M9S,UCq2rogaxLtQFrYG3X3KYNww,AfD TV,https://www.youtube.com/watch?v=qNYKjQBt0GI
039lmz-V7Gk,AfD-Großdemonstration in Berlin: Hans-Christoph Berndt vor dem Hauptbahnhof,2018-05-28T15:43:27Z,1465,0,0,PT10M41S,UCq2rogaxLtQFrYG3X3KYNww,AfD TV,https://www.youtube.com/watch?v=039lmz-V7Gk
9IBDubBCL7Y,AfD-Großdemonstration am 27. Mai 2018 in Berlin,2018-05-28T10:17:30Z,18944,0,0,PT5M36S,UCq2rogaxLtQFrYG3X3KYNww,AfD TV,https://www.youtube.com/watch?v=9IBDubBCL7Y
AZ45Si328GU,Guido Reil zum Diesel-Desaster,2018-05-26T11:56:01Z,4575,0,0,PT1M15S,UCq2rogaxLtQFrYG3X3KYNww,AfD TV,https://www.youtube.com/watch?v=AZ45Si328GU
z6f2EaEBjvw,Ronny Kumpf und Ulrich Siegmund - Aufruf zur Demo,2018-05-25T08:09:19Z,1068,0,0,PT36S,UCq2rogaxLtQFrYG3X3KYNww,AfD TV,https://www.youtube.com/watch?v=z6f2EaEBjvw
DHA-1iT0oSg,Kurzfassung - Pressekonferenz vom 23.05.2018 - Großdemonstration,2018-05-24T13:49:53Z,5873,0,0,PT11M28S,UCq2rogaxLtQFrYG3X3KYNww,AfD TV,https://www.youtube.com/watch?v=DHA-1iT0oSg
urZfzNW5OG0,Diesel-Umfrage,2018-05-24T13:45:49Z,526,0,0,PT12M7S,UCq2rogaxLtQFrYG3X3KYNww,AfD TV,https://www.youtube.com/watch?v=urZfzNW5OG0
vjpkCEv_djA,Pressekonferenz vom 23.05.2018 - Großdemonstration - Zukunft Deutschland,2018-05-24T12:12:33Z,973,0,0,PT1H7M24S,UCq2rogaxLtQFrYG3X3KYNww,AfD TV,https://www.youtube.com/watch?v=vjpkCEv_djA
c_vjP0lLGPA,Björn Höcke - Aufruf zur Demo,2018-05-24T08:32:37Z,1399,0,0,PT46S,UCq2rogaxLtQFrYG3X3KYNww,AfD TV,https://www.youtube.com/watch?v=c_vjP0lLGPA
aZO-Z_b_EfA,Dr. David Berger - Aufruf zur Demo,2018-05-23T14:13:46Z,5137,0,0,PT2M2S,UCq2rogaxLtQFrYG3X3KYNww,AfD TV,https://www.youtube.com/watch?v=aZO-Z_b_EfA
XJecl9kv498,Martin Sichert - Aufruf zur Demo,2018-05-22T08:38:28Z,645,0,0,PT1M39S,UCq2rogaxLtQFrYG3X3KYNww,AfD TV,https://www.youtube.com/watch?v=XJecl9kv498
qbDYpcTjXF0,"Uwe Junge, Georg Pazderski und Jan Nolte - Aufruf zur Demo",2018-05-22T07:43:57Z,1128,0,0,PT55S,UCq2rogaxLtQFrYG3X3KYNww,AfD TV,https://www.youtube.com/watch?v=qbDYpcTjXF0
6zqVPi6XMLo,"Martin Hess, Johannes Huber, Jörn König und Karsten Hilse - Aufruf zur Demo",2018-05-18T16:13:13Z,1030,0,0,PT1M2S,UCq2rogaxLtQFrYG3X3KYNww,AfD TV,https://www.youtube.com/watch?v=6zqVPi6XMLo
yjuGCbWJgJw,"Stefan Keuter, Marc Bernhard, Thomas Seitz und René Springer - Aufruf zur Demo",2018-05-18T15:35:56Z,685,0,0,PT1M,UCq2rogaxLtQFrYG3X3KYNww,AfD TV,https://www.youtube.com/watch?v=yjuGCbWJgJw
CtgmtDnJcck,"Götz Frömming, Uwe Kamann und Enrico Komning -  Aufruf zur Demo",2018-05-18T15:28:32Z,549,0,0,PT58S,UCq2rogaxLtQFrYG3X3KYNww,AfD TV,https://www.youtube.com/watch?v=CtgmtDnJcck
CmBQa_8NiZ0,"Verena Hartmann, Beatrix von Storch und Nicole Höchst - Aufruf zur Demo",2018-05-18T14:35:18Z,3259,0,0,PT45S,UCq2rogaxLtQFrYG3X3KYNww,AfD TV,https://www.youtube.com/watch?v=CmBQa_8NiZ0
CtbiwDycsQQ,Thomas Seitz - Aufruf zur Demo,2018-05-18T12:09:34Z,316,0,0,PT35S,UCq2rogaxLtQFrYG3X3KYNww,AfD TV,https://www.youtube.com/watch?v=CtbiwDycsQQ
d-DlMj4bbq4,Stefan Keuter - Aufruf zur Demo,2018-05-18T07:50:06Z,213,0,0,PT31S,UCq2rogaxLtQFrYG3X3KYNww,AfD TV,https://www.youtube.com/watch?v=d-DlMj4bbq4
oN_XS0D0I30,René Springer - Aufruf zur Demo,2018-05-18T07:28:54Z,170,0,0,PT24S,UCq2rogaxLtQFrYG3X3KYNww,AfD TV,https://www.youtube.com/watch?v=oN_XS0D0I30
eyrWW_yh7L4,Karsten Hilse - Aufruf zur Demo,2018-05-18T07:28:51Z,403,0,0,PT32S,UCq2rogaxLtQFrYG3X3KYNww,AfD TV,https://www.youtube.com/watch?v=eyrWW_yh7L4
f6s-gnnXLO4,Johannes Huber - Aufruf zur Demo,2018-05-18T07:02:08Z,220,0,0,PT26S,UCq2rogaxLtQFrYG3X3KYNww,AfD TV,https://www.youtube.com/watch?v=f6s-gnnXLO4
QvLCIS93uC0,Jörn König - Aufruf zur Demo,2018-05-18T06:53:34Z,151,0,0,PT41S,UCq2rogaxLtQFrYG3X3KYNww,AfD TV,https://www.youtube.com/watch?v=QvLCIS93uC0
_Hl3bPsP8oM,Marc Bernhard - Aufruf zur Demo,2018-05-18T06:53:32Z,333,0,0,PT44S,UCq2rogaxLtQFrYG3X3KYNww,AfD TV,https://www.youtube.com/watch?v=_Hl3bPsP8oM
amfXOvyICyQ,Martin Hess - Aufruf zur Demo,2018-05-18T06:53:30Z,1366,0,0,PT1M47S,UCq2rogaxLtQFrYG3X3KYNww,AfD TV,https://www.youtube.com/watch?v=amfXOvyICyQ
GpafejjMvwE,Jan Nolte - Aufruf zur Demo,2018-05-17T17:07:38Z,699,0,0,PT15S,UCq2rogaxLtQFrYG3X3KYNww,AfD TV,https://www.youtube.com/watch?v=GpafejjMvwE
ezejJQi5S6c,Götz Frömming - Aufruf zur Demo,2018-05-17T16:49:20Z,553,0,0,PT30S,UCq2rogaxLtQFrYG3X3KYNww,AfD TV,https://www.youtube.com/watch?v=ezejJQi5S6c
5O_K1I--FY4,Uwe Junge - Aufruf zur Demo,2018-05-17T11:36:18Z,927,0,0,PT1M12S,UCq2rogaxLtQFrYG3X3KYNww,AfD TV,https://www.youtube.com/watch?v=5O_K1I--FY4
ObHtyWX6F80,Enrico Komning - Aufruf zur Demo,2018-05-17T11:20:16Z,228,0,0,PT39S,UCq2rogaxLtQFrYG3X3KYNww,AfD TV,https://www.youtube.com/watch?v=ObHtyWX6F80
8vP4xmVsoKc,Nicole Höchst - Aufruf zur Demo,2018-05-17T10:50:11Z,416,0,0,PT42S,UCq2rogaxLtQFrYG3X3KYNww,AfD TV,https://www.youtube.com/watch?v=8vP4xmVsoKc
YKdFapMoIiQ,Beatrix von Storch - Aufruf zur Demo,2018-05-17T10:14:53Z,763,0,0,PT24S,UCq2rogaxLtQFrYG3X3KYNww,AfD TV,https://www.youtube.com/watch?v=YKdFapMoIiQ
tpHCL3tSVT0,Georg Pazderski - Aufruf zur Demo,2018-05-17T09:56:46Z,535,0,0,PT24S,UCq2rogaxLtQFrYG3X3KYNww,AfD TV,https://www.youtube.com/watch?v=tpHCL3tSVT0
MqZTURgmlsY,Zukunft Deutschland - Demonstration am 27. Mai 2018,2018-05-17T09:20:27Z,530,0,0,PT53S,UCq2rogaxLtQFrYG3X3KYNww,AfD TV,https://www.youtube.com/watch?v=MqZTURgmlsY
pWBW88HMN3E,Zukunft Deutschland - Demo am 27. Mai 2018 in Berlin,2018-05-17T09:19:58Z,780,0,0,PT31S,UCq2rogaxLtQFrYG3X3KYNww,AfD TV,https://www.youtube.com/watch?v=pWBW88HMN3E
a7McussXbnE,Guido Reil lädt ein - Großdemo am 27.05.2018,2018-05-16T15:29:08Z,6554,0,0,PT51S,UCq2rogaxLtQFrYG3X3KYNww,AfD TV,https://www.youtube.com/watch?v=a7McussXbnE
Lx5iQ3Zlcuo,Neues Hambacher Fest 2018,2018-05-09T18:22:41Z,5212,0,0,PT3M50S,UCq2rogaxLtQFrYG3X3KYNww,AfD TV,https://www.youtube.com/watch?v=Lx5iQ3Zlcuo
wIpoELDwkJ0,Rede von Jörg Meuthen auf dem Neuen Hambacher Fest 2018,2018-05-06T12:13:42Z,9154,0,0,PT30M9S,UCq2rogaxLtQFrYG3X3KYNww,AfD TV,https://www.youtube.com/watch?v=wIpoELDwkJ0
Uf4ZTvBYVjg,Nicole Höchst auf dem Neuen Hambacher Fest 2018,2018-05-05T19:42:34Z,6188,0,0,PT1M49S,UCq2rogaxLtQFrYG3X3KYNww,AfD TV,https://www.youtube.com/watch?v=Uf4ZTvBYVjg
ahBQ92gOSSY,Jörg Meuthen auf dem Neuen Hambacher Fest 2018,2018-05-05T10:07:33Z,12123,0,0,PT2M55S,UCq2rogaxLtQFrYG3X3KYNww,AfD TV,https://www.youtube.com/watch?v=ahBQ92gOSSY
gzxK64PGtKk,Max Otte auf dem Neuen Hambacher Fest 2018,2018-05-05T10:07:19Z,12161,0,0,PT2M32S,UCq2rogaxLtQFrYG3X3KYNww,AfD TV,https://www.youtube.com/watch?v=gzxK64PGtKk
Q6En8ZWNiFY,Martin Renner auf dem Neuen Hambacher Fest 2018,2018-05-05T10:05:58Z,6114,0,0,PT2M25S,UCq2rogaxLtQFrYG3X3KYNww,AfD TV,https://www.youtube.com/watch?v=Q6En8ZWNiFY
_NTln4-iWCE,Skandalöser Vorschlag des EU-Parlaments zum Familiennachzug,2018-02-19T15:45:56Z,11590,0,0,PT2M21S,UCq2rogaxLtQFrYG3X3KYNww,AfD TV,https://www.youtube.com/watch?v=_NTln4-iWCE
FMQlCNaCPYE,Jörg Meuthen beim Politischen Aschermittwoch in Bayern,2018-02-14T16:07:20Z,9015,0,0,PT40M44S,UCq2rogaxLtQFrYG3X3KYNww,AfD TV,https://www.youtube.com/watch?v=FMQlCNaCPYE
yzvAewLj-0I,AfD-Bundesparteitag in Hannover ZUSAMMENFASSUNG,2018-01-11T09:43:02Z,22919,0,0,PT25M8S,UCq2rogaxLtQFrYG3X3KYNww,AfD TV,https://www.youtube.com/watch?v=yzvAewLj-0I
BPzMl09o3Z8,Weihnachtsansprache von Prof. Dr. Jörg Meuthen,2017-12-23T18:18:05Z,5214,0,0,PT2M13S,UCq2rogaxLtQFrYG3X3KYNww,AfD TV,https://www.youtube.com/watch?v=BPzMl09o3Z8
bp8tgHChTYw,Rede von Albrecht Glaser auf dem AfD-Bundesparteitag in Hannover,2017-12-21T10:32:06Z,2103,0,0,PT4M31S,UCq2rogaxLtQFrYG3X3KYNww,AfD TV,https://www.youtube.com/watch?v=bp8tgHChTYw
CVSTiVmCUkE,NPD? Nicht mit Alexander Gauland!,2017-12-20T12:48:43Z,12224,0,0,PT36S,UCq2rogaxLtQFrYG3X3KYNww,AfD TV,https://www.youtube.com/watch?v=CVSTiVmCUkE
8eHRRsnXpGU,Intro zum 8. Bundesparteitag der Alternative für Deutschland,2017-12-18T10:31:09Z,1862,0,0,PT2M34S,UCq2rogaxLtQFrYG3X3KYNww,AfD TV,https://www.youtube.com/watch?v=8eHRRsnXpGU
FubOwxDjiWs,Rede von Stephan Protschka auf dem AfD-Bundesparteitag in Hannover,2017-12-09T09:38:34Z,1723,0,0,PT2M30S,UCq2rogaxLtQFrYG3X3KYNww,AfD TV,https://www.youtube.com/watch?v=FubOwxDjiWs
9gZtc06esfg,Rede von Steffen Königer auf dem AfD-Bundesparteitag in Hannover,2017-12-09T09:33:18Z,2871,0,0,PT3M4S,UCq2rogaxLtQFrYG3X3KYNww,AfD TV,https://www.youtube.com/watch?v=9gZtc06esfg
4z6KzazPqaE,Rede von Kay Gottschalk auf dem AfD-Bundesparteitag in Hannover,2017-12-09T09:31:36Z,1101,0,0,PT3M28S,UCq2rogaxLtQFrYG3X3KYNww,AfD TV,https://www.youtube.com/watch?v=4z6KzazPqaE
UF51gRxWsEU,Rede von Joachim Kuhs auf dem AfD-Bundesparteitag in Hannover,2017-12-09T09:26:38Z,1748,0,0,PT5M24S,UCq2rogaxLtQFrYG3X3KYNww,AfD TV,https://www.youtube.com/watch?v=UF51gRxWsEU
vdPJUgQMXUY,Rede von Georg Pazderski auf dem AfD-Bundesparteitag in Hannover,2017-12-09T09:21:13Z,1020,0,0,PT5M39S,UCq2rogaxLtQFrYG3X3KYNww,AfD TV,https://www.youtube.com/watch?v=vdPJUgQMXUY
pRCSYuYuxYI,Rede von Alexander Gauland auf dem AfD-Bundesparteitag in Hannover,2017-12-08T18:26:02Z,1140,0,0,PT4M43S,UCq2rogaxLtQFrYG3X3KYNww,AfD TV,https://www.youtube.com/watch?v=pRCSYuYuxYI
wMlctuHcRXQ,Rede von Klaus Fohrmann auf dem AfD-Bundesparteitag in Hannover,2017-12-07T23:28:38Z,750,0,0,PT3M22S,UCq2rogaxLtQFrYG3X3KYNww,AfD TV,https://www.youtube.com/watch?v=wMlctuHcRXQ
B86MYjRiCSw,Interview mit Kay Gottschalk nach der Wahl zum stellvertretenden Bundessprecher,2017-12-07T23:25:40Z,257,0,0,PT2M54S,UCq2rogaxLtQFrYG3X3KYNww,AfD TV,https://www.youtube.com/watch?v=B86MYjRiCSw
X4WTl6cqP_0,Rede von Jörg Meuthen auf dem AfD-Bundesparteitag in Hannover,2017-12-07T23:21:22Z,4217,0,0,PT5M54S,UCq2rogaxLtQFrYG3X3KYNww,AfD TV,https://www.youtube.com/watch?v=X4WTl6cqP_0
Z_ZfYEqm7zg,Georg Pazderski nach der Wahl auf dem AfD-Bundesparteitag,2017-12-04T23:01:04Z,1408,0,0,PT3M32S,UCq2rogaxLtQFrYG3X3KYNww,AfD TV,https://www.youtube.com/watch?v=Z_ZfYEqm7zg
AGrl9ScNoAY,Guido Reil neu im AfD-Bundesvorstand,2017-12-03T19:11:55Z,14744,0,0,PT2M48S,UCq2rogaxLtQFrYG3X3KYNww,AfD TV,https://www.youtube.com/watch?v=AGrl9ScNoAY
XdZ2wdPi93s,Stephan Protschka überraschend in den AfD-Bundesvorstand gewählt,2017-12-03T19:11:55Z,2694,0,0,PT2M14S,UCq2rogaxLtQFrYG3X3KYNww,AfD TV,https://www.youtube.com/watch?v=XdZ2wdPi93s
dYLat01zcyI,"Björn Höcke: ""Wir sind alle Patrioten""",2017-12-03T19:11:55Z,13585,0,0,PT6M5S,UCq2rogaxLtQFrYG3X3KYNww,AfD TV,https://www.youtube.com/watch?v=dYLat01zcyI
74VqBx-goms,Rede von Beatrix von Storch auf dem AfD-Bundesparteitag in Hannover,2017-12-03T14:33:40Z,3520,0,0,PT3M10S,UCq2rogaxLtQFrYG3X3KYNww,AfD TV,https://www.youtube.com/watch?v=74VqBx-goms
qKoxciI9yuM,Rede von Alice Weidel auf dem AfD-Bundesparteitag in Hannover,2017-12-03T14:33:37Z,3202,0,0,PT3M1S,UCq2rogaxLtQFrYG3X3KYNww,AfD TV,https://www.youtube.com/watch?v=qKoxciI9yuM
2-qO-Sn8IR8,Rede von Guido Reil auf dem AfD-Bundesparteitag in Hannover,2017-12-03T14:33:32Z,4759,0,0,PT3M10S,UCq2rogaxLtQFrYG3X3KYNww,AfD TV,https://www.youtube.com/watch?v=2-qO-Sn8IR8
gUXCoBuUfAw,Jörg Meuthen bleibt an der AfD-Spitze,2017-12-02T19:47:19Z,1251,0,0,PT2M10S,UCq2rogaxLtQFrYG3X3KYNww,AfD TV,https://www.youtube.com/watch?v=gUXCoBuUfAw
2H5PFPmV23U,Alexander Gauland überraschend an die Parteispitze gewählt,2017-12-02T19:47:16Z,1013,0,0,PT1M56S,UCq2rogaxLtQFrYG3X3KYNww,AfD TV,https://www.youtube.com/watch?v=2H5PFPmV23U
vPvEX9cEoNU,"Kay Gottschalk: ""Polizei in Hannover hat mich nicht geschützt""",2017-12-02T15:11:13Z,35172,0,0,PT2M57S,UCq2rogaxLtQFrYG3X3KYNww,AfD TV,https://www.youtube.com/watch?v=vPvEX9cEoNU
pkLb9fP36CQ,Berengar Elsner von Gronow vor dem AfD-Bundesparteitag in Hannover,2017-12-02T12:11:04Z,967,0,0,PT1M48S,UCq2rogaxLtQFrYG3X3KYNww,AfD TV,https://www.youtube.com/watch?v=pkLb9fP36CQ
XjOg5Di3hxE,Nikolaus Fest vor dem AfD-Bundesparteitag in Hannover,2017-12-02T12:10:59Z,2512,0,0,PT2M21S,UCq2rogaxLtQFrYG3X3KYNww,AfD TV,https://www.youtube.com/watch?v=XjOg5Di3hxE
asdsG4QeZKE,Georg Pazderski vor dem AfD-Bundesparteitag in Hannover,2017-12-02T12:10:58Z,724,0,0,PT2M4S,UCq2rogaxLtQFrYG3X3KYNww,AfD TV,https://www.youtube.com/watch?v=asdsG4QeZKE
KVtxcZt7-M0,Unsere Positionen zur Migrationskrise,2017-11-20T15:20:43Z,6568,0,0,PT3M23S,UCq2rogaxLtQFrYG3X3KYNww,AfD TV,https://www.youtube.com/watch?v=KVtxcZt7-M0
WOjkPars9t0,Alice Weidel - Statement zur 1. Bundestagsfraktions Sitzung,2017-09-27T08:30:31Z,7049,0,0,PT1M,UCq2rogaxLtQFrYG3X3KYNww,AfD TV,https://www.youtube.com/watch?v=WOjkPars9t0
N3WCt0jzVrQ,Pressekonferenz vom 25.09.17,2017-09-26T07:46:23Z,2401,0,0,PT51M16S,UCq2rogaxLtQFrYG3X3KYNww,AfD TV,https://www.youtube.com/watch?v=N3WCt0jzVrQ
EdXBx7REvPg,Alexander Gauland zur Bundestagswahl -25.09.2017,2017-09-25T14:40:08Z,2470,0,0,PT2M25S,UCq2rogaxLtQFrYG3X3KYNww,AfD TV,https://www.youtube.com/watch?v=EdXBx7REvPg
aY4gUOQWZgQ,AfD WAHLPARTY 24.09.17,2017-09-25T10:03:26Z,3949,0,0,PT6M57S,UCq2rogaxLtQFrYG3X3KYNww,AfD TV,https://www.youtube.com/watch?v=aY4gUOQWZgQ
Idu63WWd5kA,AfD THEMEN UND POSITIONEN,2017-09-21T07:50:55Z,10330,0,0,PT7M49S,UCq2rogaxLtQFrYG3X3KYNww,AfD TV,https://www.youtube.com/watch?v=Idu63WWd5kA
hSnmTKjJ_Ts,ISLAM,2017-09-21T07:40:08Z,4637,0,0,PT23S,UCq2rogaxLtQFrYG3X3KYNww,AfD TV,https://www.youtube.com/watch?v=hSnmTKjJ_Ts
5qldEYwGTCo,WIRTSCHAFT,2017-09-21T07:34:02Z,934,0,0,PT24S,UCq2rogaxLtQFrYG3X3KYNww,AfD TV,https://www.youtube.com/watch?v=5qldEYwGTCo
HNUMsxUZ6w8,UMWELT,2017-09-20T09:44:02Z,1617,0,0,PT27S,UCq2rogaxLtQFrYG3X3KYNww,AfD TV,https://www.youtube.com/watch?v=HNUMsxUZ6w8
h3MusDJv4Uc,"Alice Weidel zum Thema ""Flüchtlingswelle hinterlässt Spuren""",2017-09-18T15:42:08Z,330685,0,0,PT3M36S,UCq2rogaxLtQFrYG3X3KYNww,AfD TV,https://www.youtube.com/watch?v=h3MusDJv4Uc
gfMeNNbZNig,"Alexander Gauland zum Thema ""Flüchtlingswelle hinterlässt Spuren""",2017-09-18T15:38:26Z,8279,0,0,PT3M14S,UCq2rogaxLtQFrYG3X3KYNww,AfD TV,https://www.youtube.com/watch?v=gfMeNNbZNig
-cORUANwuX4,"Pressekonferenz - ""Flüchtlingswelle hinterlässt Spuren"" mit Alice Weidel und Alexander Gauland",2017-09-18T15:26:53Z,4491,0,0,PT56M48S,UCq2rogaxLtQFrYG3X3KYNww,AfD TV,https://www.youtube.com/watch?v=-cORUANwuX4
5NMl4k5lOIY,SOZIALPOLITIK,2017-09-14T09:40:25Z,5040,0,0,PT25S,UCq2rogaxLtQFrYG3X3KYNww,AfD TV,https://www.youtube.com/watch?v=5NMl4k5lOIY
6pYPAEgc2Kg,BILDUNG,2017-09-14T06:48:12Z,2338,0,0,PT25S,UCq2rogaxLtQFrYG3X3KYNww,AfD TV,https://www.youtube.com/watch?v=6pYPAEgc2Kg
2xTK-Um55q0,DEMOKRATIE,2017-09-13T15:02:14Z,2470,0,0,PT26S,UCq2rogaxLtQFrYG3X3KYNww,AfD TV,https://www.youtube.com/watch?v=2xTK-Um55q0
BFm31QR-YPM,EURO,2017-09-13T14:57:32Z,1677,0,0,PT28S,UCq2rogaxLtQFrYG3X3KYNww,AfD TV,https://www.youtube.com/watch?v=BFm31QR-YPM
sxadasDzIFg,INNERE SICHERHEIT,2017-09-13T14:54:11Z,1859,0,0,PT24S,UCq2rogaxLtQFrYG3X3KYNww,AfD TV,https://www.youtube.com/watch?v=sxadasDzIFg
xO_Z_v4tRhc,FAMILIE,2017-09-13T14:50:51Z,1466,0,0,PT24S,UCq2rogaxLtQFrYG3X3KYNww,AfD TV,https://www.youtube.com/watch?v=xO_Z_v4tRhc
xf-ndolYTEA,STEUERN,2017-09-13T14:47:25Z,1275,0,0,PT24S,UCq2rogaxLtQFrYG3X3KYNww,AfD TV,https://www.youtube.com/watch?v=xf-ndolYTEA
lhDYF8sITsA,INNOVATION,2017-09-13T14:45:20Z,813,0,0,PT23S,UCq2rogaxLtQFrYG3X3KYNww,AfD TV,https://www.youtube.com/watch?v=lhDYF8sITsA
1_-gl0VwEX8,VERKEHR,2017-09-13T14:43:06Z,875,0,0,PT27S,UCq2rogaxLtQFrYG3X3KYNww,AfD TV,https://www.youtube.com/watch?v=1_-gl0VwEX8
PgAOyvd3YPI,ARBEIT,2017-09-13T14:36:15Z,1353,0,0,PT25S,UCq2rogaxLtQFrYG3X3KYNww,AfD TV,https://www.youtube.com/watch?v=PgAOyvd3YPI
TGf9bJqBrQ8,VERBRAUCHERSCHUTZ,2017-09-13T14:27:38Z,945,0,0,PT25S,UCq2rogaxLtQFrYG3X3KYNww,AfD TV,https://www.youtube.com/watch?v=TGf9bJqBrQ8
sOmERZWIuDk,DIGITALISIERUNG,2017-09-13T14:23:53Z,1194,0,0,PT26S,UCq2rogaxLtQFrYG3X3KYNww,AfD TV,https://www.youtube.com/watch?v=sOmERZWIuDk
ePqZiijOcUU,INTEGRATION,2017-09-13T14:20:08Z,1695,0,0,PT26S,UCq2rogaxLtQFrYG3X3KYNww,AfD TV,https://www.youtube.com/watch?v=ePqZiijOcUU
1WnlCuL8doE,FINANZEN,2017-09-13T14:09:00Z,838,0,0,PT24S,UCq2rogaxLtQFrYG3X3KYNww,AfD TV,https://www.youtube.com/watch?v=1WnlCuL8doE
lptVP6XK-D4,GESUNDHEIT,2017-09-13T14:05:36Z,841,0,0,PT24S,UCq2rogaxLtQFrYG3X3KYNww,AfD TV,https://www.youtube.com/watch?v=lptVP6XK-D4
XgSuFQ4MoWk,EUROPA,2017-09-13T14:02:00Z,1067,0,0,PT26S,UCq2rogaxLtQFrYG3X3KYNww,AfD TV,https://www.youtube.com/watch?v=XgSuFQ4MoWk
1wVVsNTn1eM,AUßENPOLITIK,2017-09-13T13:47:40Z,866,0,0,PT29S,UCq2rogaxLtQFrYG3X3KYNww,AfD TV,https://www.youtube.com/watch?v=1wVVsNTn1eM
Hly6DMaZndQ,VERTEIDIGUNG,2017-09-13T13:42:22Z,1141,0,0,PT24S,UCq2rogaxLtQFrYG3X3KYNww,AfD TV,https://www.youtube.com/watch?v=Hly6DMaZndQ
QYCCSaPUcNg,KULTUR,2017-09-13T13:38:51Z,918,0,0,PT25S,UCq2rogaxLtQFrYG3X3KYNww,AfD TV,https://www.youtube.com/watch?v=QYCCSaPUcNg
6sLEF8S20ZI,Alice Weidel im Interview mit einem Lehrer,2017-09-12T14:51:51Z,170556,0,0,PT5M15S,UCq2rogaxLtQFrYG3X3KYNww,AfD TV,https://www.youtube.com/watch?v=6sLEF8S20ZI
bpIJvqQZyIg,Wahlkampfveranstaltung mit Beatrix von Storch am 08.09.17,2017-09-11T11:32:59Z,809,0,0,PT8M33S,UCq2rogaxLtQFrYG3X3KYNww,AfD TV,https://www.youtube.com/watch?v=bpIJvqQZyIg
w5dhRhNXku4,Rede von Beatrix von Storch in Berlin-Spandau 08.09.17,2017-09-11T11:26:26Z,1572,0,0,PT19M50S,UCq2rogaxLtQFrYG3X3KYNww,AfD TV,https://www.youtube.com/watch?v=w5dhRhNXku4
ki6208yAG-A,Nigel Farage - AfD Wahlveranstaltung in Spandau 08.09.17,2017-09-11T10:53:02Z,1356,0,0,PT20M56S,UCq2rogaxLtQFrYG3X3KYNww,AfD TV,https://www.youtube.com/watch?v=ki6208yAG-A
iZM-zmx9EHw,Alexander Gauland - Wahlveranstaltung in Pforzheim - 06.09.17,2017-09-11T09:23:30Z,1167,0,0,PT20M49S,UCq2rogaxLtQFrYG3X3KYNww,AfD TV,https://www.youtube.com/watch?v=iZM-zmx9EHw
1kPRWjj6YQ4,Alice Weidel - Wahlveranstaltung in Pforzheim - 06.09.17,2017-09-11T08:59:01Z,8027,0,0,PT19M7S,UCq2rogaxLtQFrYG3X3KYNww,AfD TV,https://www.youtube.com/watch?v=1kPRWjj6YQ4
1nYz1_HDjA8,Erika Steinbach - Wahlveranstaltung in Pforzheim - 06.09.17,2017-09-11T08:45:26Z,5427,0,0,PT53M44S,UCq2rogaxLtQFrYG3X3KYNww,AfD TV,https://www.youtube.com/watch?v=1nYz1_HDjA8
AaJ-j0h2I2o,Waldemar Birkle - Wahlveranstaltung in Pforzheim - 06.09.17,2017-09-11T07:10:17Z,750,0,0,PT6M36S,UCq2rogaxLtQFrYG3X3KYNww,AfD TV,https://www.youtube.com/watch?v=AaJ-j0h2I2o
tnT8_hWjgvU,Jörg Meuthen - Wahlveranstaltung in Pforzheim - 06.09.17,2017-09-08T14:35:55Z,1446,0,0,PT11M29S,UCq2rogaxLtQFrYG3X3KYNww,AfD TV,https://www.youtube.com/watch?v=tnT8_hWjgvU
05RQrEgg0oc,Interview mit Erika Steinbach Pforzheim - 06.09.17,2017-09-08T11:50:58Z,2830,0,0,PT3M4S,UCq2rogaxLtQFrYG3X3KYNww,AfD TV,https://www.youtube.com/watch?v=05RQrEgg0oc
qn0iBNnoRDk,Erika Steinbach - Statement: Warum sie die AfD unterstützt,2017-09-08T11:49:23Z,5778,0,0,PT2M43S,UCq2rogaxLtQFrYG3X3KYNww,AfD TV,https://www.youtube.com/watch?v=qn0iBNnoRDk
B6s0krIBW3U,Alexander Gauland - Statement zum Redeverbot in Nürnberg,2017-09-08T11:10:21Z,3806,0,0,PT2M59S,UCq2rogaxLtQFrYG3X3KYNww,AfD TV,https://www.youtube.com/watch?v=B6s0krIBW3U
yx9WrJuqKbI,Alice Weidel - Statement zum ZDF TV-Duell,2017-09-08T11:06:13Z,59326,0,0,PT2M55S,UCq2rogaxLtQFrYG3X3KYNww,AfD TV,https://www.youtube.com/watch?v=yx9WrJuqKbI
D1jZD7QpyYo,Alice Weidel zum Verbot von Verbrennungsmotoren,2017-09-05T07:56:47Z,25972,0,0,PT2M5S,UCq2rogaxLtQFrYG3X3KYNww,AfD TV,https://www.youtube.com/watch?v=D1jZD7QpyYo
72fadHbfsaE,Alexander Gauland zur Energiewende,2017-09-05T07:56:40Z,3725,0,0,PT3M32S,UCq2rogaxLtQFrYG3X3KYNww,AfD TV,https://www.youtube.com/watch?v=72fadHbfsaE
67QDfMss3AM,Pressekonferenz zur Klimaschutzpolitik mit Alice Weidel und Alexander Gauland - 04.09.2017,2017-09-04T16:15:35Z,4558,0,0,PT54M18S,UCq2rogaxLtQFrYG3X3KYNww,AfD TV,https://www.youtube.com/watch?v=67QDfMss3AM
RRoHZ-QKwhk,Wahlwerbespot der AfD zur Bundestagswahl 2017,2017-09-01T17:20:40Z,186773,0,0,PT1M31S,UCq2rogaxLtQFrYG3X3KYNww,AfD TV,https://www.youtube.com/watch?v=RRoHZ-QKwhk
0winbjuie_M,"""Bunte Vielfalt?"" Haben wir schon.",2017-09-01T10:59:38Z,7420,0,0,PT31S,UCq2rogaxLtQFrYG3X3KYNww,AfD TV,https://www.youtube.com/watch?v=0winbjuie_M
rQJaOvow2oI,"""Burkas?""  Wir steh'n auf Bikinis.",2017-09-01T10:59:16Z,11930,0,0,PT31S,UCq2rogaxLtQFrYG3X3KYNww,AfD TV,https://www.youtube.com/watch?v=rQJaOvow2oI
KdGtKgDyzVQ,"""Neue Deutsche?"" Machen wir selber.",2017-09-01T10:58:48Z,14982,0,0,PT31S,UCq2rogaxLtQFrYG3X3KYNww,AfD TV,https://www.youtube.com/watch?v=KdGtKgDyzVQ
_aF9UCsg--A,FRAUEN,2017-09-01T07:53:09Z,1019,0,0,PT29S,UCq2rogaxLtQFrYG3X3KYNww,AfD TV,https://www.youtube.com/watch?v=_aF9UCsg--A
PaOSgk1WQFU,AfD-Lied,2017-08-29T09:03:34Z,404659,0,0,PT3M,UCq2rogaxLtQFrYG3X3KYNww,AfD TV,https://www.youtube.com/watch?v=PaOSgk1WQFU
AC7X1p_34YQ,AfD-Konzept zur Asylkrise,2017-08-23T11:38:20Z,912,0,0,PT40S,UCq2rogaxLtQFrYG3X3KYNww,AfD TV,https://www.youtube.com/watch?v=AC7X1p_34YQ
cX73sGJIKew,INNERE SICHERHEIT,2017-08-22T11:48:47Z,251,0,0,PT24S,UCq2rogaxLtQFrYG3X3KYNww,AfD TV,https://www.youtube.com/watch?v=cX73sGJIKew
mK2MTImGLgc,"Alice Weidel - ""Asyl- und Entwicklungspolitik"" am 21.08.2017",2017-08-22T08:58:24Z,4712,0,0,PT3M49S,UCq2rogaxLtQFrYG3X3KYNww,AfD TV,https://www.youtube.com/watch?v=mK2MTImGLgc
puEp0MyLs6Q,"Alexander Gauland -- ""Asyl- und Entwicklungspolitik"" am 21.08.2017",2017-08-22T08:58:01Z,785,0,0,PT3M29S,UCq2rogaxLtQFrYG3X3KYNww,AfD TV,https://www.youtube.com/watch?v=puEp0MyLs6Q
VnfCKN4T96E,"Pressekonferenz ""Asyl- und Entwicklungspolitik"" am 21.08.2017",2017-08-21T14:48:14Z,6707,0,0,PT1H9M48S,UCq2rogaxLtQFrYG3X3KYNww,AfD TV,https://www.youtube.com/watch?v=VnfCKN4T96E
fMjoaCk0pnY,Nicolaus Fest zu Terror Barcelona de Maizière,2017-08-21T07:06:21Z,406,0,0,PT3M17S,UCq2rogaxLtQFrYG3X3KYNww,AfD TV,https://www.youtube.com/watch?v=fMjoaCk0pnY
hgFajkQviqw,RENTENPOLITIK,2017-08-18T10:53:07Z,2021,0,0,PT26S,UCq2rogaxLtQFrYG3X3KYNww,AfD TV,https://www.youtube.com/watch?v=hgFajkQviqw
7fg20H_TmZo,ENERGIEPOLITIK,2017-08-16T09:55:38Z,895,0,0,PT26S,UCq2rogaxLtQFrYG3X3KYNww,AfD TV,https://www.youtube.com/watch?v=7fg20H_TmZo
xO1ZBvCg8mI,ZUWANDERUNG,2017-08-16T09:41:44Z,1760,0,0,PT26S,UCq2rogaxLtQFrYG3X3KYNww,AfD TV,https://www.youtube.com/watch?v=xO1ZBvCg8mI
WOxF3zJLxoY,Jörg Meuthen am 14.07.17 Lebensthema - Freiheit,2017-07-17T08:23:20Z,4781,0,0,PT2M46S,UCq2rogaxLtQFrYG3X3KYNww,AfD TV,https://www.youtube.com/watch?v=WOxF3zJLxoY
8lDfwCCCgEI,Alice Weidel - Linksextremismus/G20 12.07.17,2017-07-12T14:23:11Z,16733,0,0,PT2M41S,UCq2rogaxLtQFrYG3X3KYNww,AfD TV,https://www.youtube.com/watch?v=8lDfwCCCgEI
rPzhbrzy7t4,Alexander Gauland - NetzDG 12.07.2017,2017-07-12T13:53:33Z,2009,0,0,PT1M51S,UCq2rogaxLtQFrYG3X3KYNww,AfD TV,https://www.youtube.com/watch?v=rPzhbrzy7t4
i1A-eKJWzWc,"Pressekonferenz ""NetzDG - DAS FALSCHE MAAS FÜR MEINUNGSFREIHEIT!"" am 12.07.2017",2017-07-12T13:43:59Z,6156,0,0,PT34M25S,UCq2rogaxLtQFrYG3X3KYNww,AfD TV,https://www.youtube.com/watch?v=i1A-eKJWzWc
9P1vx0yROyk,Wochenrückblick 03.07. - 07.07.17 von Beatrix von Storch,2017-07-10T12:57:00Z,1601,0,0,PT2M5S,UCq2rogaxLtQFrYG3X3KYNww,AfD TV,https://www.youtube.com/watch?v=9P1vx0yROyk
Py3tvFcp5yE,Ansprache der AfD Spitzenkandidaten Dr. Alexander Gauland & Dr. Alice Weidel,2017-06-28T08:54:49Z,17136,0,0,PT3M25S,UCq2rogaxLtQFrYG3X3KYNww,AfD TV,https://www.youtube.com/watch?v=Py3tvFcp5yE
1TVUtlFrjz4,"Wahlkampfauftakt am 17.6.2017 in Rheinfelden mit Wolfgang Fuhl, Alice Weidel und Alexander Gauland",2017-06-20T16:02:42Z,1157,0,0,PT2H51M53S,UCq2rogaxLtQFrYG3X3KYNww,AfD TV,https://www.youtube.com/watch?v=1TVUtlFrjz4
TwYShPlysi8,Alice Weidel am 17.06.17 Wahlkampfauftakt in Rheinfelden,2017-06-20T09:46:55Z,3068,0,0,PT47M15S,UCq2rogaxLtQFrYG3X3KYNww,AfD TV,https://www.youtube.com/watch?v=TwYShPlysi8
3E8HRvZXwGY,Alexander Gauland am 17.06.17 Wahlkampfauftakt in Rheinfelden,2017-06-20T09:05:24Z,1778,0,0,PT39M49S,UCq2rogaxLtQFrYG3X3KYNww,AfD TV,https://www.youtube.com/watch?v=3E8HRvZXwGY
Kn7Isz3KRuk,Wolfgang Fuhl am 17.06.17 Wahlkampfauftakt in Rheinfelden,2017-06-20T08:34:31Z,1278,0,0,PT28M6S,UCq2rogaxLtQFrYG3X3KYNww,AfD TV,https://www.youtube.com/watch?v=Kn7Isz3KRuk
RHGMShdqe-Y,Wahlkampfauftakt am 11.06.2017 in Berlin Spandau,2017-06-14T11:02:42Z,1320,0,0,PT1H44M29S,UCq2rogaxLtQFrYG3X3KYNww,AfD TV,https://www.youtube.com/watch?v=RHGMShdqe-Y
bKMjxbMqWBo,Andreas Otti am 11.06.2017 zum Wahlkampfauftakt in Berlin Spandau,2017-06-13T09:23:41Z,1399,0,0,PT1M58S,UCq2rogaxLtQFrYG3X3KYNww,AfD TV,https://www.youtube.com/watch?v=bKMjxbMqWBo
nOXRTp_0VH8,Dr. Götz Frömming am 11.06.2017 zum Wahlkampfauftakt der AfD in Spandau,2017-06-13T09:23:38Z,6142,0,0,PT4M29S,UCq2rogaxLtQFrYG3X3KYNww,AfD TV,https://www.youtube.com/watch?v=nOXRTp_0VH8
GUWiCfR1DkA,Frau von Storch am 11.06.2017 zum Wahlkampfauftakt der AfD in Spandau,2017-06-13T09:23:31Z,2461,0,0,PT3M36S,UCq2rogaxLtQFrYG3X3KYNww,AfD TV,https://www.youtube.com/watch?v=GUWiCfR1DkA
